account_status_id,account_status,account_creation_date
1453034cddcfd8f2,Active,2024-08-07T02:39:53.592034
666cf4226aa1d3cf,Active,2024-06-13T06:01:12.267052
8ef45ab3bac5f78d,Active,2024-06-27T08:10:15.357387
273c6ea083f7796a,Active,2025-03-22T13:55:25.712602
9aed698ab718b6eb,Active,2024-07-02T21:50:36.229793
7bf3e1378a7bc6cb,Active,2025-01-20T23:33:00.746907
32f641b022ae3dc5,Active,2024-05-24T14:07:56.073012
eac7de05cf474e10,Active,2024-09-29T17:56:13.531501
976fd5f0517b1aa0,Active,2025-04-27T05:27:37.020731
f809892b3bf4c418,Active,2024-11-21T02:28:02.815840
96366a5b530e3351,Active,2024-12-23T12:25:24.008250
f743b770666ca282,Active,2024-05-02T04:35:10.157740
28339441b5e1b75f,Active,2024-07-28T07:11:54.111790
1adafb47e4a5078c,Active,2024-07-02T21:06:23.433051
5a5b3b0c11cbef6b,Active,2024-10-30T21:08:16.979500
fe85a56cdc563904,Active,2024-08-10T07:25:38.662754
489b6152ebc16761,Active,2024-07-01T21:36:15.580529
c2571ea18eeb2827,Active,2025-01-14T06:35:12.853573
166d47c0b394f71d,Active,2024-05-09T06:14:54.580506
6c6883323170d281,Active,2024-10-17T10:25:14.669370
e64946f61bc31cb5,Active,2024-11-26T00:26:07.331025
4bea517cc285d294,Active,2024-12-16T19:12:37.398775
3c4962cfecdb209a,Active,2025-01-09T18:13:56.496723
7049dc1255e4fb4b,Active,2024-07-21T20:39:54.107214
7dac39fba79be1df,Active,2025-04-07T08:57:41.482421
def1c4a17b0f41ba,Active,2024-12-07T07:42:07.755159
c14ed5b9fd1cc6c4,Active,2025-02-12T03:48:56.410655
e59c934ac2395f77,Active,2024-10-04T20:41:13.463552
2dd056e3f1bdea9a,Active,2024-05-17T12:14:25.164047
3cf517889033fb5e,Active,2025-03-10T05:40:35.866652
f3a74165d27e2a36,Active,2024-09-16T16:05:51.267567
84793fc791b498d9,Active,2024-05-23T15:35:01.455731
58b564a8c66df58e,Active,2025-01-03T04:01:03.592354
ad60dbe465e946a6,Active,2025-04-26T05:31:26.750035
5a45d2cc2bfce496,Active,2025-02-10T16:35:38.850741
f1f9b2dc08d93f93,Active,2024-08-02T09:52:04.349525
c7e67ca00929cbd7,Active,2024-11-11T23:01:17.967433
9c42cd11dce33952,Active,2024-11-20T20:46:44.137142
f6631eef025b5ca5,Active,2024-06-07T11:45:54.603433
f756428eb1dc4c22,Active,2024-10-30T07:21:47.792061
e58ed88963106700,Active,2024-05-20T13:36:09.886848
9230351607588699,Active,2024-11-19T13:06:52.555117
2bb57f867b9a8893,Active,2024-11-21T23:12:46.021382
1028ef1f3ea26470,Active,2025-02-01T18:16:29.649061
3711ff2948ee6147,Active,2024-06-30T10:25:22.584982
81ffb21db72a52d4,Active,2024-07-01T00:40:28.847463
a05f3ca35384b79d,Active,2024-12-20T02:48:55.588457
bcbfcfdb4eb60195,Active,2024-10-05T13:06:28.294192
ffbf70f189c9b8f6,Active,2024-06-14T08:02:00.076161
4ccbe4894099b631,Active,2025-02-18T03:42:25.073115
a48a617164135f28,Active,2025-03-13T12:20:57.118806
c04f7d029f49f4f8,Active,2024-05-12T15:34:49.690038
f3d4764843d81217,Active,2024-12-09T05:05:49.693931
d68d906581e06621,Active,2025-01-07T15:26:21.042477
1df7812098dcd7f8,Active,2024-07-05T21:25:07.615740
f03c2405d099f329,Active,2024-09-24T00:33:55.036186
517c28caf47a60f0,Active,2024-07-05T14:40:35.180522
58d60d03dc21c73e,Active,2025-02-12T13:10:33.249151
46ea8575256624e8,Active,2025-02-25T11:06:35.628585
accaf0097ef9dbbe,Active,2024-11-26T17:37:54.345807
643964f7e487a81c,Active,2024-05-25T07:29:16.500993
6c3dc9e3b2f20882,Active,2025-02-19T18:34:31.641938
cf6604258f067f84,Active,2024-09-21T23:13:34.460815
d0b4d31128cfbbd7,Active,2024-09-19T04:22:10.189291
f9404b7b483880c0,Active,2024-12-14T09:42:29.472161
d48315ca9da11420,Active,2024-11-09T09:05:16.031192
d0d778e138cffff5,Active,2024-07-11T11:06:12.757275
31ac370fc085f673,Active,2024-07-22T11:24:37.520685
3a214c99aa1fa3df,Active,2024-06-16T16:11:18.267422
573ac814ad9ec7ca,Active,2025-01-28T23:04:25.668511
42fdbafe4a9be727,Suspended,2025-01-31T22:06:08.896489
775123dc4941cb94,Active,2024-10-11T06:30:09.390646
0544decd7eea919a,Suspended,2024-09-29T04:36:56.729758
a872d63cfcd58fab,Active,2025-02-18T07:30:55.335706
023a7cc4f96bdb51,Active,2025-04-23T16:11:40.586175
f7f3b4fbb92cef19,Active,2024-11-08T05:36:17.756656
960b213e8003eb29,Active,2025-03-28T15:35:48.589845
191e375dd355f1ea,Active,2025-01-16T15:16:32.636401
47395c788b02a2fe,Active,2024-05-16T09:05:21.929856
5f174f897620b71f,Active,2024-11-06T04:27:37.668737
33292beb92d54e0b,Active,2025-03-21T11:20:56.056707
9f5b2b0ee5feff1b,Active,2025-02-11T09:08:25.384240
75b27d6dac8ee2cd,Active,2025-01-23T19:27:52.685238
09dfb965e68da607,Active,2024-06-29T13:38:07.826241
80756ba34e8bd965,Active,2024-06-17T09:03:30.012735
e4da40e4a364e492,Active,2025-02-13T01:00:10.887922
ecce6b24c03d9bbf,Active,2024-06-06T08:30:30.245672
ccf5c8c28faf66cb,Active,2024-06-09T16:38:01.378703
913e8909449a4775,Active,2025-02-14T16:04:10.807652
055cf9490fc075f7,Active,2024-11-01T05:35:31.548641
f9c01b957901e838,Active,2025-03-01T10:06:49.867473
e28dd2a86569e1e8,Active,2025-04-28T15:33:32.085890
84e31206ee372faa,Active,2025-01-01T18:23:55.177572
df033cbe007907e9,Active,2025-03-04T01:53:21.654683
4da36eb546b4c3be,Active,2025-04-27T07:50:20.863814
1cf095e98f41628c,Active,2025-01-07T03:31:59.078226
a11d01a95e15dabf,Active,2024-06-04T08:28:37.031667
8d121d983c325d00,Active,2025-04-04T18:22:51.787591
ca69deb347c49641,Active,2024-07-11T21:00:15.672689
f8bab6a0a9e5e94f,Active,2024-09-02T06:57:28.184008
17679d6498f65395,Closed,2024-07-21T01:57:44.082680
cc08c0f9ef3b9b01,Active,2024-08-26T04:51:54.779468
81a4cb49dc6220cd,Active,2024-06-05T15:00:57.761136
1cecf08a432d4183,Active,2025-01-09T14:12:58.967129
1f0611ebae6f34b3,Active,2024-11-02T04:41:17.422572
5b645279df1c5777,Active,2024-12-20T14:23:23.923492
be82855242ed69a6,Active,2025-02-13T19:52:10.991745
81e1baaa8244889e,Active,2024-11-09T14:01:06.695652
96584afe32e998ae,Active,2025-03-29T21:52:53.614505
4fa585df0b06ff02,Active,2024-11-19T21:58:55.599740
bd5912be61f8e11f,Active,2025-02-22T18:18:50.675184
d5e0e0e4fd2bf403,Active,2024-08-23T01:37:11.323125
b22c2f42f67efd0c,Active,2024-08-15T06:45:59.725116
d7eda832fe564b06,Active,2024-09-14T23:28:51.067857
0b42bb529b71aa54,Active,2025-03-23T12:59:48.654723
d9e0ba94035fb12f,Active,2024-10-12T23:55:11.211190
b5311ad3fd98c8ed,Active,2025-01-05T20:42:06.244742
ddde83b32df70c7a,Active,2024-08-20T07:03:15.318421
11611993c1001f42,Active,2024-06-27T09:08:41.965746
e78c89c423ea1782,Closed,2025-01-12T17:58:30.902113
63e9a420b6dc49ef,Active,2025-02-02T05:47:19.186459
eb2a1dc0ea1c2916,Active,2024-08-01T03:06:14.164040
8c89eedfd215ce83,Active,2025-04-26T02:30:25.213751
17352a7728be2e10,Active,2024-04-30T08:45:08.741964
5600c7bf86816041,Active,2025-03-23T21:08:15.858476
2bd0e1efbf8f86b5,Active,2025-01-10T00:13:55.962941
8bcac5f97f063871,Active,2024-07-13T12:25:10.230448
ead4cf9aba36f86a,Active,2024-12-31T20:11:48.784248
b80a88fa6cf42ee1,Active,2024-06-16T01:23:18.828241
b24feeb0f17733b9,Active,2024-11-25T06:35:26.514011
4b41c356cfd3b3e0,Active,2024-07-23T11:46:38.959725
97d81d6aaec8ee06,Active,2024-08-27T21:48:58.503858
926292b049d6f5f7,Active,2024-08-30T02:04:05.778642
c64f2722d5b2f6c5,Active,2024-09-16T03:41:03.339898
4fa1b8f4b310c024,Active,2024-11-23T01:54:04.847562
740789f848aa432e,Active,2024-12-21T00:19:03.464877
5fbf1fef107f2aeb,Active,2024-06-15T03:57:21.153287
a9b5a9fa5f018088,Active,2024-08-13T21:13:34.485590
9c4c2fdb9c752bd0,Active,2024-05-14T16:13:01.286514
84efff5a90d95370,Active,2025-02-12T17:43:12.359895
611f3cfb56a3fc03,Active,2025-02-22T22:21:04.594804
9331bc2fcffdfc67,Active,2024-06-09T12:34:39.301430
8ec2f501787872e1,Active,2024-12-25T12:09:39.883526
8618867a41abeda4,Active,2024-05-26T04:45:42.530940
2688a0650f0165fa,Active,2024-12-08T22:18:57.206810
6c881a746d0dbadd,Active,2024-12-21T12:38:10.284612
01f252adbc0b2af2,Active,2025-01-15T15:31:38.202771
9469a7050b4f28d1,Active,2025-02-22T15:10:17.733446
175a86311f31357e,Active,2024-12-09T04:33:31.690775
d75965bd5284f1de,Active,2025-02-02T09:09:32.816295
6aa48fe8b3fcf921,Active,2024-09-10T21:01:18.922695
a887970cbe368c77,Active,2024-07-18T15:48:31.062113
e2021c932db674f0,Active,2024-12-29T05:55:14.407348
742b27a3c8936390,Active,2024-11-11T02:57:21.253831
cbf079742bb1a2b1,Active,2024-08-11T14:08:07.522680
daabd5d611fa1817,Active,2025-02-01T19:00:18.857667
fff115165317be6f,Active,2024-11-03T22:17:08.780682
36262469e94b340e,Active,2024-07-23T18:50:07.588182
bb0d0e00c97d19d5,Closed,2025-04-04T00:08:59.270851
772f1bd6bc9da56a,Active,2024-08-13T01:47:01.507056
9113b81d5a7a0d98,Active,2024-05-29T01:35:02.183969
7b6e445fb4e4ebdc,Active,2024-10-12T09:46:26.192830
f9bef0320b68f08e,Active,2025-02-14T02:35:29.781566
fe3c741786f3667f,Active,2024-12-10T06:41:30.033956
58c68b8e3c60c9ca,Active,2025-04-11T05:42:25.790929
238e1536b42ee511,Active,2024-12-14T10:55:36.268239
5bbe7fde21740081,Active,2025-01-31T01:56:45.602910
b91f97199a889598,Suspended,2024-06-26T05:21:20.630238
8907e65cc0b3b45e,Active,2025-02-27T16:55:42.304150
e889fcfe81a17ec8,Active,2024-08-03T17:53:59.802484
eb65caa6f7f9921c,Active,2024-07-03T13:08:11.943916
fe0eb4679e07f44e,Active,2025-03-19T20:11:43.018069
a86394f91a4d25df,Active,2024-05-26T20:33:15.422240
2193a35a92c094c0,Active,2024-12-30T16:44:55.503754
aa00141adab9f36e,Active,2024-08-24T18:46:21.779293
d9f73c07c6582cd9,Active,2025-02-16T09:57:22.043453
2ca22692f462eb9b,Active,2024-08-05T18:03:56.006698
a3311971fe19f089,Active,2024-08-17T01:56:34.445437
2eb733108cfa8ecc,Active,2024-06-18T06:33:08.871978
e62dbf7be091212c,Active,2024-06-06T15:45:23.918581
1d7fdd5086e3a203,Active,2025-04-10T17:01:54.774571
77c5bdca3f8d6a33,Active,2024-05-12T23:53:39.080678
65eae2c20daee1f8,Active,2024-10-10T08:10:51.887543
77a8576b4d625416,Active,2024-06-20T11:25:02.722277
70e1841d4309f77d,Active,2024-08-08T05:41:42.551835
c3420c4360cc5609,Active,2024-10-01T17:38:31.586171
f315f39126e92f53,Active,2024-10-25T12:59:59.024819
9d63adce8afcf89b,Active,2024-11-22T10:51:12.867635
512469e17329b854,Active,2024-08-09T02:16:09.082783
1499ddf566923cbb,Active,2025-04-01T00:12:07.644201
68c54c97e72193ac,Active,2024-08-23T20:35:03.118819
d8fb7b28d2abe5dc,Active,2024-05-17T04:28:38.788190
0c956577edf40b23,Active,2024-07-19T09:33:08.500519
243d902d39868ced,Active,2024-09-26T15:57:23.068461
d28f4feb08f7fabd,Active,2025-02-04T09:14:05.372370
8de7dd588a49469d,Active,2025-03-04T06:00:14.996289
cc47de8578c444be,Active,2024-06-13T12:21:27.491831
2dbc20b39b4d7b90,Active,2025-04-02T01:51:55.787736
27a8aaae9adc8869,Active,2024-11-24T07:03:57.496275
e81f617b0d265b7f,Active,2024-05-03T20:19:26.638966
c85f582e4c8fa9a2,Active,2024-10-19T14:39:34.022611
63ad405dd9dfe226,Active,2025-01-27T06:10:30.142391
136af851e57f5ea5,Active,2024-06-11T11:30:51.979302
a37794821d55b4c2,Active,2024-09-19T01:33:47.533836
fbcc58eabee7cec2,Active,2025-02-19T08:02:14.371515
923af558cdd40ae1,Active,2024-10-23T08:23:49.841173
a466890c86ec96c4,Active,2024-11-26T06:13:45.696145
f9e5209f1325a47e,Active,2025-02-27T23:05:13.753854
3531f2c4f6d77a77,Active,2024-10-23T12:27:50.043595
8bcba218be64217f,Active,2024-11-08T07:25:16.530886
c80a571c7d30c154,Active,2025-01-17T03:28:12.562785
e938e3c051b86568,Active,2025-01-06T11:34:30.936204
5fe0637a6f42f80b,Active,2025-04-02T09:53:17.448506
421480457cba4009,Active,2024-08-17T23:56:54.179533
9d23835222a86caa,Active,2025-03-16T09:07:10.060071
14a1a86709577f30,Active,2024-09-01T17:59:50.101577
96bdfb23fcafccae,Active,2024-12-13T18:22:35.355541
d6174c03ab81f9e7,Active,2025-04-12T21:45:54.197328
9368f505669abd4c,Active,2025-04-02T12:47:41.927807
d9b3f7d8aa71955e,Active,2024-07-18T19:05:01.050684
fc32294d5c1d6d71,Active,2025-03-18T22:06:30.110296
ce8ef9688bbb8d62,Active,2025-01-13T01:40:43.287536
63090ee19fe02732,Active,2024-12-03T09:33:41.385202
8fb336727aa36401,Active,2025-02-01T22:54:26.859668
71cda5474f6a370c,Active,2025-02-26T07:49:06.957275
ed7b87b50a88a5ee,Active,2025-04-21T23:59:41.610950
8b6639f70dc6388b,Active,2024-05-09T08:18:08.203431
16aac0041680466c,Active,2025-01-08T15:29:21.832012
52fcf5d1cec73ee2,Active,2025-01-04T14:18:32.834338
e42b1072a9b98ad3,Active,2025-04-20T19:27:05.357758
2b61b6e1acee94b3,Active,2025-02-25T22:08:37.369745
f390104f0246ffd8,Active,2025-03-08T21:32:21.560467
770a5a2542a15c75,Active,2024-05-08T11:37:17.233219
a84a9ff59ad3e141,Active,2025-01-07T20:25:43.903179
8159f929df98e83f,Closed,2025-01-15T19:04:11.371514
55659bde3ef9977e,Active,2025-04-06T07:00:34.518381
a297eda215d7935f,Active,2024-11-19T03:06:56.063582
7d97547fe62635b3,Active,2025-02-05T18:18:12.625877
5dd69bbc5384b058,Active,2025-02-09T02:34:29.946971
d21fc77e23b0ab8c,Active,2025-03-08T13:15:53.094055
2ce0d47175a0631a,Active,2024-08-18T06:10:48.984444
1aa883977db366f9,Active,2024-11-18T15:45:49.294259
f0ba6305468f8ee4,Active,2024-08-03T21:17:38.959700
82fada5b8b26b9d3,Active,2024-07-15T04:04:22.799686
cb14d18a9bdcb1b3,Active,2025-03-15T07:15:22.037196
9204276b5f67695e,Active,2024-05-11T18:11:01.497843
517a0bfbab7d05d5,Active,2024-11-23T03:12:46.267990
c77e3d95671d8467,Active,2024-05-16T10:33:38.867082
93fab586359145cf,Active,2024-09-09T20:51:44.093880
97854a4cf7e74b29,Active,2024-06-21T22:28:23.308202
6b3969e43e56790f,Active,2025-03-14T21:15:03.026144
cd16d3d83eaafae3,Active,2025-04-19T08:59:22.035882
c99bdfe09284f35b,Active,2025-04-15T16:50:58.379054
743dd36fa159d91d,Active,2024-06-10T08:53:54.074249
07fc305ca2f2fc61,Active,2025-02-14T18:17:05.260459
6d658daee9376589,Active,2025-02-09T07:56:40.107659
e449238ec113562d,Active,2024-10-30T10:23:31.976972
86314318fae07c63,Active,2025-03-22T16:02:54.242021
fa2edb1ba7ba4284,Active,2025-03-18T20:08:06.103766
bdcf9a98a5e781fc,Active,2024-09-30T01:30:46.236519
94b189c05f3a946d,Active,2024-10-01T03:20:20.237128
d16bdf76e42d5d4f,Active,2024-10-12T00:02:05.186865
a45d4c4d905e487c,Active,2025-02-21T20:04:39.560618
b33242df1cf8cd3b,Active,2025-04-13T14:07:07.598600
25cd2d0e2e5dedee,Suspended,2024-07-27T05:56:53.459186
84f0f41582011899,Active,2024-08-25T11:14:38.622759
880a19dd926b206b,Active,2025-03-18T07:39:13.665785
95965e09ebae17c9,Active,2024-04-28T20:34:59.152544
871fcbee91276fa9,Active,2025-03-28T11:53:18.338479
21cb52889745e489,Active,2024-10-14T15:40:32.072767
b4f36b09b8e37f12,Active,2025-01-23T12:05:50.465701
74f2f6fd19694d11,Active,2025-03-03T01:07:09.504294
21665de8af5345c1,Active,2024-10-03T10:11:04.775388
3ad2a603405c87c9,Active,2024-05-21T07:19:14.115808
3c21ad5b16f39313,Active,2024-08-26T12:41:26.967306
b7f7f9db44a5fcbb,Active,2024-08-31T21:36:20.733882
bf5d2204e1c5bfb0,Active,2024-05-14T01:40:12.534942
7f5fa3f5a3c44054,Active,2024-07-01T06:21:04.570225
2752721275f68e3e,Active,2024-06-10T22:30:28.405449
5e12dfdba3bd0b91,Active,2025-02-09T06:00:39.290356
e8b91275b598f8c0,Active,2025-03-02T08:22:37.605536
9aeab1b513348d55,Active,2024-05-24T17:14:57.372853
6e1718871a0de7d2,Active,2025-02-20T02:38:19.565638
66a37a624d71bf06,Active,2024-11-22T04:26:55.749634
bdbedd0bf8f54d5d,Active,2024-05-24T05:14:48.481014
63945e0a696b404b,Active,2024-08-26T18:48:27.067687
33ea8f6a5c23abef,Active,2025-03-17T00:05:47.401302
7583263d46469874,Active,2025-01-27T02:32:17.759957
fb8b281716afb3e7,Active,2024-07-16T14:41:15.158989
e51ee002f29d9983,Active,2024-06-28T16:07:12.127741
e218992c7de764bd,Active,2024-06-04T20:17:50.576894
ea4a5c2d6f92ebde,Active,2025-01-30T20:31:07.761884
e06c7fdfdf954eb0,Active,2025-02-19T11:50:57.975888
e91fc6ceb1f018dd,Active,2024-10-30T23:47:08.528000
276f8263a37c583d,Active,2025-03-06T14:09:10.563451
121f1c217cfc310b,Active,2024-09-24T23:09:27.897969
cc4c8edb77c04fe9,Active,2024-12-04T14:07:13.342759
c9d875130eb03c91,Active,2024-09-01T10:41:19.059880
3becc0b79a05109c,Active,2025-02-18T04:53:22.284880
27e35dd0832d3bc8,Active,2024-07-14T17:59:54.465204
2e102ab940fa08a8,Active,2025-01-04T06:45:21.593764
74b30a14fda93d65,Active,2024-06-14T08:37:33.008073
5e65a74b56c42881,Active,2024-10-25T08:12:59.430145
3b2651b69e1600a1,Active,2025-04-12T02:57:37.531416
32869d11d068afff,Active,2025-02-15T07:45:18.373044
96cf479f51de8564,Active,2024-09-18T22:30:18.264280
38ccdfdfe6fc0c63,Active,2024-05-01T23:52:38.352645
25245e05716c9620,Active,2025-01-06T07:55:53.443392
60d19e735ad8282e,Closed,2024-06-13T09:36:59.194681
7d180948f1e0f221,Active,2024-05-29T13:29:51.781320
1b7a44299faf7877,Active,2024-08-07T23:24:29.464345
da52af333c91a45a,Active,2024-11-08T18:33:49.703807
68857c74147ffd56,Active,2025-01-01T05:21:36.654276
dea18903bef002d4,Active,2024-05-30T09:56:20.732073
a9cc123f946da7a4,Active,2025-04-26T18:56:05.479825
cefd97f7b96dd112,Active,2024-08-17T23:48:03.938232
9942dc028e13495d,Active,2024-12-24T11:42:54.304005
4d181ba53224a72d,Active,2025-04-14T04:18:49.355703
a5fd82ff3a125f60,Active,2024-08-09T17:43:34.374484
8d0f3b45044be156,Active,2025-03-10T08:30:34.254050
5a171e5ca8e3a148,Active,2024-08-17T19:44:29.875603
a5d9e77a68fb61ad,Active,2024-07-07T16:16:44.591692
27ac0feb4db84fea,Active,2025-04-18T12:05:47.358061
cff55cc828e043aa,Active,2024-12-18T06:32:18.524536
15e4d8c1a2f05cfc,Active,2025-02-06T21:12:55.939325
e3d54a94d1a61755,Active,2024-07-06T15:19:28.682738
bd2ff4236cdd083c,Active,2025-02-03T22:29:24.619476
66eadc1ecfd31e01,Active,2024-06-19T11:06:56.485300
f191bc59e065c749,Active,2025-01-04T15:18:35.358269
71dfc8d972d9f40d,Active,2024-09-30T11:02:02.739525
b3a92ab3f00e932e,Active,2024-06-07T21:25:39.688982
a5023366ddf2f768,Active,2024-07-27T03:50:11.746676
d5ef3af80736f5d1,Active,2024-11-23T14:24:34.396305
7173a4cb17d4ee3c,Active,2024-06-07T06:02:24.017596
773beb862c5b10be,Active,2025-04-21T19:00:59.253498
2b410683da2b26d6,Active,2025-01-16T01:41:43.981295
057827e29b8e8004,Active,2025-03-21T14:21:39.973403
e54b08c9f96ebb9d,Active,2025-01-02T19:49:59.600488
50b71af367d6395c,Active,2025-01-20T22:24:55.047299
a7dbcd5aa0d7dacf,Active,2024-10-02T18:03:45.489192
61dada4158a3995b,Active,2025-01-05T05:56:48.024880
929e603c6d1f461d,Active,2025-02-26T17:24:50.413447
218ee6074b71e368,Active,2024-09-04T07:13:22.510154
c0856e1d3dd47185,Suspended,2025-02-16T23:53:33.194142
1d07428e62e5679e,Active,2024-11-04T04:55:52.153934
877064303ac7af01,Active,2024-07-12T01:57:27.838933
97219a0881dbc260,Active,2024-10-13T08:25:38.364818
822027a89dc03532,Active,2024-09-02T07:38:48.413552
d73e6436dcf97166,Active,2024-12-22T18:26:16.296949
5f0a7dff47bc1cc1,Active,2024-05-22T03:09:59.176026
19acaa0794a77123,Active,2024-08-10T05:55:06.092646
74603b680ba66c75,Active,2024-11-24T22:47:12.564694
ed4889ea1f6160a0,Active,2025-04-16T21:39:02.991446
029853034a9ea3c2,Active,2024-06-17T23:25:26.901072
0718740f3216a1f3,Active,2024-12-25T12:40:26.800027
f8cd3e8f620fd80c,Active,2024-09-16T11:41:18.112703
6764bfbeebf9b679,Active,2024-05-18T01:47:09.690075
61e022b282859b7b,Active,2025-01-21T17:13:43.672425
d0e3c7c290e1f69f,Active,2024-06-30T00:21:33.295953
50b9ece64707412f,Active,2025-01-13T00:53:27.733458
ccf22d8d04a99a7b,Active,2024-11-13T16:25:49.621390
d3de8e2352c70526,Active,2024-10-15T23:27:03.370758
74a6b73d281a5c7c,Active,2024-05-30T01:42:34.649676
70f1e0572ab37863,Active,2024-08-18T01:20:47.289934
0bd47ed3b600585b,Active,2024-11-21T05:30:54.352566
b3529043d808e17a,Active,2025-01-24T02:12:14.441605
35d3d725fb90753b,Active,2024-07-04T21:06:32.107226
632d8cd4d8bdbacd,Active,2024-09-27T22:14:17.795834
386686e7b97d33e3,Active,2025-03-08T06:39:56.008105
7ad8493d49a83d74,Active,2025-02-13T05:54:20.770734
b7cc2f2fbff036c7,Active,2024-07-07T21:26:34.195635
00689654dfca0182,Active,2024-12-13T02:32:59.777160
4133308dc181313f,Active,2024-05-10T10:44:10.994336
62be7d37672a00ca,Active,2024-10-03T06:23:08.705031
d4cd2b79dec47ff8,Active,2025-03-19T02:45:29.749968
185b0fd1d1bd96b0,Active,2024-08-17T05:23:06.870518
0de13fde0efc7e41,Active,2025-02-28T02:50:59.739486
6458416166d5e153,Active,2025-02-25T12:44:16.563035
ee3318d920982714,Active,2025-02-18T14:21:51.036864
e3b23315708274b9,Active,2024-06-21T07:31:46.858787
69778f9b4bee3a99,Active,2025-03-14T13:20:32.259820
e5e56a9af654a819,Active,2024-05-26T21:31:02.733228
34e765e09b2f1e90,Active,2024-09-04T05:14:11.393917
a2079645360f58ba,Active,2025-03-14T18:11:09.208296
bfeb440a976a8cc6,Closed,2024-12-09T21:03:03.303773
8fcd44672dec2981,Active,2024-11-20T16:51:49.711461
1057ecd47e91414f,Active,2024-08-01T09:54:58.941381
da07cd45ff64d269,Active,2025-03-19T07:31:49.823287
0ca3ca2f5464df99,Closed,2024-05-01T13:41:31.749211
06b153b28b4405c8,Active,2024-12-17T13:52:38.127671
c3901cc6e4fead8f,Active,2024-09-21T01:22:45.254339
0db5b2000b0e92c4,Active,2025-02-07T09:11:22.739256
c568b098385978e5,Active,2024-05-03T15:23:47.911017
2c6a927dde029790,Active,2024-12-05T13:59:07.632446
5b077ab75d06802a,Active,2025-01-19T09:25:04.483852
2968ba8e01b4a258,Active,2024-07-29T17:00:16.067954
10e6a33f51d04460,Active,2024-09-30T14:06:12.489677
178436abc0894bdc,Active,2025-04-02T13:03:39.982060
81767b2a2027ab2f,Active,2024-08-06T22:43:53.974992
246e2cfe942a8d45,Active,2025-01-22T22:30:59.575027
fc26753a179a5b26,Active,2025-03-17T06:29:36.773533
e370a791238155d1,Active,2024-08-26T14:57:04.686391
ddcff9cb4b0cf8c8,Active,2025-01-14T04:31:55.602664
f971f490c8237619,Active,2025-02-28T15:02:49.918509
72d21444b8589524,Active,2024-07-05T11:15:54.558668
426621f56307afb5,Active,2024-10-06T05:14:14.252903
be28f20eeca62879,Active,2024-05-31T19:22:56.482641
02b4007eb6cf77e5,Active,2024-11-14T08:44:58.360125
122b6c7fa933acf4,Active,2025-04-16T04:50:51.355188
b42ccea1b931c08b,Active,2024-06-04T03:38:29.120435
6a3792cca9a91a46,Active,2025-03-28T16:51:54.974023
45128f16de17a514,Active,2024-12-29T10:35:30.375796
6c56b501fc9bd374,Active,2024-10-04T11:56:53.158444
24ca896d6f252e0a,Active,2024-10-03T02:44:52.135810
4a3b6b66f66ed572,Active,2024-05-27T14:48:07.566002
61554ccdc4b4abda,Active,2024-12-16T12:49:30.207269
600ea2a5b55de5c2,Active,2024-12-25T23:20:53.972995
492e4d4ea00d7a25,Active,2024-09-20T04:52:14.717427
248731cd0becc14f,Active,2024-12-24T07:49:59.930828
44ac1c432ef9cd43,Active,2024-10-18T02:44:35.077106
f441e37818e27023,Active,2025-03-09T13:23:24.592448
06b75c41d7feae93,Active,2025-02-13T05:27:05.126520
7603937b7c19a31c,Active,2024-10-06T07:33:06.154870
dbb2769be44f4656,Active,2025-04-01T21:38:20.711385
a5fe66dcd10b586d,Active,2025-04-14T21:28:16.180450
ed3de6650bb59c3f,Active,2025-02-08T01:29:56.713470
52e17d9de4ac3591,Active,2024-08-07T04:56:07.736856
0d96e6261534268b,Active,2025-02-02T14:04:55.930785
91734d5a32644f03,Active,2025-02-01T05:25:38.607028
e6489824d4f6789b,Active,2024-12-01T05:23:45.467941
08d8cfe332b297aa,Active,2024-11-14T07:03:29.226287
c1a0e053385fc403,Active,2025-02-17T01:35:40.423908
857c04fa69c0eee3,Active,2025-02-02T20:10:20.534349
b8ba7c9c32a40a1f,Active,2025-02-22T17:06:45.684644
60d7f53dad14b78d,Active,2025-01-25T09:02:39.249058
0f8a0f80d511e141,Active,2024-05-01T07:25:28.873329
d5da935feedb42e5,Active,2025-01-23T21:09:52.348409
4d22b52b8e18d946,Active,2024-05-15T15:25:36.869494
98051633a6b78634,Active,2024-06-19T17:46:55.534018
38c21c6eaaeb1fdf,Active,2024-07-09T22:32:02.642454
c4e7f7e6dc7df2b1,Active,2025-02-01T10:27:34.554295
a7955ff86e29b714,Active,2025-02-07T12:34:13.878153
486dc62fb36fcf0b,Active,2024-10-19T17:06:36.920416
b2c24ba2cd89151f,Active,2024-12-30T04:30:05.267688
c68262374ec227d9,Active,2025-03-12T04:26:10.645443
47b9b51e8a8f3c79,Active,2024-12-04T09:51:04.639347
daeec0055d171bc0,Active,2024-12-14T22:49:19.408103
ff203435fce41403,Active,2024-07-20T18:39:21.555459
196d8f7d12f5ccb1,Active,2024-12-03T01:28:47.935400
89dac2029eb34ef1,Active,2025-02-19T01:27:36.410127
03d195388be0cb8f,Active,2024-07-27T20:02:57.582904
f4ea58ca38f44f3e,Active,2024-09-05T02:31:00.536111
9d3c5eb0e9ef9cad,Active,2025-01-20T10:09:45.651388
2794860b44eea4cf,Active,2024-10-10T15:33:31.232600
d68c79766063c13a,Active,2024-10-08T05:31:12.638901
01c1e448b218b25e,Active,2025-04-22T10:49:47.789376
5a2aef9136784d6c,Active,2025-02-04T04:50:46.720486
9b97b935f2aa9fad,Active,2025-03-27T06:28:09.516470
b533b2da94d7c04a,Active,2025-03-31T11:24:46.743625
ad5a1518e847ab04,Closed,2025-04-12T13:54:18.812459
e6af1f747c3373bc,Active,2025-04-04T15:40:26.743419
f1ad973b9fc74af4,Active,2024-11-07T17:01:27.161649
a090eeddbf2e0c5c,Active,2025-02-23T14:47:46.158300
af9c49762dda61af,Active,2024-11-12T10:28:12.023873
90faf951150fd48d,Active,2024-09-19T03:16:24.743048
fee2b6a0b1855d0e,Active,2025-01-23T09:02:12.592282
8c13d5ac0886db72,Suspended,2024-11-19T21:11:43.266852
bf104cdd82d7d532,Active,2024-07-04T01:44:02.975747
dc261ac6918e15d9,Active,2024-11-02T04:21:53.652729
d2c6264478076489,Active,2024-08-29T05:55:08.319930
4b4d16cb0d3a87b7,Active,2024-05-30T13:50:17.902757
07221042b29bb6b1,Active,2025-01-15T12:41:29.587080
66e8290bca8116e4,Active,2024-07-05T23:26:33.062663
547cc00288fb4071,Active,2025-03-22T21:05:02.276279
998302196cb32597,Active,2025-04-18T18:33:46.095308
e6b15f3f585f304a,Active,2024-06-25T11:35:13.909058
fe8950a8c5788443,Active,2025-01-03T12:06:31.086954
e991e9be55143d9c,Active,2025-02-12T14:14:32.510777
a6ae661771dc3b88,Active,2024-05-20T05:11:25.097517
662920e90bd1e22c,Active,2025-02-21T15:21:26.167242
7520cffbd42f8b78,Active,2024-11-16T11:33:54.257569
28167ea839ac2f69,Active,2024-09-06T01:54:38.977628
25cf1b417cc53484,Active,2024-07-22T15:18:55.498802
f4efea035fcc7dce,Active,2024-05-01T08:15:07.273127
ecc95f3fa149de90,Active,2025-04-04T11:00:37.961528
85c6d0238f59aaa8,Active,2025-01-28T23:58:05.147583
b87ec63581665308,Active,2024-08-15T07:22:26.959022
edc29250fcf2ec3b,Active,2024-07-16T08:37:52.822771
ffe48497eb2edfaf,Active,2025-02-11T21:59:18.696991
684545b65767e2dd,Active,2025-04-14T19:06:24.311032
14e38bae9152a70f,Active,2024-05-13T23:47:49.002782
e05c7630b055e9f8,Active,2024-07-14T02:00:25.435081
c24e60e6cd94ebb2,Active,2024-09-04T00:57:43.691803
fa05e6cc814bfabd,Active,2024-10-17T01:24:56.232314
4ee12b31b41373b1,Active,2024-08-27T16:56:01.729727
88da87e3fffe6a11,Active,2025-01-12T09:33:56.691863
d04391ace4a8843f,Active,2024-11-19T01:43:37.568247
8d54704773ad48a9,Active,2024-05-24T13:28:44.605311
745e69fc6c40b406,Active,2025-03-19T06:20:31.235714
77c69e45e94b5a2f,Active,2025-04-10T02:06:43.066380
e7ee25a9bd1bb8fe,Active,2025-02-03T06:40:50.742411
24d2ad7db34c5c8c,Active,2024-07-29T21:29:29.234798
f22c1531dd8dbfa6,Active,2024-05-13T15:31:25.524765
29e47987e08539b7,Suspended,2024-05-05T00:42:14.527613
75bda829fb136755,Active,2024-06-22T14:04:03.604442
1a5a1e29413fb0f2,Active,2024-07-21T23:47:54.623281
e9f2db8508a1ae7e,Active,2024-11-03T13:12:37.623092
bf7748e590111f2f,Active,2025-03-13T02:03:29.409578
000f587efcd86ecd,Active,2024-05-16T07:36:00.569708
d87b956011f84e35,Active,2025-02-09T21:05:02.039494
b9037471018fd79e,Active,2024-06-21T09:52:57.108463
10ed9273f6dfe53b,Active,2024-08-14T00:31:42.277505
b63210c423ddcbb6,Active,2024-05-17T06:08:40.811782
0547424b4cb98f31,Active,2024-09-28T04:18:34.471009
8ecaf272d7c48656,Active,2025-03-19T10:04:39.517299
b9b3a4d0dcdcd17b,Active,2025-01-08T08:54:17.955071
ab9a09db4b941c18,Active,2024-07-23T12:45:13.111890
3a5a37832417ea6c,Active,2024-05-13T02:11:31.004822
e5d72d10c7388550,Active,2025-01-11T09:26:52.181151
8615862c52ab45f6,Active,2025-04-03T06:52:12.298839
3907bca795437038,Active,2025-03-29T00:49:05.503122
77417c0c96e2814d,Active,2024-12-25T05:31:44.747915
918c5a3b232f9518,Active,2024-08-21T18:36:44.786525
cb92b5c99b67c14a,Active,2025-01-21T06:56:08.267080
f574c54c178ad4a5,Active,2024-09-07T16:01:46.258284
2caf37d4601d99a0,Active,2024-07-06T19:11:02.211512
b0b702869490c8d2,Active,2024-09-10T09:15:25.570696
77b879b4af23731a,Active,2024-08-22T11:09:23.764238
e9e0f9fe0696aaa4,Active,2025-03-05T16:28:53.258617
ff4d6df72c6c3865,Active,2024-12-24T22:47:45.104949
0e7da13bedf95195,Active,2025-01-12T07:23:52.392614
a3faf27b35a8fb9f,Active,2025-01-11T20:22:41.338121
b90d5423bf68178d,Active,2024-04-29T16:31:23.324011
ae14def5fed2678e,Active,2024-07-29T17:46:15.587924
45ad8be2f487a2d6,Active,2024-07-18T05:14:59.227604
bb899739a55d93b8,Active,2024-11-24T10:59:47.557662
40bb7351af8cd24f,Active,2024-07-27T02:25:08.671551
fdc1e21210575b6c,Active,2025-03-30T00:34:31.027402
789f6fffd0137cf9,Active,2024-04-28T16:38:18.997001
f8fd33b47a5f012d,Active,2024-07-12T05:28:24.022177
c8e9ba2d000053d8,Active,2025-01-14T08:08:33.439657
dd511dde2896b21a,Active,2024-11-19T05:13:05.562524
614aded66d353c5d,Active,2025-02-11T05:01:16.261666
87ec61586129b9b0,Active,2025-03-21T06:59:36.232430
1d6412405b16feb9,Active,2024-10-16T21:51:52.271197
3167e18431f49705,Active,2024-11-16T11:17:10.838226
a296015fd36e69bf,Active,2025-03-07T15:36:18.048182
4fd8ab0a08207472,Active,2025-01-15T12:47:46.490050
cb1c8ad74b2e805e,Active,2024-09-25T20:13:52.581861
41a3059871c9b025,Active,2024-07-08T15:15:53.355407
a8670fe161c9f587,Active,2024-09-24T04:23:36.771028
40140290be6e772c,Active,2024-10-18T03:39:21.752667
559c994aa72fe425,Active,2025-04-27T18:41:55.006047
abbb4b021b739c13,Active,2024-10-04T16:11:02.587605
57edcd0279b1a304,Active,2025-03-22T11:02:16.408978
1647473c84fe5041,Active,2024-07-15T01:49:16.416845
a7b3cf9b4b18aff7,Active,2024-12-12T17:54:00.648992
1c26daabfb2b39b2,Active,2024-07-08T16:20:05.525366
a1be479baedfaa74,Active,2024-08-25T15:31:00.086237
8997d688bdd3787f,Active,2024-09-01T13:32:03.733336
a3ea98a171dc2a70,Active,2024-12-03T22:43:12.769089
1aa4e44478f755e4,Active,2024-11-05T05:51:55.360442
1b06aa844f339ae2,Active,2024-09-16T02:01:25.693607
54a1b4cb82d63bca,Active,2024-06-27T07:59:55.307442
e29a3c3e0054c3b1,Active,2024-05-17T23:32:02.196253
9fe2655a2220287f,Active,2025-02-09T03:38:18.587158
5e8d58acc538e0fd,Active,2024-10-26T23:42:43.106490
335a4d64a18062ff,Active,2024-08-03T09:56:57.985983
1b9e1432ddb8202d,Active,2024-07-29T06:01:30.798352
1b60fb7e7dccdf9d,Active,2024-12-27T01:35:26.493174
3c664bbe00bce447,Active,2024-05-17T14:31:18.646647
e5025873ab7b9754,Active,2024-12-17T19:01:10.021856
ca4170be169a17bb,Active,2025-04-25T18:27:18.935319
6f7c4fed472435b3,Active,2025-01-11T00:56:00.699838
404a8a8eae38b3df,Active,2025-04-11T15:13:55.098213
ff50acad5c1c1ef0,Active,2025-03-28T02:01:25.798917
89ca4f3fafe81293,Active,2025-01-06T20:04:32.721432
543257bf400e703b,Active,2024-08-17T10:08:59.428593
b4337bdd4716ff8c,Active,2024-06-06T07:46:40.938620
546c0a5e7f4df6eb,Active,2024-10-12T05:15:05.537836
3cd8081da8763b3e,Active,2024-06-11T19:51:55.748480
9b94b12a492456ad,Active,2024-11-15T18:46:05.399258
410f3b14c09e1b9b,Active,2025-01-18T11:15:40.197965
9ce928e0a187f57f,Active,2024-06-16T20:42:53.498317
26656c575a240aa2,Active,2025-02-12T18:01:02.978295
274780420aaec15e,Active,2024-11-25T05:42:57.122201
f2788ff0677a7bf3,Active,2024-05-13T22:40:51.717001
1978284ab3d083c0,Active,2025-02-01T20:01:16.129711
f595fc5ddae0d43a,Active,2025-02-18T16:09:44.773556
ef143775a1b5c0e4,Active,2025-04-07T12:53:53.444404
2371c2d4b5a95dd8,Active,2024-08-31T17:08:08.050014
f8e502e7af9e2e78,Active,2025-02-18T12:51:34.136393
498a6473b805ca78,Active,2024-12-01T03:42:19.446382
c10f0458d41b7f53,Active,2024-11-08T20:30:21.349065
aaf5de7add6f1778,Active,2025-03-06T11:35:18.414932
51347691205e597a,Active,2025-01-08T00:37:59.038244
21601557887fef00,Active,2024-10-22T18:49:37.309530
2d8a1e30b355ddd4,Active,2024-12-25T23:51:08.143674
0e4ce7de423dfbcd,Active,2024-11-02T01:55:59.040200
d1f7aadefd1d8eae,Active,2024-11-01T06:14:09.264790
e38d224b3ffe8141,Active,2024-12-30T21:38:00.397664
efe93b818492380c,Active,2024-09-16T14:50:22.558806
e1ccebfbf7e63cbe,Active,2024-05-21T19:39:38.914232
db1f1ac8cdfbd559,Active,2025-04-12T21:11:25.262366
b0777dce48056cef,Active,2024-11-03T11:28:23.125599
8750d7a571c29b4f,Active,2025-04-26T22:59:08.050540
5800e2400a49ef2b,Active,2024-08-15T18:16:26.117986
1214313c92c6df9e,Active,2025-02-08T00:09:26.656858
97ffcf901ce46951,Active,2024-10-02T01:09:52.805843
f11758c86c294918,Active,2024-06-14T08:32:43.568792
efab4813b3f7b296,Active,2025-04-19T07:04:12.788935
316e48c6fdae5c81,Active,2025-02-02T04:41:54.571183
b6f76a1cce19d81d,Active,2024-05-13T21:22:43.300246
2466ec72db8dcf5a,Active,2024-08-08T12:11:33.511382
ec22f561f7f26258,Suspended,2024-11-22T01:53:11.255944
ff001430ad1f180b,Suspended,2024-07-24T16:25:01.029184
810016e1edd62466,Active,2024-09-16T14:52:47.935492
2b663e855deb2795,Active,2024-11-01T01:17:45.998694
3edf84b3007b241c,Active,2024-05-25T21:09:41.303804
7c8e7ed0cfffc1e1,Active,2024-08-14T02:43:13.287695
a6abf6015ffbef50,Active,2025-01-06T20:22:01.142867
82c8ce6d46cd9100,Active,2024-06-18T01:14:01.767612
9c389fbda6916689,Active,2024-09-11T20:07:25.844152
751bf2fd9c642ba4,Active,2024-10-17T07:45:18.227582
d1c7fc78bf85f67b,Active,2024-11-24T10:32:03.776371
bc54eaea1dded067,Active,2024-11-24T07:23:32.207455
ea348597db2d897d,Active,2024-11-19T17:37:33.885026
797bf441041bf380,Active,2024-11-12T14:21:28.222175
2e4bd8217b26d116,Active,2025-04-05T20:37:00.066315
386a9930684fb6a9,Active,2024-05-07T08:23:16.655662
61c73e305337b0b3,Active,2025-04-03T12:22:34.115428
6b27e6e328799b37,Active,2024-07-16T15:15:36.839745
67725e99fa6368fa,Suspended,2024-05-24T11:13:38.954507
ab69e1743e5bda76,Active,2024-10-13T02:43:01.632444
6342cb5ab923c636,Active,2024-05-13T04:59:52.300511
69727af4729c9cdc,Active,2025-04-27T10:43:05.982799
4661e7e61630f2be,Suspended,2024-10-08T03:51:56.289363
84d5c802f4e27f4d,Active,2024-08-28T00:49:27.298903
756f19699d1a1414,Active,2024-08-27T19:24:59.790375
14f331eb822b9e58,Active,2025-04-19T09:07:54.022135
30c3e790c4005fc2,Active,2025-03-18T09:13:54.369797
7d8c167039d0df7a,Active,2024-12-06T18:26:40.695377
b21ac858a85872b3,Active,2024-09-19T07:00:49.971230
96253108851132e5,Active,2025-03-03T20:07:19.427732
7c3d34291a2cff3d,Active,2024-09-14T13:08:48.932187
6a9e20f9de4c3fbc,Active,2024-10-28T02:23:36.968821
1f80ac5313e02290,Active,2024-08-09T01:22:05.078863
57e822a3648bfdf7,Active,2025-02-06T10:06:54.925208
267e102dff8bff62,Active,2025-03-24T17:09:05.225799
bf85e6d6ba65715d,Active,2025-03-02T23:21:58.506004
47043fd93f96da3a,Active,2025-04-01T12:09:19.641192
58b432657510db8c,Active,2025-02-11T20:12:28.233700
f84fe83cefec25f1,Active,2024-09-04T07:33:12.256454
7af142ff5d4a3f3e,Active,2025-04-20T04:17:08.257598
8c274c1efa0ae500,Active,2024-07-31T23:45:45.936614
040358f8719ef53a,Active,2025-01-03T23:14:44.246720
18a43861c4fa4efc,Active,2024-08-24T23:34:11.453546
655613637a5a7412,Active,2025-04-20T15:04:28.542578
082b2195a8458eb5,Suspended,2025-01-19T21:44:55.918826
7da71eb5ee319e65,Active,2024-10-13T19:25:28.440358
df74f8b5e1f101f4,Active,2025-02-17T14:39:02.263432
068d263990565394,Active,2024-05-10T17:19:27.601463
c8a739d8e2ee7c0c,Active,2024-06-26T12:00:28.993278
a01ae6b401706823,Active,2025-03-07T22:26:03.567997
6e2018f5527c4e18,Active,2025-03-23T02:19:36.245438
dfdd43d2a7bdbff4,Active,2024-10-14T04:58:03.443858
bedecc80733fce8c,Active,2024-11-12T15:12:52.485061
e8684bc94de2c4d8,Active,2024-11-16T08:00:15.806892
55239cbc863bf90d,Active,2024-12-07T06:34:19.128517
8be4b4e6282ed327,Active,2024-06-12T12:44:53.006498
0cf4a88fe814a241,Active,2024-06-29T23:30:08.293946
9d9934cc78cda14e,Active,2024-12-16T23:23:37.296614
e7cc600991193209,Active,2024-09-01T00:36:07.702760
96418917708fa089,Active,2024-12-29T05:27:41.488793
db87a0c151629736,Suspended,2024-07-04T01:19:59.826523
99385c8262bbdf03,Active,2025-03-31T13:47:14.894064
4cd453737dbb2f5a,Active,2024-09-06T16:02:18.620330
44355dabe1f41bfc,Active,2024-07-22T14:39:51.976714
1f5b80f3db8774b7,Active,2024-12-19T06:39:07.865152
e46eff4860ec6eb9,Active,2024-04-29T00:14:21.237016
a5d840582c58566f,Active,2025-01-05T17:45:00.665847
9a8f76705ebfb6b1,Active,2025-03-14T07:28:18.011798
24429066980d4d0a,Active,2025-03-02T08:32:59.649465
978eb2e885437c21,Active,2024-12-15T03:56:51.140712
b96716a98ce1b193,Active,2025-03-07T08:31:38.155131
8b2608e8bd752bf5,Active,2024-12-01T09:36:31.203183
1c8c76445a7f0b57,Active,2024-12-04T15:49:36.676557
17bfd0d09967fee9,Active,2024-09-23T19:27:45.931912
26a10962a28756d1,Active,2024-06-30T01:54:15.833164
8bcec06f9442b800,Active,2025-01-25T05:16:45.139095
60c8bcaf73d9f8e8,Active,2025-04-25T10:32:59.636991
0b46f0e5bd9060b0,Active,2024-12-27T15:22:43.800802
24351ab4c1ca8d6b,Active,2025-04-04T00:22:26.912762
79b10e0958441660,Active,2024-07-17T08:10:27.448808
7528a0731213fa26,Active,2025-01-02T11:39:16.653705
99a9865bc073148a,Active,2024-11-07T20:14:54.532507
5c1f170dafc4c757,Active,2024-11-05T00:14:13.468133
0a8ac72c34de47de,Active,2025-02-09T02:21:43.428380
857b0b239b6a93da,Active,2025-03-25T13:54:40.215627
4fedb040afd6324d,Active,2024-11-02T14:40:56.514934
510f044baadfcf86,Active,2024-11-12T01:15:38.924747
79590b588fb06c92,Active,2025-04-23T19:29:24.910996
605f5d21cef88b81,Active,2024-05-06T04:59:26.749087
79dc040474c36ca0,Active,2024-05-20T05:37:28.904930
cb4208b8b7365986,Active,2024-05-01T06:11:14.247900
f6c6dbbc650c312f,Active,2024-10-23T05:22:39.805223
75a8904d46984cfa,Active,2025-04-15T12:11:01.431296
68d458535521fe56,Active,2025-01-07T13:32:22.818287
7fd66acd69d27ab5,Active,2024-11-19T04:13:02.058438
31dc2e0e6390fd85,Active,2024-05-03T17:53:00.669197
fd4cc933738518fa,Active,2024-05-11T09:18:45.810127
8cde329e2d07596d,Active,2024-12-16T07:52:25.324354
7d08253c606911bf,Active,2025-02-25T05:42:21.682396
464decacf3fcb812,Active,2024-10-19T10:32:18.229029
5391ddf984961f8a,Active,2024-07-30T09:19:34.886261
588d8a2bd460c719,Active,2024-06-19T11:49:35.066184
2cbeab323491b280,Active,2024-12-31T23:21:32.413364
cdd71c5e112225a7,Active,2025-04-28T13:56:02.465467
c27eb8a8ed9d32e5,Active,2024-08-08T09:59:12.300496
b4e69eab01a2fb2f,Active,2024-07-13T16:18:21.590406
ab1359702ebfec20,Active,2024-12-13T22:45:15.741586
4b4cb934a80bd226,Active,2024-10-04T09:05:26.439036
fbbf1c0b912a0bc5,Active,2024-08-08T02:22:28.324572
9aeac3f66328870e,Active,2025-03-31T13:44:01.261096
3719ff578e9b1453,Active,2024-11-15T03:48:21.961830
25c9a8a5a8a08b1d,Active,2024-07-10T21:23:33.539795
6d011f74bbec916d,Active,2024-05-30T20:11:52.669173
8435342d949b878f,Active,2025-01-08T21:14:57.758052
08be14a1a3119489,Active,2024-08-16T17:16:24.909607
5d0d91635d3a353a,Active,2024-05-30T18:41:50.980886
9c9bee85f315c6d3,Active,2025-02-05T09:40:29.884580
a19964068e330615,Suspended,2024-07-11T16:04:50.145896
08f290f475a87c90,Active,2025-01-30T09:22:51.723652
9d2a34516a17fbf3,Active,2024-10-16T14:02:31.618101
cf431ca55d28f577,Active,2025-03-23T06:07:05.211821
7e6beb512e52b8af,Active,2025-01-02T23:40:28.464759
684068536142d3df,Active,2024-12-11T02:37:11.060166
8a3acbb0850749f9,Active,2025-01-14T01:04:01.733267
4f3f0ab684608719,Active,2024-10-09T16:00:07.101826
1a255bd9f7dd219a,Active,2024-09-30T02:26:20.190739
5d5f7e589fff306a,Active,2025-01-11T09:37:35.845160
d8d8360f55808982,Active,2024-10-19T11:20:38.811134
190bace83962e3f6,Active,2024-07-10T17:06:21.135145
ffa7fd00358def61,Active,2025-02-08T00:07:46.267155
411ef83f52a9a243,Active,2024-12-09T22:26:25.873708
0f7c4d5ee3975317,Active,2024-10-26T14:52:10.419743
4df56a20f3251b9b,Active,2024-10-07T16:19:34.892960
ee578594d9f049cb,Active,2025-02-04T18:31:59.307419
2e92bbcf3ceed7e0,Active,2024-05-06T14:02:40.743334
490bd94b733a99d6,Active,2024-09-06T05:45:59.222398
45ccf4f54b85a628,Active,2025-04-28T20:01:01.308021
022c0d80a1b51bc2,Active,2025-03-11T07:25:28.106622
9d9ed46e14a1d53f,Active,2025-03-22T09:19:57.898087
639f3225b6818beb,Active,2024-12-27T23:29:21.093703
8988946397f7f631,Active,2024-09-15T06:07:51.922776
96d205fd6098c724,Active,2024-11-12T10:21:33.637044
9841cdcb7d283d23,Active,2024-06-25T17:47:24.726197
4a248b902a90c8e1,Active,2024-11-22T17:57:16.845258
a987366e2c7be205,Active,2025-01-31T08:03:54.494279
5dc2fbcaf152fc62,Active,2024-05-18T17:00:07.789470
2282e08f6fe7a450,Active,2025-02-12T03:15:06.551397
9921c33b8cb9ea72,Active,2024-07-03T10:11:36.518020
9759168c2782bef1,Active,2025-02-13T10:30:49.195420
87a3e0aa77b9d3f0,Active,2024-12-13T05:37:29.218004
d666e56d8da257de,Active,2024-09-12T16:31:52.212172
d2f2c22f070fef17,Active,2024-08-28T20:09:33.742671
71061ed7f259ed1d,Active,2025-03-25T02:45:51.269241
59cdefd6eb7207b7,Active,2025-03-04T07:35:12.240182
1cfcea5e69392e0b,Active,2025-03-01T01:44:05.629185
e55dbb760dd83f8f,Active,2025-03-28T15:24:41.549911
cecad77f14c42915,Active,2024-08-30T19:59:41.351909
23c6e3a145342141,Active,2024-09-01T04:57:54.039151
710c4aef45b9c433,Active,2025-04-14T15:11:30.617695
22dae0798cecab7f,Active,2024-12-01T00:06:07.780144
38e86836d07bc79a,Active,2024-08-28T15:39:25.540601
d062b22eafcb5513,Active,2024-12-07T11:19:51.898346
d4c18a74ddd9ade4,Active,2025-04-28T04:43:57.780241
6ccab7423da8bec8,Active,2024-09-15T20:24:01.146116
c0f89d88863e66c9,Active,2024-06-30T17:22:40.676316
0f5f1d247751d079,Active,2024-05-23T06:05:59.079203
79ca7eb7fcf5a66c,Active,2025-04-17T19:17:20.698006
c8184731beb1cf8c,Active,2024-09-24T20:33:35.401155
d9f8e8dac6fc59fb,Active,2024-12-19T06:37:45.124504
9edbef4dbf57bb94,Active,2024-08-11T08:11:19.672051
19a7d44eda9a40d9,Active,2024-09-06T03:39:15.340994
de1dd84baaf7d314,Active,2024-09-21T03:51:16.761121
dbcbc07fcf7a3ec0,Active,2025-01-20T18:58:08.724510
b6007e5954c67e3d,Active,2024-09-28T03:44:11.406284
c67ba8975e42815d,Active,2025-01-06T16:21:14.212939
571d9926a7f80c17,Active,2024-06-21T06:06:44.230195
878bac280a8e1aee,Active,2024-10-23T03:15:39.841791
022344539a701676,Active,2024-10-04T03:55:29.400326
200f07521ba73030,Active,2024-12-02T20:58:42.260329
1484308b311405d1,Active,2024-09-02T17:05:17.582283
483a71055dac28ec,Active,2024-06-24T00:03:35.376374
0498ba0f9e89079d,Active,2024-07-27T06:01:15.146652
f8b9693b84f44588,Suspended,2024-11-16T21:40:46.146112
ceebdcbaf302f614,Active,2024-07-16T22:06:56.548235
cda7671ab0d164bc,Active,2024-07-19T09:54:09.387784
18420be0b39f4e42,Active,2024-08-27T16:47:31.150199
ef2b844f7763391f,Active,2024-12-13T02:04:40.265055
33876ab63b547543,Active,2025-02-13T10:40:27.135921
3929fd346da115e0,Active,2025-03-03T23:58:49.287768
aa2a8529d6bee2f7,Active,2025-03-19T06:20:28.863032
4ee054fdef45119b,Active,2024-06-05T18:21:02.167773
8663f8f265115c43,Active,2025-02-05T11:36:04.744684
2270dd5f40322bc6,Active,2025-01-01T19:42:12.739536
dca16a62bac74932,Active,2024-10-30T16:16:21.389722
0b96db02037bc4a5,Active,2025-03-20T08:54:07.236910
05a359984fd46f9d,Active,2024-05-15T04:13:50.817808
7ebbfb7213f30c4c,Active,2024-08-15T19:14:40.597187
866e6b431c44150a,Active,2025-02-15T08:58:26.497924
e3a87b8e8e6ae246,Active,2025-01-23T03:19:31.083990
dd932fb337164529,Active,2024-07-14T06:45:58.939480
a8b05425331d2513,Active,2024-09-29T05:01:26.159319
4480fc3336331045,Active,2024-09-29T07:44:53.922024
0280ba5fed4155f9,Active,2024-07-14T09:29:30.426028
3cf43173aa44c003,Active,2025-02-01T02:59:48.749478
f59f246715d71918,Active,2025-03-24T03:35:34.305231
1486f348d93363e1,Active,2025-03-15T00:55:18.494261
b70ca1855c8e2d09,Active,2024-11-11T01:24:31.001474
3fe9d59910562f39,Active,2024-11-27T08:03:27.249539
48965e65c040edfc,Active,2024-05-31T16:51:52.317659
daa973045d91471b,Active,2024-08-04T10:43:22.503044
597ddff9d3c6c156,Active,2024-10-23T11:27:51.354111
a25d15db368ada97,Active,2025-04-25T05:28:04.583818
a0309d1608bd6f1b,Active,2024-05-04T13:21:03.169648
75b9823e91b5ce64,Active,2024-06-14T11:57:04.441415
e83f23f069969c15,Active,2024-08-12T01:10:12.978110
4d615f89e26e2688,Active,2024-11-06T18:27:57.971862
cbbfbbad06071793,Active,2024-10-21T11:29:42.815676
8605fcc430487fd5,Active,2024-05-18T11:11:23.572665
0029ed13c43090a5,Active,2024-06-19T00:43:26.797038
a6a9ccc6d754deb5,Active,2024-07-01T07:46:40.067555
7954849352e42a79,Active,2024-05-18T13:38:05.738601
015706d34bd29db7,Active,2024-07-27T14:43:40.878642
0df7e34dd791309b,Active,2024-08-12T10:42:17.393727
6936eccfe742ea0f,Active,2024-07-23T23:44:10.296739
7cee47bb1abb2fdb,Active,2025-04-08T01:48:10.961098
102cec75cd4af688,Active,2024-06-27T17:20:02.175098
bbe73df38f38b1ea,Active,2024-07-19T13:04:33.321207
c4816837e3971899,Active,2024-05-15T07:27:33.549030
11cee87b373985f3,Active,2024-09-28T01:09:16.029446
7665d6fb79dcb6c7,Active,2024-09-15T05:43:32.846749
8cef355e28fa0e9f,Active,2024-10-04T22:55:15.863923
eb89005f396355a0,Active,2024-07-17T04:57:45.908426
794abb96bcd34666,Active,2024-12-08T18:20:03.793352
2e5d8f9a0206b849,Active,2024-09-09T16:29:34.072891
b805ce9e5597067c,Active,2024-05-01T11:23:16.028718
4a1660e6f0f0a5a5,Active,2025-01-18T22:18:25.282024
b6595972d1527a9e,Active,2024-11-17T22:11:05.138069
385aba35a4c348e4,Active,2024-09-16T11:15:05.539343
3597eb04bb582afc,Active,2025-01-22T16:25:36.508205
80c262ba6d4941fa,Active,2024-09-27T00:07:53.504628
7ee58d8e7288e59d,Active,2024-07-29T03:55:46.787865
1cff0ac4aebb0d16,Active,2025-02-01T07:07:30.459095
2814d76d38a9917a,Active,2024-10-15T03:13:51.012168
4d5d407dd4e0cf7d,Active,2024-12-19T12:05:36.592678
9a069992a4200cec,Active,2025-02-12T15:09:08.252425
8ca9713dfb378985,Active,2025-01-09T01:43:00.193414
69210ef6c219cfa2,Active,2024-06-09T06:02:39.345537
6a46f04968f28659,Active,2025-04-06T14:31:10.868077
5b77b23d0a6bd2cf,Active,2025-04-23T13:52:54.172419
ae0b4c32fc5557b8,Active,2025-02-27T10:10:25.356302
605a1ace314f9162,Active,2025-02-21T13:55:39.200332
7392f1f82e579a6d,Active,2025-03-07T16:21:00.497450
b56890e8aea57ed3,Active,2024-12-20T06:40:59.656740
3f3f1f87c422bae9,Active,2024-12-31T12:30:18.809916
f3226c761244a149,Active,2024-12-03T13:58:04.107354
4bc531ab290f02d8,Active,2025-03-15T06:11:22.788904
9a921ea5f9b8b2f5,Active,2025-04-03T20:13:32.974841
a9a688e046fcfb9d,Active,2024-06-08T20:48:04.716201
f2885f1c242af457,Active,2024-11-25T22:50:15.660846
d607daec59d80493,Active,2024-10-02T17:04:44.610930
4af3e5eddec43470,Active,2025-04-10T16:26:41.628086
646e3fbb048ea2a2,Active,2025-03-19T03:44:45.203183
5e076036ea04b27c,Active,2024-08-11T16:36:42.872173
f65bb4269c7d3580,Active,2024-12-18T14:38:30.940624
aef910faa47f58ac,Active,2025-01-14T08:12:36.232674
14a6ce5c6742ca4b,Active,2025-03-23T23:23:56.498452
2890c203211129f2,Active,2024-05-19T11:38:53.739244
b17efaf793f6b78f,Active,2024-07-01T00:35:50.511858
9f107d5c918216ce,Active,2024-06-17T17:39:25.533402
e1ee883424c878dc,Active,2024-11-18T08:29:04.484751
08c64c630b940b83,Active,2024-12-18T08:51:40.487921
32456a36269b4ff7,Active,2024-12-04T23:52:14.636588
5d362f5b5f86d8c2,Active,2024-11-09T06:53:40.683460
945ede69156c5ceb,Active,2024-12-19T18:44:49.803020
fbde344c943450e5,Active,2024-06-30T18:12:22.853829
e4687c05abc0e296,Active,2024-09-07T20:02:19.923634
8a6f1d59c5415312,Active,2024-12-26T19:28:58.641430
266cda5b0eb05651,Suspended,2024-05-20T10:01:48.577713
12db35f2705772cc,Active,2024-12-14T08:29:11.274974
510eda7db9c4d247,Active,2025-02-26T16:45:22.126228
8217f38a4e2facb3,Active,2025-01-29T23:59:21.347005
47b50e2b553630df,Active,2024-06-18T22:30:44.997255
ad84ad5935c7e4e3,Active,2024-05-29T06:42:46.020832
93177ebdbd9d7d93,Active,2025-04-11T11:10:45.189418
5e4ca85ce316668e,Active,2025-01-16T00:34:52.044756
8a451d42f9483453,Active,2025-02-08T08:55:16.039728
3736203ef04682aa,Active,2024-10-23T15:35:18.504291
b4eafd8653ecd495,Active,2024-05-16T00:24:31.900117
391af7cdff4a9ecc,Active,2024-08-20T01:37:51.685852
605e39b368b91752,Active,2024-07-04T22:21:55.381578
192a14b19e725309,Active,2024-12-05T19:33:40.615956
d02031fcfd6e80b0,Closed,2024-10-06T14:11:14.440322
dee2e18b1124d31c,Active,2024-10-12T14:28:02.108174
683d67471d81c6d9,Active,2024-11-12T08:35:13.775557
78fd8e51606f6902,Suspended,2024-06-02T01:27:07.141068
96856c7c928d1bb7,Active,2024-06-16T21:38:25.165751
af207758c2a2581d,Active,2024-06-05T09:48:56.994058
bf0da51b5d84e084,Active,2024-09-17T17:51:28.658039
cc58a75ff3ffc3e1,Active,2025-03-29T14:38:00.022964
cc391607fff40034,Active,2024-09-29T09:57:44.213906
667c1c661dd68a8d,Active,2025-02-05T18:46:44.336131
fe789bc63a0d0e80,Active,2024-05-22T04:05:34.501191
75cc18f721dad77d,Active,2024-12-21T15:10:03.785375
9ad371da0afc5255,Active,2024-05-01T14:30:52.475716
bf25cfec2e4429a9,Active,2024-08-04T05:45:10.748872
2694e5709d2db656,Active,2025-02-27T22:01:26.980397
c217365ce7aa698d,Active,2024-05-12T06:38:00.789750
d326dc650d29497c,Active,2025-03-01T06:44:23.462248
4912cf9d4aa92f74,Active,2025-03-06T23:44:52.352108
a835d9a58c6b8942,Active,2024-10-25T03:16:22.518113
f5b3e6a4b72d6470,Active,2025-02-15T09:54:27.766278
e9e998e10209eb0e,Active,2024-09-03T18:47:59.365756
9ebf4a7ce091ecc4,Active,2025-01-26T14:59:03.672350
5cb3577a915fce94,Active,2025-03-18T05:29:17.379198
2ab6e43df306331f,Active,2024-09-05T00:08:39.955754
b7e81e12d917abb2,Active,2024-05-20T08:27:58.551179
d7bfdfab07c8f9db,Active,2024-12-31T20:47:18.481631
80a02ae66fddab19,Active,2024-05-30T08:22:24.261614
2d64ffd4fb241105,Active,2025-04-20T20:18:21.071249
01d36a14e3cfb9a4,Active,2025-03-11T13:07:40.076210
2301879d576dca3e,Active,2024-09-06T04:15:28.260137
4c82a1a86ff1b599,Active,2024-11-11T03:29:25.867541
f64cd207107edafe,Active,2024-11-09T03:32:03.099968
22807c95825b2bc2,Active,2024-08-21T11:44:00.798295
7f0ab21a8626fff8,Closed,2025-03-18T23:48:48.883242
4dddcc8614f8eb01,Active,2025-04-18T13:30:14.644708
1cc1cfa250e11e22,Active,2024-12-10T11:32:46.763578
e07a6625e64d8aaa,Active,2024-08-30T16:40:44.464412
9ff9cd50a2bbd5b6,Active,2024-09-06T15:19:56.611908
948e5d5d6fae928c,Closed,2024-11-02T16:38:30.884382
6cacac5745f18c9d,Active,2025-01-28T22:16:25.159740
0ac31ea7c380cbcf,Active,2024-07-16T04:55:33.416176
834005ae48fa8e12,Active,2024-07-14T05:43:42.932778
d9e0d1f4fbbaa9d2,Active,2025-01-12T15:47:36.602800
9ece24d8ab2ef02e,Active,2024-09-06T11:38:08.324563
97730a19efa893cb,Active,2024-11-12T10:02:47.342056
edb902d02532cab4,Active,2025-04-24T01:33:55.580707
d27f3292b123dc22,Active,2024-10-07T23:44:38.970434
fbafec433c88843d,Active,2024-12-18T21:43:28.078207
8645ad5d495e01f7,Active,2024-10-02T12:13:39.094945
eb71adc500edd45b,Active,2024-11-20T12:53:02.661485
17f4e3860f97cd92,Active,2025-03-21T08:11:31.579853
14406fe13eb93cf5,Active,2024-05-05T02:33:56.481006
a8f3ec3c05089001,Active,2024-06-02T17:28:38.536229
4753fa9062ed1e97,Active,2024-06-05T23:00:11.387311
68e29fdfea9302d1,Active,2024-09-10T01:45:01.026753
dcba5b017ef9ee1e,Active,2024-10-03T12:30:06.891174
fee9111062b1a56f,Active,2025-04-19T12:23:12.414559
bd3df1a82f7571de,Active,2024-11-14T06:47:14.448977
af1051ea6b768d3b,Active,2024-11-01T08:57:47.021531
f667868f885a6535,Active,2024-06-29T09:05:49.299081
f59be54b1f75c376,Active,2024-12-17T03:18:21.386013
518be0c6be724a38,Active,2025-01-28T14:05:16.343508
00157643d3599f30,Active,2024-10-15T07:55:50.056966
c12d7fae4e1a2324,Active,2025-03-02T13:43:52.135167
d3c950210d2b1e5f,Active,2024-07-06T20:02:40.462419
56bac07a0da92c9c,Active,2024-11-12T04:57:58.612556
5589e4ca2f3a31a9,Active,2024-11-26T13:13:41.858490
7b21cf961c908a1b,Active,2024-12-01T17:46:00.098341
6782abebe493448b,Active,2025-01-02T03:10:21.946061
aad523f2872abc8e,Active,2024-12-02T09:28:26.577919
487e91a4b2faf1bf,Active,2025-01-03T15:12:20.599005
03c559985439021d,Active,2024-07-26T04:59:45.251334
93bcf502ed6673a8,Active,2024-08-17T05:04:24.022879
3a1071405433b025,Suspended,2024-09-27T03:02:05.076254
9a6e64e4188c82ce,Active,2024-07-08T18:30:04.042745
3d2ef178037890fe,Active,2025-03-11T20:23:36.883271
8337f4c20269c00a,Active,2024-11-17T12:14:45.239835
20666623c827b1e3,Active,2024-05-08T18:42:45.918713
aa2cfc449f84e843,Active,2024-05-29T01:51:12.609224
d17181287da5b1ce,Active,2025-04-17T03:43:57.730792
179448d4e45f5284,Active,2024-12-21T04:26:16.165966
202c16bba25346fd,Active,2024-09-15T03:50:41.185052
0cd2da64ecfd1628,Active,2024-05-22T16:54:19.839319
d96d043056e3233e,Active,2025-01-03T15:02:21.164590
72f8d103394c7969,Active,2024-10-10T14:31:47.686382
95cbaa046383f16a,Active,2025-03-06T10:54:17.628991
ad3e1f4e471b5376,Active,2024-08-13T17:14:45.762214
ca88d0520541e6b7,Active,2025-01-08T16:38:32.973462
a0782850c0faf100,Active,2024-07-19T04:27:45.872335
b721e1f31989a298,Active,2024-12-29T20:43:33.448809
fb1e6c2c79a0d76f,Active,2025-01-06T16:07:57.013365
690977fa8a90b82b,Active,2024-11-05T16:20:25.832307
bf30d7a9eee30d4d,Active,2024-08-12T17:15:10.887306
d71692f805712aab,Active,2024-10-04T11:00:52.312366
ff755c2fa0900f0d,Active,2024-06-16T20:35:45.012625
f6f3813785fcf295,Active,2024-05-19T16:31:49.897180
927ad48a42b0fdf9,Active,2024-07-28T12:08:14.174829
d0d7e6fe019762eb,Active,2024-10-10T20:56:32.380810
1183c028afebfd79,Closed,2024-05-24T00:36:13.898803
5b3018c36fb5da1d,Active,2025-02-28T03:26:13.106112
1baa61fd7a7e17dd,Active,2024-10-11T13:13:59.282751
6f9edf25f402074d,Active,2024-12-16T00:49:43.403215
c16506761dff882e,Active,2024-10-18T17:03:08.157063
f6811fd757af27a3,Active,2024-08-16T09:34:48.031975
801fa70932f9f384,Closed,2024-08-09T06:06:56.910749
77adff200213d8b6,Active,2024-12-23T11:14:50.322489
7c9b8c85441f8100,Active,2024-11-30T20:26:09.481477
12cbf44a46a80ecf,Active,2024-09-23T07:06:22.384449
faee1dc0e2b8df6f,Active,2024-10-11T04:46:25.114111
1fbb2a52e474704c,Active,2025-02-19T00:56:56.304033
4cf30f68ddc69e67,Active,2024-12-21T11:57:19.196477
9d4608325e41027b,Active,2024-12-23T22:41:57.275218
87a7ca5f352f66e2,Active,2025-01-18T07:50:19.249967
a5dd7aaf716469cd,Active,2024-11-30T12:52:11.208425
5abedb47209ecf03,Active,2025-03-03T12:40:24.139633
e5f4043653c45d60,Active,2024-08-22T12:53:04.100582
7317bfaee6f79aa3,Active,2024-07-16T16:25:12.541354
ba724b99ffe1fe31,Active,2024-09-18T15:44:16.926091
09917ee492e51953,Active,2024-12-17T11:56:31.279103
0d1b63eb64a80dff,Active,2025-01-02T17:00:23.675519
ba69a59407e992dc,Active,2024-06-14T18:37:26.681195
1ba62a7423b0a6c0,Active,2024-10-17T18:38:55.044670
869614dcb74c4b3e,Active,2024-06-02T16:23:45.688684
efa0a28ada4eae99,Active,2024-10-12T05:15:56.903860
3d54933d87d706b9,Active,2024-05-28T18:36:50.164834
e03e4c4ba4a51589,Active,2024-12-06T10:58:48.332995
f3b36cd36c28a7de,Active,2024-07-03T23:06:29.648238
ecdf7e1c2efed5fe,Active,2024-12-16T00:04:01.433999
421e603d5b9d8c1d,Active,2024-07-24T07:10:01.062344
709e600608a2c7c8,Active,2024-06-07T12:23:21.252204
0c7661305a11c208,Active,2025-03-01T19:54:03.356166
38ab8237c4c06823,Active,2024-09-24T23:16:07.818506
5d59f214022c7d51,Suspended,2024-12-08T07:44:58.555085
f1c20547de53be49,Suspended,2025-01-21T04:02:01.583625
bd2e2dc1f885115d,Suspended,2025-04-17T18:27:00.091796
17c728f3ab0afccf,Active,2025-01-16T22:49:16.880727
0b22dea9885b598d,Active,2024-08-19T15:24:47.187783
f2563e3ae76bbf8c,Active,2024-09-28T07:03:42.081392
a46745f64afdeefb,Active,2024-08-01T03:24:20.857046
5ec5aa87401a4d4a,Active,2024-12-05T23:50:16.200047
b1021b127cbd9bd4,Active,2024-05-10T19:30:29.718823
cf6db4fc08eb6821,Active,2024-05-29T22:10:20.653317
6778a77d61268e68,Active,2024-06-23T01:17:38.613589
d1fbbcc00029e07a,Active,2024-05-03T00:37:13.433777
ffca785b54f35c82,Active,2024-08-09T09:27:46.286849
5b57317c6dc6c610,Active,2025-02-02T17:35:59.234427
c7a2bc244d453833,Active,2024-09-12T05:12:48.885026
8a70e042364eb1d4,Active,2025-02-21T16:39:07.766749
e5aa89c754fed875,Active,2024-11-14T19:59:38.736828
de732ccdf8a2e5cf,Active,2024-10-27T22:15:29.877228
18a4f679a4ba6be8,Active,2024-06-17T09:39:20.542379
794d9d23d34bb1a9,Active,2024-10-20T10:23:22.123597
9e4d00e7dc47bbd0,Active,2024-08-16T01:14:55.498883
d9361a1cffa98ade,Active,2024-07-05T14:19:34.091575
80cbe25da5214b83,Active,2024-11-27T23:01:30.923148
cce6da19ed990b86,Active,2024-08-13T16:00:56.263350
aab3a40557cbd46b,Active,2025-03-12T10:47:22.062121
93b0e3b52ec682d2,Active,2024-11-15T19:34:26.307672
358c28987292217b,Active,2025-02-09T03:10:44.812449
bc3c1fe567409357,Active,2024-09-30T05:50:59.386958
b03bea2f58cd4efc,Active,2024-07-25T19:12:40.933002
0416149930363ae9,Active,2024-06-28T04:19:02.603008
909b2cb2e03a7a00,Active,2025-04-13T05:15:53.021173
fcecbca324ac97b9,Active,2025-02-11T00:19:17.216688
0489fe0ce113271c,Active,2024-07-29T03:46:26.721826
fb7835572bd23924,Active,2025-04-15T11:17:24.951577
a0edc239ae361702,Active,2025-03-08T12:13:15.392073
b3e3dcbade01f9a0,Active,2024-06-23T00:45:09.169310
617a0cd80fca6845,Active,2025-02-08T04:12:27.764426
7a893f42ebace7ee,Active,2025-04-14T04:09:27.717754
b8a8a310a8aa4219,Active,2024-10-14T02:42:08.851025
020c14b2599e44b2,Active,2025-03-14T08:14:40.896346
8668063bcfdb214f,Active,2024-11-12T20:39:36.224803
6e76a156054f43b9,Active,2025-02-02T16:44:31.691035
cbd47649527bce45,Active,2025-03-08T16:09:56.843829
76f915bc9e313225,Active,2024-08-21T14:56:33.487955
42861f5e269120b7,Active,2024-07-13T12:06:59.046628
96aca2e42d34da5f,Active,2025-01-28T21:50:59.303004
de8bffa38ff3ae29,Active,2025-01-08T02:55:21.548563
2e1ccd1d07e66787,Active,2024-09-25T03:38:37.094652
ee0da7b236caea41,Active,2025-03-07T11:07:37.231560
c164773c58817880,Active,2024-09-27T01:43:21.351842
bd4e755b6e0c7caf,Active,2024-11-27T10:05:09.931811
d48abee7036cd2f3,Active,2024-06-02T06:52:39.891013
edaab23e1ba842dd,Active,2025-04-19T19:14:29.310779
207d127342395335,Active,2024-08-06T08:32:50.181702
a710407cc2f395f1,Active,2024-10-19T17:50:23.721679
ef48c1853252fa23,Active,2024-10-14T04:45:11.891918
a72d7ca1c4a7ac9f,Active,2024-07-21T20:45:14.417424
e1dc2b539e9ddcdd,Active,2024-08-04T05:08:22.308064
c86a34044a373203,Active,2024-10-20T01:38:12.428064
cefb921cbb8f6e06,Active,2024-08-02T17:52:02.391025
afe1a8fd3dfc49b5,Active,2025-02-07T07:39:34.137871
ac0ea7f10328260a,Active,2024-07-22T01:41:14.448126
f008322c53f8c056,Active,2024-09-10T01:38:03.065544
c5843f2b1b6c41d3,Active,2024-10-10T18:06:05.890245
3ae76318676a8148,Active,2024-10-02T23:38:08.659610
2b3125fa1f7c19fa,Active,2025-02-09T21:02:05.534698
35c097709c40283c,Active,2024-06-22T08:54:30.733326
dd0f0c5ee8a98498,Active,2024-08-20T00:12:07.408776
4139b9d9d1112c86,Suspended,2025-04-21T05:48:17.224869
2ac56388c3559848,Active,2025-03-06T18:53:55.421224
90e10dae33fa2352,Active,2024-07-18T23:10:50.419676
79fca25cd0c5dbde,Active,2024-07-08T18:38:02.155657
18ea3a17e9528ff5,Active,2025-03-25T05:50:55.161994
05b30e3c56876ea3,Active,2025-03-02T19:59:20.640559
8ce109c1dc63bc83,Active,2024-09-06T21:27:04.203356
61e4d2450a1604c6,Active,2024-08-25T14:41:08.374607
ca4973fc601ca383,Active,2024-07-31T20:26:23.554583
bbcf0da1f91a328f,Active,2024-08-11T00:07:24.948652
0a25194b5816a504,Active,2024-12-15T05:52:53.639066
305203f2d5fcf29a,Active,2024-11-04T22:46:31.431481
0a91f9bf0a629428,Active,2025-01-18T16:16:18.674367
63a278adc0e08017,Active,2024-06-22T20:35:50.020631
d9baec51496df0bf,Active,2025-02-18T18:49:30.094510
60249d879d537794,Active,2024-11-16T20:00:38.177509
9c9748f2871a6539,Active,2025-02-22T17:20:31.151999
6b184c61ce114c9b,Active,2025-03-11T10:03:35.349962
ca8adf78eef3d984,Active,2024-10-26T22:34:21.302844
f8effc9a57b1863c,Active,2025-03-11T11:59:36.299626
c65f4b598517a500,Active,2024-04-30T00:32:11.357256
b5eaa5f3a2443d88,Closed,2025-03-05T06:59:37.230299
74a44f94c2b4d7b6,Active,2024-08-19T14:57:32.042926
a671f8378c511f23,Active,2025-01-12T21:19:24.590283
c6dae170759706e9,Active,2024-10-22T23:49:51.420587
5eb6c55519dbe09c,Active,2024-04-28T17:46:31.633253
b77fc7da062ba461,Active,2024-12-04T19:42:28.985414
6abedd215b1bd8b0,Active,2025-03-21T20:14:13.227059
e8419007e52d8256,Active,2025-03-11T11:58:43.303495
8b1a65e4ae1362ec,Active,2024-08-03T00:33:46.015859
62865d2e16a30cdd,Active,2025-02-26T10:44:30.290889
99d86de3544615fe,Active,2024-11-06T08:38:07.964199
d5f7950686983514,Active,2024-07-12T21:21:19.963802
75ff29992b25e262,Active,2024-05-18T03:40:23.058802
dbcd5fc5bf330037,Active,2024-11-07T13:03:54.560025
a0c5783518d4119d,Active,2024-11-29T12:16:47.318102
6f354ecd4ad53c23,Active,2025-01-02T06:56:35.103860
e473c783da6aa6eb,Active,2025-02-16T03:53:21.207378
79e82c6cc5b91f3b,Active,2025-01-25T02:41:14.881786
1699a1b48d826dc2,Active,2025-01-02T23:29:01.951042
43f9983b796d502d,Active,2025-03-27T01:04:59.265939
dbea8cc8ae138f6b,Active,2025-04-03T23:44:19.384341
699f018edb81232a,Active,2024-10-28T22:33:08.591497
2ee13d3e6adf1032,Active,2024-09-02T06:38:53.149662
fbdb825228967dff,Active,2024-12-02T09:24:05.386456
c2e9b9ad8a4fff8b,Active,2024-10-03T01:12:58.149944
1e735f49a8107b58,Active,2025-03-18T21:27:13.693001
73b46ccf1c63e270,Active,2024-09-11T00:02:09.903648
2f8c30ec83ce4d88,Active,2024-06-07T02:45:42.256459
e65f247ab3e29058,Active,2024-11-07T14:00:55.899267
74a38e4f6b16f682,Active,2024-07-31T18:23:06.645527
918259572c8e4310,Active,2024-08-26T02:32:50.159100
9490afb468aa84e5,Active,2024-10-24T20:42:12.546015
71da89ee69ae7008,Active,2024-08-25T13:31:58.674027
73f7d64b0b68adaa,Active,2024-07-08T02:35:21.818815
23702a4dca6cc83e,Active,2024-05-30T15:37:22.861918
0a54cbe7eeaaf68c,Active,2024-05-12T14:19:42.123573
5544011598e26255,Active,2024-10-22T10:16:36.202534
bcdcd997c69d270f,Active,2024-07-28T13:42:57.698367
bb215f485fd3e7d7,Active,2024-05-19T15:21:22.747815
7958137c20185bf0,Active,2025-02-14T15:30:25.089764
ab9c7d2b01cfa827,Active,2024-12-14T01:25:22.999252
f57eef6ded49d7bc,Active,2025-01-12T11:50:24.899942
ca1b60889d9a8867,Active,2024-11-21T03:57:46.848985
977f631e56e3619f,Active,2024-07-06T18:20:43.251955
f5d05adcaace66de,Active,2024-06-21T10:11:13.502032
b5f0abf548de2dc4,Active,2024-10-28T03:08:47.453046
8969d3f0e8303bcd,Active,2024-10-04T04:17:15.986738
8459625c5a43404a,Active,2024-12-07T09:17:05.666414
3769d35d1fe7e6e4,Active,2024-12-12T04:28:00.600489
c27617af8e0601d8,Active,2024-11-24T17:51:15.770376
cc38671db4a3c891,Active,2024-10-24T23:27:32.352702
5af96f08c364dd21,Active,2025-02-28T04:21:46.666682
7d87507334e64ac1,Active,2024-07-06T08:37:16.626177
49389bc17c2b47cc,Active,2025-02-07T08:55:31.078214
08f723eac9439d9d,Active,2024-10-28T02:11:07.567570
a2927d0496911cf7,Active,2024-07-27T13:15:13.086413
784be381cc63d001,Active,2024-06-29T22:00:33.055493
0916181ac4451afb,Active,2024-08-23T08:26:09.568004
d61ba54e39905701,Active,2024-09-20T13:49:38.511344
2f89c78dc515493f,Active,2024-05-25T17:23:31.197900
e9389acecf2c08e6,Active,2024-11-09T13:24:40.164873
e84da984e3ed2b48,Active,2025-03-30T05:03:37.652955
5e56250a3c0ceb91,Active,2025-02-16T06:35:11.443906
2cf96e0a824e4a41,Active,2024-11-01T09:39:47.843685
b26e17ecce958d47,Active,2024-07-05T23:46:41.753098
442762c2d5c066ad,Active,2024-05-02T20:29:48.167400
6e56096f3d0f5a62,Active,2024-12-02T13:55:04.114508
99993d33a8de9137,Active,2025-04-13T11:34:00.351907
c06adc5ae31ca5a0,Active,2024-07-17T02:00:15.562230
05974757e358b0f8,Active,2024-06-14T18:30:44.827290
4de300cca8da42d0,Active,2024-08-18T17:02:39.648990
eeed28a52a0e230a,Active,2024-09-06T04:11:13.495758
0baed698092c4aa4,Active,2024-11-24T05:16:23.031192
05a8967d53334c8f,Active,2024-10-22T14:29:03.157503
4b14a8968cc02bf2,Active,2024-10-16T16:29:10.450122
9ce1f718e419e414,Active,2025-01-29T19:35:10.340189
61fe0e9065917a41,Active,2025-02-23T12:24:19.099687
1b0e2dc9fa13ee7f,Active,2025-04-25T22:23:06.023801
b7dbaa4319b34b9e,Active,2024-10-01T06:04:54.919499
49450aaea0ed6c27,Active,2025-02-08T07:02:14.054821
a3d25b7b93303bd4,Active,2024-05-26T04:39:06.675265
f0ab9eb27725216e,Active,2025-01-09T23:25:42.668966
49ea47dcc8d61cd9,Active,2025-04-10T06:35:04.092479
67f0238e5f3d7db0,Active,2024-08-18T11:11:27.875893
3c08432960a4602b,Active,2024-09-07T07:32:33.675391
21ca66f8703ef55a,Active,2025-01-27T09:55:52.061610
0e6a7ae3577a88e6,Active,2024-06-10T00:25:48.211649
21a02e643241f4d2,Active,2025-02-02T14:18:07.187634
0c0e7e9f2c487b75,Active,2025-04-20T14:37:31.414176
919c70d224aeba4f,Active,2025-03-21T04:42:35.892474
17d19f928530bb1f,Active,2024-07-22T17:42:35.913587
45af7156825d6dbf,Active,2024-05-29T20:20:44.198692
ab37552e5f331261,Active,2024-11-11T07:33:46.923848
22a098ec321bf6b5,Active,2024-08-15T00:24:53.196954
b17b9165df9a101e,Active,2024-09-16T15:59:11.693935
e5463b2eb9aef891,Active,2024-10-29T17:47:59.157698
bee0a47b7bb2a90f,Active,2024-10-21T21:03:55.561421
54f271c80b4caa0d,Active,2024-11-16T11:29:25.826408
84798b5a98d964f5,Active,2024-05-25T09:15:24.708686
da8f9e9bf07ac1fb,Active,2025-01-21T11:22:01.780662
f332acd532829884,Active,2024-10-28T20:40:09.017649
1aff6d1e132aa513,Active,2024-05-07T08:32:25.794525
75100fd588e50b61,Active,2025-01-23T10:06:32.123257
525ab1f7213ccb00,Active,2024-08-11T16:08:20.583922
362fb967ebdb7626,Active,2025-04-14T07:45:57.357257
5d6c45c8c631befe,Active,2024-06-23T17:11:25.595595
c4ea093a0b468b7a,Active,2025-03-01T19:34:47.663985
4d78f5d27377fc16,Active,2024-09-19T07:41:55.712996
71603ba0a0e144f1,Active,2024-12-25T20:48:31.217964
4fc129adb8453776,Active,2024-08-24T15:27:02.558810
813d5ce03efe3b93,Active,2024-05-18T10:07:18.878152
d9f3356e1e434643,Active,2024-10-19T10:42:23.733174
6f542ad3e86dab05,Active,2025-02-25T23:50:41.680611
d4721d69e67c2f4f,Active,2024-09-08T02:33:56.163792
1139b2181682e9c9,Active,2024-11-29T12:11:24.873427
2d6332bcd23d9e2c,Active,2024-09-30T03:42:07.907615
ef01555ce76d2397,Active,2024-08-10T18:27:58.599090
7497d12212ff896a,Active,2024-08-21T15:04:53.079520
4ed24d2884a991e0,Active,2024-11-13T18:14:38.188946
c1abc527b9cd970c,Active,2024-05-08T00:01:39.663121
1f6cf78c6bce4bad,Suspended,2025-04-17T02:55:58.917136
aad778c9fef14586,Active,2025-04-08T23:40:05.262358
479afee07ea90778,Active,2025-01-26T04:55:12.554026
81497be05dd4734e,Active,2024-11-26T05:50:51.857237
d5ab4780dc5a0647,Active,2024-05-25T09:26:39.046551
652468574554934a,Active,2024-08-23T14:37:17.603958
ad946ff9b94757da,Active,2024-10-04T16:06:47.875273
f5fd9328fc2090e8,Active,2024-07-02T15:40:39.165430
d5a5d1a744e84156,Active,2025-01-27T08:00:28.148498
d03961924b46c8c1,Active,2024-05-29T05:14:58.923833
ffb07d31db5dcd8e,Active,2024-07-22T15:29:02.293641
b5b14104d48c6779,Active,2024-07-06T02:30:43.683260
30dd69fd6a6c2e82,Active,2024-05-27T00:23:48.765970
250b360cd13c89d1,Active,2024-12-24T20:34:29.794275
579b044b71bf7afc,Active,2025-03-12T10:03:00.359262
d3ee09d1c7a4f5a9,Active,2024-07-23T18:05:34.097878
9cd0ccffa6e02483,Active,2025-01-01T01:07:42.956984
904aa230633422c8,Active,2025-02-07T09:07:24.963392
beaa2a4751b4429f,Active,2024-12-22T22:39:07.604405
f42ee1f8b3af195c,Active,2025-03-24T03:12:04.031835
c660e17be88a546e,Active,2024-11-22T10:06:14.397667
caa27a5f26953e79,Active,2024-10-01T04:03:15.896637
0b959dd59695c5da,Active,2024-06-27T19:27:23.898990
5ddecfa58c17b197,Active,2025-02-20T02:46:53.865081
d89aaa0a2c37809c,Active,2024-10-05T04:51:20.088086
4e35f0df48173312,Active,2025-02-04T13:56:43.987470
b8314e48a42abf7a,Active,2024-06-27T23:52:49.092436
ec027dc15d641af1,Active,2025-01-02T16:21:11.859512
12d381d134101c75,Active,2024-07-01T15:11:54.008591
3a70f8137eb2b55a,Active,2024-09-27T04:18:20.114359
a47c90dd97af8c7a,Active,2024-07-12T08:21:42.238352
8baceb500cb94bad,Active,2025-02-25T04:15:28.952754
b59caf7cc00e3943,Active,2024-10-22T23:48:04.552845
64ee971418655ec0,Active,2024-07-12T06:50:00.361779
e7977aec7bf5248d,Active,2025-01-15T15:30:56.479646
78ef98e30eaf3a4c,Active,2025-02-13T23:27:18.978537
3aad6e838a7fadd6,Active,2024-07-31T19:52:42.481156
fa65c4b1848e2f7d,Active,2024-05-19T14:03:53.717577
051b85aad179c157,Active,2024-10-23T19:43:28.011610
ad9656c81eaa79d2,Active,2024-07-25T03:20:42.485394
f9a8835a448b0d22,Active,2025-04-10T04:44:10.421375
b94fbc9d7354804a,Active,2024-07-03T13:26:18.289228
ad9b91058b87efa3,Active,2024-09-01T23:53:14.985302
20ba7646dd8780f4,Active,2024-07-01T06:04:19.153933
c09398ea6ff6f679,Active,2024-12-27T23:32:34.863066
86ecfd56d9fb5356,Active,2024-07-27T14:30:32.837043
146696989922a27e,Active,2024-12-15T06:10:10.346501
3164707eb1b54268,Active,2024-09-26T17:49:57.547563
8025eb05e5cbdcb4,Suspended,2025-02-20T02:38:27.570831
e69545fceed00e0c,Active,2025-04-14T00:35:19.402398
246d372e8d3f3bc6,Active,2025-03-24T12:54:32.608648
6c9868ea58026657,Active,2024-11-26T05:52:28.698634
b04d83534f619b2c,Active,2024-10-26T12:13:38.782351
ffb589a9fed59fb2,Active,2025-03-04T21:36:06.156791
17c1e4cbf0c08914,Active,2024-07-22T09:16:47.692946
1607d7108a737e20,Active,2025-01-29T16:04:29.736067
5183a06955ebf54b,Active,2024-08-23T14:27:21.466721
ef5853ed893a966d,Active,2025-04-04T13:49:36.971210
50e2a85424cff044,Active,2025-01-28T11:11:42.979813
5f096555eb63b41a,Active,2024-08-22T04:54:58.661047
29d26b0db98733e1,Active,2024-10-13T15:36:33.778891
b7199839430ef4ff,Active,2024-09-01T08:08:41.013067
6d489c782cfe8dfe,Active,2025-01-26T15:42:47.390454
f4cfbbff7dac83f4,Closed,2024-05-31T15:09:55.632776
56346d6eadae6db8,Active,2024-05-17T08:19:57.689179
a742b56b550a60d8,Active,2025-01-23T14:59:23.631598
a45b59bde98f7451,Active,2024-05-27T03:51:08.913109
04ea483cd81458c6,Active,2025-01-14T04:42:01.273432
702f31f98430a82d,Active,2024-05-14T15:24:33.300421
9e670d832e6ab5b4,Closed,2024-10-17T13:19:35.946164
a044c4ffcb297452,Closed,2024-12-26T03:56:54.382842
6595f216f639404e,Active,2024-12-29T21:48:02.807180
e506d9ff70fb2d09,Active,2024-12-03T20:32:00.067822
e43daf0d89fc477e,Active,2025-01-22T23:29:48.644261
08d08bbcbed35a25,Active,2024-06-10T17:28:08.186647
7bcff44d862c925d,Active,2025-01-04T20:57:55.047372
2ec95020f2c071d6,Active,2024-09-05T12:50:32.383076
66d98c62cf74d878,Active,2024-05-23T03:37:12.028244
b5badd59ae233bc0,Active,2025-01-11T02:04:21.012803
a914e5acd9a7b21e,Active,2024-07-10T21:58:41.305336
29d8cba8b3b74511,Active,2024-10-30T13:29:17.935946
b239ce92967f9312,Active,2025-03-01T19:58:23.350960
5bb4e66becc748a9,Active,2024-05-21T04:46:26.011778
d81d8116f92b129c,Active,2025-04-17T13:46:10.119501
2615f45faab7936c,Active,2025-01-05T13:09:38.624734
b9b9aea3e47ed4f0,Active,2025-01-14T16:50:50.370007
a71a0d408f6bbd73,Active,2024-11-24T21:51:43.147642
d24dc6e6e7db402f,Active,2025-01-23T07:04:52.859462
e9a1203acbe329c8,Active,2024-07-05T03:35:22.392328
ab57656f5d6747d2,Active,2024-07-19T08:24:19.583865
7e23dca3a9e8ab54,Suspended,2024-09-02T16:23:07.742614
143868d2b459de66,Active,2024-09-09T09:53:05.049971
b0b8f0caedd48092,Active,2025-01-03T04:58:11.204957
c84f219c40e5b970,Active,2024-10-09T01:57:06.562872
fedf981350aa82fd,Active,2025-01-24T07:54:37.325939
1724762a8389cbfd,Active,2025-04-12T19:58:35.772879
bb9b8264b3e074d9,Active,2024-07-27T00:43:50.428933
42e23cced451c3e3,Active,2024-09-16T12:04:11.524583
6a46ddd8dd22c4c5,Active,2024-11-25T06:14:16.364415
6d9cec74ecce79d7,Active,2025-01-05T01:38:31.207495
efd169a790277dde,Active,2025-01-27T04:30:16.673908
51f9b76afe038600,Active,2024-12-16T11:53:15.133665
393de26dcaea4190,Active,2024-10-25T13:18:24.051735
9b4729f4ae493c8a,Active,2024-10-30T06:53:56.709987
56679cb48471979c,Active,2025-01-10T19:35:45.447409
619c905342bb8f5a,Active,2024-10-13T21:33:49.019617
b5dafc1409c7e7cb,Active,2024-09-24T14:30:02.339520
345d58e6fbb076ae,Active,2025-01-16T21:16:30.516734
d793f73667a3edc8,Active,2024-09-11T22:40:00.835685
4fd8dbd75acc6697,Active,2024-05-09T13:26:52.315859
cbea5128e67996b9,Active,2024-09-16T22:55:22.581753
a4bf482d55563ef6,Active,2025-01-01T10:46:10.196248
362733c60eb90f10,Active,2024-08-29T16:57:38.743294
182905756f39edea,Active,2025-01-24T06:20:14.684329
ef3b9dbb4ae831ce,Active,2025-03-30T15:44:28.259526
c23c3de5112a4670,Active,2024-09-07T00:55:18.378100
468599db858761f5,Active,2025-02-03T01:59:18.958773
f789dcd6b20ce13d,Active,2024-07-27T06:51:00.299825
7504e0983844f0de,Active,2024-10-04T15:02:57.238493
330114de70c83de9,Active,2024-11-15T07:51:56.718590
e356256c4563e7cd,Active,2024-11-09T04:45:32.462908
b9e5aeb621e4c00f,Active,2025-01-17T15:28:44.849549
7e3c7723f58739f8,Active,2025-02-26T18:15:07.166946
1a95e6b15f57e336,Active,2025-01-23T17:05:21.277859
3de10df10214fc9a,Active,2025-01-10T18:16:13.468986
323ea9194f1145e3,Active,2025-04-20T03:55:34.368431
d608e3945fb43500,Active,2024-05-04T09:26:38.410793
4c343596d7846aad,Active,2024-08-30T09:03:53.525194
9644e96fc7255bec,Active,2025-04-05T20:12:00.085808
b612284c87d9d58f,Active,2025-02-01T07:44:23.736825
77f183d1e35bd9ef,Active,2024-12-09T05:27:21.630753
8686fe7e3bb7f31e,Active,2024-12-29T18:40:30.266072
2a32f6c6df55b297,Active,2024-12-22T08:44:07.368396
9fff75405ec5b179,Active,2025-03-12T20:21:40.932226
92e36f60277476e6,Active,2025-04-08T21:24:16.705168
8a35bd68bae45f45,Active,2024-06-23T17:03:32.789864
9eaebcca759314ea,Active,2024-08-08T02:28:15.593929
a1c51b18cb10ff67,Active,2024-09-10T11:21:31.441753
53a4b0e2e001dbeb,Active,2025-01-11T03:58:46.679887
d2cb465d8ba98ffd,Active,2024-06-12T12:58:11.800424
1d377ab8350a6a6d,Active,2024-12-10T11:43:19.906675
2ea848770b550d95,Active,2024-12-06T09:29:28.365508
a691bf6884a61c57,Active,2025-02-06T11:08:17.251466
675848a623d7f316,Active,2024-10-28T13:07:50.833799
8da6158e0376c4f7,Active,2024-09-25T13:16:28.583174
4abb728ca08bf29c,Active,2025-03-31T20:37:52.129887
5f2d82fd93accd24,Active,2025-04-23T15:41:44.544933
7e7eb665885607d9,Active,2024-12-12T11:02:25.992710
c2e9372dcd2b8693,Active,2025-03-17T06:55:37.066561
6af1394979760070,Active,2024-05-04T21:26:20.979516
beb5da1ebd204cd4,Active,2024-07-14T04:03:23.363027
91b0a162d6d30d7b,Active,2024-09-21T05:55:30.183988
6512d6717801b978,Active,2024-08-28T04:19:15.437093
3a99c848078a4f5b,Active,2024-05-06T14:03:35.584637
7cf6ea140b83d892,Active,2024-12-01T21:29:14.958322
49b0c83fb9066773,Active,2025-01-14T10:12:28.269012
fc4ddb56d3646644,Active,2024-10-10T17:22:36.149269
04ab352d0303931a,Active,2024-06-12T13:46:09.516417
be113803b459229b,Closed,2025-03-30T21:16:44.018149
721f8bf290030fec,Active,2024-10-19T10:37:02.867213
c4eb104ce4649ec4,Active,2024-08-24T12:37:41.937574
3f22d1ab5acbd4d1,Active,2025-02-13T02:01:49.653162
668b0b682e282f88,Active,2025-04-09T07:05:35.402179
acbe9da4f75e7ffe,Active,2024-06-21T21:42:56.268374
24e7b4e5918e933d,Active,2025-02-09T03:19:39.816620
5043b23cdebd7723,Active,2024-09-06T17:48:10.132272
053d176e0b3ae857,Active,2024-12-24T02:40:51.991664
3c21cf7855e29161,Active,2025-01-16T11:07:52.095818
14a780e4699f2aa9,Active,2024-07-22T08:28:25.540291
7f164c11d97921fc,Active,2024-10-23T23:56:57.381536
3069fb40aa8c8b9e,Active,2024-11-16T18:12:48.958691
3a600d75d602a126,Active,2024-11-23T23:13:30.070946
21921794fa5ce024,Active,2024-11-11T07:46:02.314337
d685fa6dc4f4057a,Active,2025-01-15T08:31:47.070044
aef386e7d9c609d6,Active,2025-04-04T19:50:16.270485
7c784de48edcdfd2,Active,2024-07-26T07:34:33.463558
ade9724521b5ec2d,Active,2024-10-14T09:16:21.187022
ba9f93dbd5d64cfb,Active,2024-09-11T20:16:30.332142
35bcbb130b5ad50f,Active,2024-09-12T21:35:03.671307
e8d18ac0464a2602,Active,2024-11-25T20:51:25.075496
285a13415de894ce,Active,2024-12-30T16:12:23.472027
47bf5a1d708456e0,Active,2024-05-19T14:43:54.051630
318f686d8e5edb91,Active,2025-02-23T22:33:10.084458
b3e0b20269a4c22d,Active,2024-08-29T16:23:06.329607
1a723bc72f145e41,Active,2024-08-06T06:16:04.771873
3267ff7dbb8b12fb,Active,2024-10-26T17:16:41.567379
258f4130bc9c00a7,Active,2024-07-13T16:30:08.477333
b2aca343b28a13ee,Active,2025-03-23T18:45:14.660149
e6a2bc3324d817df,Active,2025-04-09T16:54:22.692067
ffc3ce48dae9944a,Active,2024-06-25T12:10:34.962824
59b581406f854f97,Active,2024-11-11T07:05:06.011078
9c10001a349b3126,Active,2024-11-21T16:04:17.962297
4ed41e1ff7c888aa,Active,2025-03-02T16:22:44.807882
8100876415e6c1da,Active,2024-04-30T17:43:19.942374
21dde3194babd648,Active,2024-05-13T18:57:15.989954
d043ce50683c6b62,Active,2025-04-22T00:30:41.186796
414436d933be1997,Active,2025-01-31T06:30:58.168249
e32b73daae1c1a9e,Active,2024-08-02T14:10:45.577901
1b4b0ae6711ce93b,Active,2024-10-31T21:01:41.109031
7c720ab455af3174,Active,2024-09-25T19:34:18.662188
ffdbcd6433124b3d,Active,2025-02-14T12:57:14.053214
032c19b3c305cad1,Active,2024-08-09T01:38:22.905612
1551a2c4ad9e0c79,Active,2024-05-12T17:10:24.407263
897b284dd084a1fe,Active,2025-01-26T04:55:28.054314
7ea5b9c797d9deb5,Active,2024-12-21T20:41:56.776572
ce8fc9afc279f4f7,Active,2025-01-07T23:32:06.699701
6432bbda100453eb,Active,2025-01-04T01:52:58.834292
055b683ba0d63d2f,Active,2024-08-21T14:42:18.652269
340a75872eec67a0,Active,2024-06-04T20:25:43.846858
21a22a5f2dbdac3d,Active,2024-12-30T23:19:23.960596
f81dcb7907330851,Closed,2024-07-06T22:37:45.788939
b4d7a527eb2c48e9,Active,2025-01-31T02:46:31.324052
c2bfbfd738d21ba1,Active,2024-08-17T09:42:44.018791
ef9ba44667c7ec88,Active,2024-06-01T18:15:45.754627
8c575dc157f2fd98,Active,2024-05-03T16:32:35.572042
8f19520989fb0b4f,Active,2024-11-18T07:41:46.336204
21a009b3299d96fc,Active,2024-06-04T04:02:22.917127
3ae843b7a2b8418a,Active,2024-05-27T23:40:35.364627
d856ac8a714760bd,Active,2024-10-20T02:17:15.056281
c174c378ddd0f887,Active,2024-10-11T15:08:10.444887
ec2aa2fb317d07bc,Active,2024-12-20T22:23:11.043781
768d4dafd7c9db64,Active,2024-05-26T20:05:43.716202
349b48550bd3b5a3,Closed,2024-10-18T23:47:40.596044
bfcbfb7ba48cd4fd,Active,2024-06-06T08:53:10.048900
696bb5b603eb5295,Active,2024-12-29T21:47:09.145866
54daa6689ee51170,Active,2024-11-08T00:34:16.216462
d1cd7ec0e314243d,Active,2024-11-06T12:28:44.221076
bc87ab52c2699021,Active,2024-12-02T12:02:40.144549
83fb65b9ebeceb4e,Active,2025-03-04T14:36:56.266009
0de1b027e1d9a382,Active,2025-03-29T08:35:34.363901
320a0d076055a114,Active,2024-05-19T22:20:20.758376
ca8b27565df17fb0,Active,2024-07-25T21:46:57.913955
855df0e6892993da,Active,2025-03-19T19:56:19.193984
27829bf1b4188984,Active,2024-07-20T19:57:52.401132
78769b7c37b4cb7f,Active,2025-03-28T22:39:10.527529
9d2fef686d41314e,Active,2024-06-28T22:24:38.776739
6e0c96af236de537,Active,2024-12-25T15:07:05.811837
b9e464556842e7a6,Active,2024-09-03T08:06:44.776078
ace8a670fb62a426,Active,2024-05-28T07:23:51.405874
98419681935b5fc9,Active,2024-07-26T15:42:50.568072
3d9c3c35c6a4eaad,Active,2024-09-13T15:48:16.102022
5638c2577a434f9a,Active,2024-11-24T18:22:44.702429
4a9c3a1efcf919ca,Active,2025-04-23T20:42:02.503635
39c9cb4aea185e9f,Active,2024-11-05T06:31:22.278996
01946da1bb1c6f65,Active,2024-05-29T23:51:42.651160
2fa2a87dcf345202,Active,2024-06-24T12:46:26.817392
7fd311c8bb73fef4,Active,2025-01-03T18:55:57.132616
4de5f3728560ff21,Active,2024-06-01T09:27:54.180121
69168e6179646c35,Active,2024-06-20T14:11:06.649524
74b6a6684e5fcb21,Active,2025-02-07T01:31:06.714151
53fc3f8759c77882,Active,2024-10-21T21:46:17.028257
bf1e2228c6d0025b,Active,2025-03-11T10:17:15.996105
4141e549cf597a56,Active,2024-05-29T11:16:44.396090
3d661c35c6a14808,Active,2024-10-30T10:13:30.125226
40414dc5f6b9c238,Active,2024-12-31T18:48:03.288398
664d16d0da8733b9,Active,2025-04-19T12:48:27.733833
1e104d77a9d4cf09,Active,2024-05-25T10:30:50.591207
0e00fd9c9499ccc9,Active,2024-10-30T07:41:37.758180
3623d2914eaf9df6,Active,2024-08-26T23:42:18.312199
a21b965a651c5da1,Active,2025-02-09T22:32:36.505760
87f08db7d63b3649,Active,2024-07-19T22:16:59.066069
2d517a82e8af37ce,Active,2024-04-30T10:38:48.644580
2a2ef013ccdb8d19,Active,2024-09-03T19:07:22.546039
ef3ca86527ee2778,Active,2025-02-27T14:24:14.954297
2da9f6c0f79aa1ca,Active,2024-06-04T21:41:00.957773
2d674078a69a8e0d,Active,2024-09-12T17:38:02.651039
25081481ba9ed540,Active,2024-07-09T08:21:35.712212
fb7647b4bfbba8a6,Active,2025-01-17T13:48:26.024681
fb0afaf9cf01da64,Active,2024-06-18T10:14:54.208703
f7b2de9a3b6343c3,Active,2024-06-29T16:14:52.631778
c88b3e7faf2e3c98,Active,2025-01-24T23:51:46.654803
49d598fcbe8666fb,Active,2024-08-02T03:55:30.637225
8a93e9bd49fc538c,Active,2024-08-28T11:45:29.443293
9efd2dd6424a699a,Active,2025-02-19T04:21:16.126893
a5dbd44f593981ca,Active,2025-04-05T14:23:17.435358
4eea58b6cfed4cd9,Active,2025-04-09T19:44:59.478618
ba90f06eb15c1687,Active,2024-05-10T20:32:32.745761
8f9049460afd9fcf,Active,2024-09-26T21:19:31.577208
4e38ed00ef9c9406,Active,2024-05-03T16:44:28.012810
d4fb30c69a67ed65,Active,2025-01-06T13:57:05.706178
dd18f66cba303335,Active,2024-06-08T13:06:22.366316
d77f7109cbbdb273,Active,2025-01-05T01:57:18.023013
d2f782f1887e205a,Active,2024-11-29T07:06:44.427327
91306dd43d62dc51,Active,2024-07-01T07:59:57.565136
6c5c8ddb5d033b03,Active,2024-06-25T12:51:37.492482
4acf29cb4ea82e61,Active,2025-03-08T16:43:59.681474
0c74ecb5ceba43d9,Active,2024-09-07T22:42:32.681498
681ebe3d7a754a0d,Active,2024-06-30T20:48:39.977547
3cdd37ee57f76079,Active,2025-02-06T08:10:48.999681
d5651442cda7c496,Active,2024-10-19T01:37:02.546480
5d12fb9dfcf4d4e5,Active,2024-10-06T13:11:15.775390
c55a2c97796f1744,Active,2024-11-06T08:53:30.737355
a374129c268ca18d,Active,2025-03-16T00:14:54.114843
78bce42bf2946950,Active,2024-07-28T19:14:37.566884
f649ed6d59277b55,Active,2024-09-29T16:08:11.099837
765873e2ea80ec10,Active,2024-12-05T09:16:48.600564
d0c9e09bac75d61a,Active,2024-09-01T03:38:58.120160
65d3bc7ca58b2228,Active,2024-12-31T13:10:02.801396
b920836c69cd8a08,Active,2024-10-20T16:23:36.908531
2156e77cc8b7afae,Active,2024-10-23T08:27:47.748965
82ab6e412dd595e6,Active,2025-03-08T05:09:39.195169
6e0a2d3488dc0fff,Active,2025-04-20T03:43:53.918934
ce0c4751b7ffbb38,Active,2025-03-28T11:08:42.842837
e0a9174eb0036695,Active,2025-02-21T12:01:48.196385
38621ea6ef8fee4c,Active,2025-01-14T20:03:39.679982
4ac78e11cb280258,Active,2024-06-18T06:22:25.029202
4a41d619387ab4cd,Active,2025-04-16T10:51:07.349969
4f7fb8f50410e900,Active,2025-02-01T13:05:54.562204
730e379fa1b3b115,Active,2024-11-11T16:55:15.215228
2bc818d86e501ab2,Active,2025-03-07T17:53:46.006114
513622bac82bc006,Active,2025-03-18T06:53:51.132794
c41258a34f05c1e5,Active,2024-04-28T19:28:24.664944
fa5c3086ba80810f,Active,2024-06-06T12:28:25.419618
ae68546cd3699aa6,Closed,2024-10-24T21:29:31.396882
911daf76c7fb6ad6,Active,2024-10-17T15:49:50.058732
7fd8b8966223c181,Active,2024-10-24T08:04:06.779754
f42135ebb1eb2be8,Active,2024-10-14T18:26:50.392399
979c7549c31101c8,Active,2024-06-27T12:07:44.359235
9ebed7df42e4aba1,Active,2025-02-25T10:02:30.660178
d6df8ceff63c15c4,Active,2024-08-06T18:27:13.322132
ef8dc17c855f901a,Active,2024-12-22T08:41:54.966281
089262987ecd179b,Active,2024-06-01T01:35:00.360442
d4de6e53ca6f602e,Active,2024-11-10T02:47:26.862827
78000ffc1c52da4c,Active,2024-08-11T03:15:58.086034
ec68ee613413e98e,Active,2024-12-29T12:25:29.582030
7c20fee582593a8b,Active,2024-12-24T15:22:13.370590
4c9391fedbea8af9,Active,2024-07-23T10:39:54.845785
f0a756f1036e58a9,Active,2024-11-26T00:34:18.050231
d427fce0aa0541a4,Active,2024-09-16T08:11:07.942873
4e68c073c6e07f9c,Active,2025-01-07T07:57:07.012851
7b8f5c63d0ee907f,Active,2024-06-23T19:47:27.263608
6c763f951e5ba9c2,Active,2024-06-08T21:01:36.462275
29fec175db3d6eed,Active,2025-02-04T09:22:07.026839
f6bc5e2485072aa2,Active,2024-06-22T07:03:48.847372
54b5c6eeaa190426,Active,2024-12-13T10:07:16.609164
ff4eed312b714665,Active,2024-08-24T04:38:53.303930
7ff7411ecdd0ddbf,Active,2024-10-22T06:02:15.634384
7b346a5716f40902,Active,2024-11-08T18:10:30.671664
a20558c57b93dbc7,Active,2025-02-06T12:11:16.181608
74ddde1ce7397a22,Active,2024-05-17T09:15:40.901563
c005ee3d2ee2efc8,Active,2024-08-28T23:09:20.126941
bed2503f70a3cd92,Active,2025-03-09T00:59:05.066514
1f22802c58a3fe58,Active,2024-07-15T04:13:16.867674
34c3e61b7d7380fe,Active,2025-03-08T14:21:12.698273
b45a0062f6f13a58,Active,2025-01-07T11:21:33.514390
a05b09d95f850ebc,Active,2024-08-28T06:19:12.500144
1d7a7e1553eb2feb,Active,2025-03-18T11:19:20.892413
fdda8251486fad84,Active,2025-03-31T18:31:13.852034
6200cc11a85c94f6,Active,2024-11-08T12:55:30.095751
be5cb88174510eb1,Active,2024-11-08T04:34:51.411034
f5192cc36f924d77,Active,2025-03-01T00:18:57.871216
07782732a0325cdb,Active,2024-10-17T01:52:40.631916
91d09d4d0fcc21eb,Active,2024-08-11T16:32:53.258855
3897cbf30ec827ea,Active,2025-01-14T11:51:36.861070
5d7f7b9913588dcc,Active,2025-04-03T07:01:03.154662
b971164cddef8c24,Active,2024-06-28T04:46:58.492915
bf13821963e7f383,Active,2024-08-30T06:06:13.437441
0dfa489f1652edee,Active,2024-11-05T10:04:26.119206
0165ae173dbd9a04,Active,2025-02-19T17:47:04.265447
ca32579eb59d7261,Active,2024-12-13T06:19:00.382790
8a276c30206577ee,Active,2024-07-10T04:44:51.227741
bb3a1c53de834c35,Active,2024-12-10T18:40:19.235996
c3ede656eef33b8b,Active,2024-10-13T17:51:10.330972
1a640f9610579e17,Active,2025-04-28T14:30:20.488806
5cf695c93e3cb385,Active,2025-02-18T10:50:30.076909
1c2eeda119b209c5,Active,2024-10-17T15:28:04.747672
eae452219203abee,Active,2025-04-24T16:22:05.049382
f5534e3677af5873,Active,2025-04-08T09:59:24.381870
ef4ab90ae3d17bcb,Active,2024-08-03T08:01:12.537926
ef9daa698d67ea59,Active,2024-07-22T23:19:35.525434
3d8ca5aa51230ee1,Active,2024-11-30T00:23:01.024933
8f4e53fc402c0168,Active,2024-05-06T04:44:09.625786
0750e5636b66aa81,Active,2024-10-30T02:35:24.040351
30714b442b8bfec8,Suspended,2025-02-28T13:53:46.653532
eaeb35a2992ec424,Active,2024-05-20T04:01:17.224585
260fb5c35240dbe9,Active,2024-11-11T19:20:53.203840
14f423bfc0389252,Active,2024-10-27T19:09:25.581196
7ce656231f8dc5cb,Active,2024-07-03T10:21:46.444854
eeb22cbc91ed8e1b,Suspended,2024-07-19T10:06:23.011839
b937c34679cb33ce,Active,2024-08-31T12:46:12.917605
929e37afef913c00,Active,2025-03-29T10:05:29.987498
c4be369a654ecb51,Active,2025-03-10T21:06:40.717683
0af1f0e51e2bc59f,Active,2025-01-28T21:27:29.680640
6041258ce28ebe98,Active,2024-08-23T01:20:01.921650
8ea7ec5e50c250cd,Active,2025-02-03T15:42:11.180267
99a1a76267a22be0,Active,2024-11-29T11:35:46.802633
1e8ad0be0034342f,Active,2025-03-18T05:49:59.261932
29adb900cd65c900,Active,2025-04-17T10:45:17.632096
a9490e945b6ec0ab,Active,2025-02-02T20:48:04.826184
b0c1f55b85a9a529,Active,2024-08-22T18:38:05.091783
b2df500f3d7d77ea,Active,2024-07-08T08:15:05.636024
08aa64ab27fcae1c,Active,2025-03-11T08:54:28.710199
23d757471fa87785,Active,2024-10-06T08:24:38.136197
608b276538c294c6,Active,2025-03-13T03:19:46.440512
d79933a08f5b3762,Active,2024-09-18T12:57:25.261461
ad2641bc69305e8b,Active,2024-12-05T17:46:01.776813
56e5094a2b91201a,Active,2025-03-14T04:01:47.467005
4461d2847a00dcb6,Active,2024-06-21T06:49:35.658937
f7cea321598b87bb,Active,2024-06-22T19:39:57.098843
86be3b78355d7773,Suspended,2024-08-05T07:22:25.098198
f81415337265e594,Active,2024-12-24T23:14:21.770014
aff820b4207c4b6c,Active,2024-12-12T14:15:08.259937
0841d5d6850e95ff,Active,2024-11-14T08:51:04.685526
c276bf4c17adc6f6,Active,2024-11-02T01:28:27.858050
df3cc4e63cc3d66c,Suspended,2025-02-11T11:30:12.050078
165f2448de13d904,Active,2025-04-01T05:08:35.885562
abc7aff4e307b5c4,Active,2024-11-23T15:27:41.031202
9e3788b1e60869ef,Active,2024-06-25T04:52:16.036874
e5131ebe0f135108,Active,2024-10-15T09:16:54.184938
0e99f6e71bf617a5,Active,2024-09-09T18:44:04.955184
2f641205edf4579a,Active,2024-10-13T21:03:56.482176
96396f1132056b63,Active,2024-06-30T14:29:01.413765
f892122bda464136,Active,2024-08-09T13:03:45.080267
2959ad2c22032c65,Active,2024-11-27T20:27:06.164688
1aa5071a522964ff,Active,2024-10-27T22:50:18.232001
fc7f9938cee1fd96,Active,2025-03-15T23:05:19.494592
d0db6f8b555b8f86,Active,2024-08-17T02:02:29.613826
32b0ac26a2c736c2,Active,2025-02-24T02:12:16.188204
f51ac909295ed24b,Active,2024-09-28T04:35:27.560458
faeddd67d86e2c9b,Active,2024-12-17T05:38:00.836808
aa6c48679d5b2917,Active,2024-06-14T02:38:13.638507
768550f069c6d8a5,Active,2025-03-25T00:35:35.708482
92ab3816e3c4c752,Active,2025-03-01T06:19:17.398773
8fa8dd097fe0c491,Active,2024-11-22T17:54:57.904658
e4fcde594fe89511,Active,2024-08-11T09:51:24.751185
76bbc2d5be748ffb,Active,2024-07-13T02:56:32.982245
628c9060448df1e6,Active,2025-01-25T05:48:54.883049
f40b322d6d35f34d,Active,2024-06-28T15:19:46.537629
3f3d861f269dfbba,Active,2024-09-23T07:27:52.174070
c797a5e80de45035,Active,2024-10-20T09:25:25.843138
8323bf23cbdc6fcf,Active,2024-11-05T11:28:53.329713
7420164ffef2b20f,Active,2025-01-02T19:57:25.193447
e5193da7577f5e3d,Active,2025-01-01T16:10:55.613708
28e583ad094f5b2e,Active,2025-02-25T11:11:22.905828
b4ea6e3a39bbc315,Active,2025-02-08T01:03:39.913591
8ee8e793e360b735,Active,2024-07-15T03:53:25.581251
7bb5fefa55e6ca7f,Active,2024-12-02T16:30:21.108535
28d01c090078d299,Active,2024-10-16T13:28:53.646550
2b3f45c5a75c60d6,Active,2025-01-22T07:24:24.274295
76e6cf5b8dd829fc,Active,2024-12-16T03:12:19.193651
5b81043b77368c45,Active,2024-12-05T15:31:11.161715
abb107660c7be2bb,Active,2024-10-17T04:24:04.865450
c3bcf35105ca2755,Active,2024-10-07T17:58:47.412307
6fa75195e3be4f6a,Active,2025-03-13T12:44:12.467049
7675113a1e79a035,Active,2025-04-07T04:27:34.902071
4ab03161ab1e6cb2,Active,2025-01-08T11:13:12.041390
cd12b48b7eca11bc,Active,2025-02-15T14:59:44.447762
aedf94640527986c,Active,2025-03-26T22:44:13.764583
4961d54cf6dd5dbc,Active,2025-01-10T18:51:31.284760
e11ad836da6ab798,Active,2024-07-03T03:50:45.643975
5729b32e498c6492,Active,2024-09-15T05:53:04.749115
1a210b285dad6cae,Active,2024-12-26T06:12:28.797570
8f42f6153a0615af,Active,2024-09-15T12:17:08.571892
14489840406c3cb3,Active,2024-04-30T22:46:51.716035
86e87153cd5cd8ab,Active,2025-04-17T03:41:54.784989
abb9664f6ca18e60,Active,2024-07-16T16:44:12.161679
53391fd9cd046a35,Active,2025-02-14T07:37:01.709236
87363926421b6f86,Suspended,2025-01-31T22:47:54.604529
3818405a8015457e,Active,2024-10-02T11:59:20.162684
a8b08940814865b3,Active,2025-03-14T04:11:38.272653
96c8a7cd03603094,Active,2025-01-20T04:10:06.262279
f2d1d16b5584fb55,Active,2024-07-04T16:41:35.253620
1d4ab24b16c5d493,Active,2024-10-15T03:26:54.647982
9bdd7446e77dd62b,Active,2024-11-23T08:04:15.846687
07664177d69840f1,Active,2024-08-04T23:29:13.239796
72e1814b3cd1e793,Active,2024-10-15T13:46:45.129215
264094831a2fe76e,Active,2024-12-04T03:34:45.911402
df06d10527e4876c,Active,2024-05-08T13:35:54.350838
54bd748ec75d0324,Active,2024-11-03T01:46:36.508955
94d32570514cc149,Active,2024-12-20T13:27:50.473212
05ae67010356019f,Active,2024-12-11T21:30:20.332663
c6868d3ea0824da3,Active,2024-11-24T07:08:09.057044
b6957cc6d8229542,Active,2024-05-14T13:37:53.449257
8a0cf1f184e70dba,Active,2025-04-23T01:08:23.461724
eb919c47e0058df2,Active,2024-08-25T13:37:36.930329
16c0f3b689da6fc7,Active,2024-12-10T04:16:45.084344
29e10d3b69326e19,Active,2025-03-07T02:43:44.002568
8707a5307f285427,Active,2025-04-17T02:07:25.436794
73096b69c6961252,Active,2024-11-19T07:09:24.513026
95faaf0d4b966470,Active,2024-05-10T07:45:25.245371
13098b3f74b19f9f,Active,2024-06-21T03:54:44.944391
44a67b8bf1d85b5e,Active,2025-04-03T18:41:58.558806
b9e6d8c3c7a86a08,Active,2024-08-05T07:43:47.417937
ed64e0f037b2d8c4,Active,2024-05-10T02:04:02.615691
57285184cca7398a,Active,2024-07-18T22:33:02.310041
1a3f8531aede8069,Active,2024-06-28T08:02:26.448387
028198ed0d87f0c1,Active,2024-06-07T07:08:50.134430
88a84d28dac9d7f6,Active,2024-07-25T16:02:03.449326
e405d6bae2f1ce3e,Active,2024-11-07T12:08:38.716887
5dd67a26dc18c7d1,Active,2024-12-04T16:44:58.838288
970b3b3988defff1,Active,2024-05-13T20:07:44.957624
07ac778c5d4fafa0,Active,2025-02-04T15:10:03.888583
630ecf2bde46be18,Active,2024-06-06T05:17:49.467237
90b2f428f001828c,Active,2025-02-09T21:35:50.966218
f30b5839cb1c6f4c,Active,2025-02-08T14:31:39.967063
81586ae9cbbf2d65,Active,2024-06-20T22:20:39.613371
8632fc894b2499c7,Active,2024-08-14T04:27:28.511602
f104d1520d4ab3be,Active,2024-08-08T22:53:28.406409
d45437f944340d32,Active,2024-12-07T10:26:34.667408
2b472828d3125c93,Active,2025-03-04T17:09:25.719574
48dee6b05caef6fe,Active,2024-09-06T19:38:21.643713
0173aea765d1663d,Active,2024-11-14T12:15:47.441548
7420db92e4d77302,Active,2024-08-30T01:35:01.320801
ba4f02f294f1a2b8,Active,2025-01-27T14:16:31.881146
427496690f7bc823,Suspended,2024-08-03T20:41:57.304236
1b98d58dfaafe83b,Active,2024-11-09T01:51:24.562806
a54fdad21b1da7a4,Active,2024-11-30T17:13:17.410617
35075e0cdfadbd4b,Active,2024-12-18T06:23:31.565507
2c1c5e668a491c6c,Active,2024-07-02T01:44:19.793583
d6c0edf9d81169aa,Active,2024-07-15T10:16:13.287502
28d4d8021933f7a5,Active,2024-09-12T19:22:20.178498
c6375c105ddcafaf,Active,2024-05-02T05:34:24.432327
2801afe36c83658f,Active,2024-12-20T12:09:09.873153
8b034ce09273f900,Active,2024-09-14T08:34:54.415940
35e89df71dcef08a,Active,2024-05-22T01:48:33.991556
3fdbbb741d60ab26,Suspended,2024-10-19T18:56:42.532709
28211dda44e7f43f,Active,2024-12-02T17:52:23.827220
0ae81137831b9ea2,Active,2025-02-15T09:40:26.792100
75cbbc759b22643a,Active,2025-02-09T02:02:34.434123
21415c6e49f45ed3,Active,2024-10-24T11:36:47.236977
de04f8491afaa16b,Active,2025-01-07T21:32:51.665792
2de088f2edcaa74d,Active,2024-06-02T08:12:42.165948
db848418a2dcf95a,Active,2025-03-31T00:28:30.742143
8a3f0b12b539eab8,Active,2024-12-03T08:41:29.604156
651dd584249b7ca9,Active,2024-05-20T17:53:41.137351
c3ef4c4d885c3b00,Closed,2024-11-11T20:49:43.561456
1cb06b58943e3a78,Suspended,2024-07-09T17:59:43.129060
0a10a5244e271dd6,Active,2025-03-17T16:44:04.172711
5941025e0ed65c5b,Active,2024-05-30T09:31:24.092186
97a6b21fdeb97f11,Active,2025-01-05T17:14:25.754840
ca96e00b53c7b61e,Active,2024-10-05T20:05:03.172560
3abeb1ab6c350ab1,Active,2024-08-05T21:50:50.268634
65b192899d33953c,Closed,2024-08-01T20:42:54.964843
c16da3960b7168b0,Closed,2024-11-22T21:16:15.761024
809874154ca28f34,Active,2024-07-25T01:22:21.142789
65dc79dde96f1d26,Active,2024-11-01T22:15:14.165307
3e63e23025242e7d,Active,2024-05-09T19:00:36.667431
1c8f657756fc8da0,Active,2024-08-03T08:43:53.955508
5aebbfede13e89c5,Active,2024-06-19T05:49:19.647865
fbf46a803b17628f,Active,2024-11-22T06:39:48.542212
6b1f225b1c33259d,Active,2024-06-19T16:14:29.718884
e78dfdd93a9f897a,Active,2024-09-13T11:29:24.700262
a8565501de2c5cc1,Active,2024-07-31T05:03:52.881004
3e1a2e1928acbbae,Active,2025-02-01T15:46:43.441590
543d01052cc7acf9,Active,2024-11-26T15:22:25.266609
9278eff052e299cf,Active,2025-04-14T18:37:13.598926
75be1f9924dec095,Active,2025-04-28T15:11:49.021956
fe13f7446dbfb9d7,Active,2024-07-28T11:25:47.471315
14e77397526eff9a,Active,2024-07-29T09:28:15.852975
1d8180202e0d1793,Active,2024-07-16T20:50:05.891348
13129a5291747b2d,Active,2025-03-20T15:15:26.857261
5587edea89e50dd8,Active,2024-04-30T00:30:39.532391
d93489055bd8c8df,Active,2024-07-05T01:32:14.869128
727354aa9972f679,Active,2024-06-09T04:20:22.271788
e1738c2b5457c684,Active,2024-12-26T06:37:02.819587
49759a6253314c90,Active,2024-08-22T04:03:33.535848
76007c322d927f2e,Active,2024-12-30T12:47:55.895626
3aab6a8fa1b7a7a3,Active,2024-09-06T19:58:43.171935
75054a7af2568b92,Active,2025-04-21T05:49:08.032838
e0aaef8b235ae397,Active,2025-01-14T14:56:03.786157
8aca397a454ce207,Active,2025-04-13T14:22:57.796264
1d73402f5a3d263e,Active,2025-01-09T18:24:23.980535
fe460919ebd3a4cb,Active,2025-04-01T01:35:07.306221
767c15e95d4fda5f,Active,2024-04-29T20:20:20.606627
81207eefbe8bdcfa,Active,2024-09-07T21:10:47.578451
b6b35b86e6ed65d5,Active,2025-02-15T03:38:05.349138
568f898f395dc75e,Active,2024-06-09T05:17:29.905703
c2b2a882774bf184,Active,2024-09-27T01:24:57.006980
f5c43d905fa29dec,Active,2024-07-16T06:48:42.377499
3daf948a6ee25885,Active,2024-05-29T03:30:54.094270
ec0326099f6e3c04,Active,2024-11-09T08:19:41.992508
82d881c196044ca2,Suspended,2025-04-28T06:34:22.036365
c3d12a55492d87f9,Active,2025-04-04T11:23:15.269107
7ad1681493764884,Active,2025-01-14T20:55:07.504921
80aa0e8a886dafbf,Active,2024-12-30T08:30:35.857703
1f592d40ef90e1d9,Active,2025-02-16T09:16:50.681427
006967f6c2da1174,Active,2024-08-19T07:00:30.236009
fe0940c247e5716b,Active,2025-03-29T07:01:29.847368
6b454e3c267d5b01,Active,2024-09-05T14:31:59.121225
7481c61839a99ad5,Active,2024-09-24T01:36:49.705714
c11e382909f9c1cb,Active,2024-06-19T10:16:34.539917
253d4cb3fb69a536,Active,2024-10-31T19:28:17.212114
f011aa5e1978451b,Active,2024-06-30T02:54:24.340927
25b11377405d6a94,Active,2024-07-04T20:03:42.381072
785a016f39633752,Suspended,2025-02-19T22:45:52.895323
a6a0a6b7e2ffe26f,Active,2025-04-11T12:40:20.770739
5b6200b5aa1f5feb,Active,2024-10-05T11:49:12.619521
eedf69d683f87ea6,Active,2024-11-21T09:28:35.606104
5f780224daa2cb17,Active,2024-11-23T09:06:06.039898
29eb1e1ebd88f32f,Active,2025-02-26T03:00:12.938623
df60d9aa89501a55,Active,2024-09-03T11:09:46.808376
9b8e058857363c93,Active,2024-05-18T01:59:11.768674
bd7dda63c1a909cb,Active,2024-11-19T13:14:38.111822
1ab1135b3546ccb9,Active,2025-01-10T21:35:19.938577
bdf9ba705a0ae6e2,Active,2025-01-16T16:02:25.096972
f3159cfb77925b51,Active,2024-05-09T23:11:02.758317
31e2024a3d4e4203,Active,2025-01-11T22:39:59.521966
795242e6a2ad9db1,Active,2025-02-16T09:04:48.361917
3bc15dbf7fef7fa7,Active,2024-11-06T22:42:18.294706
e82750b2fe1e13c7,Active,2024-07-31T22:44:15.558006
33c04833598303ea,Active,2024-05-15T23:40:01.741326
df21f4d6e81a345f,Active,2024-09-19T21:41:29.565372
ec2a1e651b119f36,Closed,2024-12-30T13:49:01.749000
674fb93a2140ac22,Active,2025-02-23T06:36:26.168562
41f6f297e552f440,Active,2024-11-11T03:28:07.044196
cc65389d1e9f02a1,Active,2024-12-24T00:03:01.352648
a061ebb626157440,Active,2025-03-01T10:43:46.638431
79cd5548602e2666,Active,2025-03-17T15:14:54.733774
56168213aec54adc,Active,2025-03-29T10:17:17.762887
4fd7e26e8c52bf3e,Active,2025-01-27T12:32:34.588540
05fba14ed1b51aeb,Active,2025-03-24T05:00:36.858025
efab6c64afa43e7a,Active,2024-09-15T04:30:40.543128
4892e5f8db1fca4f,Active,2024-12-31T19:14:37.278473
46c479b2c9a577a4,Suspended,2024-06-27T21:49:05.251423
a21981312c01ba27,Active,2025-02-01T23:44:57.596053
a80b4f1b0db57d8c,Active,2024-11-06T04:20:39.075039
a80a03f837a3c118,Active,2024-08-15T02:31:18.768598
dd11655ffb02f8a3,Active,2024-06-01T06:41:48.609119
620fdd5771e8895a,Active,2024-05-18T08:41:12.474128
7837c686bc236fb1,Active,2024-07-01T05:15:41.275186
2c6bed4513462a11,Active,2024-10-10T05:04:51.961661
5ff6bb8d59d61af9,Active,2024-08-08T20:06:37.557018
ab08268675ca829c,Active,2025-04-03T02:15:39.330768
b275f00f8e1b4de7,Active,2024-06-11T18:05:55.505631
2e4b9ec68c0f5839,Active,2025-03-04T20:30:04.595430
d52948c33237bcd7,Active,2024-05-18T02:11:03.008691
ba224c86134572d2,Active,2024-07-30T13:19:11.136378
8d4c2f75c66558f2,Active,2025-02-07T16:34:04.182690
e786f935d1677ca9,Suspended,2024-10-28T03:00:09.767882
b9fff4ace8c1115b,Active,2025-01-18T07:24:49.205713
d80d18a1ceb054ec,Active,2025-02-18T11:20:42.492505
7aaa6ef9b29ea8e9,Active,2024-10-04T06:34:25.028157
6260467a37b1ed94,Active,2024-07-19T04:27:02.261285
7ea25c7d6cb6c4fb,Active,2024-11-24T01:59:08.160110
272f7ffc9409c729,Active,2024-06-27T09:46:02.763416
fe5ec4c9867e13f8,Active,2024-08-20T05:07:42.009876
425c055af6e7c75d,Active,2024-06-07T10:47:27.709420
e75f8eb6663dcdc2,Active,2024-06-05T17:48:25.582971
899cd2daa232809e,Suspended,2025-01-19T19:29:32.968551
3b608e7733918cbb,Active,2024-07-28T07:22:18.349480
d8267425db1a3499,Active,2024-08-28T00:25:22.326941
9be3f7eac524cdec,Active,2025-01-03T20:16:09.371828
679a1ca4d5b57bec,Active,2025-04-19T09:20:02.887389
91658bd50f1aa572,Active,2024-12-03T06:50:34.897702
8ae95b38501107b4,Active,2025-04-08T10:03:58.661714
060b929d6583bf79,Active,2024-08-02T07:39:52.271589
f44552cfbc8bd00f,Active,2025-02-04T05:09:52.066089
f8dcafe295d23f7f,Active,2024-12-10T11:06:00.295909
5320c1943c1d0e5d,Active,2025-02-21T12:17:21.440280
649a91acb941d82c,Active,2024-06-08T19:30:15.472308
dc5b8ea4fcbdd451,Active,2024-10-03T08:37:16.066712
c33909620fa90aa2,Active,2024-12-22T06:11:15.197775
d6d660620000596d,Active,2024-08-30T23:44:16.481455
07b5f5aabd5071a2,Suspended,2024-07-02T03:48:01.102069
623c5c8abb28f58e,Active,2024-08-16T12:10:01.535943
604a41e2780f9b8c,Active,2024-10-18T18:11:41.927594
f0d9defcd3d2bbc2,Active,2025-03-28T08:41:39.986123
84023bab92020110,Active,2024-09-14T08:58:01.397753
91c595f456fac90f,Active,2025-03-30T01:39:26.376544
147d235870d1191f,Active,2024-12-25T20:24:56.813076
7ce84aa982f6ab27,Active,2024-10-17T09:32:52.735808
0e5d4318c9adc981,Active,2024-12-02T20:34:34.085872
82956a731a5a16c6,Active,2025-03-22T07:34:58.613037
30389d22e9ddec82,Active,2025-02-11T08:35:41.826740
486b270688c90639,Active,2025-01-30T15:05:11.230654
4b19293b9cdce197,Active,2025-04-26T06:22:43.744508
874931d03a26f40b,Active,2024-11-14T22:08:17.337283
da46a4613bc272e8,Active,2024-12-11T20:05:38.314106
a9a03ca9a9c55715,Active,2024-07-04T17:26:29.879142
60ff17c989356c7f,Active,2024-09-29T10:14:35.848611
1b0da78688aa8b7f,Suspended,2025-04-28T03:45:52.393726
4c5a2deb8fe419da,Active,2024-10-09T01:56:48.613779
e47fa76be30e037b,Active,2024-10-11T04:09:15.669698
b5c18961c8e94b0c,Active,2024-05-21T17:12:27.849461
ca89da4961fcf5d9,Active,2024-11-14T03:11:02.129377
109b5b9c4e4b890e,Active,2024-08-04T16:28:04.161400
b98a2ebc5b9f10df,Active,2024-12-12T01:05:39.258606
b5f61e1606b14d9a,Active,2025-01-31T01:01:31.576108
0ab75920e0778847,Active,2024-10-13T10:35:40.301915
6efaef3e270b1805,Active,2024-06-28T08:36:43.505921
c8c45c087b835768,Active,2024-12-27T11:45:29.041282
599700c507dac8ae,Active,2024-12-04T04:44:42.035778
1bb9cfb2c5e41a0a,Suspended,2025-02-20T23:06:53.287020
ca62e29dcfee4463,Active,2025-02-03T17:35:03.035082
b72e040f9998f9be,Active,2024-12-22T03:16:30.647757
74a902acdb246e73,Active,2025-01-13T21:21:51.289009
cea99b523e2ad25e,Active,2024-08-13T21:45:33.471465
0ba40c44f07c24f9,Active,2024-07-01T18:05:30.074471
584d2e34979ec525,Active,2024-10-29T08:03:58.194253
62753b6965c42331,Active,2024-07-30T15:27:51.983055
6e3aaaca0b8167d4,Active,2025-01-24T08:39:06.010081
a7e1a12311d4dbbd,Active,2024-05-11T00:43:35.851362
2434baf5eab1aac7,Active,2024-08-29T10:13:29.842986
febd357475dc14f2,Active,2024-08-21T12:43:08.347370
b3d26dd81b023710,Active,2024-07-31T23:11:51.518766
9e7308084d0952ca,Active,2024-05-14T10:30:16.111517
a5d56ac5778b4002,Active,2024-06-15T16:53:13.917529
14fc73c71f4d9a71,Active,2025-03-07T16:09:27.647926
3d1a77e5ce5dc248,Active,2025-01-31T00:46:53.793155
6bb1e56edd966792,Active,2024-06-05T11:01:47.855464
2b6d4092d1084677,Active,2024-06-28T13:31:52.941211
7d3ee1d962b53c53,Active,2024-08-16T22:23:04.038836
44a8b6ef4fca288d,Active,2025-03-03T21:00:17.797972
aaf81d85da3a429b,Active,2024-11-30T02:05:07.949338
6f9e6cee2aa4b960,Active,2024-12-24T15:06:43.249146
caabeb484c1b70eb,Active,2024-08-15T04:05:24.795683
a650ed0b024043de,Active,2025-02-16T19:33:15.953822
41400723271a2c6f,Active,2025-03-23T02:46:34.294141
a6180f489e995e58,Active,2024-12-14T10:08:22.136935
13e606015d29c2f0,Active,2025-02-24T02:48:13.850988
3f6e95af3003f0fe,Active,2025-04-01T08:25:13.425635
b7252cf6ea1c5e99,Active,2024-07-06T13:51:01.089221
cb9d47b3ce6de497,Active,2025-01-29T19:54:14.052976
c7b2db4376761377,Active,2024-05-30T23:12:54.451348
74e34f382ffc47db,Active,2024-06-13T13:23:46.833076
3f4de63df29b3e1e,Active,2025-04-07T22:12:14.263336
c1f22c4a24199587,Active,2025-03-28T01:22:55.065624
e9557a42eccf3db4,Active,2024-06-03T06:41:05.455516
249d6a3bff403c0c,Suspended,2025-02-10T23:05:32.794121
b910d43ac7e8fbb1,Closed,2024-07-01T11:12:55.921827
4a61eab46db04d1e,Active,2024-11-20T11:38:54.287699
0e8e3bcc1e6ecf3a,Active,2024-05-07T22:17:16.048416
853f9e66c0c2a025,Active,2025-03-15T09:26:56.051630
0f850b7d41873356,Active,2024-10-08T20:51:48.714270
476407d5d6b66fff,Active,2024-08-17T05:37:06.298187
52e1a4305dacdfb1,Active,2025-02-23T17:54:37.410455
08a33b20dff2729c,Active,2025-01-31T20:38:31.944591
28e1ec62002785c6,Active,2024-10-28T21:35:52.277249
85b8a6e1a08e47d7,Active,2025-02-23T23:32:35.245234
79d7b2fdb47145c6,Active,2024-09-19T23:27:31.367309
80e877e194dcc005,Active,2024-11-14T15:58:00.108018
cc4059fa6af760da,Active,2024-11-19T02:06:41.084978
3bf28a21ea15011e,Active,2024-11-30T01:04:10.104234
50663da629133f8b,Active,2025-02-28T11:38:10.182100
24f87a9f7aa9fb0f,Active,2025-04-11T15:14:55.794110
f3c6445782c7aad2,Active,2024-11-06T05:06:58.543950
0b7cdeec4acfbac1,Active,2024-08-18T18:39:00.014478
5cbf8e586e7c0ba0,Active,2024-12-04T14:51:36.479634
62d40b871aac7bee,Active,2024-11-26T11:05:00.014258
db6e94b65a2b7db1,Active,2024-06-21T03:22:34.759650
f2fbd7539715373b,Active,2024-07-27T06:48:11.408439
a91b7259f0bcce50,Active,2025-02-13T00:15:05.287127
0e6fb4e40b0e9c1e,Active,2025-01-15T09:20:56.707546
aeb03951547312c0,Closed,2024-09-05T17:30:54.033053
9daafd708430ef4b,Active,2024-12-27T22:59:45.417503
ae11ed44a9d22bb2,Active,2024-05-27T08:58:02.632863
8e876b4ffcff2b93,Suspended,2024-11-14T12:40:49.152365
f356c9ff00b445a1,Active,2024-11-14T22:19:55.908311
fa2af99e717a1584,Active,2024-09-30T08:37:47.127827
e7c1cf7cf0e2981a,Active,2025-02-27T09:16:56.402316
fca41cc84238a23d,Active,2025-04-04T20:00:03.049143
10c2769168bdaebf,Active,2024-07-06T05:31:48.138655
193490f1aa520260,Active,2024-08-23T22:24:28.535265
b9c33ef4c6a60010,Active,2024-06-03T05:38:10.162316
47ce709cd75748f7,Active,2025-04-05T12:49:20.919205
4b9b881bc4e68ecb,Active,2025-03-28T23:34:36.664945
aac8482ed0fb394b,Active,2025-01-31T10:34:25.747306
2afd55053e28a10b,Active,2025-02-01T04:17:40.180475
c2e2a2d97ce6a9c0,Active,2024-10-07T18:50:42.407439
d4fd3892023bbf67,Closed,2024-07-30T21:00:09.005335
8be72ae3dbce6867,Active,2025-02-24T03:49:31.632662
6ae74cf6d79cb239,Active,2024-07-24T12:51:04.392885
acf647892f639edc,Active,2024-09-12T03:50:58.817514
e6b0143231233148,Active,2024-08-28T06:17:16.382963
988b0c02829f7800,Active,2025-01-23T22:43:22.224459
e603d1b88bcca900,Active,2024-07-14T06:32:39.673274
e23d694a437220b7,Active,2025-01-29T23:58:31.247158
c6c7a41c6851bde7,Active,2025-01-14T05:55:11.902480
6abe5a466a8ab00d,Active,2025-01-04T20:06:25.857113
4da4636d447b2ea1,Active,2024-09-21T00:33:03.866092
567f000194b55822,Active,2025-03-21T12:16:30.439015
104bba6591135236,Active,2025-01-27T03:10:14.750690
95b4191655af53a7,Active,2024-06-20T09:04:03.877535
0ac9fe625aae7ab0,Active,2025-03-11T23:16:57.330274
f0d56c3d70ac3e82,Active,2025-03-01T02:40:57.283981
ff2c5d1f3a2ee228,Active,2024-11-05T22:36:54.124753
60261a8af8472ecd,Active,2025-02-16T13:23:36.963826
d01c4e32a3f279c8,Active,2024-12-21T06:43:07.807677
b505fc82e2e64565,Active,2025-01-21T15:24:41.671044
32898f0012b46195,Active,2024-09-12T08:04:52.282948
8f222cb61d07b306,Active,2025-01-20T08:17:57.229979
94b5ee0b5c29c745,Active,2025-03-05T00:51:16.527749
ce2ba90e512c3d93,Active,2024-07-05T05:51:20.683930
e9c2e840bf2fef5a,Active,2025-01-12T18:52:29.423383
fa413aca244498b0,Active,2024-08-06T04:03:52.360799
b4eb1a0728c6436f,Active,2024-11-23T05:35:03.046595
24acd3ddea1c5a81,Active,2025-01-03T12:45:21.827212
d4623f842effc0b6,Active,2024-07-10T11:46:29.133101
39b3d408be3a8687,Active,2024-09-05T01:13:51.357952
9ff1207b40927d08,Active,2025-03-11T09:40:53.040797
0d173d0497b7fe52,Active,2024-12-20T19:51:50.034257
cddd21e994081111,Active,2025-01-28T21:49:00.824213
b4a8656fb8f69954,Suspended,2024-09-19T00:47:52.807733
7bb08b13c80092cd,Active,2025-02-07T17:36:06.829219
8794081272a95bb2,Active,2024-11-11T08:55:46.444034
c764c84ee2e78ae7,Active,2024-10-07T05:58:57.114609
cc28043fa3fa2786,Active,2024-09-28T14:21:51.443962
f3d0c980be1c056a,Active,2024-12-09T21:04:23.966213
745c4fab5c467e7f,Active,2024-12-12T09:21:09.854934
a359f0d7ff401bdc,Active,2024-12-18T21:47:41.218477
754de706dd39254e,Active,2024-10-03T18:30:27.981717
52b76fc18c5f73ac,Active,2025-04-19T22:42:05.292729
e28939e3ed6f14de,Active,2025-01-09T22:24:02.318614
20ff1d50fc060d43,Active,2024-06-27T23:52:24.542156
ae1f84773133b79f,Active,2024-09-27T11:55:27.197004
e1f13b23ae14c185,Active,2024-10-11T00:57:34.487199
1364ebc6dc0ad18c,Active,2024-11-09T03:49:53.204695
a81f2c65ba1af7c5,Active,2024-11-25T13:58:29.725056
17542b41f337bd76,Active,2024-09-16T21:53:42.487652
bac07dd9440f1fc9,Active,2024-05-24T05:15:48.319958
1a0215ff05ba7c06,Active,2024-10-24T18:28:59.995111
68be63ff35776c8a,Active,2024-12-21T10:41:33.980049
dbc35db99078715d,Active,2024-12-20T08:58:11.883158
9e0aa3e5e1c71170,Active,2024-08-28T17:13:25.182921
b4d817c5d8a02dc6,Active,2024-08-24T16:01:30.233346
f050e3284efbeb7b,Active,2024-11-06T21:54:31.714715
dfb0e72233fcfc86,Active,2025-01-07T22:12:27.166633
5ee8cbce4e010033,Active,2025-01-08T15:31:38.667233
8890df4e14016d93,Active,2024-05-06T03:31:37.940784
baa5b2ef7cbebfda,Active,2024-10-28T20:40:11.977204
91528ae7fc3c3332,Active,2025-02-09T00:22:28.700143
0a70eaa78829e2bb,Active,2024-07-15T10:38:53.278001
9be2d431a2822842,Active,2024-05-29T03:28:15.228225
2a8be201ebfcaa97,Active,2025-01-01T00:51:38.091403
1213cbc303d022ec,Active,2024-10-21T12:38:42.886262
5119e5c1258958dc,Active,2025-03-06T14:22:47.699813
22771ddf4c3b16cf,Active,2024-12-14T08:51:35.936108
f1533de48a9e9d5e,Active,2024-12-30T16:30:35.528093
5c517b724745ad5a,Active,2024-05-19T12:59:03.895690
33cb0aefe4163679,Active,2024-11-11T12:14:33.175056
d0253d51ea8f98d9,Active,2024-07-25T19:00:46.201413
f75a05959f4060f6,Active,2024-11-20T00:31:12.550500
3d60a2621da0b1fb,Active,2024-10-12T08:26:48.747044
8a5baac7b98124c5,Active,2024-06-06T12:03:56.619743
06bf8d8a9e37fda9,Active,2025-01-13T10:10:13.204568
f4d2d467e2ac9ea1,Active,2024-06-09T02:27:29.348940
73a8858cd1ff46b8,Active,2025-02-18T17:10:32.760330
9b1561bf745c7dc4,Active,2025-02-16T22:57:29.493091
f6ea756f2d14fe99,Active,2024-09-12T10:32:19.763916
aa591e30f1868d50,Active,2025-04-08T22:20:24.670489
517548bad0dd7a62,Active,2024-09-20T17:58:11.016337
861bffa67dfcd8ed,Active,2025-03-13T16:49:03.480144
253e674ec79eb8d3,Active,2024-07-23T19:02:19.630045
00abd07432ab52aa,Active,2025-03-03T06:55:39.084308
5bba791c35ed9b06,Active,2025-03-12T01:10:18.387831
819be724494ea583,Active,2024-10-03T11:42:46.401668
016a2840dd0d7f27,Active,2024-09-03T12:17:00.292511
20f577fe5897912b,Active,2025-03-20T02:13:16.677055
0ab3c80f565753f5,Active,2024-06-20T00:47:39.985331
0baa5f909ae843d6,Active,2025-02-01T18:51:58.397795
c7394f7da5248ae6,Active,2024-11-07T22:03:47.929432
eb0797ead25eec77,Active,2024-05-22T15:12:01.003414
7321e72e26666d55,Active,2024-10-07T17:24:45.557719
c4d75c66f62472f4,Active,2025-02-12T14:56:50.907111
12461076ecd2c8c3,Active,2024-12-31T03:33:22.699662
1985868556cbc913,Closed,2024-06-27T12:57:14.316529
e57538a8b5de7a48,Active,2025-04-18T18:37:24.744594
19c2caa9f970d4e5,Active,2024-08-06T08:48:26.622964
c56fa5c4d43de09d,Active,2024-07-06T15:00:05.877428
6405660b69b287aa,Active,2024-06-12T14:48:27.857803
03c684dbee34fdac,Active,2024-11-29T02:59:11.061155
fb002ee973a61f26,Suspended,2024-08-24T11:04:24.164110
81dd1d90a132c03f,Active,2024-08-25T07:24:41.740733
29f9ddeb64eaf64a,Active,2024-11-29T07:14:39.656935
33c58321eefcfde2,Active,2024-08-02T14:57:11.034168
edacac266d58172a,Active,2024-05-19T08:59:55.889797
dffe47b903c06b12,Active,2024-08-13T22:41:04.934770
c9b490e0eaf5a05c,Active,2024-10-14T20:19:48.929515
14fbae9c72b4e848,Active,2024-06-27T05:09:08.146367
f55dc64d87054b31,Active,2025-01-26T07:07:46.185561
651f1b046723bad4,Closed,2024-09-01T07:05:42.961099
353a69e966650720,Active,2024-11-24T23:25:32.413760
9027735a6cfaac08,Active,2024-09-12T04:22:25.817699
e99d18c8e167e180,Active,2025-01-19T02:22:03.024492
58069161b5ebba94,Active,2025-02-10T15:32:21.341442
54f8c823f3d243d0,Active,2024-11-23T05:34:41.873227
3fd0e2cc18242afe,Active,2025-04-01T12:24:35.621861
05d1f8712cc9e0fb,Active,2024-09-06T19:48:34.601682
64162dcb279c1d32,Active,2025-02-21T02:30:39.825613
b13dacf3ae159a81,Active,2025-02-03T16:01:26.565146
40a7c25267cc4be1,Active,2024-08-18T14:18:49.518932
f3653be60d4ad40b,Active,2025-02-24T10:38:53.661567
a3db8c0d431d101a,Active,2024-06-30T20:54:44.316682
d5b050ba5a6264e1,Active,2025-04-10T03:24:54.337471
f7304f6b68bd801b,Active,2025-04-17T07:54:17.024501
a510d991f4a65062,Active,2025-03-07T04:48:45.979467
5f3a0ac69d38df44,Active,2024-05-06T16:59:42.122976
59636416d568416c,Active,2024-09-09T07:17:37.911987
c0c953c3f0716dd3,Active,2024-09-23T03:14:13.204216
6760c16a51ac3962,Active,2025-03-17T17:22:59.670857
989cfe7f90af6dd3,Active,2024-10-07T03:53:58.723148
d9bcf4895e3736f7,Active,2024-10-30T16:39:44.941716
b4ea78cc60155759,Active,2024-05-11T16:53:36.382783
6ff203f36e3517c3,Active,2024-05-06T13:33:31.005064
c70473a84984591a,Active,2025-01-26T09:27:59.384473
856206f61981f8c7,Active,2024-10-14T07:27:18.780543
d33007fb0618e4cb,Active,2024-06-04T15:10:51.232764
437a93f7797bbf41,Active,2024-12-27T07:53:09.471580
afea9efbad1faab0,Active,2024-10-19T08:12:11.120585
2466a7cddfc95328,Suspended,2025-01-26T09:10:16.478965
6f737bd3cc037619,Active,2024-07-17T08:34:14.545380
da2c62486c39c4d8,Active,2024-06-01T13:04:23.580538
ec7ff994443f8084,Active,2024-08-10T09:46:33.331589
58fbc46defce9247,Active,2024-07-30T23:47:34.028461
b8e7268079285f1b,Active,2024-07-07T11:52:04.169893
039bdb0d38a96115,Active,2024-09-20T15:03:30.782546
4b7aaec4f61b6c4d,Active,2024-07-31T16:20:26.842191
fe1aea0541da5585,Active,2024-09-13T09:45:07.869274
f48e96bd7e4c4adb,Active,2024-07-06T15:16:09.611487
f0859241bc6be2f1,Active,2025-01-01T22:45:49.398314
fe061567a1f9b91f,Active,2024-07-03T23:32:15.117568
d65d3723231b291a,Active,2024-10-13T18:43:05.839185
fa2f6b8ee295706d,Active,2024-09-18T20:12:19.093578
9161b2a2c07cab02,Active,2024-12-06T00:52:41.038753
d8dbee4e87e06810,Active,2024-11-17T22:46:07.886190
566742d896f6c6e7,Active,2025-01-28T05:46:59.212272
ef817f20dd310aad,Active,2025-03-07T16:47:27.894351
73b5106ce5f2655d,Active,2025-02-05T21:36:26.323021
ec84e3f4eb85fad6,Active,2024-10-09T06:17:33.483126
1bc884181c3bebff,Active,2025-01-05T22:33:19.234782
634c35ab0005b9bc,Active,2024-08-27T22:03:39.129087
b84ee57b9e70d8a9,Active,2024-07-31T21:23:32.592261
eed4236827dc7882,Active,2024-06-17T20:50:56.246574
9b0b7bc36b8965f7,Active,2024-10-21T01:28:38.254844
84b94d4c8210a14b,Active,2024-05-13T12:36:56.716702
12e47247a29d76d6,Suspended,2024-09-10T18:26:07.032676
27898f9756b9e0ad,Active,2024-07-30T00:38:29.349795
e0833afcdaa7666c,Active,2024-12-23T09:07:34.876532
deeea93483b89b25,Active,2024-12-19T15:46:42.843360
7abbf9faea30d384,Active,2024-05-01T04:07:48.836641
f3ce2f6d15484f1e,Active,2024-10-25T10:46:34.946982
a40f51f29d3c575a,Suspended,2024-12-27T07:02:57.559371
11deaa2cad784bbd,Active,2025-02-04T00:13:38.344991
3d043b398669fea7,Active,2025-01-23T23:43:45.545840
7602fcac3e63eb1c,Active,2024-10-30T12:56:49.135559
32d162fe596fe14e,Active,2025-02-02T09:19:25.786313
cfa05674d0009527,Active,2024-12-30T21:58:53.358262
ec979686afad8f34,Active,2024-12-03T06:49:13.374755
20344801f446e55b,Active,2024-06-08T00:18:23.741162
2d6728bc2547b081,Active,2024-05-31T13:15:20.067129
0320dcfbd251ba72,Active,2024-09-13T16:55:50.202809
343d4145ea739f15,Active,2024-10-20T19:42:56.738069
c333c6c24fe7d07c,Active,2024-05-04T22:26:42.416081
622006f0281130b0,Active,2024-07-08T06:28:24.955346
964c8d574395ca08,Active,2024-07-23T13:28:53.991808
df365c4120396e92,Active,2024-06-23T02:46:26.502495
8b4e1e1615a87fc2,Active,2025-02-23T03:33:26.102830
0fbf6cbe7e5b260d,Active,2024-08-02T02:01:50.239724
00c1574808ce00cd,Active,2025-02-23T22:09:56.882777
be59148e619f6088,Active,2024-05-24T20:08:53.012637
b519a34b6984aa88,Active,2025-03-21T07:16:52.988928
47600a8b964526f4,Active,2025-01-16T14:19:36.365875
db41212bb0c468f4,Active,2024-10-15T13:15:41.346118
52c648dd09097b61,Active,2024-12-11T23:35:47.653950
0072724c5d28c7a3,Active,2025-01-27T11:30:29.471220
04ad2cc48662be52,Active,2024-11-06T16:06:00.637294
c7fc4431219b39c3,Suspended,2025-04-21T04:17:14.467736
bc5acba36b288d0b,Active,2024-07-29T03:31:02.714766
2ebc8dc437097be9,Active,2025-04-10T21:59:10.880686
3d0f8aacbbc53517,Active,2025-04-09T14:48:11.409364
c14a5a9fad2fc586,Active,2025-03-14T04:23:53.704997
94a31792fed55b17,Active,2025-03-10T19:23:01.640373
53675251d3e02df8,Active,2024-06-07T12:12:55.312187
2663c2a424a862f7,Active,2024-05-02T09:53:54.966317
b8158a5ff17579e8,Active,2024-06-11T22:11:15.812131
a0dd7b27d9977801,Active,2024-12-17T12:24:37.384479
e83b452a63fc3913,Active,2025-03-09T18:38:43.196401
cd68b58b7e71b41e,Active,2024-05-17T14:18:21.737802
f7a5e474a6b1b770,Active,2024-12-17T17:09:02.585580
5a032a8294b5977a,Active,2024-12-28T12:15:10.663209
e298f7a763b2cf18,Active,2024-05-20T20:12:41.515266
83a31d855b052966,Active,2024-06-20T19:58:21.486882
055bf2e147a7cb3d,Active,2024-08-31T03:35:29.603888
0b75ea71a2c07ea2,Active,2025-03-12T13:50:02.042516
aabb0a006de14c4c,Active,2024-10-13T07:43:58.980358
769b079ca6c6881f,Active,2024-06-05T21:37:58.873387
9d33eb7b784cc4ef,Active,2024-09-20T10:52:24.490450
72035c543ae62f2e,Active,2025-03-18T15:44:25.473516
b0938bfacdaa73c8,Active,2025-03-29T18:06:13.344352
2d4537fd95ac5fa3,Active,2024-07-12T11:59:42.992051
fb0a4763944a3478,Active,2025-03-16T14:01:56.062902
8bb90767f47becb5,Suspended,2024-09-26T04:29:07.844240
171cab8b34f5bbd7,Active,2025-04-23T09:58:21.774113
9618d55030a38407,Active,2025-02-27T14:44:07.399809
14371f3fa65f2817,Active,2024-08-04T12:25:38.939116
21fd8f9c90795719,Active,2024-05-18T04:40:25.399335
42f70019b0a647fd,Active,2025-01-01T20:43:54.023587
8633c87e4b6a1258,Active,2024-07-28T22:17:53.081221
8d27d86af0f72fb4,Active,2024-05-30T23:01:53.575507
2b6170581444e76f,Active,2024-11-25T10:59:45.128115
a2d9cab652a46f28,Active,2024-07-15T11:23:18.816453
b045d3cf931c9c5c,Active,2024-11-17T04:14:53.490423
0196658625147f9e,Active,2024-10-21T21:03:53.928174
4c50b931ccfb7f95,Active,2024-09-09T18:48:39.953039
2145c4394ff2f050,Active,2025-01-10T11:30:40.986055
d35837dbc528eb65,Active,2024-10-07T17:20:30.855162
d32ec789f52d5554,Active,2024-06-30T19:26:39.347269
1fccaba550b5a316,Active,2024-06-15T00:45:22.998205
dcb9f49cecd2de59,Active,2025-01-15T12:12:51.674419
7b03617a912f3fa1,Active,2024-06-27T16:57:39.677275
88e48b36fe22d144,Active,2024-07-11T15:24:56.948601
6c0b727200054bd2,Active,2024-12-18T19:45:10.503156
e328005bf982eec9,Active,2024-10-16T10:58:06.900018
0d378043b0edec74,Active,2024-05-07T09:17:48.616512
0a3d04cbd1aba60b,Active,2025-01-28T15:01:31.526664
3c404f81896c08f9,Active,2024-05-16T04:26:06.430542
8359372815e9248a,Suspended,2024-11-19T06:46:35.256792
29a5bf3166b4550f,Active,2025-03-24T18:00:17.186234
858957510814208a,Active,2025-04-16T01:12:35.938031
367541e7335ce4c5,Active,2024-06-19T07:53:46.999965
d90b8bfc7319cbf3,Active,2024-10-02T01:55:59.542486
8b975ac15ba0e378,Active,2025-02-06T06:35:29.650085
15e741ee2abf721e,Active,2024-11-02T11:16:39.222054
92117777af042dab,Active,2024-09-13T14:22:46.763391
c2e9da12599b178a,Active,2025-04-06T14:25:45.218783
2668fa5c4426bb9e,Active,2024-12-28T08:28:07.125514
f2671eb3e31b174c,Active,2024-07-27T00:13:14.283430
6e114c479090a3bd,Active,2025-02-27T15:33:48.621929
d889e05d3fdb2160,Active,2024-08-22T07:26:43.501085
c914e00eb43eb74a,Active,2024-12-28T07:36:09.110621
cdb2b13c52ff10a0,Active,2024-10-16T16:13:06.432400
d19f9d4e3c82f674,Active,2024-12-14T15:13:57.447630
6f1c8ccad8b9dfbe,Active,2024-05-08T22:23:40.853039
77d44a5302eddc64,Active,2024-05-13T20:00:56.004464
a0f37b468b73c25d,Active,2024-09-03T06:04:05.049543
59d5551758a7c182,Active,2024-09-05T16:52:38.824232
2bce64638a6a1253,Active,2025-03-27T08:00:17.741217
6b101944beac693e,Active,2024-10-02T07:14:50.604652
8bf9b7ce35eb4daf,Active,2024-07-22T20:08:19.931412
2a902af66b9c8e8a,Active,2024-10-28T20:21:18.935908
6917337890482e76,Active,2025-04-27T20:18:41.165134
8ef781d86a1e9b46,Active,2024-08-04T15:06:53.017004
65861dab47ce0dab,Active,2024-08-22T14:59:31.728960
f6f4b1c6d49cc4e8,Active,2024-06-06T22:25:50.314609
1fa9fb68219a9817,Active,2024-10-09T09:26:19.683551
f398cefd489bf85e,Active,2024-10-22T09:59:53.670759
9c196a2d7dbd0e70,Active,2025-04-13T01:42:13.603661
53c5492556fa3813,Active,2025-02-25T03:05:57.879385
dc94467a44d83d45,Active,2024-10-26T05:56:57.135915
d1e3333a16bcbadd,Active,2024-11-12T12:32:31.116315
5330c18a124934de,Active,2024-07-28T06:02:43.009567
97d5a7250e041cf7,Active,2025-02-21T20:16:59.853530
cf545a737fbd57d3,Active,2025-04-22T06:02:03.556045
2d9d925d40fd0dda,Active,2024-12-16T09:13:41.438249
bfa8528d9bc45f0f,Active,2024-04-30T03:01:43.777886
53950732a3aba952,Active,2024-09-18T00:14:47.839731
508cb49bbfdcc0cd,Active,2024-11-04T21:35:18.358042
75f459918c56ade8,Active,2024-08-23T08:08:06.231401
400cd390595d9fa1,Active,2024-12-25T04:15:56.921172
f753bfd0dc7ad362,Active,2025-02-18T16:58:36.051035
83d051156a049f16,Active,2025-01-21T10:38:22.640352
1d67d9028226c9dd,Active,2024-08-27T03:38:20.879840
b563faa1732b7c7a,Active,2025-02-01T01:18:54.032524
60177091504b9d61,Active,2024-05-13T00:24:30.657697
5e3dc74f6a301f15,Active,2024-11-27T04:12:35.674895
25209574ce123f2a,Active,2024-12-07T03:16:40.966496
fc188bb4d1c1960e,Active,2024-09-27T16:07:52.094975
4a3ce818f4044990,Active,2024-05-29T20:50:45.811732
3eb5113f1dda2ec0,Active,2024-06-24T01:28:15.868413
b07b83d04d895230,Active,2024-05-03T09:26:30.552219
7eaec38b568ab461,Active,2024-07-19T06:54:45.664558
d103b25d97e2a33e,Active,2024-07-22T10:06:46.212877
f249814eb7ad5680,Active,2024-10-10T17:53:53.659001
636bf590e50fb879,Active,2025-03-10T12:13:57.850707
fea83493d3c23e9a,Active,2024-10-11T19:44:32.418933
8c240802ff33fbf7,Active,2024-06-14T19:16:20.663932
0a59e68992cc8646,Active,2025-01-17T11:10:40.564050
9f5e4529d053f8fe,Active,2024-09-14T22:55:12.517293
6f27749dd59265db,Active,2025-02-02T20:50:52.598422
fbc7d86ac757d46f,Active,2024-07-13T02:21:17.341092
0a33da2f295cf362,Active,2025-01-23T17:34:00.316375
00bd9c0507caa9af,Active,2024-12-11T02:20:05.691027
c3fa77490f2b2690,Active,2024-12-27T21:17:24.945822
6444b343a3f78d74,Active,2024-10-05T22:51:14.754946
1d66b2b71cb08eeb,Active,2025-02-05T19:37:16.679562
3c822988faacf7ff,Active,2024-05-22T03:01:22.026845
1a4c541a7eb2258f,Suspended,2024-08-29T14:39:56.249379
7b6f17a0dbfcec07,Active,2024-06-29T03:58:47.804871
62e1aaa870b72553,Active,2025-03-04T13:28:31.998489
7ea31074f8696692,Active,2024-05-26T14:46:08.133035
c907251f92ec8db4,Active,2025-02-27T19:07:23.946562
cf2c107b7bfcdb08,Active,2024-06-22T13:24:34.538299
9ab015b981d8263a,Active,2024-07-14T09:00:40.132114
fa38ee2639d5c6bc,Active,2025-02-13T20:34:35.676333
c356b0f530c3108c,Active,2025-04-23T11:49:25.929998
593935c9ebf0885f,Active,2025-02-04T13:24:52.810099
e75a3da98be18045,Active,2024-11-26T15:08:42.030015
8f8d8a9363cd206b,Active,2025-04-20T00:13:37.621728
290cbd6b24d64ddc,Active,2024-08-23T04:59:10.599316
135ea6fbb221c664,Active,2024-07-31T04:54:45.358222
7421bab66b280929,Suspended,2024-08-15T16:14:06.523345
e8115b0de9bbef01,Suspended,2024-05-09T22:13:16.209134
2fd8643f8ea7a810,Active,2025-02-09T13:17:41.852901
2353069be99eafbd,Active,2024-08-23T10:25:56.208989
0caba322b06c963b,Active,2024-08-11T18:26:10.729785
be49873b7eeed4c1,Active,2024-05-03T19:10:37.880601
9d8206ff8a3df32c,Active,2024-05-31T13:14:41.936761
ffe5f876c098d1c7,Active,2024-10-08T06:13:14.480127
85d1e6141fe16eb9,Active,2025-01-22T02:11:31.469723
ae8fb0f05ccbff9a,Active,2025-04-12T16:46:21.009653
a705bb27c660ce13,Active,2025-01-18T00:49:45.477044
e1f68e9b1faa2d40,Closed,2024-07-25T01:56:51.089528
245c19e6bfd0f45d,Active,2024-12-09T09:42:34.928839
5855ecbcb5da4e0a,Active,2025-04-27T20:23:59.974853
6f9371673c640951,Active,2024-09-13T08:04:08.597388
1b87b6244d7feba6,Active,2024-11-17T08:12:36.737238
72c8fd9e1e564a39,Active,2024-12-02T11:05:42.568735
6100d0850d9af135,Active,2024-07-18T20:40:42.535698
a2dad3d1a3336871,Suspended,2025-02-15T21:06:20.233387
9a0de3fef1497abb,Active,2025-01-08T04:17:35.742014
564cf213782b7ffd,Closed,2024-10-15T00:33:41.573695
b2d5ad81c3006523,Active,2024-09-10T10:33:07.013200
5852d65a04ea6ada,Active,2025-02-03T14:59:55.005418
cbfca259b438fd67,Active,2024-06-01T01:28:43.724958
5265bd2b6abb1767,Active,2024-08-10T08:57:23.137752
a8d1cde45b65963c,Active,2025-01-19T11:06:00.616113
753aa7101fd8f304,Active,2024-12-24T04:04:47.518589
960f58c19b931077,Active,2024-05-13T13:20:15.015046
63c113c088ef253d,Active,2025-04-18T09:33:29.985628
ec9cca7d3bccab56,Active,2025-04-22T05:08:01.635708
15527f3f5da2b21d,Active,2024-12-13T08:13:38.303911
c74ccc7a1e7d9df3,Suspended,2024-10-09T18:10:47.962094
ad924d3cb01faaf2,Active,2024-10-03T20:42:33.532149
d763ccde0806a551,Active,2025-02-01T17:04:29.880645
a858462237370ce2,Active,2024-07-28T22:07:04.749091
72e99c8038c45790,Suspended,2024-08-14T18:14:03.149810
40f87ff27dedf632,Active,2024-10-17T22:57:58.384781
edc2ef2550564ae5,Active,2024-06-18T13:42:22.429388
fbf7c6c1916ef863,Active,2024-05-18T01:03:15.773776
126552e33be14d96,Active,2024-09-08T03:19:46.431373
41b3b44ca47811e1,Active,2025-03-18T13:17:58.004179
208981979851ed6c,Active,2024-10-22T05:40:59.843235
8b1a6aeda3a78789,Active,2024-09-23T06:28:21.351945
afcc4253b45ae8ba,Active,2024-08-30T09:17:40.476314
d0d0d7686761be16,Active,2024-08-23T21:14:35.577389
3e71ddf7f242b642,Active,2024-05-13T03:58:58.376877
9dd192f3a83ab197,Active,2024-11-01T07:34:37.167992
aa7c4ab26b41d4ae,Active,2024-06-03T18:33:47.398706
e2a68cee957b39e3,Active,2024-11-08T22:12:26.706124
b5b71d7ffb40cf8d,Active,2025-04-12T22:58:18.661436
347882a874b0bf44,Active,2025-02-16T20:33:33.864378
6f1dc2688f8cbfaf,Active,2025-02-17T01:51:33.887033
999351879842b9a0,Active,2024-09-17T11:32:33.284178
27e995dd9669dc2d,Active,2024-08-29T21:26:32.183292
a9f56666cd4ef884,Active,2024-11-16T00:02:34.997369
f0953ab1429b2f60,Active,2025-01-29T02:49:15.995253
3436044a86abbd6e,Active,2024-10-04T19:36:25.567386
1e9b6552ac871ffd,Active,2024-12-16T08:17:11.888445
ccf7cd6c7c303d22,Active,2024-12-25T05:47:06.442735
025f863393238c4c,Active,2024-07-25T23:23:06.157202
3014d6661106b81f,Active,2025-02-18T00:21:52.228305
d9fdf2b558df900f,Suspended,2024-05-23T23:44:56.574476
d56b018d3cb89c7c,Active,2024-07-22T17:11:35.118582
3dbd61c98456a0df,Active,2024-12-13T17:17:10.710525
02a9db863b588112,Active,2024-07-11T04:31:34.322812
82dc914df13f27d2,Active,2025-03-11T22:53:33.416564
4cc6b20b6b7d3b9e,Active,2024-07-26T21:31:25.816034
70a35e3c4305962e,Active,2024-08-31T15:31:32.345867
f7b74f402ce300b0,Active,2024-12-11T07:16:52.996327
947bae72c30d3982,Active,2024-10-11T22:03:34.306875
57a2e51d824c21e4,Active,2024-12-09T17:33:47.002315
2e98967337296e60,Active,2025-04-06T20:14:32.698586
b47580114f51c435,Active,2024-08-24T09:28:17.714760
1e3ec3c5b1771ad2,Active,2025-04-11T00:22:49.502854
21db8430d59913a5,Active,2025-03-16T09:10:34.701473
58fd578ec107a592,Active,2025-02-01T10:48:51.250206
7829d95107cfc0eb,Active,2025-04-26T00:48:13.772681
329010323d36f94d,Active,2024-10-04T18:59:18.514252
086278bd0804f938,Active,2024-08-08T02:20:25.016809
f335a626b8665592,Active,2024-08-18T20:08:58.155757
fe9472f959131b4f,Active,2024-09-29T00:23:35.902114
26094f6b8bc4eb20,Active,2024-06-30T02:42:13.694810
7e0e09b24ee91682,Active,2025-01-25T15:13:51.402214
d682e50a0cbe5c63,Active,2025-03-21T02:19:17.469267
4e5e63e3340480ad,Active,2024-05-28T20:07:46.277605
201cfae9a9745a9f,Active,2025-04-09T04:18:13.738573
a0765c079e815709,Active,2024-10-22T18:14:16.321798
b70bdf61dfa82f47,Active,2025-04-01T16:17:23.316791
2125cf5c21d975e4,Active,2025-04-10T12:12:45.143442
2d0de113cf5380e4,Active,2024-05-07T06:38:36.681272
4492026a8d3cd198,Active,2024-10-23T16:12:11.904952
a46584b0984bed01,Active,2025-02-05T05:44:32.820639
c670186e640f7283,Active,2024-10-03T23:27:01.169868
fed1aede73996a0e,Active,2024-09-16T05:13:09.937841
f358ad3f31cc17c4,Active,2024-05-31T22:10:07.569292
03220911553a6602,Suspended,2024-07-27T16:46:52.660138
3563c1ff94ebfa46,Closed,2025-04-04T12:20:19.369771
42f477adb9cd8767,Active,2024-09-11T08:07:36.965344
0900759aadae8482,Active,2024-12-26T16:07:57.525849
5cab5b3178e9f262,Active,2024-09-26T06:43:13.441181
f35fae109f15a4c9,Active,2024-06-13T07:18:02.383582
99db21a8f36e93fd,Active,2025-03-07T12:36:44.806118
c5803fe2f49382c2,Active,2024-05-20T14:30:45.513700
e810f3a0c3842e75,Active,2024-10-24T01:59:53.362374
981d14a11586e287,Active,2025-04-18T13:27:28.130438
ff78181fa1d549bf,Active,2024-07-11T09:07:19.215218
04353db0978df516,Active,2024-07-18T01:36:30.691834
4586162147ec3dad,Active,2024-05-12T22:53:23.237646
7b8ce509af9dc791,Active,2024-09-15T01:23:28.450387
38b48216d441a5a4,Active,2025-01-05T13:15:36.188625
ef81a9076032dfb4,Active,2024-08-26T23:49:58.835197
bc5b99179d109441,Active,2024-12-15T18:23:48.787495
4a1cb1e404dd0341,Closed,2024-09-10T12:21:43.491052
b96a2c8e06129b67,Active,2024-12-26T07:36:37.666762
374d60e97d8addc9,Active,2024-11-03T08:48:42.449918
e273f89ae43a8f49,Active,2024-12-26T13:24:41.415311
8ca19d6be67e868c,Active,2024-05-23T05:59:45.769138
86ef0400019d49e2,Active,2024-06-14T09:04:38.057853
19eabf8f7bfa9e85,Active,2025-02-01T05:08:19.306413
85e5e318226dfe39,Active,2024-09-20T18:29:39.476955
53b70f6cdee1cb96,Active,2025-04-12T13:28:46.850627
09c70e9cb078a483,Active,2025-03-09T07:50:16.629897
a71bbdf7e2b1c04c,Active,2024-06-05T07:39:59.777121
a8b6f1c46ed0cff1,Active,2024-12-10T09:11:30.129632
923433604d5b0b0a,Active,2024-12-13T00:21:44.689791
275afae50f9c668a,Active,2024-08-16T03:46:58.778507
841e0aeef6e68c73,Active,2024-11-18T15:07:22.473084
49d6a316cc2c2c80,Active,2024-11-11T00:08:26.009974
bb4679ce5707f0f3,Active,2024-09-15T21:49:56.189652
9b7d241b00d30491,Active,2024-07-28T17:40:27.749026
b1f5db1b2106a4aa,Suspended,2025-03-12T07:36:53.584451
1f6897d0885b8b15,Active,2025-02-20T04:12:35.956480
69da6b816f96bbf9,Active,2024-07-22T04:18:26.433079
5fd98433d77bb3e3,Active,2024-08-26T03:59:18.369515
11194b9ad17a89b8,Active,2024-12-29T16:52:54.160346
9b359efa39e2bb38,Active,2025-01-04T07:23:52.877815
651e47cfc4ff0599,Active,2025-02-05T14:53:05.103834
ea0d280a97dbae62,Active,2025-03-02T20:24:30.277144
f86ed5490ca27dd5,Active,2024-10-24T00:07:56.512525
ec805244353551d9,Active,2024-12-26T06:33:48.901432
dadcd94d1dcbb4b1,Active,2024-06-30T21:03:37.442692
5130271f7e73e876,Active,2025-03-15T03:08:00.287568
a43b813a9b501af1,Active,2025-03-24T17:51:08.095266
67c4753cee8c19cc,Active,2024-11-07T14:42:03.210307
2a08f4eb6d1a35d7,Active,2024-10-09T04:15:51.166759
3b9732a140c907f2,Suspended,2024-06-02T05:25:59.931710
b68e3f29f9a1873d,Active,2025-03-24T23:21:01.548646
79c2b485adb9d788,Active,2024-07-04T21:26:49.312456
21058155e87093d0,Active,2025-04-03T11:34:10.552814
b9699755afb2b594,Active,2024-06-18T16:02:11.515509
72ce02f5069cfaa2,Active,2025-01-19T23:10:05.010119
1feabf6a87e201a7,Active,2024-09-19T23:05:38.889632
d4b9597d96892f9e,Active,2024-12-07T00:59:09.584368
0621b801ec0626c6,Active,2024-09-14T09:20:13.561687
6b79478cb755fe73,Active,2024-09-12T18:19:37.061897
4284d49c489ffdc2,Active,2024-10-25T21:14:38.377167
08be28d1e24cded7,Active,2025-03-13T12:24:53.767183
9474e729a48e9703,Active,2024-11-10T17:50:39.666162
0819954078f16cf7,Active,2024-11-03T18:04:35.498395
4bb69068536592a2,Active,2025-02-04T02:50:44.237742
49349c4ebdf103b3,Active,2024-10-27T17:06:33.073778
f8e62f7ff3bc08e1,Active,2024-12-13T16:56:09.552296
f6fd2371c1d460f0,Active,2024-06-20T08:18:52.894207
caadc386bbf2190e,Active,2025-03-25T10:35:29.185964
a06036c8683e8243,Active,2025-04-09T17:14:12.143563
44f124aa435f0daa,Active,2025-03-05T04:04:22.219534
1233c34432399a2f,Active,2024-08-09T21:42:37.121710
f236b6fb34e75d71,Active,2024-12-23T13:45:42.637370
405f218009f8c8c6,Active,2024-05-31T20:36:38.214768
b0d92b0390b21489,Active,2024-09-16T16:52:57.777012
43126bd10076095c,Active,2025-01-16T21:34:15.734378
78fde2f71bd6ea42,Active,2024-08-09T20:52:28.875220
908bc6a6424ab225,Active,2024-08-03T15:26:35.097528
c23f0b2fb0ff0ad0,Active,2024-09-20T12:44:11.796832
c2e64339a384b769,Active,2025-01-04T07:23:43.728040
212bd55689b12eb3,Active,2025-01-11T22:35:12.550432
82ba038bfc24f118,Active,2024-07-06T22:40:54.746065
27a922ecf852a25b,Active,2024-07-17T03:57:13.765595
95a26e01d66750cc,Active,2025-03-29T08:52:22.987173
5538ff0e60d59418,Active,2024-05-17T13:24:43.807348
24c619b7a230dbe2,Suspended,2024-11-30T11:24:17.508290
23266d0c3afb2fb7,Active,2025-02-21T08:32:05.548060
0206073335cf8af1,Active,2025-04-23T07:03:11.280958
bb48d2991e988029,Active,2024-07-08T10:29:33.444626
e62c9832df705c4f,Active,2024-05-20T22:52:01.097623
250d0283b47adf75,Active,2024-06-02T16:40:57.096741
fe438a846064298e,Active,2024-08-12T04:08:47.210172
d442ce9995c5def2,Active,2025-01-09T16:36:29.846166
e53833bbd9b1dcd2,Active,2024-10-15T03:44:12.441151
381dc91e9a7398b1,Active,2025-01-03T06:53:15.485396
e1f04202622f5c4a,Active,2025-01-24T01:58:03.597342
1c4fc29e1e8d8293,Active,2025-04-20T09:26:50.547019
c0360fc993046654,Active,2025-03-07T08:30:20.981175
14af1a07cbcacc49,Active,2024-09-05T22:53:37.306394
b35102bfcfbc5193,Active,2025-03-03T04:12:47.367461
0318d3149b40fa69,Active,2024-11-01T16:51:54.204823
de4e2f805eab96f2,Active,2024-07-02T06:16:17.402290
e7f8c82046b2f02e,Active,2024-11-22T13:11:39.034677
f69211b82ff13daf,Active,2024-11-05T22:34:06.689780
45dd9d9a234a58d6,Active,2024-10-16T17:20:00.377934
cc0e5cc0007c7e59,Active,2024-10-21T10:30:35.353406
a800ac17a941f6f5,Active,2025-01-16T13:30:33.994266
6665d3e543f51a77,Active,2024-09-23T17:20:04.442118
77074e1c031db6cd,Active,2024-07-03T20:29:06.577744
733633395722b15f,Active,2024-10-15T08:22:35.133153
c5a9e4cbc8d3ba02,Active,2025-01-13T13:29:32.828019
251ce276bea0d5fc,Active,2024-10-22T01:58:27.502515
4deb6012639a32d9,Active,2024-08-11T11:19:08.251466
7c15cfa008d14bf3,Active,2025-01-07T13:51:16.598552
4a8d4056db900f41,Active,2024-07-04T17:06:44.506280
60887afb71cfb99b,Active,2024-07-31T12:41:43.586932
8ee5fd4d2ec41221,Active,2024-10-17T04:09:47.621437
72d2d158fceb1b33,Active,2024-08-26T01:16:41.502328
4e75117c9f90d6dc,Active,2024-11-14T10:32:26.265218
210440392c63608a,Active,2024-07-23T20:03:15.942917
b5836fb3b995c254,Active,2024-05-29T06:25:23.195496
cf1ecbc922decf66,Active,2024-05-17T14:15:05.384270
be95a34cacf9a1aa,Active,2024-09-20T03:11:26.361857
75a13a1705f684ed,Suspended,2025-04-17T04:56:42.727911
52f9809acedca00a,Active,2025-04-07T15:08:19.825583
b620bf8c4b7ba96d,Active,2025-04-05T03:26:38.191321
d51321d346558faa,Active,2024-05-11T11:39:27.545950
21c5f5f82b9f1b5d,Active,2024-10-02T21:02:08.703437
ea8f15473dc28ead,Active,2024-07-26T19:24:02.078265
eafea2627cd4fddf,Active,2024-07-20T11:35:36.031597
056040a054c13fcf,Active,2025-03-17T00:54:54.566404
222fef219f6eaa15,Active,2025-02-27T12:18:45.330971
55a57f5d345869c9,Active,2024-07-12T21:01:17.862402
7f07ea9abb7207c2,Active,2025-01-26T18:48:39.562945
40834ac4a9c14722,Active,2024-10-05T04:09:32.083607
1883cc977996364b,Active,2024-05-25T16:20:24.998583
9507ce0e7950cb11,Active,2025-03-21T17:40:57.095659
1ad01aadc47a03bc,Active,2024-12-14T07:31:06.971358
584cb0dfb407fc0b,Active,2024-09-10T02:29:24.713378
1fe1c1a5e4ece0ae,Active,2024-09-24T16:31:38.856562
dbf107a0fa3fc415,Active,2024-11-26T16:28:05.352074
ca66d2d9f55bfdfc,Active,2025-02-18T10:31:21.852470
e66fd0894b73776d,Active,2024-08-18T16:49:29.308752
4ef9d8ca350bed30,Active,2025-01-18T03:05:16.902761
c645640bda1ca5dd,Active,2025-03-24T22:42:28.684452
09626a6221813279,Active,2024-11-29T19:36:47.956277
4f682da30bb624ec,Active,2024-12-31T07:48:30.384038
09a6af92f32a53a6,Active,2025-03-30T14:36:56.954273
e90788807154bbe7,Active,2025-03-26T06:49:30.147494
604afd6cc1614046,Active,2025-03-16T21:30:53.790270
43d20cc5513bb2ce,Active,2024-06-02T14:27:21.036541
1fb54837c0864ec7,Active,2024-05-01T22:36:19.022161
e711da3836f790c5,Active,2025-04-10T09:07:22.901129
63f960cdfc9b1024,Active,2025-01-20T19:59:32.388796
247a9e4412207b11,Active,2025-03-22T22:40:18.860290
ec2e068079c1d5dd,Active,2024-08-16T13:39:21.281747
50aaa65cdf6f9c60,Active,2025-03-19T12:45:52.249388
14e6b91f63678ce0,Active,2025-04-26T11:52:48.706639
6aed1d4138bee78d,Active,2024-10-18T16:54:00.245996
4289afd64d3ee53f,Active,2024-12-10T19:23:30.063800
f388e048e3809244,Active,2024-09-29T10:51:33.218212
e624e6bd5b1183af,Active,2025-02-04T16:15:51.014843
940f7e8153eceb71,Active,2025-01-09T10:10:56.828230
68d5a62db0a93490,Active,2024-12-31T00:50:31.223207
b01e3f585a4072c9,Active,2024-12-06T06:04:34.728869
91b83184042354f8,Active,2025-03-27T19:23:16.590118
f1d64cb7058ded57,Active,2024-10-13T21:09:19.920840
8f90c4ddeadc253e,Active,2024-09-06T07:56:35.138763
6b5f704e9901a880,Active,2025-01-22T15:05:02.062660
e31b5c5850be17cb,Active,2024-08-14T17:55:40.565172
1ea0f6a8ded27b12,Active,2024-11-05T08:33:06.358939
5cbb741b1b94dda3,Active,2024-05-01T16:19:58.356355
7cddbdec00dfb803,Suspended,2024-12-29T08:14:38.120651
c8abb509cc2dbb46,Active,2024-10-20T10:21:07.338537
6905ec68672799dc,Active,2024-11-27T10:11:41.795029
4d6eff070b9a2796,Active,2024-08-10T11:38:12.564563
e141423016a17f58,Active,2025-04-19T03:24:46.133708
f19f4a5c9764f49a,Active,2024-12-18T16:58:15.091523
37240d26c3a40538,Active,2024-08-17T07:23:34.712422
602a3ab3f3d4e0cb,Active,2024-10-08T13:55:50.706656
b353459d607f8db6,Active,2025-04-22T01:53:47.651835
84bfa9c67c55d5af,Active,2024-05-14T10:53:26.425394
faa4334eef097ffa,Active,2025-01-06T10:38:53.515308
fc5994ac9661e5fa,Active,2024-07-21T09:59:05.640738
5919668a85e83841,Active,2025-02-27T04:27:30.076257
1808af7e7d38f0fb,Active,2024-07-15T09:42:00.941311
94a9898751623839,Active,2025-03-18T20:29:59.581360
5410b3e8103883fb,Active,2025-02-02T05:15:39.801464
cf2a9e6cbb731f56,Active,2025-02-12T15:00:48.681583
f834de164d28bbcd,Active,2024-07-11T06:17:54.896387
1e55269fac47a22d,Active,2024-08-08T23:33:08.027764
16385ff7e2c6c76c,Active,2025-01-13T06:58:09.203274
d8b0995e10d15324,Active,2024-11-14T01:29:54.171425
61b33acfba77767c,Active,2025-01-13T01:20:48.937267
454b30408f7705bb,Active,2025-01-25T19:32:51.236859
b3ac4e0f5a403bd5,Active,2024-06-01T20:53:53.829443
2ea1eef4217350b6,Active,2024-07-04T22:48:32.402129
7c398fc454d7295e,Active,2025-01-29T08:39:50.797293
d1853de2273fab60,Active,2025-02-21T22:42:30.711024
77b4a946e7c2ae3f,Active,2024-06-29T20:39:32.677549
8c49e8d0d584d7fd,Active,2024-07-28T11:26:27.609450
839771a17563cae1,Active,2024-12-24T05:11:25.009905
b4b72e5915864fea,Active,2024-05-11T22:05:12.143873
8b49035fec8cfd2b,Active,2024-07-07T01:48:46.904922
6f977e467d939d9e,Active,2024-08-15T15:36:03.025936
5781ed1a96053ca9,Active,2024-07-27T11:51:05.378481
c89f0bec7f586911,Active,2024-09-01T04:08:30.917109
30ad02b774002cb2,Active,2024-10-01T09:03:19.840355
0b0f1f4f0e65f87a,Active,2024-12-18T17:44:52.151909
f0ee59f7cfcf6b2a,Active,2024-08-15T04:32:37.426811
42c0970c846c7a4f,Active,2024-11-26T04:23:26.075502
a17d394ecc979507,Active,2024-12-10T18:20:10.266255
c3aecf2094488766,Active,2024-09-04T11:52:11.604523
d0025084e11f3d83,Active,2025-02-10T02:34:36.271004
5ca78677eaa43d78,Active,2025-01-24T04:39:26.393749
0e9a92a834db9ff5,Active,2025-03-21T23:34:53.608659
210ce37b949e7a8c,Active,2024-04-29T09:48:26.412987
9cfc810a5cf55164,Active,2025-02-13T02:54:00.568388
24189a79c35501a4,Active,2025-03-27T07:12:35.102669
faf156c6493844a6,Active,2024-06-24T06:17:04.442649
67b17f7d6691db28,Active,2024-12-31T02:34:51.419085
089a869f0ce84eb8,Active,2024-08-09T05:15:24.068101
e95af97abb6ee39a,Active,2024-08-14T19:54:10.515969
ebf6d91980980a9a,Active,2024-12-01T15:18:08.266533
ba02867f114fa24a,Active,2025-04-25T23:08:30.923251
835dd36872e79122,Active,2024-07-23T21:00:00.332578
51c15a8e9d680a29,Active,2024-12-20T21:12:33.372448
c3583dca027f0b8b,Active,2024-08-06T14:03:47.418677
720cd2f1ed9dcc72,Active,2024-05-27T11:43:19.901970
1e4f776ae0dc323a,Active,2025-03-05T08:35:30.987184
7f6e0a402cf51d05,Suspended,2025-01-03T11:30:50.342552
dbee3e068cd2ac4a,Active,2024-07-09T05:25:07.649304
c2314462e63dcb75,Active,2025-03-13T22:59:12.068341
18246f1f6f182a43,Active,2024-12-04T04:40:16.764247
4ef7903fa9db1010,Active,2024-08-09T07:30:44.703206
ba609e27d5c7e8d7,Active,2024-06-21T23:25:19.645336
ee01ebfade95d053,Suspended,2025-04-20T13:28:56.384523
a7100948029b68d6,Active,2024-12-09T02:06:33.355910
b7390053dc22b6ac,Active,2025-02-15T22:22:22.580362
43e1aed8d7a9d97a,Active,2025-01-01T18:29:06.661099
0e97e0d7c43398bd,Active,2024-12-01T07:46:53.972149
62d4de72d17aab58,Active,2024-09-21T22:35:06.580185
df29d01f00321e2c,Active,2025-01-06T04:32:24.081530
0d755f93e232714f,Active,2025-03-23T13:41:49.714176
5c66d5d5f329d8db,Active,2024-10-15T18:01:39.074713
5bbc3e961ad437a9,Active,2025-03-16T07:54:41.688525
022adfc64be73adf,Active,2025-04-01T17:41:53.765165
39fb443010687032,Active,2024-07-06T16:17:35.840702
d4baecdc12b355b8,Active,2024-09-23T14:57:47.914382
4613f159a3f26160,Active,2024-06-26T13:01:58.412218
389636289cb4eb89,Active,2025-03-19T11:30:30.566082
b72ed4b23464f5dc,Active,2024-07-17T01:30:58.333695
96b58c833d5526e7,Active,2024-12-07T08:24:24.454125
daf15e3f2415a17d,Active,2024-07-04T15:38:25.590899
48ee92347d273abc,Active,2024-05-27T08:06:43.409977
c6422ee88cd36823,Active,2024-10-21T17:37:41.689993
a8836bbc2b7935ed,Active,2024-05-13T04:20:13.591089
00e68cc70dc7b771,Active,2025-01-30T17:08:39.946364
56dab8de43d6c54d,Active,2024-06-22T06:18:59.876969
d79aec1aec7683ac,Active,2025-01-19T16:26:36.308875
35ade6afac8c795c,Active,2024-09-26T17:09:37.436575
0e892d186a90a8f3,Active,2025-01-26T09:24:19.926630
d628bd65cc51336f,Active,2025-01-22T23:15:34.791015
6dc162b6a15a47ee,Active,2025-01-04T10:41:23.857280
04fe83516e4e63ab,Active,2025-01-10T09:24:24.437433
2842e33c6e1eb8df,Active,2025-03-17T04:43:55.708726
ecfed41de5689872,Active,2024-09-23T22:05:26.160278
8fed22de1d1f0c0b,Active,2024-06-09T01:29:43.856732
63586f00691fa1ff,Active,2025-01-20T00:28:46.831749
aa291b2704b1a7b0,Active,2024-08-23T12:03:07.611012
b82289b99589a3d5,Active,2024-08-12T20:13:18.233030
3ad8ceab1034ada7,Active,2024-11-02T00:36:49.943968
7f44979f61317906,Active,2024-09-23T18:23:24.648096
79bf3688e9a87091,Active,2024-05-05T16:28:04.624935
2d30478747613ff0,Active,2025-03-11T18:40:27.199458
ade62a119d795d74,Active,2024-10-16T09:28:20.736326
90d362ea08b24eb5,Active,2024-07-22T04:29:06.009491
276c6b3f4f7618dc,Active,2025-01-19T20:23:40.736767
febd0a0867c5f02a,Active,2025-04-18T19:38:05.898605
cb6b08696c796990,Active,2024-08-08T10:44:56.950104
57c49df4af611aef,Active,2025-02-23T19:05:22.640325
73bc5f8d48312eaa,Active,2024-07-08T22:34:34.612387
ee10b3d2ce4c5062,Active,2025-03-18T10:37:07.776268
d09935e2e56d4563,Active,2025-01-24T08:53:30.313755
8ab0cf3e17f3a690,Active,2025-03-30T14:47:25.004817
84aee136695ab9df,Active,2024-08-01T02:46:38.474797
6a8e75d1cf9e26b8,Active,2024-05-02T00:44:50.527205
2093a4dc46e22d5a,Active,2024-05-07T05:53:21.418214
af6b8d123936698c,Active,2024-11-13T23:15:01.767905
41f8f790a290ad8a,Active,2024-08-30T11:37:00.788973
cdfbcf37151ac15e,Active,2024-05-18T03:18:47.391091
98d2734eb806a9e4,Active,2024-12-30T09:24:47.451920
ae9e56690c71254e,Active,2025-04-03T06:37:50.019182
bd5d8161d6b6a74f,Active,2024-12-20T23:47:03.657292
ed589c729b148fa8,Active,2024-09-16T05:39:27.255211
75a29ccf6de97763,Active,2024-06-01T19:17:37.268566
008b9588ff2f65ed,Active,2025-03-12T02:17:45.192376
059fc9624b1c22ef,Active,2024-12-25T14:11:25.411783
e1c53e57769175af,Active,2025-01-09T12:33:29.780624
f4ef407a8812e4be,Active,2025-02-17T20:53:57.091613
e0701b549135385c,Active,2024-12-01T00:35:04.144228
3e83898547675677,Active,2025-02-14T05:28:27.978179
dd30bea28982f6d6,Active,2024-06-13T06:58:33.108859
cdab6e473fba7bae,Active,2024-12-09T19:48:15.859061
8fa57d80777eddb5,Active,2024-06-23T00:07:02.293223
a1a791da13d26f8f,Active,2024-09-26T15:21:11.109029
d4f412101a4ee7ab,Active,2024-10-21T22:22:45.680652
3a2149652b2f25a0,Active,2025-04-11T19:55:13.369166
ba19ce185830caf1,Active,2024-05-24T12:53:49.820623
1237b8e31ea96e03,Active,2024-05-06T06:01:53.490759
cd600a2b4cf2e0fe,Active,2024-09-30T12:48:36.848414
5a6c70d717c3ca60,Active,2025-01-11T07:06:09.944323
d4250b1226a976dd,Active,2025-02-23T22:49:40.057399
6d435b100d425a53,Active,2024-06-06T19:33:09.404896
0cf794b4cd62f145,Active,2024-08-28T01:07:24.266718
7d74f0ca73a7198f,Active,2024-08-27T17:36:05.374722
994256b107c85338,Active,2024-11-07T17:01:15.406516
6a3d2601024833f3,Active,2024-12-04T21:58:51.031995
208e14549137f22e,Active,2025-03-17T10:44:02.627204
fc78393118d8ccc5,Active,2024-12-02T18:59:12.216144
bbb92755b1a18959,Active,2024-07-14T18:34:08.272323
5cdc3ddfeb7b5db1,Active,2024-12-22T04:09:34.778891
370e2b0e34bd2f66,Active,2024-05-16T16:13:24.005183
76b05dc26e24028c,Active,2024-08-03T09:28:37.907958
b6b554b440b05e14,Active,2024-07-18T17:56:41.765678
0245a1524ef6bf03,Active,2024-10-22T16:41:20.069531
dcbe261af3f06f9d,Active,2024-08-08T19:21:18.723835
8bce198421146016,Active,2024-08-12T01:15:53.800023
d6505951032df853,Active,2025-02-12T04:49:00.070575
03d325aae0812270,Active,2024-07-29T01:38:59.190671
85359d0030d72d43,Active,2024-08-24T08:22:05.194336
5de55d6854e169c3,Active,2024-12-03T11:28:11.188490
cfd7c60effd985f2,Active,2024-11-13T13:53:49.142218
072ff72e1b14179a,Active,2025-04-15T19:06:08.435605
37dd32f4086a93fd,Active,2024-10-24T10:14:21.203737
d49aed2d6622ad82,Active,2024-12-02T07:00:30.453560
f923fc99ce83888a,Active,2024-11-28T09:53:44.208165
56a887d8e6b4653d,Active,2025-04-08T20:18:58.645607
72032550b39c79fb,Active,2024-06-09T00:55:17.026069
64b0a43208e5b7a4,Active,2024-10-24T11:40:04.813189
607a5368538b6fb3,Suspended,2025-03-09T21:34:26.598838
a8ac4a9950844e0c,Active,2024-10-02T20:02:05.288205
c56f7408c9f25ef7,Active,2024-09-02T01:34:14.222857
16ebdc188c6c1425,Active,2025-04-26T16:51:34.675028
2939e53c86ea7cd0,Active,2025-01-03T17:49:13.153266
2ab8f0e2cbab7cad,Active,2024-05-18T13:54:42.431668
c656a829c19121b0,Active,2024-05-19T06:44:35.177968
b0742ee4ac75b079,Active,2024-07-06T20:46:21.735849
177718128fed91ae,Active,2024-06-30T17:43:45.872150
8c16ee3f4c9663d6,Active,2024-12-16T22:59:43.521353
26bfbe8e16b949fa,Active,2024-10-04T12:08:50.998729
1327f65751a8abe9,Active,2025-01-04T03:52:13.270581
ef676dd54ba187a4,Active,2024-12-08T03:22:27.023453
c5244f519ac68648,Active,2024-12-17T22:22:31.419845
611f8fa5c7b274b4,Active,2025-04-23T03:31:29.528072
5079883763a77015,Active,2025-04-14T08:53:51.298833
c07634f84877eae7,Active,2025-02-10T22:08:12.405891
33cb871ba27bb15c,Active,2024-06-10T18:07:00.970980
2366ce0c36b6cbb5,Active,2025-04-02T17:08:54.458326
1e06337ad30f48ee,Active,2024-05-28T21:42:17.833246
85a874a2d17a7df2,Active,2024-07-05T19:30:45.595205
9878e23371a8fbd6,Active,2025-04-20T16:33:30.731735
247a1e688f1047cd,Active,2024-10-16T16:30:33.745148
ddf2dca2ab76a633,Active,2024-07-03T06:20:19.038615
d3b334efdb1f35e0,Active,2024-12-10T12:22:00.812870
c21f6a0fcb03ccbf,Active,2024-09-15T02:05:44.382064
6c3bd564e00ee7d9,Active,2024-10-06T20:16:12.178142
90befb9c36357aab,Active,2025-01-18T16:22:59.911478
9edd4c2b271c4baf,Active,2024-04-29T08:32:19.144840
83c89c4ab5412a62,Active,2025-04-01T13:57:59.957974
3e91a4b3c622e039,Active,2024-10-15T10:27:44.074281
efcaf58bce41862f,Active,2024-06-13T22:45:10.552583
fe2c791ee1c14602,Active,2024-12-13T21:15:41.260412
b8110359d5e554fa,Active,2024-06-28T09:54:15.543633
f680055a8bdb3c23,Active,2024-10-27T03:28:29.987000
6327977d6bac8527,Active,2025-02-06T05:44:46.390214
7ea2cd47f90cd5a3,Active,2024-07-29T04:44:43.014475
61f94551939605f4,Active,2024-11-23T05:45:43.310778
f3bc1d18a8afc4bf,Active,2024-11-17T00:25:48.475343
b5cbb6eee3241511,Active,2024-10-07T18:18:50.202395
28a1c8fb45c329d2,Active,2024-10-28T22:32:24.764015
9b58742cd59c28a4,Active,2024-06-13T07:32:45.694795
b768d86409da40f1,Active,2024-06-17T06:39:09.568337
050c966710e3e166,Active,2024-04-30T23:32:18.267224
0b818b3c71992dae,Active,2024-05-07T11:11:42.016167
28fd390753e8aed2,Active,2024-11-28T08:54:11.223110
1922f2f20cbb381d,Active,2024-06-14T07:12:42.041229
291de24da7a87109,Active,2024-10-02T05:27:18.410731
e2a04e7986c2f48d,Active,2024-11-08T01:12:39.802192
71648309b2457b95,Active,2025-03-25T01:03:28.035466
bcbe0ce23a5ee5b8,Active,2024-08-07T10:39:35.228215
71f6dcb7459a9f01,Active,2024-09-19T23:35:50.792464
940b7349c7855c27,Active,2025-04-24T18:09:52.349975
c93f2ca0ba6f16ba,Active,2025-02-25T04:24:02.903928
ed8013e702fb14b2,Active,2024-08-16T18:19:42.554021
b111c63da5efc951,Active,2024-08-09T05:55:35.234555
8715f607ac3d9bfc,Active,2024-11-12T18:36:45.320140
eb9db4c325b68d32,Active,2025-02-04T05:51:58.193892
1bca0509e98c21d0,Active,2024-05-19T19:35:56.802808
564795204e3cf77b,Active,2025-02-23T14:50:07.475083
ce3457efb32497d3,Active,2025-02-15T11:52:41.511634
e0e35be140d61941,Active,2025-01-13T16:56:20.330853
7952269c73f8e658,Active,2025-01-24T23:19:18.760997
d57625ad68e1a1d7,Active,2025-03-10T22:22:38.615593
fc14791c577fa255,Active,2024-11-10T14:31:36.782910
6b0cbbf12c449ffa,Active,2024-05-22T01:03:19.906562
7461cadbe11ca1f3,Active,2025-02-16T15:43:29.320766
8893fb0c503a79a5,Active,2024-11-13T08:20:45.175250
6ff16a29db16bd18,Active,2025-02-08T05:43:57.110962
a8aaefb6f94bf071,Active,2025-02-14T09:46:16.703363
7c04982881833db1,Active,2024-04-30T02:01:34.965401
ccabaa2a8547dd98,Active,2024-09-24T15:39:31.932845
ea1d70ba28b5ef94,Active,2024-07-15T18:57:27.862852
7ed154696813b04d,Active,2024-10-02T15:59:26.131859
0bb3f33aa69b1807,Active,2025-01-03T17:34:33.076180
51d0e33fd7afe419,Active,2024-07-06T23:05:02.919178
bfd3f75f48ffabb6,Active,2024-05-28T07:44:55.804650
92b6f1783dde8d77,Active,2024-11-24T23:51:14.219099
f5773d34acf2ff23,Active,2024-08-18T14:12:00.588822
1bf735c949c803b8,Active,2025-01-29T03:14:00.877545
d195cc2816083b31,Active,2024-08-08T03:13:22.470124
eb067f29165a0224,Active,2024-10-22T13:01:10.472636
48fde258d795e705,Active,2024-05-23T04:54:32.237557
84e55c8765ed1a07,Active,2024-06-22T08:23:56.019186
576c8c3f39406136,Active,2024-10-06T10:50:22.623964
1345a3eda8eaa478,Active,2025-01-13T22:39:19.637920
36c4e2bd3630489f,Active,2024-11-24T10:49:55.447585
7894d993a32ad28e,Active,2024-06-17T02:58:52.407703
690589a3a854886f,Active,2024-07-10T21:39:21.551557
abd757471807dcac,Active,2024-11-05T14:27:26.003634
323fc5df328547a1,Active,2024-07-01T01:30:14.043695
67a27dfbe0be190c,Active,2024-08-19T14:35:28.813885
428b85aa2af611ec,Active,2024-09-27T14:16:29.037786
eefad31f1e1a42d8,Active,2024-11-21T12:20:09.962860
f4ac2fd78545e532,Active,2025-04-18T14:58:48.750666
c891bfd23317eb01,Active,2025-03-09T11:02:27.285792
04b314d4454a5676,Active,2025-03-19T18:38:59.385134
f9a66c30ff123df9,Active,2024-05-11T11:52:45.542007
c6942cc3b1be98ae,Active,2024-12-08T01:08:14.074795
fb5c2d0b90b06c7b,Active,2025-04-24T05:41:37.772707
b5f8dc8b3cb6e264,Active,2025-03-02T20:17:31.913834
3820a215869e394d,Active,2024-11-08T20:22:04.981836
1486fdf03936fd9d,Active,2025-03-08T14:46:18.879423
fd641bcec6db0ac7,Active,2025-03-06T23:15:25.202127
11e162e7a5696c06,Active,2024-07-30T16:01:56.165329
c10c16cff5692fd6,Active,2024-12-14T10:12:07.294369
8f9531f71f5fa52d,Suspended,2024-10-02T13:58:06.698338
fa57ad0cb2dca56b,Active,2024-08-22T02:35:32.208844
66fe1401de13584d,Active,2025-01-30T05:55:11.875533
a2ac58e37de6a551,Active,2025-01-07T18:58:30.626443
5b8bad0728778c43,Active,2025-04-21T14:35:55.027867
2495b86347f27ead,Active,2025-02-05T00:36:20.645068
78f67009b9709d68,Active,2024-08-17T07:59:09.449771
ff30e21e98bd23ea,Active,2024-07-18T02:44:00.140049
9122b70feaa7e9a1,Active,2024-10-14T19:34:30.773526
45c8f0da2ecc51ea,Active,2025-03-26T00:44:37.594148
ee89bf2b5a9b57d1,Active,2024-08-10T03:33:40.658544
0b0463c9a3c9e939,Active,2024-08-05T21:20:21.480023
412d25a7f73b74d9,Active,2025-04-06T15:55:59.908872
be58319abbe6d30a,Active,2025-01-26T23:37:49.157280
2a0deb3dc766c7b4,Active,2024-06-18T11:24:58.444477
5f483bc5f10df8ee,Active,2024-12-28T21:44:27.138427
a027459874d8fc45,Active,2025-02-14T10:19:10.546371
ea585d410d962a83,Active,2024-09-04T00:36:09.571734
8f2b5353909c728b,Active,2024-08-15T06:45:39.502249
a5c14012191f15ff,Active,2024-10-17T14:51:18.768249
72f080b0fe7a72ac,Active,2024-08-08T10:51:47.040814
c28c0a6ce9b190d8,Active,2024-08-02T23:01:11.807760
3987c40bc7ef1164,Active,2024-12-10T00:52:06.130011
3bd4a3ab273cba39,Active,2024-09-28T00:24:38.199937
86222865b1088d25,Active,2024-09-08T12:00:15.463667
690e2fc220447cb2,Active,2025-03-25T00:22:18.733240
8abd94550120eb3a,Active,2024-06-05T03:30:27.428274
553445608eb2256c,Active,2024-11-02T19:10:28.139359
e0c2d912b715c4a0,Active,2024-10-31T19:06:18.051087
8031e8439b2463f7,Active,2025-02-09T13:13:28.215921
a2d0878ae366a994,Active,2025-03-19T13:01:55.079616
c4bf84dc406d8e43,Active,2024-07-02T07:04:44.014892
6457e1c6df28f267,Active,2025-01-20T01:38:25.282287
fc01b92ed1f8aaac,Active,2024-05-15T13:18:17.466083
802b594535e24fc2,Active,2024-10-25T06:26:44.043859
02e9565c983e900f,Active,2025-02-01T09:27:19.396524
9724d820016173cb,Active,2024-07-05T22:06:26.203158
a3d2d5106f46995c,Suspended,2024-07-30T06:32:03.129602
f65fe2f9123f2fd7,Active,2024-05-15T11:10:11.372573
b793dc06d3e95a80,Active,2025-02-06T06:52:58.240721
d708fdbc8ba87cba,Active,2024-12-22T14:22:57.806267
65a7a68eac2fc345,Active,2025-02-06T11:34:31.440103
6b6329165e601aaf,Active,2025-01-26T09:05:40.429523
654b94c40833eb92,Active,2024-11-28T13:09:39.405655
f7915d768371d0a3,Active,2024-12-02T05:43:42.204459
91aff6f7e7a12298,Active,2024-08-04T08:45:19.756895
dca50e4ffbd13b57,Active,2024-05-26T10:07:45.155582
8a0053608c4800a7,Active,2024-09-19T09:55:46.281579
8836c548d8472fa3,Active,2024-07-10T00:33:55.046960
78d2ed49b3205928,Active,2025-03-14T02:22:35.283780
74437025a0c11021,Active,2024-12-04T08:17:32.278607
8f0db2037fb760da,Active,2025-02-15T06:03:23.973760
823f0ff448d335d3,Active,2024-05-25T01:41:44.317512
e1c3a0e0360a036a,Active,2025-01-14T04:49:47.005802
0432f4d7fb8d1ad5,Active,2024-07-07T13:24:59.905999
f06452e208846e5e,Active,2024-05-19T06:27:11.810506
04689a2d8abebc67,Active,2024-12-04T20:39:40.296473
34202221a15d18dd,Active,2024-10-09T06:36:04.325210
a4e033f7cb480eca,Active,2024-12-16T14:48:40.874789
fdb2d87397771ef4,Active,2024-10-26T22:33:28.985246
245ac913a5add1ba,Active,2024-11-27T04:33:25.696025
8cc1607958eccbc7,Active,2024-12-27T07:11:20.584040
2c5c9068bf040192,Active,2025-03-15T11:51:32.947548
7ea4d3ab31ff5c6c,Active,2025-04-08T21:42:40.936923
545684f7f9ff7d00,Active,2024-07-30T05:21:02.632322
dfa9a3af9b37f756,Active,2025-01-03T03:46:22.493557
b79e0ac0278b18dc,Active,2024-09-03T15:13:46.027737
891d5a801a4f147d,Active,2025-04-12T13:51:07.397964
bb0b23780d58fdba,Active,2024-07-07T12:05:12.201260
8aa9fbf82b64ab9f,Active,2024-08-27T20:48:03.936991
6619248d92baf443,Active,2024-06-25T19:44:26.187011
44c095cbdfaa2cc8,Active,2024-05-11T10:17:31.403848
ced20ac1cf3ed807,Active,2024-10-29T02:20:27.823173
fe9418c79c4c4238,Active,2024-06-13T00:43:52.875436
b8f0e90c23a2d063,Active,2024-06-08T19:44:54.057441
0bea1a900d29439e,Active,2024-12-15T14:07:00.145042
b8285049eabf3200,Active,2025-04-10T22:01:06.361434
5bf57787140b7be5,Active,2025-01-06T14:41:21.170541
d60c21c1ec65899d,Active,2025-04-21T04:49:04.199530
0d86d8f1aec849a8,Active,2024-11-01T15:36:28.112058
ceb25e51b695cebb,Active,2024-11-29T06:49:00.533717
15d6901d91e469ea,Active,2025-01-14T18:26:07.200010
f20b0a690c67e541,Active,2024-09-21T02:20:52.071240
460d5d2431aabac0,Active,2024-12-18T23:21:12.962969
7fd3a39184ba47e8,Active,2024-11-23T19:43:54.075603
735e13dfb92fdcc2,Active,2024-09-21T13:10:05.946444
0602c8f9122e186f,Active,2024-11-30T04:24:25.875321
130cacfd7f37f6e5,Active,2024-09-21T12:19:07.051766
4d62050777f2a160,Active,2024-11-01T21:13:20.010798
9de13e8816df98ce,Active,2025-01-18T03:37:10.524297
116b9614cfbabef2,Active,2024-05-02T02:54:47.656890
bf25e2d1361648b6,Active,2024-08-04T10:58:56.989161
0080fc4847acf506,Active,2025-04-26T04:43:07.869761
f446f4a99d56bc77,Active,2024-07-02T06:01:48.192771
95bf5e2f932c87dc,Active,2024-05-22T20:39:50.613844
39640e18ce3835e2,Active,2024-08-18T21:22:33.979836
843ed52bb607b1d5,Active,2024-11-06T22:17:55.339499
05c1ef4e1ddbd000,Active,2025-04-15T21:10:07.610653
ceb5f2c04f908a69,Active,2024-10-01T08:14:47.501183
af9e1ea2e2596ca6,Active,2025-01-15T06:29:13.087992
967e960cb6f0db2a,Active,2024-11-05T09:53:45.955992
c20e9898b6db1c6a,Active,2024-06-14T20:27:16.436133
185eb9539f1838e0,Active,2025-02-17T11:38:17.228469
e263b6700a5f6449,Closed,2025-04-20T13:44:58.616269
c2c8e7b37d45fa91,Active,2025-01-25T21:59:12.515736
852e21ef30c7230a,Active,2025-04-13T00:19:06.331478
979166c9357af647,Active,2024-07-03T03:25:09.654094
fd3afa4994fbee2d,Active,2024-08-16T11:35:39.622642
d3fe665a40a585e5,Active,2024-08-13T19:26:57.220247
6525839f0c3b0294,Active,2024-10-09T08:35:26.526667
4978891ff437f57c,Active,2024-10-08T03:42:00.995152
834c0e4a53b7de14,Active,2025-01-05T04:08:33.282133
1c5b3f722a69ad57,Active,2025-01-08T06:52:17.521886
271054e51ef372ab,Active,2024-10-19T21:47:52.183608
5595e9c1a3db55e3,Active,2024-09-23T06:47:23.428361
1255d19db991ad6d,Active,2025-04-15T18:13:12.074744
4b3c5e4436b455f7,Active,2025-02-15T01:36:31.832192
60249a4add909cb3,Active,2024-08-11T11:22:03.231979
337b63675c77f897,Active,2024-09-18T07:07:14.727106
8b4442147f0c36ec,Active,2024-06-24T10:53:34.671490
44b04a003663bf18,Active,2025-02-22T08:44:33.534529
c08db5142d6b5581,Active,2024-08-22T21:49:26.325698
f6055836e2b366ec,Active,2024-12-09T01:35:25.344207
359903c2f3cee07d,Active,2024-12-07T11:18:57.094494
38251e6ac9f34c0e,Active,2024-12-08T05:16:36.611780
a6c284ffc4767234,Active,2024-05-17T03:26:56.989110
e1ce9c960ff9b67f,Active,2025-03-14T19:17:51.735329
38d87e1c6ad60463,Active,2025-01-18T18:53:39.050583
efd45f52cafb8ed5,Active,2024-12-08T00:37:27.655781
adfabddf9a532627,Active,2024-10-23T06:12:19.751730
c6b6979dd3423017,Active,2024-11-01T03:26:46.527997
a289dce4cec586f8,Active,2024-10-28T02:42:52.460548
21cdc604936f1800,Active,2024-05-26T08:59:34.079567
454049aa9f61538f,Active,2024-10-26T12:28:48.697309
a2093c2694a304f5,Active,2024-07-09T09:14:59.904237
e018a4a0b78807f1,Active,2025-01-25T15:45:35.966332
287d6d61dfd19101,Active,2024-08-04T19:17:10.416075
d69c87166b82f28b,Suspended,2024-08-26T19:14:54.876806
492ca10f9633ce7e,Active,2024-07-06T22:07:34.297251
79af82db9b7a0a5d,Active,2024-09-30T17:16:10.922436
ad6535d49ba113f5,Active,2024-06-03T03:54:17.703932
4ecedf6edbddd260,Active,2025-03-23T15:56:54.622120
a847a68194ea3f82,Active,2024-06-05T06:35:59.952050
a16fa553c168e96d,Active,2024-09-25T02:44:31.727499
1b95128e78bc44fa,Active,2025-01-29T12:02:13.941983
54b4d276b8ccfc25,Active,2024-09-23T20:35:15.520949
a06c48ba23e0529d,Active,2025-04-20T04:24:19.771037
3aa639120f32b030,Active,2025-02-25T17:57:42.011858
9c557757e4604d5b,Active,2025-01-06T22:07:10.467293
28c6728022a9a5f6,Active,2025-03-25T05:55:03.980531
94019c3d292d5da6,Active,2024-10-01T03:59:33.018804
c54cfa0bbbdfae64,Active,2024-05-07T10:08:08.037728
3e8ae7802f4c4e6b,Active,2024-05-15T21:43:34.167468
0a813400beca9376,Active,2024-10-20T15:13:57.412902
eec285e9506b5a2c,Active,2025-04-10T02:20:40.733695
e05e2fc35e1abca0,Active,2024-11-09T08:56:48.422895
0f9711d55c0435b8,Active,2025-04-21T13:17:55.315705
6833744038b35192,Active,2024-07-27T21:50:29.493001
67f9db3548a99a04,Active,2025-01-24T19:58:51.105986
6215b41529e385e6,Active,2024-05-13T12:45:12.112725
de55073b29d2d9da,Active,2025-04-09T00:26:20.233407
da6d6aa56f79c1a3,Active,2025-02-11T01:48:48.251415
c3b111cd3762981e,Active,2024-08-12T02:10:15.372652
bcd5cbd77d813b41,Active,2025-02-03T13:15:16.875360
885aee5a4b6bb9ce,Active,2025-02-26T04:13:04.708755
539dc33fd4ac9e9d,Active,2025-01-03T00:43:42.436329
289a5cccaafb3301,Active,2024-08-01T04:12:20.427052
c87eaef481a37e58,Active,2024-10-02T01:34:04.919562
c7e313b0177018a0,Active,2024-06-06T11:38:18.302233
8254b1539f9c529a,Active,2024-07-08T23:58:28.555387
e8fdc441d5e45699,Active,2024-06-08T16:33:36.947148
679d1309baf9ad76,Active,2025-03-09T16:02:27.713660
4b18041f2e0383bd,Active,2024-09-28T04:30:58.545625
0adb325336a8a26f,Active,2024-10-01T21:47:21.017079
e1d5cc46e79accc9,Active,2024-08-28T20:27:28.444423
2a7ce346d4e18e65,Active,2025-03-21T11:08:54.965887
f3b688a025e9a981,Active,2024-09-10T01:51:26.363969
7bc3c243243718cc,Active,2024-06-09T22:54:09.416222
bdf26c7928dbe46e,Active,2024-05-08T13:40:23.264190
b9f9a20f6713f46e,Active,2024-06-30T19:12:14.928417
c8b6255ae6c60449,Active,2024-08-05T16:34:58.236602
2c09eb654517d67c,Active,2025-03-13T08:19:38.242764
cd68fa4ce8360439,Active,2024-10-24T03:13:04.713036
e6efa7a51e5a5e6c,Active,2025-01-01T15:50:14.479595
1be2eb8156006e4c,Active,2024-12-26T19:47:27.499652
df1bed6665f9a629,Active,2024-11-28T13:21:28.508087
af27cca9ac67860d,Active,2025-03-30T04:10:23.574408
487e87e9d38c1038,Active,2024-12-09T16:12:58.873889
b41ee618f0b2ad6a,Active,2024-08-26T19:07:58.992078
f51bb9dfffc11218,Active,2024-07-26T18:48:08.846196
f1b572c2d3137054,Active,2025-01-11T23:59:31.885727
7547ccefd04464a5,Active,2025-03-29T10:30:28.368731
a990f5ca380992cd,Active,2024-05-23T17:01:41.207682
5cdcaaf1801d482a,Active,2024-10-09T03:43:31.836692
b4656440fec3e8d1,Active,2024-11-21T02:14:15.699969
5bb7d46e844bc68b,Active,2024-06-08T08:37:00.575278
1eb6d4c8e7ddbb50,Active,2025-04-02T03:48:19.477051
e44e2cdef5acb414,Active,2024-08-29T05:09:18.948851
b56a781f3f6c3818,Active,2024-11-24T00:02:50.340059
623302271968db00,Active,2024-12-27T07:31:02.586193
a4a57d33e9d2d967,Active,2024-06-04T01:54:27.629964
ed2cc911baa48123,Closed,2024-10-27T13:07:24.201437
84634104a7fdd3e2,Active,2025-03-27T05:38:26.721457
86b51ba6662dee2b,Active,2024-09-23T06:10:37.745358
7a6ad013d09716ac,Active,2024-12-11T08:45:03.169731
074e8a1ecfd04ae7,Active,2024-08-13T20:26:29.002561
4e1545c3aa391db4,Active,2024-10-09T04:38:51.638519
139d178eb6cf076f,Active,2025-03-02T12:01:30.816874
f921ae5d32934e88,Active,2024-06-06T03:26:30.965479
162c0a64a6ad29a7,Active,2024-11-13T07:01:44.107705
82a20482d51304d3,Active,2025-03-17T07:28:45.460352
995ce54f3cbdafa0,Active,2025-03-14T09:23:36.545740
33d002dd50ec7155,Active,2024-09-12T05:20:34.440531
82e1e89732038093,Active,2024-06-01T14:00:51.424744
c5055ef8a140d1ae,Active,2024-12-03T16:38:32.990941
188cae5a68330469,Active,2025-01-16T04:25:13.686629
7ec07dc6506f6f14,Active,2024-10-10T10:58:55.761400
b641d28d2de13326,Active,2024-11-14T01:05:42.307933
5ea9af4fb4ab266b,Suspended,2025-01-16T01:53:21.987986
2aaea86d5e6ebba9,Active,2025-04-20T07:38:27.854261
9db27013409384e7,Active,2024-06-28T22:14:40.531498
3986a87254514a99,Active,2025-03-21T18:15:01.809858
73ff94ddef0c7fa4,Active,2024-08-17T12:42:08.944649
63aa05523d1bc639,Active,2024-12-15T11:15:09.815074
3ba52da461cc97dc,Active,2025-04-20T23:06:22.203766
fcc579b6c58f9a40,Active,2024-08-01T17:18:06.742887
cf81f8f700262316,Active,2024-11-14T20:04:30.441512
9280b3ab9de00340,Active,2025-03-08T04:50:08.084760
dcd355f09d0e4cc1,Active,2025-02-03T08:48:03.825736
5ffb225fe153ce98,Active,2025-04-24T18:53:24.150555
c9fa467f92066819,Active,2024-09-19T20:07:36.708236
364ed1707f558f48,Active,2025-03-02T11:24:26.950010
86418309ccc21bc2,Active,2024-06-16T15:06:43.353338
44a479067f8499ee,Active,2024-07-26T04:16:52.840350
423f71f4f21b0e77,Active,2024-06-21T22:29:26.327102
f9cb41a0ec036dc3,Active,2024-12-12T01:47:02.563973
d03108a10c764646,Active,2024-07-10T23:30:15.841025
cbee61d5d2e578f3,Active,2024-06-26T02:21:28.800184
2d3c7cd45de71fea,Active,2024-07-23T08:32:25.191938
e55a9397dc1f7837,Active,2024-11-08T06:05:00.027001
50e3f5c647851dc9,Active,2025-03-03T06:36:16.154002
dd12362b8808b77f,Active,2024-09-08T13:42:38.866995
8ce85e1ac1f4dd71,Active,2024-06-20T07:05:51.118954
74d8c7eed7d3611a,Active,2024-07-19T09:51:53.318646
5074a56c01d85eb6,Active,2025-03-31T19:21:08.170642
14b4bd1db98e3309,Active,2025-02-22T10:20:47.622762
c56055e4a0a11dcf,Active,2025-03-16T19:51:35.438957
ca5b613686b8ec30,Active,2024-08-03T03:50:20.039468
010afbc75e2420e0,Active,2024-06-24T18:49:22.769211
3daf9deae3b9c12a,Active,2024-07-31T21:42:41.044306
88d6dc2030565402,Active,2024-10-07T21:08:21.246751
33a864a082fdb099,Active,2024-09-22T12:17:15.361325
e7fe9dc7fd015c5a,Active,2025-03-26T10:09:10.837950
5aa38737d28498b2,Active,2024-06-06T06:58:59.502766
89c662b892b5fc81,Active,2024-07-02T11:55:58.280375
d0c5a55e01d62cda,Active,2025-04-17T21:06:06.160832
8e2bd03a6402d172,Active,2024-10-04T16:07:31.619423
4f954dfc6dc3d88c,Active,2024-06-11T23:15:40.769473
8e6d83b81713359e,Active,2024-10-01T02:32:46.158181
91a18648d6beb93d,Active,2025-01-13T03:28:18.213024
19bb24262fe11fa8,Active,2024-07-06T08:30:27.721980
c1b2bd1a97873d3a,Active,2024-09-07T15:03:04.279428
2b54e577f31c81b9,Active,2025-04-22T08:38:44.227217
6288381f8541b566,Active,2024-10-06T03:54:20.504765
f9802534bff77adb,Active,2024-07-09T11:59:59.577806
b11f84354b1000c8,Active,2025-03-05T10:32:00.128362
b59dc802869cd761,Active,2025-03-04T19:31:30.905605
4e8716b1c042a0a0,Active,2024-05-01T07:50:20.185069
a062c77425d8bb1d,Active,2024-08-06T18:15:54.394591
400a82c96ff7aad6,Active,2024-08-22T23:47:12.607163
ac06ff2892eb35bd,Active,2024-08-06T21:32:29.142637
7437f72c06bea7bd,Active,2024-11-19T00:55:57.287700
5e5e0b6cca5e7c07,Active,2025-04-23T07:05:44.411187
496674c00434508d,Active,2024-06-02T05:29:35.390313
4a581275c23bf616,Active,2024-11-10T20:49:39.673765
a0f090a37caf3366,Active,2025-02-19T02:48:33.612065
98ac5defae76653a,Active,2024-08-07T08:02:31.966076
9c57a990b428d8de,Active,2024-07-25T04:53:32.081039
7e47e492229dacab,Active,2025-03-03T10:52:05.184551
a021b213052e354f,Active,2025-02-11T05:39:57.549250
d3b2fb5543481aa1,Active,2024-12-19T10:59:00.953536
eeae06c807a85eb9,Active,2024-11-03T20:52:14.602471
0e30e03d8de8de4c,Active,2024-11-22T05:09:45.889507
e9547028913e9676,Active,2024-08-17T14:29:45.684140
5c1a5b3cd2dbf9f6,Active,2024-08-27T02:23:55.084818
4881e633f9713a5c,Active,2024-09-30T20:15:30.629522
0c4ccf11f6ad50cd,Active,2024-10-02T06:48:19.048055
14e4d506b20d3c3c,Active,2024-09-30T17:57:44.566597
22c3a17538774f7a,Active,2024-05-24T04:04:20.203249
fea432eba7a1379c,Active,2024-09-06T03:53:10.546105
734add0a07ad7ef8,Active,2024-09-09T00:04:04.438430
faf60ec4df092d24,Active,2024-12-27T23:29:16.720334
116400d4eb66c4e0,Active,2024-09-25T04:49:11.316833
379c4807012cb295,Active,2024-11-30T16:22:08.648591
b2471d695f511197,Active,2024-06-04T15:54:17.029444
15c6b8793d3b3328,Active,2025-01-19T14:51:09.392123
d3faabe19888aa46,Active,2025-03-04T16:43:30.897570
9d25e00cc30e508e,Active,2025-02-05T16:29:05.253226
7015ef112e35374a,Active,2024-12-22T08:28:55.703222
16714daad6501796,Active,2025-01-24T23:39:40.027653
bab6452ee4ba0ac9,Active,2024-08-13T14:38:25.170575
f48a3a45cf93fa1a,Active,2024-09-10T00:40:08.663789
5b191daf2081d5ea,Active,2024-07-19T08:34:58.599835
055dbd8806167884,Active,2024-05-17T16:57:13.567276
ebb5da3f2ca3962d,Active,2024-10-12T20:57:44.801417
7c6337f286f29ee0,Active,2025-01-09T16:40:24.430931
b5209f4e3fd67d19,Active,2024-12-30T10:46:20.915611
7c49cd6de3dfae3f,Active,2024-12-15T22:53:03.274107
93d814815c2a00d4,Active,2024-12-16T10:34:30.187332
ab71cfa4defe835e,Active,2024-09-13T02:34:22.094482
0438daddc4a316b2,Active,2025-03-16T03:41:04.242046
5a215c46cefd74cc,Active,2024-11-23T00:19:17.048872
090dbb5bb3f24b65,Active,2024-11-06T12:28:26.184988
a1e4b57bc62333f5,Active,2024-11-09T01:24:58.064258
d6e91f16207d7b1d,Active,2024-05-14T22:57:12.555568
c74a6d58974e1690,Active,2024-08-02T10:06:11.673866
d63fb3a2d6898b35,Active,2024-06-04T02:08:10.734919
8a7c6bf8a7584160,Active,2024-12-20T18:40:15.141043
5bf7c35aadf0628a,Active,2025-01-21T07:21:17.065477
b954b2ec4a26ca56,Active,2025-04-14T08:31:28.164972
bb747b5d3ea07b4e,Active,2025-04-28T11:09:22.103207
9e9ce39dbb44473e,Active,2024-11-29T23:24:02.838228
26286efb8dd1e22f,Active,2025-03-03T19:51:55.435164
551a74070475f1fc,Active,2025-01-29T02:53:46.770503
da8d2884b4d54369,Active,2025-02-28T16:14:45.926590
2b2d51ff6d8e55de,Suspended,2025-04-18T16:44:15.230103
524eb5a97af4ea77,Active,2024-09-10T13:11:44.991100
33c199b79d4528bb,Active,2025-04-09T07:24:30.863850
1a6c721739622ff9,Active,2024-10-05T14:32:11.251123
6ce69d3c7d10ec36,Active,2024-05-19T00:17:11.762365
3f95582c8f1013a3,Active,2024-10-11T14:03:52.087379
cd989bf317e5c8a5,Active,2025-01-26T17:43:26.675070
f6d1782b51d6491c,Active,2025-01-07T06:02:09.673840
c4797393fbc3ec5d,Active,2024-07-04T05:18:36.151002
b4a541549069bf5c,Active,2025-03-02T12:18:48.989016
53f68a3ddb25a73d,Active,2025-02-20T17:44:43.806719
809a230851b55235,Active,2024-10-21T04:52:30.896247
ab1a3c51e4902894,Active,2024-07-03T18:52:28.035014
6cbb477d7e34fafb,Active,2024-09-04T01:14:32.147580
5ce0f824d45f4c9f,Active,2025-04-23T04:04:58.647823
16b954177b77b893,Active,2024-08-04T23:00:42.964037
4e576dd0726b35eb,Active,2024-06-22T22:08:47.237473
28ebac75c9aca9d8,Active,2024-11-01T07:10:11.381531
8a8e4145e82c492e,Active,2025-03-25T18:07:49.527103
06da34c55be5ca2f,Active,2024-10-23T04:57:36.757401
427037cf931b7a81,Active,2024-10-05T15:08:42.711947
1519ab2fc541c48e,Active,2024-09-27T12:28:32.579607
550e368b7112f2e8,Active,2025-03-19T21:15:56.701454
6aa543f17160a190,Active,2024-06-11T02:32:42.050169
d425e8e9fa40cae3,Active,2024-11-29T18:36:40.116839
b96b872b6030bf9f,Active,2024-12-10T23:17:24.687538
741f3a7ec6a95c8b,Active,2024-06-29T16:15:01.336789
03f0510bad5493ec,Active,2024-05-24T22:27:28.796872
842b81283e772d7a,Active,2025-03-02T23:22:10.758835
bbd2da9d3279ef96,Active,2024-09-26T22:16:13.042156
1ed0d5ab6bb33660,Active,2025-03-28T02:41:14.152632
4ea2726a0d7fe75c,Active,2024-11-21T13:48:44.308970
3dd43d54af4af4bb,Active,2025-01-28T21:50:10.317349
1875405e77ae3b95,Active,2024-06-09T20:33:32.662607
21052aae52449e74,Active,2025-04-06T13:20:08.084878
88d9b9c4cc8267f4,Active,2024-06-09T19:57:49.888384
19c0f1bd2adb99ef,Active,2024-05-03T01:51:09.821640
b463559c35385968,Active,2024-12-29T13:47:06.006508
5311497e6758bf8c,Active,2024-11-14T02:28:52.730523
5dedbb19799191ed,Active,2024-07-24T18:29:48.212061
f1b65e60ce2e8a97,Active,2024-10-20T15:23:12.473417
cd42b2b0cdbdbeea,Active,2024-09-07T00:58:45.948640
22cb69d9c33988ce,Active,2024-05-06T09:10:56.671722
6275d0c4bc69ecad,Active,2024-08-17T08:43:54.554629
bad9c4a3a2a14e15,Active,2024-05-30T15:25:48.116015
ee1d5c552fbdb18d,Active,2024-10-09T06:42:13.414751
6096ff7c3fa70af5,Active,2024-06-11T16:36:46.982651
64c179564e67d727,Active,2024-07-29T08:30:02.333320
053ee2c70ea69aa7,Active,2025-03-15T22:01:55.064582
df7d7f1e68148ae4,Active,2024-11-13T02:04:36.284754
2b60117324d072f0,Active,2025-04-12T01:32:12.409866
e71339a780f10786,Active,2024-09-13T09:33:50.981176
927408a5a0cc92f5,Active,2025-03-26T16:53:15.560204
b21521a5f4e103ea,Active,2024-11-01T02:56:05.116645
428ef1f6d759582b,Active,2024-06-17T07:31:05.095314
02bbe64999a89775,Active,2025-03-31T03:09:09.187470
d1427f0bd37752d9,Active,2025-04-10T22:39:03.881747
f12d4bca976d71dd,Active,2025-02-21T05:21:59.419418
4aa0c4c56292f101,Active,2025-01-08T19:41:50.144910
073b2a73503a40ee,Active,2025-03-17T06:27:36.465224
1ec41cce401b6dda,Active,2024-08-05T13:48:12.274442
86beacdf25ea2625,Active,2025-03-26T06:50:06.438106
16f1e00ee8489268,Active,2024-12-18T01:35:24.026758
251e0028236a0a92,Active,2024-11-21T09:49:32.695794
cc81709c0ba52e82,Active,2025-03-16T13:00:55.794590
8bd385b85b8a543d,Active,2024-05-11T19:27:42.113379
bee22ea373ef5e49,Active,2025-02-18T15:30:51.525411
e8a96aa453998745,Active,2024-10-07T11:06:49.747463
cf616766fc6ffc8d,Active,2024-08-24T22:22:46.501617
04faaaaf7349f801,Active,2024-07-13T12:23:21.699827
d101af4d7e831dc8,Active,2024-07-15T11:42:14.912391
bc80f11d1eca4648,Active,2024-09-05T15:01:17.876649
c4b6b757857d202d,Active,2025-02-14T09:28:01.050794
e299132085b2a310,Active,2025-04-09T19:09:35.290689
b27ebabbb0abca9e,Active,2024-10-08T05:47:30.057114
eb816ca819920a73,Active,2025-04-27T05:54:44.588953
11612bc9b6dc1664,Active,2025-03-10T23:24:49.116604
95cc467ac2fd8b27,Active,2025-03-21T03:27:22.439704
a9b9363f4c53b762,Active,2025-03-25T22:02:18.955144
cc174980304bb81a,Active,2024-06-24T21:40:16.178313
cd9b9f2674cf62e4,Active,2024-09-18T19:03:34.524899
b41add64f7a50103,Active,2024-12-19T18:15:35.019514
7a3e09d04f63eea4,Active,2025-01-09T19:28:01.675404
337d15ccfba026cf,Active,2024-12-24T20:38:01.008379
2fe8700c29be46e4,Active,2024-06-19T17:10:08.912087
6b04617f75740f78,Active,2024-10-04T23:33:11.887479
c6483706e11c299a,Active,2024-08-01T10:49:27.077547
8cbac813b9b18479,Active,2024-10-24T05:28:22.319493
5058749012ef3cf7,Active,2024-07-08T08:09:03.585122
9c929128efd519af,Active,2025-03-19T17:08:25.872459
21918c01a16dac0a,Active,2024-09-25T16:17:32.876054
ea88cc20f468eb16,Active,2024-10-24T13:38:23.257407
b6e73bb2c8b31cd4,Active,2024-10-10T08:16:01.814880
3bc68c8c3f4138e6,Active,2024-12-22T00:40:02.867093
97e631211fa7c787,Active,2025-02-11T05:04:58.416682
3c99bea9d69c6269,Active,2025-01-26T02:40:09.027732
47893e37bc88b359,Active,2024-10-07T17:49:42.012410
2e8657524601cce9,Active,2025-01-20T12:59:38.132528
33e1fdec1257f61e,Active,2024-07-05T14:25:31.573339
02193c3481a142ae,Active,2024-07-01T06:34:06.308117
d8a06b18d70a2bf7,Active,2024-11-27T09:17:56.198357
badfcbb6a6c0f381,Active,2024-05-09T04:17:28.293358
bcb4d0ee3b1c53af,Active,2024-05-12T12:33:44.511604
df3e1b93c1ad1eb6,Active,2025-04-13T20:48:19.392129
c2e73cd82c9c7b83,Active,2024-04-30T19:21:57.654661
effe328430f8e28f,Active,2024-05-12T21:56:05.936324
9fd030d0b460bebe,Active,2025-03-30T20:20:58.403059
59625e918af3a4d7,Active,2024-06-10T10:51:38.324142
13b0ccabaefa9648,Active,2024-12-30T09:45:11.812330
7c86d58f104eed8c,Active,2024-05-07T14:24:09.667210
38d86269528bd4a4,Active,2024-07-15T20:16:53.860489
755de082b37cbb6c,Active,2024-07-23T20:09:57.909351
863599d1c56b0267,Active,2025-02-13T08:23:31.996977
b0a2d994967a200a,Active,2025-01-09T01:30:31.208088
db3594f9787c41fe,Active,2024-06-02T08:40:14.740050
8478d5744b0068bc,Active,2024-09-04T23:55:51.299726
7aae1606abfcae82,Active,2025-02-15T16:33:09.724749
fe1bc2c034c802db,Active,2024-09-03T18:57:04.327876
617fcffd3cf6bcef,Active,2024-05-02T16:40:47.774295
b8176ef4caa15082,Active,2025-02-13T08:29:38.634382
19005f05d99ffa00,Suspended,2024-11-06T20:44:45.214300
ecd024ac57edd790,Active,2025-04-03T09:57:18.847439
e5687d91624558b8,Active,2024-10-27T08:52:03.766572
c09e380089d52e40,Suspended,2024-12-02T17:33:54.525486
f6bb0751a68dc24e,Active,2025-04-25T04:59:30.820010
066336ea597d43e9,Active,2024-11-10T18:16:17.327224
566d88e251fe7c68,Active,2024-12-15T17:12:06.985157
69e5a25eaeb1c65c,Active,2024-11-25T06:09:38.980082
ffd604adf38f1d49,Active,2025-03-04T17:59:27.745684
2e480ee3abc7ac93,Active,2024-06-28T07:36:42.393767
01caf725d4ee66da,Active,2025-01-24T16:33:02.129763
b2b5f7946e12e78e,Active,2024-09-08T14:17:42.223221
c50862d1892967ed,Active,2024-06-06T04:27:35.568317
6a62c669553983e2,Active,2024-09-08T08:45:01.803780
6a8584c9d6d28869,Active,2024-11-28T16:53:15.616103
1b80dc728f9949e5,Active,2025-02-27T12:06:59.062604
3f13a2754cdab4f6,Active,2024-08-13T19:40:40.262121
0e46e4a37b08c39a,Active,2024-10-15T07:01:25.575876
b859aa9c1f2e8ad6,Active,2024-08-24T08:57:31.227859
85f6366511124261,Active,2024-07-06T05:28:59.102233
e4da9903b1b48846,Active,2025-04-13T10:49:48.938391
0053e5d24ee7ee13,Active,2025-02-18T10:51:31.848536
fe6eef0af533ed49,Active,2024-08-30T23:56:12.798361
d6441492aa984479,Active,2024-09-23T02:42:09.509709
f7e37bb6251fe081,Active,2024-12-15T03:05:41.927398
6734abec64fcc39b,Active,2024-07-09T22:57:41.972035
ce63b3d54ca6f5cc,Active,2024-11-30T15:53:14.506208
280bf9004867b3c8,Active,2025-02-28T01:37:54.849533
c9933990c87f1a4f,Active,2025-03-19T00:20:43.481095
a659fca2dd63c7dc,Active,2024-09-27T07:23:59.420439
daeea41226218ce8,Active,2025-03-27T08:54:29.912283
81a082474d817505,Active,2025-04-25T10:40:35.278659
b2d856ab4e6e9d20,Active,2024-12-19T11:19:24.898198
15aebba867b6d242,Active,2024-07-21T13:48:15.212720
1bffa6015e93559a,Closed,2024-09-08T03:38:08.590961
5a1b33b5e943be6e,Active,2024-08-21T15:10:19.456747
801f06c8736528c9,Active,2025-01-21T16:53:12.483947
6fd93da88e6134a6,Active,2024-10-22T01:35:04.955618
5fc02b171ac880fd,Active,2025-03-31T03:09:18.966831
47997078c30a2660,Active,2024-05-02T10:49:32.663412
a9a798d81a257881,Active,2025-04-07T16:02:41.827235
fe9af33f57f98cfa,Active,2024-05-09T07:59:56.933597
8f7a1101ab794fb5,Active,2025-01-08T00:36:12.475452
c1e4c80853c634ad,Active,2024-06-11T20:42:42.321429
cc7f9fb0c4a354c8,Active,2024-07-24T20:58:26.440609
4e7005246ea310a3,Active,2025-01-06T14:14:53.835745
8817d709047e6baa,Active,2024-08-02T00:07:58.046257
2631503afe81974b,Active,2024-11-23T22:02:35.447137
3a933f56d8756e15,Suspended,2024-04-30T05:54:59.626835
06f9c8b1f32ebfdc,Active,2025-04-27T14:59:08.993680
ae42d57dd38c5ff5,Active,2024-07-29T17:19:40.945217
06068c45b37aee8d,Active,2024-12-20T19:32:01.085800
394540d176c7cd04,Active,2024-11-27T12:46:18.071735
f39040d84b4f65ad,Active,2025-01-29T13:44:48.481329
728c4e0ed2f2a999,Active,2024-08-19T20:37:57.864736
1d2d4d9d7414fd2a,Active,2024-07-05T03:50:37.363841
41e79afa658a6d74,Active,2024-07-20T21:52:58.476240
a2e785acd3ece92f,Active,2024-05-11T02:13:43.818534
25b40095ea5d6d83,Suspended,2024-06-02T11:00:28.611012
2ea2f5cd8f4169ac,Suspended,2024-07-09T10:32:46.111820
aca4d3b0dfe1ea81,Active,2024-06-25T01:46:26.866089
32eb5ae0da1d8edb,Active,2024-10-31T13:04:22.769037
3e77a2faba34a4df,Active,2024-07-24T11:44:12.679033
aa83286e45a69a81,Active,2025-03-10T13:44:13.954341
79691c68b6b74eb4,Active,2024-10-05T20:49:29.097042
8e07da7ad1927278,Active,2025-03-09T00:12:45.359871
26539820cad57ad9,Active,2024-07-07T06:53:02.429397
da5fa3f1802b47d7,Active,2024-06-02T15:40:33.964724
70fe3fd0dd9e4546,Active,2024-06-10T16:47:32.914346
f66f7c339c5fbd75,Active,2024-08-30T21:32:00.788839
f3ac9a0f6497547e,Active,2024-06-30T16:33:29.211694
555b29d1b83f093d,Active,2024-09-15T17:45:27.805618
791a9b4870f454ae,Active,2024-11-06T11:28:12.190811
07ddcb2855c7ddde,Active,2024-09-28T18:01:08.105504
3d8a2fabaeca5fbb,Active,2025-03-22T17:07:45.813378
bdd815c24f6c3e93,Active,2025-04-27T04:21:34.284487
27595238b747067a,Active,2025-01-11T21:10:22.489299
8f19759a9ab9e894,Active,2024-07-17T23:36:28.655626
6245699907f0ec07,Active,2024-12-17T12:10:25.890621
d7c773d2ba383801,Active,2025-01-14T04:27:29.063420
4fe81d758b002c7c,Active,2024-07-10T10:25:28.905170
ccd0b652e4cd69e1,Active,2024-10-04T15:39:54.918272
1d7686cfe418f4a5,Active,2024-05-27T04:37:47.237629
c74eeeab11ed6589,Active,2025-03-03T11:26:06.370061
9bffa517124b1b5c,Active,2024-05-22T14:38:24.556671
17febb84f1d10d1f,Active,2024-11-27T11:44:21.329160
a98e99abf1d93226,Active,2025-04-25T16:55:19.175006
94725f63367a0ae6,Active,2024-07-15T18:03:06.976930
962fe5538497f9b0,Active,2025-02-28T15:01:12.820016
bd177f4eab4594d8,Active,2024-08-18T02:51:44.218008
1e180bfc76b48d31,Active,2024-12-22T21:36:24.199849
4eeb1c661dd6e07d,Active,2024-06-10T22:00:25.541299
7fe9791c2e116ab8,Active,2025-04-05T21:24:41.799802
b3f2e82221f38640,Active,2024-05-20T12:18:21.172756
d77132de87ca927b,Active,2024-07-03T11:10:31.781124
5abb7dae68a805e3,Active,2025-03-08T11:50:29.220969
b88b88eff7560bc4,Active,2024-10-17T21:54:24.121238
7b94abc698f4d532,Active,2024-06-25T01:23:05.597244
45c869f3622918e2,Active,2024-06-28T16:09:27.097435
ac357dc4adee7ed8,Active,2025-02-11T19:56:06.090354
a512ef374ad6d251,Active,2024-09-08T07:23:57.370630
e355a84e4f2eab7b,Active,2024-05-31T06:01:41.000939
f0b7dcbf8c6f3b68,Active,2024-12-17T03:08:17.755222
89fe394a102f4d9e,Active,2024-12-02T00:49:02.927903
764e63dd6fa87e35,Active,2024-09-18T04:42:26.250644
ee7c59ab69adbc3e,Active,2024-09-26T03:00:27.432298
3e25140fff778154,Active,2025-04-15T07:21:34.775246
8b77d2cb65bcae83,Active,2024-05-26T13:36:56.991103
ae9f5fa229d71cbb,Active,2024-12-06T15:18:11.436729
222499b5615aebc7,Active,2024-09-06T10:11:46.693792
645b1579bfee76bb,Active,2024-11-17T02:30:47.248914
41a189a45e5cf323,Active,2024-11-03T08:51:33.981725
750fe169f789f128,Active,2024-11-26T05:57:25.277674
947782f827cf1568,Active,2024-05-17T11:41:51.637376
11860df3df9ee89f,Active,2024-05-07T04:05:18.282490
9f391c151fa6dd0b,Active,2024-05-17T19:49:35.967751
f333d2ce13f3a1a8,Active,2025-04-14T11:40:59.623230
79c07cbac3b73985,Active,2024-10-12T09:11:59.469103
7e17ee7fb98ad30a,Active,2024-08-05T04:23:47.827927
20520be3d28e20f3,Active,2024-10-20T23:05:21.752132
e6ffa53029f7e173,Active,2024-11-09T02:02:11.383132
1f42906d26a51f27,Active,2025-03-11T21:38:56.584429
2225d43733279d22,Active,2025-03-17T22:29:28.066067
759d0d47897f0c8e,Active,2025-04-06T14:38:45.434299
f03620207e66b252,Active,2024-08-01T09:17:56.487669
8f8db3d03472553e,Active,2024-10-12T23:34:31.553560
c0d619330eb73aa3,Active,2024-09-30T03:37:40.461927
d1216e0f4e7d3939,Active,2024-05-10T04:23:38.775152
7d5bd29c1e7eace1,Active,2024-06-16T08:07:24.609091
7c3c982bf49fc04e,Active,2024-11-28T11:58:07.367167
191032ed9f2421a2,Active,2024-12-21T23:27:44.572509
4389b254a172516a,Active,2025-04-14T07:37:24.096455
ed8c08a1f492eebe,Active,2024-06-16T20:36:21.428085
f9ef9f995b8b1375,Active,2025-03-15T18:29:10.353231
fb530eacce21a8c7,Active,2024-09-15T00:41:34.907591
9bd38836cdec0fb8,Active,2024-10-21T11:52:26.352027
75457751925c8cd6,Active,2024-11-17T22:39:16.441037
049870aab3375165,Active,2025-01-08T01:08:11.832900
a7a2faef95d7bd8c,Active,2024-06-13T03:16:16.064352
167fcc8611ec7dea,Active,2025-02-28T05:15:24.465101
a7af8d2d9cdac3aa,Active,2025-01-13T03:22:56.193526
7d75bd59c315d8e0,Active,2024-10-18T16:57:39.106030
9db3658cb945ab2e,Active,2025-01-04T14:57:33.924205
43bc660c69ac97a2,Active,2025-03-12T00:51:25.039890
f663e8e01a5fcac9,Active,2024-07-04T07:51:39.810254
7cb9bab5a6cf4d45,Active,2025-04-22T07:05:10.198215
593893b25134fd93,Active,2025-01-16T22:00:13.907125
4fa1434b71a7fe17,Active,2025-04-07T06:30:46.860911
cf47f4943c898052,Active,2024-10-31T03:30:40.189260
6387fa5cce4fb6ba,Active,2024-06-24T15:52:29.679412
1b264ef438d6667b,Active,2024-05-25T05:13:29.071420
f4c591e5af41ad66,Active,2024-05-14T17:30:04.549294
462c87cb03acf013,Active,2024-08-04T08:00:38.900735
3e66f1597e86977f,Active,2025-04-20T17:04:08.376132
87a458836678d05c,Closed,2025-02-26T17:30:13.281583
193cb0c443de704a,Active,2024-05-30T12:43:54.447488
f0accb0a0d2670c7,Active,2024-06-07T19:25:20.689506
d794bcb4f1f3cc0d,Active,2024-05-07T13:36:03.571658
558282b975bcc528,Active,2024-12-12T09:03:23.801689
79b41238ff16ac05,Active,2025-03-16T08:52:17.600003
ea24234fa0ea008e,Active,2024-06-02T01:25:55.861207
6485a3e9cbce18f6,Active,2024-06-09T02:39:09.335590
c66e5225d518184e,Active,2024-06-28T03:30:22.184131
667dd2830a96e0ee,Active,2025-04-28T03:44:06.612170
d9d36414299864f1,Active,2024-07-08T10:39:33.524024
1e4d00f79d509fc4,Active,2024-10-05T09:02:17.277302
42342e9c67a94859,Active,2024-05-28T18:35:26.389865
04eec43aa8188538,Active,2024-11-12T14:40:06.412982
c1d10ec2337ffd17,Active,2024-10-22T16:38:22.999073
3dd72f6572f9294c,Active,2024-09-21T09:12:03.260118
e40da5042ea49770,Active,2024-06-30T01:35:13.709488
5e908efda0683b69,Active,2025-02-01T06:20:42.889139
32f483586d0827e2,Active,2024-08-12T13:54:11.475245
c9a1124bd7a4ee2d,Suspended,2024-06-21T12:32:16.189926
a281bba5e7426c28,Active,2024-12-14T23:31:33.393022
502cc622f57ad905,Active,2024-06-12T22:11:26.910310
4bd6f0f229f3986c,Active,2024-12-26T14:56:59.348001
46dedb295f91f017,Active,2025-02-22T00:29:43.243384
2ae4c70916448607,Active,2024-08-02T14:47:35.516331
bc8204e8d370bc71,Active,2025-01-07T11:24:33.338742
85a624dff8c534f5,Active,2024-07-18T03:28:06.307667
688938e8ee9ff92c,Active,2024-10-01T23:44:37.199421
601fa75069940d26,Active,2024-12-18T18:25:15.506028
f4afd1ee23cae14b,Active,2024-09-11T14:56:02.945004
5671f86cb835201a,Active,2024-07-26T20:32:20.236316
77af333b8966f3d4,Active,2024-08-29T15:35:14.892107
30df3bdf57bca765,Active,2025-04-16T13:01:06.580098
bd04efbfb6030f20,Active,2024-10-13T23:23:16.032216
0211878ac84f8773,Active,2024-12-27T08:26:51.877028
2d8a366abe4514d3,Active,2025-02-10T11:47:33.718877
3d6462a358d79659,Active,2024-11-22T08:38:01.335636
8274de7fd7687b6a,Suspended,2025-03-28T07:40:50.908040
a2d503c5005f9867,Active,2025-04-23T20:22:30.334281
0cb852279a88a120,Active,2024-09-25T05:50:33.829404
9615e8987f2540a9,Active,2024-12-01T13:09:50.349407
f1b83cd5460f9b51,Active,2024-07-08T21:26:35.763927
400518ecfb5804d8,Closed,2024-04-29T02:19:17.540054
ee13cc50cf2e5f5a,Active,2025-03-07T06:16:17.315273
78d18951bb6809e0,Active,2024-10-04T16:12:26.013012
9c60bd08e859f47c,Active,2024-08-11T01:45:46.274945
aaec721c06fa3b66,Active,2024-11-25T02:00:57.923301
7ce717347745e88c,Active,2024-09-27T18:36:04.160905
9b4ee85e9bf0c749,Active,2025-04-09T01:47:20.108396
7115ab6baa29d370,Active,2024-12-02T11:50:43.749705
fdd1dfa019aa672c,Active,2025-01-09T05:03:54.386256
0de4da5d23ab637d,Active,2025-04-21T21:23:57.877423
2ded37a89d83d8a7,Active,2025-02-07T07:14:31.240075
5fcea448abea0e39,Active,2025-04-13T23:17:52.452157
f6749727030d366f,Active,2025-01-24T22:28:06.574879
063f21e2f40d705a,Active,2025-04-23T16:30:28.752722
5ba1093cdfa7f20d,Active,2024-07-17T23:23:51.449157
6d65ffb91a001c77,Active,2024-09-20T11:58:06.807732
deb939f6bbbd64e5,Active,2025-02-04T01:20:06.743544
49cc291cab6ff16b,Active,2025-01-02T03:33:15.571952
85860db9480115c7,Active,2024-07-26T08:59:42.130570
bab4c9e56924953a,Active,2025-04-11T23:17:34.127263
1225a7f327f751f0,Active,2025-03-04T01:58:15.437717
4b54f954ae01e010,Active,2024-11-13T03:09:46.855136
ec699bd6070c7853,Active,2025-02-20T14:35:47.375117
89dab8a40344d40f,Active,2025-03-15T21:14:40.618575
c4c7b51b6f1f1e68,Active,2024-09-19T00:45:28.559410
d54599788eab06f6,Active,2025-03-04T06:33:53.994308
9ed905ea9d5a0a10,Active,2025-04-13T02:00:06.889579
69ecd3266fb35a45,Active,2024-08-07T08:41:16.284603
ec0d1e69f07cd88b,Active,2025-01-08T05:58:27.455599
ff2707e76c264565,Active,2025-01-16T01:21:53.042568
a54a21e61bf0de34,Active,2024-08-10T01:35:56.484998
4f65c58338306d3c,Active,2025-01-08T00:14:01.408878
406bf7952ade6dc3,Active,2024-08-18T04:25:26.256790
647cb25854436654,Suspended,2025-01-21T14:15:30.939291
b7e23f8668eaed21,Active,2024-09-16T14:34:36.943920
5f2cd06ad62af496,Active,2024-09-08T22:21:18.040988
aabc1b8415e00a94,Active,2024-06-14T10:44:43.788585
427289a2fdc398cc,Active,2024-06-19T13:57:55.826045
e0d4ea9bc4c3e3af,Active,2025-04-20T15:00:36.309739
9a4a31be96ca95cb,Active,2024-12-26T12:26:45.186800
a4edd58ff9308c78,Active,2024-11-04T20:17:48.662261
d3c625341d95832e,Active,2024-05-30T04:17:34.053851
1450f09dd610829a,Suspended,2024-12-22T01:31:20.765330
08567b9418297ac0,Active,2025-01-19T19:48:07.249712
6ba76b9c53b1cb39,Active,2025-03-05T00:19:11.350201
f1ef80c098a221d6,Active,2025-03-13T13:20:37.090847
4a98fec4efd180e8,Active,2025-03-08T11:11:07.190078
742bc57d45b5c3f5,Active,2024-12-03T15:47:09.776875
10affb51f3ef4931,Active,2024-05-27T07:36:35.828829
d75536e535114c23,Active,2024-12-22T01:03:39.409295
2c71c1c83db6dd65,Active,2025-02-21T20:28:33.191255
6962a4a9b4b69b03,Active,2025-01-13T20:44:49.671225
fe1c79f0fca88280,Active,2024-07-15T10:58:53.488185
6a992a0ce4860562,Active,2024-07-06T01:47:00.864294
0bc2f0857a9f936f,Active,2024-06-21T04:48:25.551069
2878bcc4d759e84c,Active,2024-05-23T12:35:01.167360
af27d87afaad597c,Active,2024-09-10T11:07:07.015093
1219d8c079c813bc,Active,2024-07-08T19:15:21.139679
45aaa05f69ec15ca,Active,2025-02-03T22:39:04.615613
adcddcdbf47999aa,Active,2024-07-14T09:18:54.497355
56ff26f933bed853,Active,2024-09-15T21:11:53.959897
78d954a06970552b,Active,2025-01-08T06:30:02.706241
4b49c97fbd557bd4,Active,2024-08-22T20:50:29.048475
fb39d97bc4b7ca45,Active,2024-11-25T06:34:32.490638
cbad6de8833f0a0d,Active,2024-05-15T05:38:19.509659
daef5ce271a8bfce,Active,2024-11-21T06:22:39.486084
bd3f0c843260057f,Active,2025-03-17T03:49:25.446991
9cbe963969a7d6e4,Active,2025-04-10T16:11:21.597863
891f71da250bb158,Active,2024-06-15T06:34:58.454306
d160d55a3e737c63,Active,2024-05-08T01:31:51.543347
6170d34b8d96ce45,Active,2024-12-28T07:54:28.703480
396af91387e2d9f5,Active,2025-04-16T09:22:18.139040
86864836165db71c,Active,2024-05-24T22:59:17.314174
151bc88fc705db24,Active,2024-11-07T14:06:27.448497
0a569448a8928166,Active,2024-05-28T08:09:21.205882
ef5b7c10c9662bf5,Active,2024-12-07T00:50:30.966447
cd9785ce9c3c0c3b,Active,2024-05-19T01:19:07.067504
800b0913a759d0c0,Active,2024-06-27T16:45:52.030041
91de4e0d57dac9ad,Active,2024-08-30T02:08:50.940338
bc617b572bbd85ec,Active,2024-09-04T10:39:53.177958
15d0fc798fcc2541,Active,2025-04-14T14:48:04.286885
d355894b6e6299c4,Suspended,2025-01-24T20:23:10.580302
44ee82131163206f,Active,2024-05-27T20:44:16.577496
e02f4ce704fac75c,Active,2024-10-22T15:48:47.921850
ff73e3f6ca1fd92b,Active,2024-05-30T23:33:28.909284
45cb53e1b1bb398a,Active,2024-08-13T03:26:15.742152
c2374c478e4aeb27,Active,2025-03-26T05:13:47.182346
305d38da2d297f39,Active,2024-06-26T09:51:53.812428
fdf9aa03f2e11b16,Active,2024-06-25T05:09:29.064044
569966c9b9230f0a,Active,2024-11-10T08:45:33.279521
c18f3783545b5d61,Active,2025-03-18T18:36:34.805810
27d46c695a19c5c2,Active,2024-06-01T21:51:02.895309
cfc368372ec9232a,Active,2024-06-06T06:48:39.948390
a7adb7efb8987cff,Active,2025-02-20T06:48:50.132705
9aaf32964dc19fac,Active,2024-12-15T15:05:26.550784
e4c9dcf15d738b7f,Active,2024-10-31T04:40:50.496519
820adf039a0b89f3,Active,2024-07-15T02:39:16.164825
55badc6203852cf9,Active,2024-06-05T12:37:08.307098
0f6a1e8cce13be7f,Active,2024-09-14T15:29:04.723156
e449ccf569898886,Active,2025-01-24T17:31:33.537568
29bbfa83014742a1,Active,2025-03-26T02:15:25.323187
dab4aecb098ea4f7,Active,2024-07-17T21:34:43.316032
03bd72cee4353923,Active,2024-06-11T12:55:08.568126
ca00142c3e229636,Active,2024-07-19T22:40:04.614829
3c1576c08a741abc,Active,2024-06-22T19:08:06.151957
7e425c88bae3bcd3,Active,2024-06-30T21:01:01.173867
a2334cd1689b5f8a,Active,2025-02-12T21:49:43.109364
f786dc3ff77d5d83,Active,2024-08-27T14:38:07.524271
f32efbdda5daaa69,Active,2024-08-12T14:28:32.430617
32b3fa49813feb8f,Active,2025-03-19T21:31:53.841175
0dce590bb8ca4307,Active,2025-01-06T19:42:56.975560
a6e6e1fc5dd5d885,Active,2024-06-03T22:22:18.787786
09f653995dc08878,Active,2024-08-17T03:16:11.334691
f4073a0fd4bdaf6d,Active,2024-10-22T07:54:08.062839
437fcd5978577f28,Active,2024-05-18T21:53:29.553165
45e93303d4e656b8,Active,2024-10-09T09:05:25.306084
0e61a6d21a960acc,Active,2025-04-09T19:56:19.049854
447a8b907b404f2b,Active,2024-08-12T14:56:36.223397
902392a5815f3afc,Active,2024-10-29T06:24:47.570732
9e2e1bae938e4f0c,Active,2024-10-20T18:55:19.344097
4df1dfa5f90a8deb,Active,2024-06-07T19:47:07.085862
f47ff7b6de0031a0,Active,2025-03-08T05:37:35.386799
2a3b8149fcb7e2bf,Active,2025-04-05T14:44:50.339995
0d89802c0ef23da2,Active,2024-09-28T02:55:58.088272
036105ac69b47409,Active,2025-04-01T18:02:23.315522
56340b273e50e0dc,Active,2024-07-27T07:30:16.007647
f933418b952298d5,Suspended,2024-07-20T18:52:06.685245
6a399feaea4c1e97,Active,2024-06-28T08:11:06.862894
87a88dbae1fbf319,Active,2024-04-29T21:03:12.383753
ac73ed9833b2d327,Active,2024-07-31T13:42:17.895499
5724d0cfa2cdc841,Active,2025-01-17T18:46:44.190320
2599746af041128d,Active,2025-02-09T02:37:06.522841
7ca3a34ea8bd49a3,Active,2024-11-20T20:40:34.651877
39ce27563cbbad42,Active,2025-01-04T21:28:21.111344
0230a323eb64a721,Active,2025-02-22T01:41:49.471160
fc8251fc4f28684c,Active,2024-06-23T05:06:02.469881
a98a55f131117710,Active,2024-06-23T01:09:55.873098
8f417de55dc52668,Active,2025-03-15T19:21:03.216437
e69a2c8c39ada962,Active,2024-05-06T22:13:55.041394
8c8d8067265f2dbc,Active,2025-01-23T13:10:11.257367
8f09b9c2ca84bba5,Active,2024-07-05T01:06:15.739696
e486329f80302332,Active,2025-02-17T00:13:10.172333
0c06847969bceb44,Active,2024-07-06T04:08:29.390908
54127f84e5631636,Active,2025-03-07T11:14:12.929048
3d312f2fda159dbd,Active,2024-05-03T05:31:06.062544
1d9bacc6fbc64584,Active,2024-11-15T08:19:00.827095
f9ca444ca113d0d2,Active,2025-02-09T00:12:47.439294
12212f12d46a58ca,Active,2025-03-10T01:26:54.274252
815b483658b646b1,Active,2025-01-04T04:31:17.778435
25255f530b936702,Active,2024-09-20T20:11:32.402171
5e7fb75aa749b46d,Active,2024-09-29T23:18:14.846051
25bd5b76aac70d9e,Active,2025-02-12T11:38:36.088423
253a7e6b930ded66,Active,2024-06-04T05:56:24.520654
8a85511dd7708072,Active,2024-10-17T16:33:46.436500
b2cebdfa5b581829,Active,2025-03-14T17:29:01.979103
19586d03787c1527,Active,2024-05-29T06:41:22.451280
f7f765d571f9e732,Active,2024-09-20T14:16:58.963452
432f9ffdec4a4151,Active,2024-07-11T02:46:39.487816
1e7dca478ec60e3c,Active,2024-09-14T04:00:24.866777
b5931a4293824249,Active,2024-11-15T17:23:17.284767
ea515d13c96ea7aa,Active,2024-06-03T12:36:51.237570
d138c83b95ec880b,Suspended,2024-07-08T23:06:42.824502
0fc0e4644fd8d22b,Active,2024-12-15T08:02:40.370917
df6341df85204e5c,Active,2024-09-17T11:02:03.684534
68890de75c49f85b,Active,2024-09-14T09:25:53.287349
88a3402a10b0d85d,Active,2024-07-19T17:38:21.439269
16f4b2b32ba38d7c,Active,2024-07-29T18:38:14.406866
bb28a774c5eb739b,Active,2024-06-04T10:12:33.235898
027d972451eefb62,Active,2024-08-24T07:32:46.668856
478b57e690a9fd42,Active,2024-05-27T16:47:43.122968
013423b07130a3cd,Active,2024-09-22T08:22:58.732454
126159b719de7cbb,Active,2024-08-21T13:44:37.854855
e4b332249e3fbd24,Active,2025-03-20T17:00:07.750487
18e70f08413124a3,Active,2024-05-05T18:19:01.606064
cbb553a848d6118f,Active,2024-06-02T22:20:47.287391
7dcb830edbc48386,Active,2025-03-30T05:34:20.574936
337f2a358b8565fc,Active,2025-01-10T13:40:14.950154
7eadc6219a293fa9,Suspended,2024-11-08T03:21:22.727720
4a2ba83737ad9d38,Active,2025-01-21T07:47:25.565889
17c3fc05330aa08c,Active,2024-08-12T06:36:34.971496
05faa87aa6d43772,Active,2024-10-26T09:53:07.373554
3b55e5f98877cbce,Active,2024-12-21T21:31:11.273807
e36a8233a75b8cb8,Active,2024-06-22T03:13:46.374150
ad2fe7abd28c7d13,Active,2025-01-30T21:32:00.177004
7a22ac46c4bc532a,Active,2024-06-08T18:46:33.980650
dd89d079514acdf6,Suspended,2024-10-14T18:53:55.166320
ce5b21ab15420a28,Active,2025-02-10T04:49:05.020852
323fdd40e1bb54e6,Active,2024-05-01T20:34:51.480059
c7d35ada7705c8bd,Active,2025-04-24T10:37:36.338824
8fc5bf9611571383,Active,2024-07-01T08:19:39.772724
442f0ca6457f9360,Active,2024-08-01T04:09:07.649132
fa37b2df7d03ba3c,Active,2024-10-02T13:34:49.039454
5239554ed208cb8a,Active,2025-01-06T09:03:26.452289
757cc4604a66ef9f,Active,2024-08-03T20:06:26.938559
8dc65f76d2bf2876,Active,2024-06-12T10:56:17.193785
33908aafbc6c2220,Active,2024-10-16T11:03:59.534237
1157f0deb9a78e95,Active,2025-02-21T03:22:11.162027
064e36599b3f6c22,Active,2024-11-30T03:17:58.931448
3d3cb8b33f643b3a,Active,2024-05-29T05:17:25.484429
65c22c32d64298ba,Active,2025-01-26T09:10:30.383110
790409fb36e6e456,Active,2025-01-05T09:52:38.359175
d36fcfc5733c61d6,Active,2025-03-03T05:52:53.869823
5cdbb41431d8a330,Active,2025-03-10T09:18:30.960272
25232b16f5560577,Active,2025-03-01T04:04:10.075917
f8c622e0044dfdc9,Active,2024-12-28T04:30:25.171938
16eef6f62793c227,Active,2025-02-17T03:49:18.186740
c8e6b419e62f0fea,Active,2025-01-01T17:28:45.235910
2ed7ec20ceeeaa57,Active,2025-03-21T16:11:22.451069
6d5a4fae32f3d66a,Active,2025-03-07T15:33:49.313202
d95dbd04df48e464,Active,2024-05-10T02:14:56.990166
cc5bced6602be43d,Active,2024-11-08T17:39:44.558392
e7a1bed3fb42d10d,Active,2024-11-07T19:13:27.598783
d38136dc2f6a137c,Active,2024-08-11T13:32:07.427593
e62d5ef6bd8425a7,Active,2024-12-11T07:57:36.975396
64ff4367544de24f,Active,2024-07-18T10:00:10.822011
c744f9a4941cb459,Active,2024-08-27T07:19:33.450397
a6936855da68bbc5,Active,2024-11-13T14:13:53.631180
fe9f366d99549469,Active,2025-02-25T12:46:07.407228
762519d13c8b80d5,Active,2024-12-05T01:53:00.701469
bf3ae75e30345dee,Active,2024-05-26T17:41:36.331862
b35abd10d7937485,Active,2025-04-13T14:44:38.066692
dc93bcbdbc9d19f1,Active,2025-02-03T22:13:30.494041
b337d9d2430d06c6,Active,2024-11-11T23:57:23.139343
bcc9dda2337a5226,Active,2024-09-09T17:32:42.628574
836005660b97d943,Active,2025-02-15T16:07:17.665617
15d605356837437a,Active,2024-06-19T16:36:21.217237
3151213c97ffb9b8,Active,2025-03-01T02:23:04.846063
f80d955e45d1fab2,Active,2024-12-15T02:10:55.311678
2c19968e499336e3,Active,2024-10-25T19:37:24.007238
9ff29f7a13a90292,Active,2024-11-08T18:05:51.729919
98728cbe8c666236,Active,2025-01-23T13:09:41.361887
cfab549b32e128ec,Active,2024-10-05T00:40:29.862247
b62d3b0d564de26b,Active,2025-01-04T08:12:13.062329
dc1825add5b35ab2,Active,2024-07-29T01:45:55.388122
7f68b2382d19bfc9,Active,2025-02-15T12:39:16.011286
fee51d3fef4bb968,Active,2024-09-21T12:46:52.639289
82122ba37854b6bb,Active,2024-10-26T02:28:59.423120
15825863ce71d7fc,Active,2025-03-02T08:28:31.980265
86f0f153bff7455e,Active,2025-02-16T04:54:01.715821
c1cfb6e81e810c43,Active,2024-12-25T11:27:24.666173
8da19881cb5eb8c1,Active,2025-04-25T14:40:47.848594
d9b1c7ff85c5fe38,Active,2024-05-23T18:37:26.064265
3db98e599d43cd21,Active,2024-08-02T10:01:12.026572
b987b1360a29cb0a,Active,2024-05-18T08:35:26.273296
9068b608bee33d1b,Active,2024-06-14T21:26:32.029195
e71902f438fb615f,Active,2024-05-08T19:55:32.995422
8374bd016931b7fa,Active,2025-03-07T03:06:38.580013
1937a3b7fd091eb1,Active,2024-08-05T16:45:23.460347
99dc0da6425664d2,Closed,2024-06-08T12:25:15.965789
7d215a21f43ecaac,Active,2025-03-24T19:35:06.343545
65519c194eb7db8f,Active,2024-05-28T03:45:35.680758
32541ac16aaabefa,Active,2024-10-27T14:43:58.822397
42f23ccde760009f,Active,2025-04-01T12:09:24.969003
3100662d28106187,Active,2025-02-10T06:37:33.270649
986fd63f9f3e0d2b,Active,2024-05-25T23:07:58.480635
5872cc3d0e49f7c4,Active,2024-07-14T18:23:16.016213
19943e378fe7d15d,Active,2024-05-13T01:33:25.368682
80dcbcbb1c678772,Active,2024-12-06T20:14:23.567676
21dd73ef35f2f661,Active,2024-05-06T00:49:11.755382
e6de554fc4cf869f,Active,2024-05-28T04:51:57.351812
3b806e8d15e3f523,Active,2024-11-01T23:25:38.929869
57b6270f14a1ed35,Active,2025-04-23T10:00:53.578383
e18ece01c79d2fa1,Active,2024-12-14T06:06:15.218229
92dfd5154f30fdf0,Active,2024-09-26T14:24:23.355728
0bc96fad1d0788f0,Active,2024-09-26T19:21:06.574600
ecacd790110bfe5c,Active,2024-07-14T00:23:47.867818
83070186a1a8a54e,Active,2025-02-15T08:02:43.043350
8f492467f226df38,Active,2024-11-21T00:50:32.548245
5530cd0942ed0c93,Active,2024-10-29T19:24:28.527572
e8db0fb348d183e0,Suspended,2024-08-25T13:57:36.694225
6e450e91655141f0,Active,2025-01-22T10:34:57.422604
ee6269788cd9f302,Active,2025-04-20T10:41:58.221205
a71b4bfd6df8b66c,Active,2024-06-11T08:41:56.288344
1581718a4055415a,Active,2025-02-15T11:10:01.095060
6014e1db5d0d2dc7,Active,2024-08-28T00:17:32.572825
67e63513250f1687,Active,2024-11-28T03:15:05.216089
3b367e2c55875e96,Active,2024-10-28T19:00:50.436730
2390ff34001b1e24,Active,2024-06-16T18:35:32.851561
ea1bf25958a3a132,Active,2025-01-11T13:22:27.802124
71e032d8308cd14c,Active,2025-03-24T04:18:51.992742
4bcddb78da08b3e6,Active,2024-08-14T21:41:41.637326
b9b2acd7f2f79520,Active,2024-11-12T07:59:32.959297
0cfad0f2b7c07da5,Active,2025-03-06T17:01:04.638066
7aad412872b293c1,Active,2025-02-22T04:08:04.666794
1097c4a3f4aaf408,Active,2025-03-25T23:52:46.703009
27437f86481817b7,Active,2024-08-24T19:08:59.231022
29dfd4e138903f22,Active,2024-07-07T17:49:08.536865
a9145affd6c5a3d3,Active,2024-07-21T13:14:20.486415
a6508f1788f5349d,Active,2024-07-11T18:32:46.138199
8737f0e25c52614c,Active,2024-04-30T14:50:35.414730
3c7e1713691252bf,Active,2025-01-08T11:17:58.352545
b412b3982dd3b688,Active,2024-09-28T10:55:22.988571
dfac2e46f36e62da,Active,2025-03-11T10:59:13.933372
0e30c018397f0bf2,Active,2025-02-02T02:01:30.082994
5cd8b073d83fa8cf,Active,2024-07-18T21:03:43.738126
5b5d1e68f817d62b,Active,2025-02-11T23:02:36.502029
6fc1d029a0f24e89,Active,2024-07-11T08:28:44.127436
0c70d5db3c807916,Active,2024-07-17T09:21:41.428470
a2f5d5887d9006fb,Active,2024-07-13T04:47:27.092385
dff9865256ff3e18,Active,2024-06-05T08:24:38.626929
72721803419d87c8,Active,2025-01-28T23:18:10.127288
60de4ee8f7c927e7,Active,2025-04-14T07:03:22.744703
0aaba712c2c71942,Active,2024-08-28T19:57:00.310604
f64850e126d739be,Active,2024-07-10T21:24:48.992818
2500100c74a09e8c,Active,2024-09-22T12:45:35.773112
cccbfe7c86f913e3,Active,2024-07-04T10:07:11.858540
22464bbb2802a04c,Active,2024-09-23T09:03:53.343426
5dcee34daef0b9f6,Active,2025-03-15T14:30:05.512819
a01a70543ec3ea23,Active,2024-10-11T15:50:00.727223
5825161cfc94c74a,Active,2024-08-21T00:12:17.739408
200abc4ed0974037,Active,2024-05-09T18:48:36.449943
0960551323df94fb,Active,2024-07-19T00:20:30.025244
e470194711086521,Active,2024-11-01T08:50:07.697766
b216613dbcf7099b,Active,2024-05-16T11:14:28.505495
e99420aa197d584d,Active,2024-06-18T20:04:16.308504
ee2692641fcdd536,Active,2025-01-09T01:44:00.224747
125886b45db3c67e,Active,2025-03-18T23:42:22.027351
6eb0994d1381d249,Active,2025-03-11T06:58:14.548933
ce37a41319a8974c,Active,2024-05-19T09:47:22.007896
0b9de11dc5ffe33e,Active,2024-10-05T00:29:59.614273
575d515d9bb3ca4e,Active,2024-05-25T13:33:09.879274
b9a68743754d8a78,Active,2024-08-04T18:56:13.622421
bc2f53afd746db46,Active,2024-11-22T18:15:03.748480
8120689f7007ef13,Active,2024-05-12T15:32:26.956590
580ebd4656c2b4c5,Active,2025-04-01T21:56:49.518651
ea4d043b78694f0f,Active,2025-02-08T01:51:34.172334
d325ccb663ac1c47,Active,2024-07-21T05:00:58.796448
bd590dfc233b9bb8,Active,2024-06-07T20:28:12.473713
b88d07cacbf72248,Active,2025-02-16T03:07:32.238963
78cdf6e13d34d58b,Active,2024-07-29T17:14:14.225466
d61bfabc0a2ac070,Active,2024-07-08T13:36:48.584279
a629de242d749eda,Active,2025-02-05T22:46:02.414366
9433fb2d785c3f83,Active,2024-05-03T03:38:13.719563
6333d2796f4ad57f,Active,2025-03-11T00:03:15.152662
745eaa340c2aa2bc,Active,2025-02-10T23:47:45.774066
77703d0766e5d434,Active,2024-06-25T04:03:01.157951
5c9fed3a1a4c5296,Active,2024-07-25T05:14:56.383384
0a8eaf3e23155e40,Suspended,2025-03-29T12:45:52.721723
67718016f26098da,Active,2025-04-18T03:36:43.415888
ef4e605783e2f610,Active,2024-06-25T08:36:03.675303
741ea823b4534cdd,Closed,2024-11-21T22:03:56.887410
861d21c2e75ee9ba,Active,2024-12-05T14:38:52.805526
ebb12a7de371163b,Active,2024-12-24T15:46:17.146850
8fceaa3387d5c657,Active,2024-05-19T02:37:54.046762
6dbcebad73552857,Active,2024-08-07T09:50:42.940810
65be5ef5043d6894,Active,2024-08-04T09:46:25.128799
c9052bd7c5bc86a0,Active,2025-02-20T21:19:28.825981
90ff12987be53c49,Active,2024-10-11T17:55:49.272993
d7d94534385424b2,Active,2024-07-12T04:29:35.512978
365e1368afe910b9,Active,2024-05-16T18:23:33.232870
456483c39b22e93b,Active,2024-08-24T11:13:13.693501
803f9e8d7521b8e6,Active,2025-04-27T18:56:22.693759
de5a77499af2645d,Active,2024-07-17T09:16:58.302143
8910b0c410ed473b,Active,2024-10-12T15:43:21.352717
7d8191175522e456,Active,2024-10-01T09:12:56.039157
fb8d3bb467da1f86,Active,2025-01-09T03:10:53.995809
622ae8415f16ce5f,Active,2024-06-18T01:36:06.300340
fbce6dc3b7778edb,Active,2025-03-14T06:31:12.370577
8cc9dbc594ccbe74,Active,2025-02-05T13:41:31.300924
e32c797ec6e71b15,Active,2024-05-24T04:40:16.969855
daced190e4df6843,Active,2024-08-04T01:36:24.001216
997a1f30804d534b,Active,2025-02-03T17:10:03.929664
9ff4bdfd0bd8d79d,Active,2025-04-05T13:53:00.827498
8d8296d1c25fd1cd,Active,2024-09-08T03:54:22.335112
e3d9d465c225949d,Active,2024-10-30T07:31:43.836239
5f6bcd6831186711,Active,2024-12-13T16:09:34.985939
7c1b53aa99e58512,Active,2024-10-25T01:51:39.048419
cacc065fceb7b7e5,Active,2024-12-27T02:30:18.906483
4a73a1608bfe8487,Active,2024-12-17T13:50:28.848391
28436cf2cc9ee107,Active,2024-05-15T23:02:35.653391
45094cfc41d211bb,Active,2024-07-23T06:49:49.873104
f01ba855c695d8fd,Active,2025-04-11T14:52:08.474414
9c16bc82ac8a94ac,Active,2024-09-16T04:01:56.883893
17a3ff9c7ddb4d97,Active,2024-11-08T15:26:58.353992
0b0e9b782772b853,Active,2024-07-02T05:13:59.913347
aead691d6927d447,Active,2024-09-13T17:19:58.703902
6500792bacd7bed3,Suspended,2025-01-13T01:09:24.518384
5433ec424a4b1297,Active,2024-11-10T01:50:17.883910
eac8ab48d8bc1bf7,Active,2025-02-06T05:22:38.783837
184b8ecf64640df8,Active,2024-05-27T05:02:11.244916
99226037c581b40a,Active,2024-06-15T10:45:35.299509
a96859dde58166a2,Active,2024-06-29T02:56:41.946452
35cac10afcdfd2f3,Active,2025-01-13T06:06:41.014344
8198df3a79480af0,Active,2024-06-15T20:56:40.301667
5895ff874aeaafcc,Active,2025-04-23T18:26:36.858913
eb9c22fc906c3805,Active,2025-01-14T12:38:01.066422
c6543c0b955a5e98,Active,2025-04-27T14:45:05.293057
3c6e7bc3563cbdde,Active,2024-05-28T14:09:58.790893
d31eafba41845a33,Active,2025-02-20T13:45:11.412762
0c69202672bfb0ea,Active,2025-03-03T05:43:41.733827
1881399664dce81d,Active,2024-05-11T18:52:48.016377
cb6fc295354a1026,Active,2024-07-23T10:10:38.655529
cb7311174bed80dd,Active,2025-02-06T02:11:52.433020
f59069209c4f1c29,Active,2024-07-01T00:27:02.988249
915b3dba13a2d04d,Active,2025-04-15T03:46:48.614032
a2a3964da5502481,Active,2024-08-03T12:53:57.668511
83af49580810063f,Active,2025-01-25T21:30:00.429667
4a013f71bae59f04,Active,2024-06-22T00:40:21.745162
e981b3b7b775bbd6,Active,2024-10-17T12:00:10.484907
d2bbc99588b55f5f,Active,2025-04-19T14:09:02.295937
85f0fb96e7ca4420,Active,2024-10-19T14:36:31.957698
b657e39e0bf323ae,Active,2024-12-26T14:54:58.175994
6a7edd5d508c452e,Active,2024-10-16T20:38:28.394673
e6ee0023264d9fb2,Active,2024-05-19T02:16:10.978369
d8518f964ecbfd00,Active,2024-05-03T01:35:29.537733
d7953120c8ef7c48,Active,2024-11-08T07:23:13.794573
96a495c64ae620b4,Active,2024-06-02T08:20:19.385874
e0294557b8398c22,Active,2024-08-31T02:16:06.465551
79c674237338fd8d,Active,2024-06-30T06:08:47.199333
83ed9dd73d1934f7,Active,2025-04-14T12:10:45.720485
e5101a61d26cafb4,Active,2024-06-03T23:01:11.118973
2e01b37d54a15268,Active,2024-11-22T21:10:20.038446
67a565d3f4f67abc,Active,2025-02-16T13:25:31.913711
2a39405a285b3868,Active,2025-01-06T10:05:28.155337
6746d47b1b2e67cd,Active,2024-10-28T08:34:21.624716
30f62b90781461c7,Active,2024-10-06T13:33:20.421317
dfc56f77fb1037ee,Active,2024-12-04T12:29:54.139250
5b1a4c855cdca2c9,Active,2024-10-23T05:26:07.218710
dbe43ba6c3d7ad7f,Active,2024-09-09T06:05:16.405311
b446038a58ef16b2,Active,2025-01-23T00:07:45.894961
c1ad2ddacbec282d,Active,2024-08-16T21:43:10.899620
9adf0fb7cccbd420,Active,2025-02-20T12:57:07.448517
9a6e127e465f08fc,Active,2025-03-19T10:31:43.108052
8244ef9ea51f2419,Active,2024-11-19T09:19:00.662345
7e5371c9a1006f9a,Active,2024-12-19T23:41:59.350058
5e04333ea3f26595,Active,2025-01-21T23:59:43.383046
2018aa6179c2512b,Active,2025-03-27T17:24:57.396532
f007130d092a0e12,Active,2025-01-03T17:54:51.308269
fa7bdcb3f99e419c,Active,2025-01-27T02:22:10.306900
36a873a278bb716d,Active,2025-01-04T23:17:01.717242
0450a974cec46258,Active,2025-03-15T18:23:45.474474
8921a729d092526f,Active,2025-02-17T06:30:11.747092
8696085cf1bc5b68,Active,2024-10-16T01:01:14.128307
5bcbe443a895256d,Active,2024-12-21T01:23:04.774067
6ebfc9e21d271c15,Active,2024-09-04T03:53:12.174601
d9271bf16efae464,Active,2024-09-28T09:10:56.753768
8623e8bf140b6f30,Active,2024-07-23T05:08:32.812835
b267e6cea9a86c13,Active,2025-03-03T13:51:59.246691
99efcc6a32533fba,Active,2024-05-17T14:23:59.779743
abe22e7e8f0ff6e9,Active,2024-11-07T12:56:49.610540
4d7d665ff724d685,Active,2024-06-29T06:16:42.795392
e7aae3d300f8c053,Active,2024-04-29T16:01:02.697931
45ae651c18f430f8,Suspended,2024-10-15T09:25:12.721856
3e5003ede0435401,Active,2024-08-29T19:41:19.503265
01f13d5d2915f8ab,Active,2024-08-06T16:31:47.371809
617a18b4e2c5db1d,Active,2025-01-17T07:50:01.929522
2fbdb3fbc6b71bfc,Active,2025-02-28T09:09:51.683792
645e1a3fa8420c5b,Active,2024-07-02T06:27:27.438724
c8c34d741536a1af,Active,2024-10-21T12:54:57.331143
61fb87350f80e2c8,Active,2024-05-25T17:33:38.634959
7baa202cb0c19ce2,Active,2024-06-04T00:50:45.571297
1f85320a5878d948,Active,2024-08-04T20:47:26.724673
2104f32ed2241664,Active,2024-05-04T21:57:30.703785
ddc27bae3da113ea,Active,2025-01-22T05:55:21.524995
3c42bb3c7e210dbf,Active,2025-01-01T22:20:38.927151
c43c2125b11a68b9,Active,2024-07-05T14:00:03.173637
9f3f7806abf70bbd,Active,2025-03-21T21:29:00.647459
3f3fd48bd3de3252,Active,2024-10-10T21:54:04.687249
dd7449a024532c9f,Active,2025-02-05T19:37:59.984755
0443fa8bd76579b7,Active,2025-03-06T10:44:06.984720
80ab2b6ad92d8362,Active,2024-07-01T11:54:38.171769
227e524432c05acc,Active,2024-06-19T01:10:06.270446
c6e14a3b03a98da2,Active,2024-10-04T15:46:52.397977
4262474e4c04e31d,Active,2024-07-16T12:21:48.925050
c46ca259fd4a0d9b,Active,2025-01-18T04:09:52.327399
813d5beb57faec2c,Active,2024-05-27T15:11:12.197534
d22ffc636ebd83ad,Active,2024-06-10T16:23:58.019120
292eac36b3529390,Active,2025-01-25T08:23:47.103137
eadcd138a70c0e53,Active,2025-01-13T23:24:02.152363
c52f2f6b13b7bde9,Active,2025-02-24T17:28:16.251393
d879d3f1f78d07c1,Active,2024-11-29T19:51:00.935329
ad544d40ee50e781,Active,2024-10-20T00:19:23.485090
bf0895a0d8e79d5a,Active,2024-06-25T19:02:04.285155
1cbfd0487c692602,Active,2024-12-05T16:56:53.584812
bd58ad5f4b7392f5,Active,2025-04-19T23:05:46.215261
173841f7c4505e38,Active,2024-09-28T19:06:44.236811
caa9c987517aa26e,Active,2024-10-19T18:06:54.696276
a06a756ccbee107d,Active,2025-01-02T11:15:38.248850
1825e08744e4d51c,Active,2024-05-31T13:20:21.129688
f2378d0ead3853e1,Active,2024-06-13T23:06:23.728084
fc0de05761e829ea,Active,2025-01-24T20:24:57.487236
70ea27823346b22e,Active,2025-02-02T10:04:38.730173
eea0342af3030fe2,Active,2025-04-02T05:55:48.097024
4e8a184b60f3d99e,Active,2024-09-16T10:41:01.987519
add180826707d5cf,Active,2024-12-24T19:44:48.517180
2b7f7ca660b282ba,Active,2024-08-20T21:26:16.670647
fa7d5b051626c79a,Active,2024-07-24T18:42:04.512776
d57b71c64f5a8882,Active,2024-08-20T16:19:56.309851
28dfa693b0cb45fe,Active,2025-04-23T20:46:42.968420
274387274e61a60f,Active,2024-05-01T06:05:47.826831
f9129f77715b9f4f,Active,2024-08-30T22:31:50.518914
b324c1d73c9c6904,Active,2024-05-07T17:18:33.554476
f57852ead9be5146,Active,2024-05-27T19:07:11.124103
eb0557518f7bfa84,Active,2025-01-14T09:33:21.836332
762c571874da63e8,Active,2024-12-27T00:39:36.385375
e774d378101f15a8,Active,2025-03-26T12:55:45.552082
d092339969a41b5d,Active,2025-02-09T01:05:57.254121
8a9dc05a8d6d27d7,Active,2024-10-13T01:47:32.307904
523a58259640c781,Active,2025-02-04T00:03:59.350007
893a5237e784518d,Closed,2024-07-21T19:02:45.343453
f89ad161eafc8330,Active,2024-12-08T11:47:53.041885
d09466e88c6308e9,Active,2024-05-28T00:32:02.318791
0dae6414c8c6291d,Active,2024-07-15T20:59:30.414365
c5cfc6bbd9596f9e,Active,2024-08-13T17:12:38.511249
dc0584a600b01528,Active,2024-12-18T07:42:09.891287
257575d7cadd8e6c,Active,2024-07-01T07:03:28.975158
3413cb97fe7e436f,Active,2024-10-20T12:28:54.432635
0051afa8b9456c0a,Active,2024-11-23T17:18:24.209751
6c8858eb1f016b71,Active,2024-05-25T17:02:21.373288
47ac1cd5294f495d,Active,2025-03-09T16:44:43.676554
a8ac0c2844124b2f,Active,2025-02-13T00:42:35.417440
ec0c15bad5cd0d28,Active,2024-12-06T09:17:37.458488
989cb1173924a374,Active,2024-12-28T06:33:52.418652
a2603df1f4ca71e4,Active,2025-02-10T15:27:34.573669
4d3dc628707f524e,Active,2025-01-24T17:25:41.051576
0767b1818718c885,Active,2024-07-28T18:24:32.714974
10a3070bf8cf9286,Active,2025-03-12T05:51:16.054958
a935f4475ed2ca51,Active,2024-08-08T20:16:19.679989
00beda6f07e2fbd3,Active,2024-06-11T00:14:45.867868
e8cdf0f99f391945,Active,2025-01-10T23:16:18.206519
76d3e38654849ce9,Active,2024-07-22T13:26:28.184274
b59230c5f41eef49,Active,2024-10-09T11:25:55.705805
a34b930a967aa5d8,Active,2024-11-18T04:26:21.254505
5792b724a6656b70,Active,2024-07-25T17:19:44.068041
6a19dd58ba4fc19f,Active,2024-12-01T06:34:39.046172
449ad568183df711,Active,2024-09-04T21:35:36.794495
e5587e3378b8d98b,Active,2024-10-31T03:34:53.218025
b3addc1d1245162c,Active,2025-03-17T11:06:23.970592
c327e46e5bcf5ec9,Active,2024-08-05T21:21:03.250926
8b4768869e9254c8,Active,2024-08-19T13:42:49.182369
1dcda813f9d35d08,Active,2025-01-09T11:39:04.248679
a14eef8003242bb9,Active,2025-04-07T04:38:05.521020
5481c97d8213cfff,Active,2024-12-20T20:32:08.993444
6c3ea9f5b8aee896,Active,2024-09-05T00:58:43.397550
334b152d51bff0a6,Active,2024-10-28T05:29:16.187377
7977d56f03437b14,Active,2024-10-08T07:07:43.077421
947adbe0419444fa,Active,2024-12-03T16:26:19.501598
59dcaaf83d652169,Active,2024-06-22T17:55:22.272582
3d2e6270c99a66aa,Active,2024-07-14T01:57:38.093962
1c9e785420bd9b4e,Active,2024-09-02T03:38:56.556982
3d3935793a68b239,Active,2024-06-18T18:36:17.238408
bfc71a0aa35a2107,Active,2024-09-10T07:50:15.801620
221d4b61705d0d21,Active,2024-07-12T23:32:17.534529
792fce205a18b9f3,Active,2024-10-15T12:42:58.414640
6bae620d99c06e42,Active,2024-09-13T12:07:05.095054
4cae1abac1ee2574,Active,2024-12-25T16:53:23.115411
4676f58bba5de452,Active,2025-01-05T20:55:55.676638
cbef98acc745f265,Active,2024-11-20T11:20:54.528321
a1c64e0f0baeb311,Active,2024-10-31T11:07:49.917669
50b25347109bbee8,Active,2024-07-12T00:31:13.254902
4b15e6b8303b1f40,Active,2024-07-27T13:57:32.860258
c303e5fe3d25829c,Active,2024-08-07T16:04:46.743398
542ebc3cb4922d51,Active,2024-06-14T03:18:10.954429
9f4b4616760af148,Active,2025-01-15T02:57:54.763893
282c76431c0e0a52,Active,2024-08-06T10:55:40.210743
eb7a5fead6251779,Active,2024-10-13T09:26:43.237118
6961b386428b15e7,Active,2025-04-26T19:40:00.746676
a340142b36d3eef9,Active,2024-08-14T20:59:31.109473
d9ff26644fbcd3ab,Suspended,2025-02-19T05:21:30.128296
bac680186f15a5ae,Active,2024-12-01T12:48:00.939421
ec619717fcfef1bf,Active,2024-08-10T20:26:27.424536
9a692ebad3edc257,Active,2025-01-25T17:41:32.729558
66d47cd944e98044,Active,2025-02-11T08:26:47.627120
9adc74d7bb0fc280,Active,2025-01-28T17:18:38.077152
3c9d359b2a20101a,Active,2024-06-13T09:38:14.068762
4bbcf8ef10f31d06,Active,2025-04-05T15:01:56.550787
ef1100ec29e8ab42,Active,2025-03-14T06:46:59.877505
afd3c31d05a0a737,Active,2024-06-11T23:02:30.131997
5d63a26f9c57f78b,Active,2025-04-15T08:52:24.650423
786a920aaf84f015,Active,2025-01-05T18:22:47.654360
1df86a7bbd9b0fbd,Active,2024-05-08T10:21:48.143531
dfd96b9a0eea8ccc,Active,2025-01-14T10:52:52.675748
7d8d37c1a39fc7b3,Active,2024-10-09T13:36:25.486524
82100b1630bb2611,Active,2024-07-12T19:32:56.386744
10ae30cc9d19042a,Active,2025-03-11T21:39:29.919167
8fc012ce0963fcaa,Active,2025-04-20T15:42:27.806486
27826ff1922df89c,Active,2024-12-16T02:51:49.280865
900d0b76d0f81e9f,Active,2024-07-28T04:07:29.408923
3432b2e615a62d6f,Active,2024-08-20T15:47:57.188628
33385535774ff53f,Active,2024-04-29T18:53:12.394803
3ea295d4ed0283be,Active,2024-09-19T19:20:38.764793
ffa15141f8eaa0a9,Active,2025-04-16T10:10:22.431871
d28e9d4c02a7685e,Active,2024-09-14T15:25:20.007497
6363abc70a6e5f7d,Active,2024-08-21T15:33:35.880292
1ce2f4f0c17caffc,Active,2024-09-13T13:36:21.241289
443ec169e6e6dd33,Active,2025-01-02T02:14:35.791686
8aedd28890af18be,Closed,2024-08-30T01:30:55.195224
383beb9de6021954,Active,2025-04-08T01:44:13.848601
7bb7fc18d276264d,Active,2024-07-26T21:33:14.950482
e65de27c2c37f141,Active,2024-11-03T21:46:11.409924
3ce14e2f189e8bae,Active,2025-03-27T00:41:18.581249
70eb91e507f8a0eb,Active,2024-12-11T22:32:41.138364
9a76cc216602f96d,Active,2024-09-19T00:39:37.510147
e6a62a3ca4aab446,Active,2024-10-16T00:03:38.344769
afd382ef5ab3c963,Active,2024-09-23T13:15:38.026901
8c621e07076d160a,Active,2025-04-11T16:57:51.467524
e188dbfd1cfb18a3,Active,2024-08-14T12:26:16.947229
8209deaccd19a656,Active,2024-08-20T22:03:36.956739
e0c8bf224e9fccd8,Active,2024-06-09T03:30:04.624565
942fc50fb4912f24,Active,2024-12-14T10:34:29.770581
05265780cccf9c7d,Active,2025-02-12T03:10:03.798415
8c6eeff19076cea9,Active,2024-05-20T22:51:05.265118
169e9d6cd34ff457,Active,2025-04-19T02:56:57.423761
d5098d0c3634209f,Active,2024-09-23T15:32:53.407237
a1ff66da825827ec,Active,2024-09-26T08:34:30.695089
24cb65c18c89e402,Active,2024-08-08T19:50:51.145909
b4e0d5b8be2840c5,Active,2024-11-14T03:42:30.693998
917af9852a842632,Active,2025-01-17T16:57:41.272639
d87b9f6eb8f3c800,Active,2024-06-13T03:03:01.058835
15403c16dfd34265,Active,2024-06-04T12:23:05.710168
2e8c0be67b3851d9,Active,2024-05-06T15:19:50.629600
387b9a351ca84070,Active,2025-04-06T08:35:55.789563
da1f90536d71588d,Active,2025-03-22T12:19:47.210793
c3d77bc099f3a6ff,Active,2025-03-19T03:20:50.150874
64eb7a259cd644c5,Active,2024-08-10T06:17:44.435783
5e43006f96e0e1ef,Active,2024-09-21T17:26:23.794936
b284acac216a4219,Active,2024-12-23T23:52:44.463425
352f34056abb026e,Active,2025-04-24T16:05:15.972136
24afc4030fadcd5b,Active,2024-09-21T01:36:26.454881
d6073fdacc0e7d18,Active,2024-10-10T00:48:16.646365
7b6f04b502dadfad,Active,2024-12-23T01:15:34.093703
667cdd7739477364,Active,2025-01-06T21:10:22.189821
53fa8cb3176ffb27,Active,2024-10-25T03:15:39.104947
430b7e819cd3a0ba,Active,2024-07-12T13:06:57.698315
3de6052d33b31bbe,Active,2025-03-28T21:11:14.722328
3f977917a2671dd4,Active,2025-04-11T19:17:53.052907
10567831e780b04e,Active,2024-08-25T06:51:35.802502
98fc8fb2e8616f6d,Active,2025-03-20T20:59:19.044216
da74b28dd26110db,Active,2024-08-16T03:13:32.886906
dd9744961e67b975,Active,2024-05-13T11:55:56.426144
f41caea1d45841f2,Active,2024-06-01T00:00:02.981212
4949e91f171df6d1,Active,2025-04-08T20:26:58.462476
bcefed42d44ab0e7,Active,2025-04-19T16:56:56.118786
9c37952bd96e9041,Active,2024-11-15T18:19:08.730402
19ad76b6d02ac97e,Suspended,2024-12-14T00:56:21.536205
7613de397ad0a9e4,Active,2024-08-07T12:41:09.472245
9793cee91b3f7c88,Active,2024-07-11T19:16:42.956023
a0db557d362e0dd5,Active,2025-04-25T05:32:46.870922
bef40e504662b51e,Active,2024-05-04T19:25:39.438249
e4e33e8e1ea0f111,Suspended,2024-12-01T03:15:37.400895
483b1b0045bff126,Active,2025-03-28T21:26:04.774614
a362c427d6f7eea1,Active,2025-03-13T02:14:59.671627
68df6b2e7b082458,Active,2024-06-30T19:40:14.227312
3c7377b4770043e0,Active,2024-12-30T18:59:53.950232
c547071d9a3aefb8,Active,2025-03-13T21:22:16.350275
68cfea618b04331c,Active,2024-10-02T09:24:38.132268
ca02ec6546500615,Active,2024-10-30T13:34:02.461632
a723a272c6dbaa44,Active,2024-08-07T02:54:24.672094
a894d2958f77dd45,Active,2024-12-01T02:45:31.263754
a3bfcad810dfff5e,Active,2025-03-20T14:55:17.195582
4db653322518681f,Active,2025-01-25T02:17:45.993371
52d3b9a964365a15,Active,2025-03-02T15:22:02.173185
1bcb7e31a7ffed82,Active,2024-10-21T19:51:14.388272
75dbea607f42e6ac,Active,2024-05-01T00:28:59.557802
124264701d51edec,Active,2025-04-11T11:04:42.955297
653a76a4d88f48e1,Active,2024-05-04T13:07:03.546977
b6d21ddf5e67f8bc,Active,2024-10-24T03:03:34.653430
c442831ddb6bbdbb,Active,2024-05-13T22:17:42.484347
a60f137d4e9f80dd,Active,2024-11-02T05:06:57.707403
b1ef56dc58423ecf,Active,2025-04-20T18:52:39.432237
3cd935181501b394,Active,2025-02-10T11:13:31.117985
7bd2226f6953baac,Active,2024-05-03T05:55:25.651795
977077b2a640773a,Active,2024-07-09T11:36:42.420303
15642127c649deee,Active,2025-01-05T15:08:25.061036
834212e6a54e00cf,Active,2024-09-29T01:58:32.158219
e30e3128e2e02da2,Active,2024-07-11T07:37:55.964641
c5d815b6f71eece6,Active,2024-11-10T09:07:54.659665
3058cf5f8df22dda,Active,2024-06-05T15:14:04.718757
c96deb03f0a13120,Active,2025-03-28T05:47:56.053313
d6c274839b5ff6ca,Active,2025-02-09T06:16:15.291772
b7bdd8a013252044,Active,2024-06-22T20:24:35.245058
220be2c09a6dab33,Active,2025-01-11T17:17:42.390802
9f76b00d813857ae,Active,2024-08-28T19:15:13.216352
675c22a78abd68cc,Active,2024-07-01T17:20:30.883717
9dd45d16fd2ed435,Active,2025-03-12T05:03:03.064237
7fc31fc5f825e211,Active,2025-01-22T13:16:17.373288
56d9260da66800c9,Active,2025-03-01T10:06:55.667448
c567b1019b6e1ec1,Active,2024-09-19T11:07:42.844951
6ec9a0aa12f29149,Active,2025-04-13T17:46:56.699703
62ade1e26b53e3d1,Active,2024-08-07T00:05:59.370415
1c4c141aab06af07,Active,2024-11-22T11:39:48.041914
3889d6f2e25dd667,Active,2024-12-15T10:21:20.821789
dd5e2700fa19a604,Active,2024-05-01T03:09:05.739620
643c9a1ba885bb06,Active,2025-04-28T19:09:51.688403
dd2c30ea8cc76ea1,Active,2025-04-19T21:14:00.846385
2eb03061e52ad8bf,Active,2024-12-20T01:15:37.558231
f7f7c1909b6eea31,Active,2024-05-26T22:12:33.947308
17d5a6621ee241ca,Active,2024-05-09T05:07:10.047148
34477525a4f74b53,Active,2025-02-08T06:42:44.386569
8d24536cda61e697,Active,2025-04-14T00:14:23.845713
3ec4a96493455406,Active,2025-01-28T23:53:53.056337
6d2fa305d87ca070,Active,2024-07-06T13:26:10.851313
214bb3185ca22897,Active,2024-05-21T13:23:44.560657
a2b7bbc1b792c9ec,Active,2025-03-15T12:15:48.893339
f63355008a5ab747,Active,2024-12-09T16:22:08.906400
af63be8df6820509,Active,2024-10-24T06:15:19.599012
42015943af61278c,Active,2024-09-06T18:13:24.708007
9c07e668aa7b3bb2,Active,2025-02-02T02:40:23.410899
7676d08917a983d7,Active,2025-01-03T16:47:46.232133
395b168887f09970,Active,2024-08-22T10:52:52.640949
f32cbe62278a63a0,Active,2025-04-17T07:12:53.653059
cfa0f8569ab23792,Active,2024-11-07T14:38:46.696380
e5604cd8048a9719,Active,2024-06-02T10:35:38.748245
16d929e6a4be4761,Active,2024-08-30T03:10:53.844259
94b816f75c2577cb,Active,2024-11-25T16:37:46.079844
df2c4e201f6189e7,Active,2024-11-14T10:58:37.488827
98e0be881b871383,Active,2025-04-16T05:36:30.274999
c67b0dd986798727,Active,2024-07-30T04:02:03.985026
6d957eb16706b57d,Active,2024-11-10T14:18:53.631831
0dcac909114a43ee,Active,2024-04-28T16:32:18.196111
1c8d85eea4a97fea,Active,2024-09-24T16:22:46.928757
bcac95faeca3d03c,Active,2024-08-06T09:09:37.523915
af7c7a43ff3b43dd,Active,2024-10-18T04:46:36.499027
fe0ae6c6e4ca87a0,Active,2024-04-30T02:20:27.156590
8971aa3356f2a32a,Active,2024-10-15T11:34:13.089342
82c7965267d95189,Active,2025-02-17T06:27:37.005917
206bcec7a3394809,Active,2024-12-13T15:45:30.539974
9c2faf31f66ff4a8,Active,2024-10-18T15:55:42.202188
c073783878175133,Active,2024-06-18T08:56:09.589801
f64349573a78487e,Active,2024-07-12T14:36:09.962205
073e70c9f2a3c3b8,Active,2025-02-16T16:35:30.090570
655f35af81ec0d25,Active,2024-12-12T07:40:47.239723
0cd280f04356ccd5,Active,2025-01-09T05:00:21.834110
c920d3e80901fb44,Active,2025-01-07T15:32:15.896942
a5666f493f385e88,Active,2024-07-29T10:09:50.686465
a60c7e77cde06e69,Active,2024-12-10T00:47:50.400244
95bd00dd282e03d4,Active,2024-10-20T21:07:14.685033
352a9cce76008570,Active,2024-09-15T22:40:54.798839
fd66b20d9f7d7cb0,Active,2024-12-22T01:54:14.117301
95351eac5c34a278,Active,2024-10-30T13:42:44.349849
0bffa9efca44cea0,Active,2024-05-01T00:20:04.693381
0131eae2c3a9d1f1,Active,2024-10-25T03:22:11.476362
066d79d796a42c16,Active,2024-09-06T14:34:24.646474
ae4ae8ccf763406f,Active,2024-09-30T03:18:31.261429
7537caba57a5dc7f,Active,2025-04-13T01:27:22.086033
d7c80d54ea214585,Active,2024-11-10T16:31:39.537438
24d38338bde94d42,Active,2025-01-28T12:07:53.274352
cac2271638c455bb,Active,2024-10-27T08:46:42.235420
b8b461c76ee21128,Active,2024-10-24T01:49:29.458283
ab7f3fd783e582ab,Active,2024-09-08T17:51:48.016357
71ea1677dddb8c3d,Closed,2025-01-23T00:13:03.922396
cbf8002e8bbd4a92,Suspended,2025-04-06T07:31:50.220774
30775dd7fdf1599d,Active,2024-05-18T01:33:27.582121
7aa50f4ce20fbdaf,Active,2025-02-04T04:14:36.657193
17baf603e839f7ca,Active,2025-04-26T21:44:02.508111
3de92e30c7db0106,Active,2024-09-11T02:59:38.645118
a7d779684ed2244c,Active,2024-09-29T08:10:34.032038
960408e8bd137757,Active,2024-09-06T04:07:35.066908
55fd5527fa243016,Active,2024-06-22T16:58:32.520003
a9945ba120238079,Active,2024-10-23T07:05:37.130931
b2eabc3db517c0e0,Active,2024-11-10T05:40:11.445428
3a3eb565e75e6c77,Active,2024-10-11T12:15:29.869834
c216b7d581f8b308,Active,2024-05-29T12:17:24.505148
5921d9e8403ea910,Active,2025-03-10T19:42:32.946726
f66b41f6cabd3f2f,Active,2025-04-12T16:29:20.460494
ae7e447b70aa42e4,Active,2024-05-19T20:37:24.654704
022152ee0212a961,Active,2024-12-30T01:58:13.796558
be9bed4b6a440a60,Active,2025-04-23T03:07:13.122337
abeb79f806612889,Active,2024-08-27T11:36:47.518284
6dd570a0f39b2752,Active,2024-08-25T14:06:12.332100
f58362769f8edfcc,Active,2024-12-31T09:48:39.495770
c04971f7986b84dd,Active,2024-12-09T09:00:52.957791
fe9813c0b7dd770c,Active,2024-08-19T15:04:22.506712
6b7931e084912ee7,Active,2024-11-20T01:40:38.754918
c8ca9b6444510776,Active,2024-09-20T13:35:17.222445
81c640bd652c7d66,Active,2025-01-02T18:07:30.893070
9c00028e958c5a3c,Active,2024-06-01T00:19:00.873173
a9ce335b4180512a,Active,2024-06-09T19:53:25.076895
265e6a65671af40f,Active,2024-05-15T03:24:36.956623
c3de6fb3a9d5ee06,Active,2024-09-28T22:10:36.482756
f7316524a8fff39f,Active,2024-04-30T09:15:05.231550
96f52005be0402cd,Active,2025-01-03T11:35:45.642363
edf86116baf19a67,Active,2024-12-14T19:44:13.643412
0320f7994004d36d,Active,2025-04-01T15:59:36.295117
01d308c886077203,Active,2024-06-02T23:27:51.049771
ad0f63905e6fc3dd,Active,2024-06-11T22:02:45.266352
b6068a684573cf8b,Active,2025-01-07T01:05:26.535119
d9c0875eda2e5665,Active,2025-03-05T08:11:06.519242
24e7b26da7153a6b,Active,2024-07-18T21:38:33.069882
74eae6caf7984e78,Active,2025-02-05T21:31:48.435977
90bb16c3e201e7c2,Active,2024-12-06T23:33:57.547270
0b0ab269a2fc74a5,Active,2025-03-29T04:08:25.317423
74c656834e744966,Active,2024-05-31T10:31:41.006632
b7748e7377c1e9ad,Active,2024-09-12T07:56:14.598330
b038ce0a6b3e2800,Active,2025-01-15T13:36:27.728563
15b522bd5d5366a6,Active,2024-10-07T22:03:15.395605
10a24a11a1995c9c,Active,2024-11-17T06:36:53.522097
01c0a69d23f24d08,Active,2024-05-06T00:13:14.732797
6154283e1085625b,Active,2024-08-21T05:19:30.727418
c5199b32687e3cdf,Active,2025-03-08T22:56:27.762929
9ca79100ecd7aa4f,Active,2024-10-24T13:25:37.857295
a73d0ad3fbde3e0a,Active,2024-05-21T11:36:41.854728
d5592a6d48c257de,Active,2024-09-05T22:59:30.012141
63fd451c19190c32,Active,2024-11-13T09:00:28.133457
a81c936846673961,Active,2024-06-17T23:38:41.863717
1276f8f9de424cdf,Active,2024-07-27T05:24:22.771955
185966593fe26b25,Active,2024-08-27T21:47:19.123739
91dd205bb97dba7c,Active,2024-09-13T04:38:16.969524
75684ee1ca95a628,Active,2024-06-09T21:42:26.927111
7a324ae86df4e855,Active,2024-09-12T13:01:47.281663
d780bca8e39af1e1,Suspended,2024-07-14T04:55:00.916960
b462e077ef85e309,Active,2024-12-12T05:55:19.133647
4e277b9885447429,Active,2025-03-22T14:10:59.949284
ff18ae46ba6910dc,Active,2024-07-17T22:31:30.541145
6242dec54c754f6b,Active,2024-12-03T02:16:49.919159
005f5705151ef696,Active,2024-12-13T07:40:50.070611
1808a5bf83157954,Active,2024-09-02T23:50:27.539919
e9b72e83416a5965,Active,2025-01-03T13:22:38.243524
23b29128ebfc24e4,Active,2024-10-04T22:52:01.204836
baaa6d03cbe2eafd,Active,2024-10-02T08:03:13.506426
cad013e08acd123b,Active,2025-02-25T08:52:36.402743
ab10356eea609145,Active,2024-12-25T06:47:17.226359
29cf04f91184b278,Active,2024-06-23T15:33:17.949729
78bf90a33b5a0f18,Active,2025-03-17T12:17:51.194754
9db17ded86dbf114,Active,2024-05-04T00:55:38.992959
9d1b08e52b9c7abe,Active,2025-04-27T15:57:15.582738
0d3279311d4a7bb3,Active,2024-09-26T09:06:50.032343
5907aba1d7b98c3c,Active,2025-03-07T17:45:22.286959
4fc6abed76ef05a8,Active,2025-03-15T05:59:37.322609
4971620bc54a8e21,Active,2024-06-03T12:20:33.043882
1d16517100140462,Active,2024-09-25T15:21:09.127480
41bac66a684592a9,Active,2025-03-01T22:18:58.153093
b06516601ea56e2c,Active,2025-03-17T18:11:25.421198
b5177b9ed9bb7e79,Active,2024-07-15T19:25:05.155194
4420180fdc0db8c2,Active,2024-05-31T06:57:28.192190
7f54038d538c33a6,Active,2025-04-20T13:17:22.776992
51ea42a0186e8931,Active,2024-05-11T16:09:40.264775
d7e4bfdfcb074880,Active,2025-04-18T08:44:17.630446
ae5ed35ae152cf95,Active,2025-04-18T16:04:41.292869
4acf9791e36576c5,Active,2025-04-06T03:56:07.385937
4c79a53d63de26bf,Active,2025-02-14T05:43:29.514293
a74b6508d9f141f9,Active,2024-10-15T12:34:59.717874
fca0b596cd5e1dbf,Active,2024-05-23T07:43:56.907959
9b2d1fe591b6d42e,Active,2025-03-07T20:45:07.234333
1479d79d308078f7,Active,2025-01-19T01:10:57.481163
f75fa10c20f68ef4,Active,2025-02-15T16:26:08.374207
6e6f388e42ccf6a3,Active,2024-12-09T21:18:57.027530
559a192e2ebc94da,Active,2024-05-02T21:50:47.565184
119dfc7ee8a462c8,Active,2025-02-02T20:21:57.518230
5115226ef9f1e140,Active,2024-09-15T01:22:39.112109
4c98e0b03c8d71a1,Active,2024-06-01T14:19:57.134714
be1854f9e6b50873,Active,2024-12-25T19:21:09.794298
e2e35b00486d91ae,Active,2025-04-09T11:04:47.062531
a2b3858c8a1746fb,Active,2025-04-23T03:16:42.908600
1f4239965c1e4b21,Active,2024-11-07T00:13:37.137880
222540f7e6c71868,Active,2025-01-20T09:43:44.295870
6fa7da34968f374a,Active,2024-07-02T06:00:59.590145
4a07f066c1239d84,Active,2025-04-20T01:17:25.746022
c900387bc0fb3ea4,Active,2024-12-22T23:28:09.015483
63d71d48d46ea8e0,Active,2024-07-16T16:21:39.206120
dc6a90c78dcba3d7,Active,2024-08-21T17:42:23.837758
bd78434b74a74732,Active,2024-10-03T13:06:12.729102
7c2ab31b87971b3e,Active,2024-06-24T04:06:48.854720
8670844811952851,Active,2025-02-20T12:23:11.654051
8e1dabbe2f1edc74,Active,2024-10-24T18:26:32.824578
351077013e7323e4,Active,2025-03-17T12:32:22.434456
47b602d6df3979bf,Active,2024-11-16T08:45:19.090068
c1a0e756f4f8117d,Active,2024-10-24T17:35:55.368101
4aedb21075291513,Active,2025-03-24T08:31:05.994049
fc48d2d1e72bd3f5,Active,2024-08-29T17:23:31.029784
39718a8556fc4ae7,Active,2024-05-31T09:03:38.063148
7bd0b1c752531d74,Active,2024-06-06T15:18:46.249464
e88f621375395111,Active,2025-02-17T22:48:19.785577
9fa3aee75635e63b,Active,2024-07-17T07:14:31.835177
e270eb7430abd66e,Suspended,2024-05-05T00:56:20.451792
d691689f1233233f,Active,2025-01-20T12:48:24.900321
50caab981eabafcc,Active,2024-09-02T13:39:02.509362
83f362fc3310d0c9,Active,2024-07-06T13:08:24.390783
6aa12977037f399e,Active,2024-06-28T20:12:11.460613
28a791352aefb1f8,Active,2024-05-17T13:07:36.710121
e64caa04532687d8,Active,2024-05-09T00:02:06.910336
3b04cd286fb5986c,Active,2024-05-12T02:41:20.040438
cf813aaa53974540,Active,2024-05-17T20:00:19.919561
e722583f91f7753f,Closed,2024-11-04T06:31:14.172237
6b7c772937c93a8b,Active,2024-08-23T14:09:17.710894
3239a0dd17945be2,Active,2025-01-25T17:53:04.676057
236e8925a13e115a,Active,2024-10-01T13:14:37.414925
78e20766ca7a908d,Active,2024-10-01T19:46:46.779018
aa44546cb5ec6ace,Active,2024-08-23T17:28:47.455138
31309d656fb82038,Active,2024-10-14T01:10:06.774126
c75b967ec0994933,Active,2024-07-17T08:20:11.189886
c5383119dc4afeae,Active,2024-07-02T05:10:35.540423
579cbf85512f1166,Active,2024-11-22T07:44:47.548144
e1581166d9cdda02,Active,2024-10-21T15:16:37.514043
cb22a2b7bd784c58,Active,2025-02-22T21:19:34.938361
c613b2c2a2389c89,Active,2024-12-28T07:39:15.132794
d26a69aeded3cf4c,Active,2025-02-24T00:25:15.470493
601d18495917517b,Active,2025-01-14T02:13:26.081631
4e3975e98e1b5389,Active,2025-03-04T12:23:03.842480
7c4eebe6395633fb,Active,2024-11-22T16:04:15.689913
615749e6c88b6810,Active,2024-08-09T18:14:05.682300
b668ca4bc83aa1e5,Active,2025-03-13T02:02:41.248413
37210d4e824e7bd4,Closed,2025-04-20T00:32:04.482311
a5a7bc00266325da,Active,2024-10-05T01:05:13.873155
793563afe8df4127,Active,2024-11-21T14:42:08.951805
0375dd14764ca0e8,Active,2025-03-31T05:18:18.697334
91e08c6c8b96f52f,Active,2024-12-29T18:35:31.601974
88f71218add196ee,Active,2024-12-24T08:43:06.174157
ef86acbe15a4ccd6,Active,2024-09-05T21:40:41.357504
1b3755ea1eaea9ac,Active,2025-01-08T13:33:46.310788
ffa669b4db42c2e6,Active,2025-03-14T13:41:01.891869
a452928433e94aab,Active,2024-10-02T07:08:58.683118
965a11ae8ca3f73f,Active,2025-02-09T19:26:31.456771
8bb0aa3537c4f29e,Active,2024-11-02T10:16:17.170393
076caa04c1172372,Active,2025-04-08T11:20:29.759844
6c83d8c2cfb82772,Active,2024-09-15T15:18:15.713181
aa5ef2077bcc7c7e,Active,2024-09-11T09:35:20.606737
7944e4c1436b5ad4,Active,2025-04-10T15:31:56.413928
e07841696404d21d,Active,2025-02-24T12:35:10.874592
9fb8f877d0d028cb,Active,2024-11-07T17:22:21.682552
c080e091d675693e,Active,2025-04-27T17:56:04.296310
34fd662b9650c437,Active,2025-01-10T11:13:22.939445
407251e961fd8633,Active,2024-10-01T05:54:22.743589
097fa91d9f89d3ca,Suspended,2024-12-02T02:45:03.654494
c87beca8ea2e76ed,Active,2024-09-30T23:43:24.355819
28a0e50487d3bab0,Active,2025-02-17T12:40:04.440792
d8f7ae2b498b701e,Active,2024-08-04T17:57:33.597323
2f33fffb9ef0f3f9,Active,2024-07-14T13:12:39.708823
48c3e86d1f408e19,Active,2024-12-30T07:15:30.483578
3f023a4cd637f0ab,Active,2025-01-06T12:11:19.371771
1c28ba5021f2e556,Active,2024-09-25T08:20:56.828970
e6476f5d6837bf1c,Active,2024-05-19T03:39:19.820940
4e3e884829203990,Active,2024-10-06T00:37:34.538429
54a84f882318ee1c,Active,2025-04-04T13:32:11.263577
336f9fd26adc2627,Active,2024-06-07T04:03:59.170104
79ddb5a0bd95d5f5,Active,2024-06-06T05:19:04.107705
e616722d45ff87cf,Active,2025-01-31T20:36:02.281660
7ac43c454486ffde,Active,2024-06-07T14:36:53.157172
f200f1be79953b55,Active,2024-05-16T22:26:41.567656
b97ce8c18d3d91bf,Active,2024-09-04T22:52:57.283679
96aa2419d75a3df0,Active,2025-02-20T11:31:07.352204
196578a9dae37526,Active,2025-04-15T15:48:49.182172
c9c89eed449ede37,Active,2024-10-22T20:10:26.724465
21e366d56e688adc,Active,2025-02-14T14:13:09.141901
fc3821301e632994,Active,2025-03-07T18:55:32.686979
ff2b45e5bd20b1e3,Active,2025-04-12T07:07:27.534842
7c69bbb5da9aaa53,Active,2024-09-30T20:45:09.623699
dab661d78a9d673a,Active,2024-12-17T16:29:55.641180
97d043a132210ba3,Active,2025-03-18T21:48:46.963275
d9bac567d9e107e2,Active,2024-08-17T16:31:13.873749
bc294eaa051e76e2,Active,2024-10-31T00:30:00.153490
becf60a2ae821a1a,Active,2024-09-14T22:39:16.171122
ff8fc0373f8e5400,Suspended,2024-09-04T22:08:32.042053
4c57d6732eb42918,Active,2025-03-02T00:28:08.528643
4204600fe76faf8c,Active,2025-01-08T04:13:44.758641
907f3d1d1e0381ba,Active,2024-06-10T01:29:12.663049
a648d54820a28fea,Active,2024-08-08T12:39:57.944839
957c48f25f3543e8,Active,2025-02-09T04:41:32.307521
a68be92992fbbb98,Active,2024-12-04T21:33:00.604223
41b32241663ece76,Active,2025-01-31T06:36:32.850613
e08d7d5ccecd56e2,Active,2024-09-19T06:39:21.553673
ccaf16ae73ac8390,Active,2025-04-03T19:01:42.146802
be1b40f82dc7b36a,Active,2024-12-14T07:22:19.500431
926632cfa7a0266a,Active,2024-09-08T05:29:10.973556
ff4fc42aa814beca,Active,2024-07-19T20:20:37.595768
623b25d761156d01,Active,2024-07-09T20:10:06.620836
12fbacb0b1c5ef80,Active,2025-02-22T13:12:19.385400
0ea96d397a4d8a1c,Active,2024-10-29T19:18:00.991096
b8b208dbc24ab750,Active,2024-07-06T21:55:28.081231
0773c676ef046543,Active,2024-05-01T09:37:49.330307
6b04602856070e40,Active,2024-05-26T21:53:55.520529
d25239d31c7f0b73,Active,2024-12-21T09:14:22.371612
4870fbab8b6c03d5,Active,2024-06-01T23:19:18.962051
8b04a47fda6cbf9a,Active,2024-09-08T14:02:37.967858
3967ed4e4cffb066,Active,2024-08-12T08:19:39.598604
7da4466c8d095d2a,Active,2024-09-07T10:43:39.304638
28c993c6e7b25f6b,Active,2024-12-22T20:41:08.540131
4b752affa870cd32,Active,2024-08-09T01:58:12.043805
5c82fbe85bd23003,Active,2024-06-25T04:28:11.043930
519854d7b757bdf4,Active,2025-01-01T02:55:42.626041
c92d03935aa78ff0,Active,2025-02-22T05:51:41.194526
8537243fd2775902,Active,2024-11-16T11:26:06.242450
9474f88aa3ea2c30,Active,2024-11-09T12:48:05.613725
5baf59d69686ac5d,Suspended,2024-05-23T11:45:19.200606
9bd731e7f8d26593,Active,2024-05-23T18:06:20.561757
40fd7a287e9ee789,Active,2024-09-23T11:58:59.900702
d7844bd909fd5fd7,Active,2024-10-17T06:27:23.275774
966c449c6f1417a3,Active,2025-04-19T03:58:24.193166
55e23972a59a31d9,Active,2025-02-22T07:26:39.999931
21b3df7d19322f44,Active,2024-10-27T15:41:39.680387
10478653acc85c53,Active,2025-04-22T12:18:56.361264
ca751306ee8b853e,Active,2024-08-10T03:02:34.344374
755cc143d8a9016b,Active,2024-12-31T23:10:46.830685
e0e1cdf814415c9f,Active,2024-07-20T01:37:23.452173
977af2748a169862,Active,2024-07-01T15:55:22.434731
7ac86937f47b1d29,Active,2024-09-17T15:21:04.654967
be4ab423311e4931,Active,2025-02-04T19:04:13.063789
b5da6cfd30cc8475,Active,2024-07-04T12:49:23.144750
c8c8e0f6173d0865,Active,2024-08-30T23:41:47.869614
d1c92dc6f41a7675,Active,2025-04-16T09:34:18.599320
ad4d2c44d655110b,Active,2025-01-03T18:54:48.973509
e56aa9ff439cdfc6,Active,2025-01-26T05:02:33.532304
bc403899e72cf5ec,Active,2025-02-04T04:25:06.017680
fe81ddf60d9167b3,Active,2025-02-04T18:47:26.650308
67ac484c70cceccc,Active,2024-10-14T17:09:52.320968
32468dd963501be9,Active,2024-09-15T12:39:11.678068
67a6d1fb7c69502b,Active,2024-06-04T01:19:12.038912
751ffc3c40c10419,Active,2024-05-05T10:59:57.759755
8ec39750653f2d5c,Active,2024-06-13T02:16:33.201217
eb5a4a3015d9e3af,Active,2024-04-29T04:14:19.693404
93703aca21558750,Active,2024-07-05T00:12:54.964364
9fe893f28e995c08,Active,2025-04-01T15:17:05.840921
22f86678139bd7a9,Active,2024-11-03T04:40:01.091288
c2667cabd39bcbca,Active,2025-02-04T16:56:45.754821
3101e12accc22de5,Active,2024-09-26T01:56:28.506207
82bf10d104bb06cb,Active,2024-12-11T15:51:26.688150
9d75f36de1e2214b,Active,2024-12-19T22:30:56.632950
3633d9619690192d,Active,2024-08-08T02:10:31.731416
955ef324b1583c50,Active,2024-06-06T11:30:37.318360
12bc299407a782c0,Active,2024-12-10T03:06:35.023086
773daa7c958cf1e3,Active,2025-04-25T13:16:19.409503
f4018d0eabfb313d,Active,2024-08-28T04:45:34.007149
eefb1ae6726315bf,Active,2024-11-14T04:08:31.802573
9f4f12c925661c95,Active,2025-02-11T11:15:36.778882
9192524be653d0a5,Active,2024-05-26T09:45:08.374960
f05b6989fcaa3e44,Active,2024-06-19T15:45:02.613341
af415e7d4fbdc9eb,Active,2024-09-23T05:52:13.543240
9f301e255050851a,Active,2024-05-09T05:59:46.858881
26e273e0717b8da8,Active,2025-04-03T07:46:35.628716
e12bcfc5b0cd4587,Active,2024-10-29T02:14:55.066740
622aac3d9a1b9818,Active,2024-12-14T20:28:57.349900
f67561fa68bc47bb,Active,2024-08-29T01:45:15.298680
4f6999413b4f3919,Active,2025-03-01T04:41:25.677926
cd90792d4f83362c,Active,2024-08-11T23:30:42.506829
6ca41bd674c4b217,Active,2024-10-19T22:12:09.706352
65979b8bd475ba86,Active,2025-02-19T20:39:56.661145
c245492a8205e7eb,Active,2025-01-17T16:26:16.035110
6167edd3621bc346,Active,2024-07-01T03:26:32.906599
28c8c798a4954219,Active,2024-08-09T19:54:40.958054
63703901538dc1a5,Active,2025-01-06T14:44:38.945271
43a5dac13a36a700,Active,2025-03-02T23:55:13.737342
60a40824f59a27b9,Active,2024-09-06T18:57:40.390700
b424a6a3b42f782a,Active,2025-03-11T05:32:31.384080
0f18418e6e824b4e,Suspended,2024-05-12T06:03:00.071820
83b314fcb214d598,Active,2025-02-25T13:58:02.474488
674433cc5cc449ac,Active,2024-08-18T09:22:56.519668
3068191092750369,Active,2025-04-05T23:21:52.173838
050e35a9674b90e7,Active,2025-03-08T10:25:03.995366
6eecfa674897b417,Active,2025-02-28T03:28:44.765993
32f01437e904b9e4,Active,2024-07-18T05:14:16.999076
a3cd322330c15187,Active,2025-01-21T19:59:21.190301
c2e6a1ddb2e7311e,Active,2024-12-30T16:33:55.042372
1a7908d99eb5110f,Active,2024-07-15T05:05:36.743229
8a93a9086866f114,Active,2024-08-31T07:38:31.689638
2f389eec57191d69,Active,2024-06-18T03:20:43.328763
5e5b7c26a545e33a,Active,2025-04-22T08:17:29.449594
645b880063c391a1,Active,2024-09-25T03:51:17.038825
2fba51eb20f4a77d,Active,2024-05-11T13:36:24.143617
909624c7767d711e,Active,2024-05-31T18:37:04.424664
1a37067838e3e5cc,Active,2024-11-06T21:57:29.606994
f6ac73f73b264998,Active,2024-08-25T15:37:12.021663
087982a74ddc83e0,Active,2024-10-15T14:58:07.422210
94b1f90bfc0a1241,Active,2024-07-12T01:36:31.716345
9d423ec841165256,Active,2025-03-22T19:46:11.034448
007603e13a6194a2,Active,2024-09-16T10:30:03.762414
1d6219786a578814,Active,2024-09-11T20:25:25.201147
ce666c2d619c4ca9,Active,2025-02-13T20:28:24.538826
829b16719a877603,Active,2024-06-20T16:58:41.310581
8b25c18e7c0df5cc,Active,2025-01-30T17:26:43.013273
9b0ff3c75fea4bc9,Active,2024-07-23T03:54:53.395720
4be676ee3a9cb4c8,Active,2024-11-15T09:54:33.201887
d262ae486b112009,Active,2025-04-06T21:28:48.845814
f2e9907565473a35,Active,2024-07-26T07:37:02.376421
96e6858afab69adb,Active,2024-12-02T22:28:19.959828
d8b8fb3fd3fb0353,Active,2024-10-05T19:17:01.608241
8514c25e02b4e222,Active,2024-12-26T12:02:19.452938
09c296a84b4f1cbd,Active,2024-07-18T05:41:44.059829
a4ae10b4f2947e06,Active,2024-05-15T16:01:52.297346
d736bc0d092baa3a,Active,2024-12-16T14:13:44.888910
aea4a4e069df510b,Active,2024-06-13T19:31:00.355106
f5b9a292728657bf,Active,2025-03-29T21:23:13.122918
13134b496785ab3b,Active,2024-08-10T09:57:20.893282
d56581ae915b8a27,Active,2024-08-25T09:47:40.758968
375793d1ec044fcf,Active,2024-07-22T09:53:13.053257
cb52c430eb324751,Active,2024-05-19T01:14:40.417466
e107e59fa34fb5b5,Active,2024-10-24T16:51:48.011992
aec669c079c57288,Active,2025-03-10T17:34:42.300199
3413cba78253585a,Active,2024-10-14T14:34:12.862457
15d3018ca01d6607,Active,2024-09-22T05:29:52.146150
6e1bb548aa26e2f0,Active,2024-10-22T06:26:42.331969
599323a9a70b8604,Active,2024-10-31T14:12:36.148838
09d9d098375c26eb,Active,2024-05-02T18:43:37.169759
3deb514db72eb5f3,Active,2024-11-02T06:04:30.473241
0b1308dd8b5d6b13,Active,2024-06-29T20:42:07.430721
b831028cf30d0a3c,Active,2025-04-18T19:54:04.813500
4c033867ad8ad661,Active,2024-05-28T20:46:42.930233
22a41ed368c62360,Active,2024-09-29T09:39:41.616489
dfb014d5a2708952,Active,2024-10-27T21:26:28.127077
6aee637823bcd265,Active,2024-05-15T21:47:14.960302
14ce897ff587c20d,Active,2024-06-18T08:20:41.735432
d5e5d686892dccf2,Active,2024-11-23T20:33:18.749394
a3f986756ef41b3c,Active,2025-04-06T03:15:13.782650
333c6c6dfe609380,Active,2024-12-15T04:50:53.536511
6164ca959b5b83c8,Active,2024-10-03T02:30:01.050645
409f3b6713661a18,Active,2024-12-05T01:51:28.678534
0c27be1d48458e0e,Active,2024-07-13T16:24:19.555782
e6df30ad1f6a38ea,Active,2024-09-27T06:52:13.454542
8d5c199204073b05,Active,2025-01-29T06:36:20.738668
1cf2eae86f29d9df,Active,2025-04-21T10:23:44.420835
9ed26a014a556fe8,Active,2025-01-13T12:27:26.177227
f13c0b0e72480eba,Active,2024-07-06T23:46:33.949177
67b982ca445b2e0b,Active,2024-05-30T12:06:33.972440
a2897184d3856a4d,Active,2024-08-04T15:09:24.557515
7c4164e8f2ffcbc5,Active,2025-04-20T11:21:27.389061
7d792d1e5cdf87a9,Active,2024-06-23T12:33:51.253446
e250b279cab067bb,Active,2025-04-01T12:03:14.401097
f8b822c64c8e2303,Active,2025-03-03T08:52:08.575917
f68967abf9704cb3,Active,2024-08-17T16:12:36.261650
4c44f51bc5bc3729,Active,2024-06-30T09:46:09.352381
c8064c10737f7e44,Active,2024-09-12T02:14:01.881360
02bbf8fa784e8245,Active,2025-02-11T18:58:35.289106
a04d90c5654474e7,Active,2024-09-30T21:52:00.430107
a7237b59d683cfe9,Active,2025-02-19T07:31:23.858231
d2400106becb870d,Active,2024-07-03T21:06:01.980022
3cd43147beab29d8,Active,2024-07-25T06:18:16.787362
a676088304df528f,Active,2024-06-29T03:21:50.301956
0e80a9994c9da9c7,Active,2024-09-14T02:18:13.505870
54b41e3064318758,Active,2024-06-18T10:47:44.889677
ed9d7e790fa5fae4,Active,2024-09-15T21:18:41.128673
46aeef9fee6012dd,Active,2025-04-17T15:02:38.971622
5995015b24590d66,Active,2024-07-06T10:25:26.176306
7e33a1f0c525f430,Active,2024-12-25T16:03:26.176844
f06980ef270e3ffc,Active,2024-06-09T12:57:54.095124
e7d0af6fb45c4154,Active,2025-04-13T02:41:05.656668
f7b9a8b8576345fd,Active,2025-02-15T03:09:11.362131
f33fef11c4b0722c,Active,2024-11-12T22:16:06.955041
db8aa4eb01812465,Active,2024-12-13T10:05:01.217687
ebd2b39839cdff0c,Active,2025-04-03T02:32:09.316198
fd4e1e4fd52ef529,Active,2024-11-15T04:38:46.847356
e4204b073ff79411,Active,2025-01-12T00:07:46.400709
388652e02a6ab2db,Active,2024-05-17T21:18:14.534699
a0e77c8acffa3b31,Active,2025-02-27T02:16:57.807763
0c8bbd62251f62d1,Active,2025-04-06T08:45:17.644423
5bb3d798febe4c84,Active,2024-06-17T18:50:20.106430
cf66644ecec210d9,Suspended,2024-09-13T06:01:17.440403
b89dd990503a630e,Active,2025-04-13T16:06:57.786130
172a73b49dde8d19,Active,2024-11-10T19:57:09.184323
396ac0b177cf8a7c,Active,2024-10-15T12:58:50.600638
6969a9d2b57b97f2,Active,2024-06-19T09:11:21.696860
94a309399ca8ef68,Active,2025-03-02T22:56:20.586688
15900d95595b0905,Active,2024-05-12T10:03:17.638971
aff30c1a63018937,Active,2024-05-13T12:49:48.280922
d20679852a69328d,Active,2025-03-29T04:49:40.626354
6eb1f95dcc674c4b,Active,2025-03-04T22:08:24.307418
c50357b324e57750,Active,2025-03-22T12:14:55.498482
8b1d5336b7224d64,Active,2025-03-29T07:01:42.850117
72342a5eb91e3a47,Active,2024-05-11T18:53:07.266309
9e9d6b414f00cf77,Active,2024-11-15T05:09:21.052832
8d82054be8213d79,Active,2024-05-11T15:18:50.843621
76013514c889dc14,Active,2024-07-04T04:34:31.163363
bf506840b9db687b,Active,2024-08-02T17:11:11.250910
a624079063b6ade3,Active,2024-07-17T02:05:15.182493
385b35fe168abd27,Active,2024-09-19T19:13:53.994590
9bbeb358e1bc0fe6,Active,2024-12-21T10:13:41.989877
6f681d262626677c,Active,2025-01-13T15:34:36.456749
fbe4b1df6c657be0,Active,2024-10-22T22:57:19.730936
d90587203ba7bd0a,Active,2025-04-03T17:21:12.820590
efc5a24bb288ed65,Active,2024-06-20T21:07:19.217989
8ab8f4b561954f75,Active,2025-04-10T23:59:56.269633
6292af14d22439be,Active,2025-01-11T15:19:24.486035
32df96d29e3c0c5a,Active,2025-01-23T08:56:25.629981
cad193bf764b27f8,Active,2024-06-01T23:44:45.629494
4a2e73f8f2cadecb,Active,2024-07-25T20:14:08.233177
c2891e03fcc8c8ae,Active,2024-10-14T20:46:05.689966
a1651d99736024e3,Active,2025-02-28T23:45:53.096480
440206949c7a7455,Active,2025-02-16T18:10:49.373893
c885d31433dcd2a7,Active,2025-01-20T13:31:54.097452
a1438b7ee47cb259,Active,2024-11-18T23:09:53.484946
d00f0c39638eca9c,Active,2024-08-04T11:11:45.902303
34f2b4c418bf27a7,Active,2025-03-15T17:11:09.597245
aa9cf5731fb06849,Active,2024-05-16T14:47:32.937090
cd3cbe1b920bd0e8,Active,2025-03-12T09:43:13.074771
520819b3f8e410d5,Active,2025-02-09T12:05:28.932173
5dc58a18a880f168,Active,2025-03-27T07:57:11.325894
cda1d9300234f9e8,Active,2024-09-13T10:38:53.656867
22e551f97b3fcd3f,Active,2024-07-15T09:46:53.751110
075a337078e0cd6c,Active,2025-04-22T12:10:02.751217
b16740d5c32a4435,Active,2024-11-29T17:27:36.253201
e449df808861ebfe,Active,2024-11-15T06:24:40.451930
917541fd970da57c,Active,2024-10-08T04:30:26.030646
2704be59eb84a520,Active,2024-05-29T19:49:00.138949
7a7a2765da19fc12,Active,2024-07-11T23:43:13.550224
a869dcce0c360533,Active,2024-10-23T21:31:19.428765
8e723cad9c356f3d,Active,2025-04-05T15:43:33.670383
252d39e9ca217bf4,Active,2024-12-26T22:33:37.700111
f4ac166d32c4cfe7,Active,2025-04-17T03:11:53.650034
40175b68442417b8,Active,2024-12-15T13:19:51.573236
69d8773885039317,Active,2024-09-26T04:04:08.788446
2a0ff25ce7fa16c2,Active,2024-12-31T17:41:15.070076
eb6e2e7540899e5f,Active,2025-04-10T15:07:42.948455
2c8c29657083cdad,Active,2025-02-23T11:25:39.962110
57b41050f183176c,Active,2024-07-16T03:07:50.423990
327018b97498fd22,Active,2024-09-12T03:16:00.563638
c9613271239e3210,Active,2024-06-05T21:16:19.113518
7200728aaeb75683,Active,2024-08-27T10:00:23.733922
7e467b625d0336d4,Active,2024-07-01T15:06:13.584222
3b048f6c54663c39,Active,2025-04-27T02:03:42.921093
508770d91aae38cf,Active,2024-07-17T04:32:44.953825
870de6937e5666be,Active,2024-09-02T01:53:26.907420
65408ff4ab57f4a3,Active,2024-07-17T18:05:59.705183
d5d88310ad934b53,Active,2025-01-16T09:06:30.070486
47eacce496ce0f48,Active,2024-08-20T00:28:30.103288
7d6dd4f94ca44c98,Active,2025-04-18T14:57:51.993490
a1a05ad54d4a0479,Active,2025-04-12T09:18:52.898604
339872cb1c6018f5,Active,2024-12-14T20:16:33.210397
3d089bf1162039b7,Active,2025-04-26T13:36:45.335387
7f6f98139993461f,Active,2024-07-31T04:33:13.268251
851a3637f8064080,Active,2024-09-03T00:06:11.341932
436def4340cf2744,Active,2024-10-27T19:14:30.179694
57265deb0c4a9003,Active,2025-02-06T07:59:14.172332
acbaa4b867763762,Active,2025-02-17T14:59:15.164224
6083ffd5436c752a,Active,2025-01-29T16:46:37.265918
4aea6418f14fa8e1,Active,2025-01-19T13:17:47.805741
816aa40ebc2d1963,Active,2025-01-27T04:23:04.667042
4e18d35ccf8498cd,Active,2024-07-06T10:34:58.438829
2fadfd0ff961d919,Active,2024-06-14T13:33:28.615350
c5d6626486dd823d,Active,2024-05-07T15:07:04.972354
cd233f4644b52853,Active,2024-09-15T08:27:43.459377
3488bdf62750c568,Active,2024-09-04T17:00:04.956691
a5d87e64d47c0d20,Active,2024-10-20T19:28:10.604580
1ec3ff41703b9aef,Active,2024-06-11T17:13:01.704665
08c5200a4ff466c4,Active,2024-05-26T07:57:47.567079
4ef6a1c10890cddc,Active,2024-05-13T07:53:47.035797
5a0dde9a7b5e8278,Active,2025-02-11T09:25:03.094846
f95434f352045f63,Active,2024-12-24T13:43:50.653799
b8c41e7d43a0d68e,Active,2025-03-19T23:40:07.488694
0f7d7116d7d2d883,Active,2025-03-21T11:04:36.444316
0a0f483a28a81d6b,Active,2025-03-11T16:16:58.590528
727dba65e9e7ad93,Active,2024-06-01T13:35:48.365088
44dc538b1183c8d7,Active,2024-07-29T05:54:32.607421
fe13c75459eb3449,Active,2025-04-13T10:54:10.389474
bef8082b8660b548,Active,2024-06-02T19:07:25.466493
5f9d20192efebd4d,Active,2024-12-24T18:13:31.363705
7f3d62e7606cf5d5,Active,2025-03-06T13:07:12.656984
7bb185925f2b0ffd,Active,2024-07-10T14:11:03.104615
c1908ce2eecb4a76,Active,2025-04-06T01:05:38.414505
5db3bdb715591715,Active,2024-04-29T23:29:42.381940
e2e36ba0473ec870,Active,2024-05-29T02:55:00.675481
1c0d1bbfffa4f89d,Active,2024-07-08T17:21:06.717080
9769c16773e8ae21,Active,2024-07-16T20:16:31.710178
dae5f07b74e45395,Active,2024-11-20T09:48:07.910733
f31b35ea6580b3bb,Active,2025-01-23T14:52:36.698847
b75f68a22d7e90cd,Active,2024-09-20T03:29:36.193923
5505c1ae671a82fd,Active,2024-12-27T19:24:29.765939
0843626948cbe886,Active,2025-03-30T13:49:18.429379
43d5f97a0e0668d4,Active,2025-04-24T11:29:37.288447
75f3255857010256,Active,2024-11-26T20:30:32.426590
5ef14976508a9f8c,Active,2025-03-23T23:56:28.342986
260db8ee7d66a07b,Active,2024-12-05T16:46:05.746408
1225915fbcbede4b,Active,2025-01-02T18:36:47.901136
80aec5b55f357a36,Active,2025-01-03T23:49:25.981651
098f73abc5646650,Active,2024-07-09T19:49:13.492364
4bb8b6a03b5e62be,Active,2024-06-25T01:27:07.273121
1644ecf8515ed1d9,Active,2024-08-25T22:06:30.747382
2ec67bcbc04efabd,Active,2024-09-08T05:39:04.229067
512fc9e6c34852d5,Active,2025-04-11T20:47:26.109657
f43d23c2c861e569,Active,2024-05-22T05:24:31.619684
0501be215064afc2,Active,2024-07-02T16:36:38.618027
981fca71805114cd,Active,2025-02-09T11:54:39.649237
4418736c3f2f3691,Closed,2025-04-19T02:14:30.325278
f53d668da95ca7d9,Active,2025-01-18T05:37:31.034127
d6b73e0adbd5e652,Active,2025-01-05T08:15:52.423460
c409deb62f75e933,Active,2024-10-18T09:45:46.334670
3237e204a1620b47,Active,2024-07-04T06:37:45.013315
7aeaba0163a1f820,Active,2024-08-30T03:18:50.032605
37cbcdff86dd6010,Active,2024-10-17T08:13:00.641261
4b811ba1c12c0065,Active,2024-06-09T05:47:30.599607
33ecdeaee5df9573,Active,2024-07-11T20:33:35.349962
c9cda583a88674ff,Active,2025-02-10T21:38:49.633553
38120d349e5b2e65,Active,2024-11-12T03:13:58.319123
c86f365a49ba7f5b,Active,2025-02-02T21:14:48.480361
3ee12b8f3e8339cb,Active,2024-06-04T18:12:28.153478
2fe13041fa5d1917,Active,2024-08-10T13:57:27.836116
c27814591b5ab8a8,Active,2024-07-25T02:09:46.944951
bfa7526399fb2be3,Active,2024-11-10T06:20:35.600133
fc29ad2f1d0dec39,Active,2024-12-12T01:12:27.044302
65501ae78b627f04,Active,2024-07-22T19:33:28.693723
d266114e189e6031,Active,2024-10-16T00:19:21.030807
f0fc977568d93e79,Active,2024-11-18T15:48:41.354704
d13ef1c11e5b5524,Active,2024-05-15T04:13:04.551815
c08555437797ca6a,Active,2024-09-18T12:51:13.562121
31f46a7fa1d9257a,Active,2025-03-27T22:07:35.216861
15e5a4b79ee5759d,Active,2025-03-08T14:46:08.686388
29ff0897bd0620b1,Suspended,2025-04-17T17:17:09.997561
699b538e67033bd8,Active,2025-04-14T01:02:32.750252
29221b8b4504cb9f,Active,2024-05-11T04:31:46.863442
5b8ec482d22c7b34,Active,2024-11-02T10:39:25.647328
a90cd737c90ff54d,Active,2025-03-31T22:53:35.599591
584130427e3690a5,Active,2024-06-10T08:40:54.336032
19fe82fb09801ae0,Active,2025-04-14T21:28:06.611201
b4bfacfe7b9e6ebb,Active,2025-03-02T10:01:41.131968
5618ae7458816583,Active,2025-01-22T08:28:49.245114
275a33741df86c39,Active,2025-04-28T10:49:24.607227
7d7ef46c9a88fc63,Active,2025-03-03T15:13:55.084812
47b29b6b82da17eb,Active,2024-06-14T07:07:12.665812
6b047d2d47e5fa68,Active,2025-01-15T07:33:05.024147
c3048bd4a088c3f7,Active,2025-02-20T16:41:36.674908
09923ee59b2ab889,Active,2025-03-18T10:52:07.148806
28face8f4a4898dc,Active,2024-08-02T09:56:17.947589
23c4a34bd601462f,Active,2024-07-07T22:09:31.505646
9427bfeadcc74933,Active,2024-11-30T07:34:42.430776
17e9d383fc8faea3,Active,2024-08-10T18:58:38.340497
0d231027f6414236,Active,2024-08-17T11:06:13.823757
29d136d42e297688,Active,2025-02-28T09:09:06.958642
7f93665fbc275240,Active,2024-08-18T22:34:51.175752
383a000413b86acd,Active,2024-08-12T04:14:16.653189
5017e95817d6f012,Active,2025-04-13T06:45:09.280939
6bc0223196abb32c,Active,2025-04-23T13:38:14.071439
fe9dfafbc0677b62,Active,2024-10-27T14:31:16.844419
764b526877340ec1,Active,2024-04-29T08:16:02.289967
aaf7eb4016c4b564,Active,2025-01-28T09:21:39.864644
3d0f9750bd690378,Active,2025-02-26T05:55:29.977812
35c4e62b679f7dd3,Active,2025-02-22T04:13:19.452177
8ff803988e3bbd50,Active,2024-12-23T03:59:20.764332
3ab69d32a88d7d31,Active,2024-07-30T18:48:58.251568
faebfd12dd2d8b1a,Active,2025-01-24T04:40:05.637143
20886f32ae5a9618,Active,2024-05-24T15:45:06.397983
ab97fd9d77828a69,Active,2024-06-26T03:28:06.695765
fa81eb7145140ca2,Active,2024-08-09T21:21:20.114940
13b3121d723124f8,Active,2025-04-19T19:32:04.935456
c2e72a2b9f4572ad,Active,2024-08-05T01:11:18.629250
d023f4058679550c,Active,2024-10-03T01:57:11.447703
13c7f72232c263df,Closed,2025-03-08T01:03:42.021564
de3ebb2d37937473,Active,2025-03-09T23:40:07.888632
42f6ddbb3dc340a0,Active,2025-03-14T15:03:49.353391
ddf5e62424edc677,Active,2024-07-03T12:36:56.377615
36cae4d3b7e96a5e,Active,2024-05-01T15:23:48.852168
f23986852cc6b0e1,Active,2024-10-22T09:21:44.797042
bea4e17433a8b840,Active,2024-12-13T13:15:48.467896
b43a1ad5358e6fd7,Active,2024-09-21T23:53:30.478844
dbea50325416a58c,Active,2024-11-03T12:07:28.109803
e5193bf0bdded0fc,Active,2024-07-08T18:19:29.434047
4453a685898f5fba,Active,2025-01-05T14:01:34.735631
e3123f7687564254,Active,2024-12-29T22:53:45.176089
329f67838dd98c7f,Active,2024-07-25T23:09:43.356631
2c4fc2edeb95acb9,Active,2024-10-09T05:59:55.856799
3d88eae02108b185,Active,2024-05-28T23:10:39.714185
403382e21b4e2084,Active,2024-12-26T06:38:46.586599
c374f6649ef57da7,Closed,2024-11-28T00:23:56.656481
839d3a9222850500,Active,2024-09-06T15:35:37.747752
576d7966198e51ee,Active,2024-12-15T00:25:26.437755
898d218f7d0c5d74,Active,2024-08-03T21:12:29.945430
a0d2320f6f964436,Active,2024-09-05T02:02:10.530478
ceb8e00bfedbf8b4,Active,2024-07-05T20:38:41.842232
8c0ffcf5c5a7d9db,Active,2024-07-07T03:23:55.061460
eba7dd524d9937bd,Active,2025-03-31T15:44:18.382928
5350e19557a66843,Active,2025-02-23T06:23:42.170793
38f3f5ffd210c3ac,Active,2024-12-25T19:54:24.588716
3e75f4a241a5b792,Suspended,2025-01-24T18:11:48.058149
fd3a9051ac031d4a,Active,2025-04-19T04:09:03.596853
393dd9d18863dca1,Active,2025-02-26T14:28:55.633101
c4dd322278e4d967,Active,2024-05-15T12:50:50.031597
2b996778b3248813,Active,2024-06-10T04:20:31.178644
29068e3f19bbf766,Active,2024-11-15T00:41:00.104926
bc6e590acf8861ae,Active,2025-04-14T15:36:18.455024
27747b1c97797ab2,Active,2024-11-08T11:25:55.293711
9694d53a3ec1affa,Active,2024-07-08T00:26:21.566828
8c9af6b10320a348,Active,2024-10-09T08:36:23.962718
a88dcd74e0773803,Active,2024-10-07T23:20:53.736470
5897cde057229f74,Active,2025-01-10T17:06:43.141967
a51370073fec50bb,Active,2024-05-06T22:31:56.424795
9f52e663f8e75ad0,Active,2025-03-12T08:43:09.892199
dfceee689ef0e055,Active,2024-10-13T14:58:03.435508
083cdde4238b3a61,Closed,2024-12-07T04:41:29.990742
bc0a0c8dd8d6fe4d,Active,2025-02-19T13:04:24.837284
54ebef22fe8479a6,Active,2024-10-30T13:58:04.166778
444132a9f3923b16,Active,2025-04-08T13:29:09.526564
8f0fd2f653da4b72,Active,2024-11-28T17:58:04.938402
86cc5e2d2e4c06e8,Active,2025-01-06T15:25:56.806504
5c7549f3f56023cb,Active,2025-03-15T08:37:12.075361
d2ff47e96a715ec4,Active,2025-04-03T03:44:49.561033
6c024f5bbd10161d,Active,2024-12-13T23:00:58.523288
39916f994bcf86f3,Active,2025-04-10T17:46:20.669290
6d72c715d084e738,Active,2024-06-10T17:56:27.161304
1e5657b57fced148,Active,2024-06-24T19:49:42.771434
bcb852ca606c4501,Active,2024-06-10T05:44:32.258084
e162baba652d487c,Suspended,2024-05-19T21:35:13.234521
57e00d564115a0fe,Active,2024-08-22T11:06:17.904184
737f876fad3abe8c,Active,2024-12-19T00:34:34.016759
1cd4af85cc8e9fee,Suspended,2024-06-28T18:01:02.517965
ea2e30caf3b079f5,Active,2024-11-09T00:36:10.783078
7513c4e7b86b05db,Active,2025-02-20T08:24:36.094035
2a1da812bfc38730,Active,2024-05-23T07:38:15.459884
cfdfb8a6b9aa9865,Active,2024-12-14T19:56:04.343058
91b5443e70d86240,Active,2024-05-19T20:34:42.407781
79e68e5cc24d5844,Active,2024-08-13T18:02:12.643888
1822ea8d136c4e66,Active,2025-02-19T05:32:03.394165
0ea4202ad12a3681,Active,2024-11-30T05:36:51.472363
f9c53ac417244506,Active,2024-07-16T14:09:18.172326
04f3f499c4550f09,Active,2025-03-08T11:32:31.543777
02d27b3a3faa8007,Active,2025-01-16T00:05:44.924461
9181eb875332150b,Active,2024-05-10T00:24:42.476921
a67dd644d25d2029,Active,2025-03-05T00:44:11.876884
ac673d4fec0f6053,Active,2025-04-13T10:01:26.865046
a84e4373844101fb,Active,2025-01-24T15:02:56.662739
0aaef0f7c723c9b4,Active,2024-11-22T16:17:58.767112
e179091f810a975b,Active,2024-09-16T01:11:01.271541
ffba0a88fd227006,Active,2024-09-28T02:00:14.726432
ca7987e2249ffd6b,Active,2024-09-04T03:49:00.622421
a78b27c75ba5833e,Active,2025-04-05T18:09:15.195066
50bbdbcff8ab18d3,Active,2024-12-15T05:12:21.079420
71e4b6673bd55147,Active,2024-06-02T19:19:15.948254
233e785829ee180e,Active,2024-09-29T22:45:16.838438
fe7a0ad4ba173966,Active,2025-03-13T00:15:04.552252
ae7c90aba96deaf8,Active,2025-03-24T10:41:31.375324
448062a685b32513,Active,2024-07-12T20:15:49.863635
7f820875851e5ad7,Active,2024-09-14T06:17:47.528600
8c70dab4734727b6,Active,2024-08-01T16:07:44.171711
d08e28d4296b3b88,Active,2025-01-04T00:31:01.388373
37f8ca259dd3751d,Active,2025-03-27T06:13:58.239154
d001f644adf0fbe3,Active,2025-01-01T21:06:38.972221
4dcd94c3d45ca218,Active,2024-10-13T13:32:43.222138
641357838d29e6fb,Active,2025-03-10T11:05:16.567261
e5ffc3aee06dbbfb,Active,2024-09-08T02:05:37.794967
ed564fdc1c1fa0b1,Active,2024-10-27T14:04:46.043274
28fd5944774dbee3,Active,2024-11-16T16:24:00.456153
b4b91a877fc5db20,Active,2024-10-02T07:46:20.606251
05b29088a3e03139,Active,2024-08-15T22:34:12.279380
1d92755a2c921359,Active,2024-08-17T22:05:35.395562
6c7ffd4fdc5c3ae5,Active,2024-06-29T07:02:46.708843
c87769f7e6751451,Active,2024-08-20T07:10:45.979655
e4a376448f0bfc17,Active,2024-05-08T20:35:54.429046
46359acf3a47a9fb,Active,2024-11-05T12:06:31.814714
a7115a5e757cddb6,Active,2024-12-13T04:29:22.396039
25ef999a61499022,Active,2024-11-15T12:28:18.232278
75f02be643a38b57,Suspended,2024-05-18T10:33:30.007253
8b6ba5ac468b7043,Active,2024-12-13T12:16:06.168250
a7ae2af53c22ab6b,Active,2024-07-03T06:02:53.879561
c51cd488df4b2666,Closed,2024-08-20T01:18:21.204449
37358e1d7646c8f6,Active,2024-06-15T00:03:19.203947
7f427d5db138ec49,Active,2024-09-18T00:29:39.538760
d58160db710b25af,Active,2025-01-01T05:42:01.134408
1df81b0968404205,Active,2024-09-27T12:32:49.405586
53ce98fcc7475aef,Active,2024-06-07T01:30:26.714233
7dcae09094dd9f5d,Active,2024-07-30T03:50:25.155426
6d88332eb1c900a5,Active,2024-11-11T05:51:13.622180
07a4aa89128050b7,Active,2024-08-07T15:00:57.411553
c1ccb4af1fe0ac9e,Active,2025-01-02T07:45:11.917119
e25a751d1c26af03,Active,2024-07-20T21:54:27.388767
e0377126e4c4141f,Active,2025-03-05T23:25:36.871891
f873781d8bf0f97d,Active,2024-10-20T14:50:32.772538
2869f5bc178f0563,Suspended,2024-12-02T21:29:40.824968
a623bfc838ab5a19,Active,2024-05-05T21:57:58.654691
4049e848873db359,Active,2024-08-09T04:39:01.293659
f7c3c4c817e92565,Active,2024-07-30T11:36:08.129732
66e7b561ef26a4d3,Active,2025-01-07T07:20:27.834372
3723c16e4384d253,Active,2024-05-19T19:52:16.626310
b515e229b97b801a,Active,2024-10-17T00:14:08.489363
1b348ee333e14e43,Active,2024-07-18T08:15:20.427521
50144fe8717e679b,Active,2024-07-02T03:34:02.669274
ec20e5649a4d1138,Active,2025-04-19T20:47:44.378600
eb049a40c4649806,Active,2024-06-05T02:24:36.141898
cc15430c183b6fa8,Active,2024-06-23T02:10:03.058404
f542faf384704ed1,Active,2024-07-04T03:07:37.273107
6b38f7c8dcf9517e,Active,2024-06-09T01:28:59.772974
4cf5f21eff7dde90,Active,2024-09-27T07:19:39.669307
aee1dd245da12f83,Active,2024-05-21T19:21:36.336936
386034775834e0dd,Active,2024-05-04T01:02:54.414236
b8ad3ed394201375,Active,2024-06-30T20:24:52.509780
839ec72a52a6551b,Active,2024-11-05T19:16:29.083529
b63420a56a461311,Active,2025-02-05T22:39:08.595799
847bc0cf4789be53,Active,2024-09-20T15:04:14.986813
a5732fbab031a24e,Active,2024-06-12T02:17:23.472365
f2c09dbb7faac349,Active,2024-12-11T03:40:13.466720
0ee21615a0e103ce,Closed,2025-04-15T15:24:34.652764
32ab2d44340117ce,Active,2024-08-25T17:46:40.407346
3134ce1f784a5913,Active,2024-09-17T10:11:57.919356
2ea9c2907604c062,Active,2024-06-06T07:27:46.943777
349a2b89fcd12687,Active,2024-10-17T14:09:53.456226
a2afed8d7438042d,Active,2024-10-03T23:01:03.500299
a3d36c4dea9da72f,Active,2025-01-08T00:21:57.010964
1d5c50f2f2510482,Active,2025-02-24T06:01:52.793260
05282084c89ebe52,Active,2024-09-20T23:28:43.925505
cd73a1a553dd2dd1,Active,2024-10-03T15:41:31.636688
d5ad54de0652f9a4,Active,2024-07-04T21:36:03.478325
a6d769c9ef3279b0,Active,2024-12-12T14:02:10.148326
d878e4e5bac6a916,Active,2025-03-01T03:59:26.953104
575f918095832610,Active,2024-09-21T07:10:28.973363
f64a559fbd1532f1,Active,2024-12-21T00:41:49.615770
e16f334a83d068bf,Active,2024-05-14T20:10:16.095624
124d1960cae611f0,Active,2024-08-24T11:23:14.926521
1a050f2e16f2350d,Active,2024-09-25T00:54:48.013548
905e87a28e0d36ee,Active,2024-11-24T22:43:55.284289
cf7be16b6c15d1b0,Active,2024-12-28T13:24:29.550991
5e8193dd0e1a08bb,Active,2024-09-13T22:32:53.340173
ffac2951f6e0b4a4,Active,2024-11-29T22:40:29.417917
a643efdaa42c6349,Active,2024-04-28T16:30:45.898961
1968ad1cd508967b,Active,2024-05-04T22:04:31.711658
379d140f8fc53fb6,Active,2024-09-01T15:33:40.128649
938482295781bda3,Active,2025-01-22T18:02:30.246975
f088a2968fff3912,Active,2024-11-29T23:09:36.042934
ec59b11899e57e8f,Active,2024-07-25T17:42:40.848406
02007e63b7074f75,Active,2024-05-12T01:26:32.266939
c8a35a7002644724,Suspended,2025-01-23T12:15:25.351696
19a439fd66c0eeb0,Active,2024-07-17T13:38:36.630998
10c6210e01454373,Active,2024-07-20T20:31:05.580702
1b1d62e321ed3b6a,Active,2024-09-14T17:35:48.742657
1d059ff3808e7969,Active,2025-01-27T08:34:07.501977
34ba40e721ee7df2,Active,2024-06-25T08:12:25.015367
156922b049a46b34,Active,2025-02-02T18:18:01.594738
762425da2ab29b9e,Active,2024-07-30T06:54:59.949656
df589d9ce1dbc7b9,Active,2024-05-26T16:45:40.394373
001289296cc26fad,Active,2024-11-21T05:21:42.761636
a4355789c3c7d25e,Active,2025-02-16T19:07:02.120317
d76474b04d5e2b05,Active,2025-01-13T02:20:28.705204
f6e802f2118aff21,Active,2024-05-28T10:03:59.230211
d602dbdeece1ba28,Active,2025-01-15T16:35:07.094089
7bae0a4d180360e1,Active,2024-05-13T03:50:30.313643
4d7c23a6d1304bc7,Active,2025-01-22T12:48:02.990389
37911baf955fd6bc,Active,2025-03-21T09:56:20.507074
e3f957cd01f22805,Active,2024-09-10T03:28:41.740254
cf54cbb69f9bf2ad,Active,2024-12-22T13:55:37.835550
da850743d3d088f5,Active,2025-03-03T18:46:53.839422
577145bd22a44446,Active,2025-01-07T03:52:44.560383
b98a7d8620009345,Active,2024-12-23T11:36:36.920546
e63ee045188937ab,Active,2024-04-29T23:12:00.362864
b3f9d4e9dcc23ad2,Active,2024-07-08T04:41:09.192107
65050f27b7ecca89,Active,2025-03-02T06:26:44.495890
1919cf36fb1ba57f,Active,2024-12-13T16:46:11.461766
372c671a78e172c4,Active,2024-08-04T15:46:20.640595
ef84699adf92c9d6,Active,2024-04-29T08:25:38.070693
ac33ea8935821f9f,Active,2025-03-12T20:02:53.036109
3a2537f7f42427d9,Active,2024-07-06T23:41:57.759938
533eedbf6a8dce1f,Active,2024-07-18T17:42:52.007589
301e30025e1033c8,Active,2025-01-31T08:47:35.122292
a8c0478fb8c1a0cc,Active,2024-08-25T10:47:01.222071
200c1e4fa9c502cb,Active,2025-01-18T20:22:32.377423
0ba13e42ac5f018a,Active,2024-06-17T13:24:52.358969
12002ad22a68c008,Active,2024-08-22T19:38:11.859986
d8e591dca47381c6,Active,2024-07-27T05:17:59.433141
d4f5d01ba30da16f,Active,2024-10-25T20:21:37.559807
d130c6c313171690,Active,2024-08-12T12:28:31.112514
2d0e80acd0c64ee9,Active,2024-06-15T02:48:30.398623
47104db43ff7645e,Active,2024-10-13T11:11:39.705950
6a7b724443398b73,Active,2024-11-27T09:38:11.993819
fa088d1f7d59d320,Active,2024-11-14T19:32:27.219004
afcc3bf63fc8bf3d,Active,2024-07-16T05:48:01.589974
ee459cfbc99bc27d,Active,2025-04-20T22:24:05.122420
1e2264093e023a25,Active,2024-10-07T21:08:37.027760
0d0425b791c9a364,Active,2025-02-09T02:17:37.790696
62141d4640cb4487,Active,2024-08-05T14:32:45.893245
7a7e42be4cf21d40,Active,2024-12-23T10:34:34.011832
412f918937ee14e3,Active,2024-12-26T23:09:35.876330
73b5eaa07bfe770e,Active,2025-01-19T01:23:29.748430
04965b8c6474dab7,Suspended,2024-05-06T16:53:09.431777
6b3487058781e797,Active,2024-08-14T05:01:20.538774
2d732cfa7355de8d,Active,2025-02-16T17:36:54.947294
2ee2d068a5680431,Active,2025-03-27T07:52:29.989762
5908f1066e7538fc,Active,2024-10-17T07:51:13.312922
8a9bee9d427ce2f6,Active,2024-06-29T20:01:53.004509
d1a21ca11d7099b3,Active,2024-08-12T02:35:58.080827
05abe1b73f46bd6d,Active,2025-01-06T08:32:29.384402
7f06610315561883,Active,2024-05-20T02:34:57.620740
775452e9368c96de,Active,2025-02-04T22:19:08.198067
6c4477145d66fff0,Active,2024-11-19T18:34:58.016127
a8b1d2504e603d87,Active,2024-10-22T13:55:33.307724
dd1761021cf45f9b,Active,2025-04-14T00:51:07.788599
e287a35d60a494c7,Suspended,2024-09-30T04:27:43.618935
1b0b1f8a335a53ae,Active,2025-03-31T16:08:17.172778
dc35288bbe8eda3a,Active,2024-08-06T18:14:48.808237
668c35e852bae57f,Active,2024-09-30T23:34:53.937103
eec9146c5f1c2331,Active,2024-08-23T04:05:59.113494
d49bca74d794b4d8,Active,2025-01-14T06:02:48.687901
4e4dde0ceb220f04,Active,2025-01-16T04:37:15.969507
e88c4e290b84e0c1,Active,2025-02-25T03:01:55.618728
5cdc5e9bc8bb8cf1,Active,2025-04-04T01:48:13.317798
f2245bddb6015399,Active,2024-05-05T20:50:51.807086
2dee1fd2ec71b4dc,Active,2024-09-21T11:03:47.016516
e01bb71d33e138d3,Active,2025-03-02T19:24:58.909854
d6d738f283ed89e3,Active,2024-08-12T22:30:53.142227
3dcfce07faba211b,Active,2024-06-26T19:40:37.217913
3772aeba9675e1e5,Active,2025-03-08T04:18:15.069922
f6b4af4b26b763f2,Active,2024-06-28T04:36:02.768641
df985d9db0f083b4,Active,2024-08-25T07:41:30.029382
682495920c19ece7,Active,2024-12-27T02:30:29.342554
ef6aefeaf935e20a,Active,2024-05-30T17:18:39.122917
39aecbf2d5fe4e92,Active,2025-02-27T03:17:59.721775
7a6a1a49a18121fa,Active,2024-08-18T01:24:48.388578
9b058ad83415faef,Active,2025-02-25T05:11:36.031433
d7e08354cf2d204a,Active,2024-09-01T13:44:41.169000
f6b5edffeb122208,Active,2024-05-26T19:22:36.180610
ed36787f4e68695f,Active,2024-08-23T11:54:16.534574
fb0db1ea14de1708,Active,2024-08-02T15:54:51.885689
afadd2c44b41ee19,Active,2024-10-07T10:55:46.462645
6e57dbb8e9eef7f4,Active,2025-02-04T09:15:57.135841
33886e3ac050bd36,Active,2024-11-22T01:26:54.801310
9d92f9b0d8f3865e,Active,2024-05-13T17:03:44.451492
d1c1623aa018d36f,Active,2025-04-20T17:43:19.164333
02e1935f59141b11,Active,2024-10-12T16:38:14.923617
c71b7332021057fa,Active,2024-10-24T02:37:06.254446
c635ebfd848c2462,Active,2024-11-11T01:27:15.416657
2fbb66eea5750a80,Active,2024-09-16T22:12:00.242171
5b2679f446e667db,Active,2024-07-28T16:34:45.994881
1669fa14cb21b6c4,Active,2025-02-23T15:15:14.413929
ba523ff88af4bfb0,Active,2025-03-05T01:28:48.345417
cc326b4c660c6a00,Active,2025-01-18T20:31:29.328765
b67547b69bfba7ec,Active,2024-12-04T01:38:20.895134
9ea592985abdc80f,Active,2024-11-02T18:49:53.942795
4420a89f11c89fcb,Active,2025-01-22T22:27:51.094546
7fe5f15b532b6e32,Suspended,2024-10-18T15:06:37.984766
58ba4b2c4912fe87,Active,2024-06-22T06:56:21.726712
c036c320d2719b8e,Active,2025-01-19T21:42:28.358086
0eaba23b4aa83360,Active,2024-12-10T00:00:11.360461
4bf312bca51dcbc4,Active,2025-01-01T10:56:04.920010
3ba756e9e1542973,Active,2024-06-02T16:41:07.110428
6e1700f9c348c052,Active,2024-11-23T12:29:03.783299
268ea38f4904e4f8,Active,2025-02-01T17:14:21.521436
65fa807da405eeb5,Active,2024-07-20T02:37:39.074774
67d50ba9def6b74b,Active,2024-11-12T09:58:17.050618
54a88947a4adcdfd,Active,2024-10-28T06:08:20.057026
53c56c2b19ce70b3,Active,2025-02-20T22:07:41.839638
ec0f6ea4c7d3bf6e,Active,2024-09-13T05:38:37.773480
5cdb388b1c44daf7,Active,2024-06-17T14:11:52.433723
21237c35cc900100,Active,2025-03-12T03:24:33.477088
5f67f3b06757c77f,Active,2024-09-05T13:59:59.807207
0ccaaf7ab63a3099,Active,2025-03-07T19:37:09.235138
8d518254478a71df,Active,2024-05-11T00:48:55.508765
77543381430145cb,Active,2024-05-06T00:40:20.356409
d0aed05ef1602fea,Active,2024-06-09T07:53:39.619395
dcdca3995679e24b,Active,2025-02-02T08:33:57.083174
0e6a12d60204ce6c,Active,2024-09-09T15:47:58.038079
13e325085cbc276f,Active,2024-08-16T04:07:41.024127
5d3afadcb8bfc469,Active,2024-06-21T13:24:52.377661
c914278ca3e4e368,Active,2024-05-12T21:49:01.158533
b993fc965ab608cc,Active,2024-11-04T04:24:32.269108
0456e6e3e5b3d481,Active,2024-09-20T16:54:46.376770
9f41ea466d10dd9f,Suspended,2024-12-27T19:44:23.413055
d453223372c32fb2,Active,2025-03-22T16:43:23.569011
2fe7ca5433e16dee,Active,2025-04-02T10:11:34.409634
81f8174487ffee49,Active,2024-11-11T23:31:47.859587
ff3943e14575f3b0,Active,2024-10-21T08:31:07.506173
58501db07ec22b07,Active,2024-11-11T03:38:58.454753
aa8f6d94362056cf,Active,2024-12-25T00:03:42.151352
bba74b5af394401a,Closed,2024-07-24T23:58:35.150888
768011d8c2ae191c,Active,2024-11-03T16:07:26.459281
fc006bc8fea3d665,Active,2024-08-19T04:21:13.977161
dda0af0cecda8266,Suspended,2024-06-01T16:21:02.548044
587aef8a30a73867,Active,2024-09-19T13:34:22.838554
b563c9d2d44d90b6,Active,2024-07-29T22:42:36.255263
8c917d9817fcc37b,Active,2025-03-28T02:17:47.041568
02540db0269fbe06,Active,2024-08-06T00:11:07.286195
27ca9b7ac9f8e29d,Active,2025-03-27T14:10:14.672611
c5b2b88ccda647a3,Active,2024-07-12T05:08:18.357247
d662461a1eed97b4,Active,2024-07-14T17:02:45.080941
86fa2a04a18a7513,Active,2024-10-19T13:01:05.450641
99e0297dba60f095,Active,2025-01-20T07:01:45.419502
a56be0742b342d0d,Active,2024-12-15T04:32:49.249880
92dcd71454fcbc7f,Active,2024-10-15T00:10:08.687067
ec244a88ed9b5ffd,Active,2024-12-16T08:06:14.422370
72a4208cd680e8d3,Active,2024-07-15T10:24:19.348190
7dfc30c55201b3c2,Active,2024-07-14T20:20:59.295122
6fe4bf5c994c4ab5,Active,2024-09-28T07:12:36.832275
f18e80a84ddc84e4,Active,2024-07-30T06:32:44.105773
cc4ff1a77cd72d05,Active,2025-01-20T22:19:17.177221
c4b18ed959189085,Active,2024-07-21T14:03:46.373406
101595205f1f4dfa,Active,2024-06-30T01:15:21.317086
47014de4f0741831,Active,2025-02-26T05:27:41.276037
bbe500ac4ea01926,Active,2024-10-01T02:29:10.618359
e1c7e0328e099d7c,Active,2024-06-05T12:36:48.257900
2b7636d232eea1dd,Active,2024-11-14T13:06:31.958056
ad687836873a4d05,Active,2024-05-03T19:27:27.443098
85273bb6c273b4b4,Active,2024-06-05T01:50:05.001465
bc15205b5f2d64ea,Active,2025-04-12T00:12:41.603516
fa5a151dae74a091,Active,2025-02-21T16:47:48.884171
090b0ded13acb823,Active,2024-05-27T19:35:25.982213
d55591be247d24d0,Active,2025-01-24T12:49:15.579498
41ecf1b0400bc05f,Active,2024-09-11T17:09:34.813535
870f74df51bdae48,Active,2024-04-29T23:52:21.039541
4f95f2cb9cd941c0,Active,2024-12-19T08:31:12.344429
a2665df1512e5e58,Active,2024-08-24T05:41:53.128420
7730ddaa1763afbe,Active,2024-06-29T09:39:36.632547
547146e64eacb3e4,Active,2025-03-01T20:47:27.194807
23921d10426e4051,Active,2024-06-16T10:00:59.996387
60b9a363615f6f96,Active,2025-02-06T13:21:02.237785
2ed2eb1c97a4505a,Active,2025-03-28T08:03:26.755456
dff42f87c39a13fa,Active,2025-04-26T13:05:45.960599
d9e13860115a97ec,Active,2024-12-18T02:47:21.677140
3f89b37b14b2406d,Active,2024-07-23T15:24:30.519484
609fd41c25b13d21,Active,2024-07-14T20:11:12.654177
5a02fa10e53d76a7,Active,2025-04-18T13:45:50.635723
ebacfb8a7235c286,Active,2024-09-03T20:17:00.549981
d3745c5f46890475,Active,2025-02-27T01:37:27.769220
c5dbf4fa1ba0c299,Active,2024-07-27T10:22:12.455573
16a8090ac70f9710,Active,2025-03-25T21:32:04.849826
85ec69fd85760189,Active,2024-05-02T04:11:58.401361
f2893f9f1f8218ef,Active,2024-06-20T13:55:19.681898
13326d79929a644a,Active,2024-09-30T11:05:33.722183
8292c43130f68c7f,Active,2025-04-01T14:00:19.371482
3025ec3a1fef62b4,Active,2025-04-16T11:12:05.068508
228b4f241a5c748a,Active,2024-12-04T22:11:49.303346
9ab155f056c58938,Active,2024-09-01T15:55:59.960631
e348fdda95dc0073,Active,2024-07-02T05:30:58.250410
6e4beca33f8fb66d,Active,2024-12-26T05:20:35.567626
3a37e73eab46c899,Active,2025-04-06T10:51:03.978504
deef1be5008053be,Active,2025-03-04T16:49:54.418421
af58524997b4b616,Active,2025-03-16T05:42:01.826387
4a1975d70d031301,Active,2025-02-21T12:28:41.927118
5adb3eb96c5a0108,Active,2024-09-19T20:48:35.702584
fa603e441e22c6eb,Active,2024-11-05T12:33:18.683492
ce6bcb375bfade60,Active,2024-12-18T07:10:17.267787
d9fcc30b4d9fd289,Active,2024-08-23T10:56:21.536381
c0ff44c2e6e80fd3,Active,2024-05-18T08:38:36.022888
20e310ea0c69f6e3,Active,2024-11-06T10:43:44.738849
4b68f50adaf4dcca,Active,2024-07-03T03:32:12.796384
53c46dc82a59c2d8,Active,2024-07-12T20:06:39.733693
4776ac5c2466b3f4,Active,2024-11-30T16:58:26.284097
dac4e762082356bd,Active,2024-04-29T03:44:53.949822
2e73ae35e60b9397,Active,2024-10-02T16:36:20.967710
60dc55c16f9e9767,Active,2025-03-13T05:44:24.946242
65877b253ba88807,Active,2024-08-04T22:28:13.973420
04024cb93224f78a,Active,2025-04-20T09:04:12.500552
881fc17f758ae23a,Active,2024-12-20T20:24:07.022060
cf5cd7048e6f1266,Active,2024-11-01T19:18:08.087107
9d62657583e800b3,Active,2024-08-26T00:15:37.184378
62e1c5f8f3a886b2,Active,2024-05-06T23:18:46.421269
739056b948b9350e,Active,2025-03-19T17:20:59.970003
173cf04b9aec82d4,Active,2025-03-13T08:38:34.122917
79eb5fbb171601b5,Active,2024-11-18T00:26:15.828684
d09588c2ef413e0e,Active,2024-07-08T22:42:17.181899
afcaff3b60acf35f,Active,2024-07-15T17:32:05.753182
63a5b1f129c5f907,Active,2025-01-22T13:48:45.183277
035006e94c432cf8,Active,2025-04-03T17:28:42.402878
7f38d8a752229b0a,Active,2025-04-10T12:05:25.811193
9808efc05022efc8,Active,2025-03-26T14:25:27.936970
bbca0842455ecde9,Active,2024-09-04T17:00:56.903074
269bfb01befe84dd,Active,2025-04-25T03:40:47.115133
0341df25647de2f6,Suspended,2025-02-07T11:35:39.911541
64a7f4a792487064,Active,2025-04-20T09:13:46.665665
a7a6805a088e5b59,Active,2024-11-03T10:40:29.238512
bc843e579050d6f2,Active,2024-06-09T08:16:02.354203
6c7e2c47f6f64aa0,Active,2025-01-21T07:53:24.281973
c374dc1e998d1381,Active,2024-05-15T15:25:28.979020
3f5e376f2d51d967,Active,2024-05-05T11:39:57.573136
bceae5d66d352c2e,Active,2024-07-27T10:38:51.910262
2abd0598ced8f595,Active,2025-01-29T19:41:45.546594
e1f9eaa3755f48db,Active,2024-08-20T17:50:02.549656
030c81f5d3fb68ff,Active,2025-04-01T20:34:31.123194
ead66f906850b8a1,Active,2025-04-15T23:21:10.035131
45be283861bfcb0e,Active,2024-08-01T07:52:30.651882
828b2275e96d739d,Active,2024-06-23T06:31:03.618944
92d7aa302c745e00,Active,2025-04-04T20:31:02.938464
472585f5b6b70b59,Active,2024-12-23T04:00:57.017249
80f022ef80ac28ae,Active,2024-10-23T00:25:31.112108
a58fb24b567c75a7,Active,2025-04-03T22:08:07.524711
e428f3708d07ab75,Active,2025-04-20T08:29:38.573214
d35de7e88d51a059,Active,2024-10-06T22:27:42.431256
29797bb9f6319ddf,Active,2024-09-22T21:27:53.840590
e24ecfc510d83de8,Active,2024-09-08T02:31:40.646535
673eb34f17defbfd,Active,2024-12-17T21:58:13.576866
5ca81abe90c00811,Active,2025-01-28T23:39:41.066202
0d6d0f9435056f73,Active,2024-08-31T10:34:38.906920
014db9dd697a41f6,Active,2024-07-20T15:22:22.715809
d222a0ad781265bb,Active,2024-10-18T19:31:40.974910
7ed2b40e163aaba9,Active,2024-11-23T20:19:12.293347
294bef5b238a15f7,Active,2024-05-28T11:53:14.911797
45923bd17a9a4001,Active,2024-12-26T16:33:16.122643
4e48e2d12e3fb7da,Active,2024-05-12T23:50:01.034040
f4a0152b0d85377b,Active,2024-12-20T18:22:09.397612
b4a44fc7716e550a,Active,2024-08-23T01:21:35.833402
e25086e14a0d2b9a,Active,2024-07-08T00:24:05.844816
6a8e699318a06e9a,Active,2024-09-15T04:54:58.231534
9b3efa354791c22a,Active,2024-06-30T20:51:58.777722
8158659b2534c9e9,Active,2024-07-04T10:39:54.182660
15461e5f7c7eb684,Active,2024-08-13T10:05:12.764116
078f639f4bc8f721,Active,2024-08-16T12:30:05.383799
3f8127a293bde11a,Active,2025-03-11T21:00:07.677152
3ee9c5fca9b2488f,Active,2024-08-27T01:05:47.387663
b60a66b7338c33c6,Active,2025-02-04T23:49:30.150585
f28d7d920e11d6da,Active,2024-11-16T18:44:10.133419
046a11b8dc6f2c04,Active,2024-12-22T00:26:22.165712
7708d183c521b548,Active,2025-01-19T14:49:19.448166
1502f8f492fb3418,Active,2025-04-01T23:18:21.767194
8a3d51f06bcae1e2,Active,2024-06-03T15:55:26.548330
2709ea9e17e34eb3,Active,2025-03-27T00:07:39.897510
9aa2055c93be763a,Active,2025-04-06T17:10:26.558089
6e3e48b4d991a2ab,Suspended,2025-01-18T17:09:54.162789
bb6b335bec16a901,Active,2024-08-04T18:03:31.728777
630a44471849d642,Active,2024-05-06T20:44:32.753973
ba88937b68de9f56,Active,2025-03-25T06:56:13.985726
d5b95d9269e53c91,Active,2024-10-23T01:22:41.285051
cd90f2bcbcc1ca84,Active,2024-04-30T14:11:45.857441
f547c894c7deb307,Active,2024-05-13T13:37:02.905995
c9fe33dbdcfef445,Active,2025-01-15T04:42:57.750813
a57b5c5ec78cd154,Active,2025-02-26T17:03:52.723582
1798da059f5b2bd8,Active,2024-07-03T14:02:21.416420
47e5cfcf51dc79ca,Active,2024-09-24T03:53:36.463625
abb9449b6d0171f1,Active,2024-11-10T22:46:05.153591
6362e93c4f879cc6,Active,2025-03-11T17:58:32.338948
d0ecb50618640c9d,Active,2025-02-05T14:54:43.115535
d040b42de5971133,Active,2024-06-02T18:12:30.945094
a2b8db30215ce54d,Active,2025-04-02T15:32:38.571896
6b9ffde571e67cb8,Active,2025-03-13T03:53:40.366980
d8a296c1d0513cc8,Active,2025-01-13T02:42:19.260208
bcad8c882a2baedf,Active,2024-06-29T23:41:48.842349
67c318de987a9fc5,Active,2024-11-27T15:39:20.098508
3ba961375112e5ef,Active,2024-12-13T21:58:41.677326
02d50b910354ae15,Active,2024-10-19T18:00:42.030397
8675b0b6cc5b1f1c,Active,2024-08-18T01:07:05.685175
ce383c0fb252a16c,Active,2025-03-14T07:29:05.385823
24080d90a7051cb5,Active,2024-05-09T18:39:49.602457
b682560ae8945c0f,Active,2025-04-18T22:14:30.715893
7021068a34160c50,Active,2025-01-01T13:35:57.155330
749aab0a26ed83c3,Active,2024-08-12T04:43:54.817627
21129437f4ff5fb6,Active,2024-05-04T21:14:52.344563
87dca38d50ff664c,Active,2025-03-12T13:48:45.010549
416c0ae62bfd67e3,Active,2025-03-29T22:26:13.915697
f61fcccb604f5224,Active,2025-01-08T02:40:55.433976
60d23df5e1784112,Active,2025-03-16T01:07:33.449862
f630dc3dd9fa93ad,Active,2024-09-04T10:04:56.812871
17d37825c49a8f89,Active,2025-03-31T00:53:07.225263
e194a878a2bbfd9c,Active,2024-10-21T23:33:57.340627
b3f281714ec1e93b,Active,2024-08-22T19:52:53.095461
d57b0087ac919793,Active,2024-05-21T08:06:43.372565
d50eae42d957f0d0,Active,2025-01-03T04:36:23.121511
dee60f5140de3c0c,Active,2025-04-15T07:45:41.126944
8bbdf92984d078ba,Active,2024-12-20T14:48:28.741654
a65a2e8e6257dd28,Active,2024-07-12T06:06:41.462557
fc085428a5bd4847,Active,2024-10-01T16:01:45.564606
360427a5675f6af7,Active,2025-02-19T11:01:00.976729
2acfb3c615443076,Closed,2025-03-12T05:11:39.165445
023a12a1d9357356,Active,2024-05-27T14:06:21.332506
73c7c98f70675d81,Active,2025-01-19T17:34:32.870445
59c0bc15c1ee5ae2,Active,2024-06-05T05:55:18.509977
467bee71a851ffd1,Active,2024-09-11T18:17:31.965704
d1d9f56fb8d3096f,Active,2025-04-14T13:12:19.737923
3e3d96a36aedf936,Active,2025-01-17T13:13:16.635290
e2cf1db96b4b4ffe,Active,2025-02-20T06:04:09.530189
5145ff854b406e59,Active,2025-04-23T09:52:37.327953
a35b3015a48d5434,Active,2024-07-10T03:47:49.099596
85588e9cbebc4039,Active,2025-03-03T22:13:29.570736
86d3d2044271e67d,Active,2025-04-26T23:47:21.437487
f26bd4ca6375887f,Active,2025-01-21T19:01:49.429315
4a6f5298150d7c66,Active,2024-07-26T05:13:43.726957
544dd7be161717e3,Active,2024-12-14T01:58:43.211434
229d7332d27bd643,Active,2024-11-07T20:17:09.187560
a4116e9a4ba513ab,Active,2025-04-26T20:52:01.726913
7d3fd9fd1f9179e1,Active,2024-09-18T10:35:24.310347
204d3c6088e67ce2,Active,2024-12-28T09:44:26.903394
7747871f219b855f,Active,2025-02-22T19:02:44.895162
faf87a59d5578450,Active,2024-12-18T22:01:23.216933
935a07faf67d7e67,Active,2025-01-02T03:10:23.097694
c929590053598329,Active,2025-02-17T23:17:20.873474
e8ea7d4038ef82cd,Active,2025-02-13T15:12:24.724809
ea253fe83c85edef,Active,2025-04-19T16:54:29.779045
ab927533bb5ec559,Active,2025-03-05T07:18:14.894876
2623dd8801ce15a8,Active,2024-07-21T00:37:13.353633
b5b6db84400dc1ea,Active,2024-06-13T06:45:44.247800
59ca3850263f07cb,Active,2024-11-12T09:59:44.477685
c9a3e5bd1d6465e5,Active,2025-03-14T20:47:21.525806
6937d6537e46b2c6,Active,2024-09-27T05:21:31.490451
e320d6391eb2db64,Active,2024-07-29T09:59:24.390939
79f8ae38a761deb5,Active,2024-07-14T13:51:38.345684
a14420b7b432f44a,Active,2024-12-06T20:18:22.301887
dc977288e08841bf,Active,2024-05-05T04:44:44.035655
7ff5e58cda7f10d7,Active,2024-09-19T05:20:52.298093
bf8c705b845aff1f,Active,2024-09-21T17:17:24.036521
1c35dce3d5fa6c74,Active,2024-09-29T09:23:30.782025
54fa3644d3434041,Active,2024-11-23T13:34:57.167431
06937851440ba9af,Active,2025-01-18T04:43:38.170151
d6b859902f5100a8,Active,2024-07-31T04:14:00.928151
971f961a43ba04f4,Active,2024-06-17T23:56:52.057508
d410489df9013dab,Active,2024-11-29T03:14:51.447736
33bf19b06a231cbd,Active,2025-01-01T12:37:27.421683
8d2f9e8ab262c6c0,Active,2025-03-25T15:27:46.202291
133047b51bf97185,Active,2024-06-05T10:05:36.896388
5cf9756180a7728c,Active,2024-05-23T20:10:25.321658
bdbf9987bc6aa617,Active,2024-12-07T06:20:21.429608
6832f95d85ac7a64,Active,2025-02-24T03:21:41.385518
b7e99fdd0f8bccd9,Active,2024-05-14T01:15:51.113195
932c0f067ec4a80f,Active,2024-10-16T09:21:55.019245
a08ee98fa60e5580,Active,2024-08-27T16:27:42.880463
e8890c780cec12b6,Active,2024-07-21T11:46:35.881545
4bd8269d99176b43,Active,2024-11-10T03:25:56.080603
dd7c555767a70c53,Active,2025-03-27T10:49:28.186235
be649221c352ec31,Active,2024-05-22T07:59:47.336117
17467ffc722b7bea,Active,2024-09-13T19:37:51.367795
2f773d420754ecc5,Active,2025-02-06T13:14:13.399796
8020f5b984c24b94,Active,2024-06-07T15:47:51.366161
dcf58ec85f91a7cb,Active,2024-10-09T12:45:27.099285
6de7bb9195d6dc81,Active,2024-05-27T17:06:59.763614
bfbfa25dd2f30db8,Active,2024-11-20T22:44:33.825727
321f00aeb1308792,Active,2025-04-24T03:33:41.922376
650ad2e99734126f,Active,2024-08-24T05:35:43.053625
a980b45a2b01fe25,Active,2024-06-30T22:31:25.156924
abb600963af2c25c,Active,2025-03-26T14:05:57.172387
b92f65f882549b15,Active,2024-06-09T09:13:05.478087
f507f4f4500f92d3,Active,2024-06-27T23:30:27.186086
ab45ae6cc1403da2,Active,2024-07-29T06:56:52.929290
d3506ca94b92b90d,Active,2024-05-11T08:14:07.950794
045cb4e557af8e13,Active,2025-01-18T03:17:31.268615
62c4c71d71a31087,Active,2025-04-16T03:11:59.529840
f78209a7a07b7401,Active,2025-02-06T22:59:34.331308
4219ee802d9c8e30,Active,2025-02-24T01:58:14.769430
36c21dbd7b232fdd,Active,2024-09-27T07:19:10.158421
f1206bb03e4dfb38,Active,2024-10-04T12:43:23.720833
eca16e5358696d82,Active,2024-07-20T18:36:32.012353
6b4330c7993140bc,Active,2025-03-12T00:56:01.713984
dbee55007da7db03,Active,2024-11-27T18:40:07.322154
af36b5c56190d92e,Active,2024-07-21T14:59:37.371612
1d927abf780833d8,Active,2024-10-10T19:54:12.667102
f962aba6fcc24e0d,Active,2024-08-25T00:35:32.379669
166f5adc7a5668ca,Active,2024-06-01T21:59:57.386886
f99bbb5efb8a0979,Active,2024-08-31T07:57:53.470536
64eb971f59ad7f4f,Active,2024-12-25T18:37:08.635244
71c9eff5c593404d,Active,2024-09-27T12:46:16.209646
f7e553758a613d1b,Active,2024-11-20T20:37:44.544532
2ec235f9c846e6c4,Active,2024-10-18T13:13:07.527523
40cd15a211f0d83a,Active,2025-04-06T17:59:08.629776
f7aa9b7ad3247387,Active,2024-06-04T07:09:00.018340
c7a7a0c92fd72628,Active,2025-03-26T19:32:59.996234
ea5c1c30900cf0cb,Active,2025-02-03T05:08:13.308697
065435e65450da25,Active,2024-06-23T20:25:25.083564
0f4a773cdc624c3a,Active,2025-02-22T06:51:52.434761
ab347ba3e9a074f1,Active,2025-02-13T19:24:34.857890
05290c8dc13bc620,Active,2024-06-07T10:35:14.943950
8ec5d484a5ab85de,Active,2024-12-01T18:11:16.434305
0f5d1f511b4d7936,Active,2024-10-23T06:01:20.004843
a7730b91a0d15e2e,Active,2025-03-18T19:53:39.820656
0c0843da7b6f2ae1,Active,2025-01-24T06:47:36.078937
76e72e0a585c5b5e,Active,2024-08-16T13:38:02.683204
9b6a701c3d3b6a0a,Active,2024-07-07T10:32:22.728936
1655115b906f50f6,Active,2024-06-07T21:47:27.948165
74eeb57222e8ffc9,Active,2024-05-05T18:40:06.376463
20d2b00588b3e8d8,Active,2024-09-18T11:33:30.338361
b2c2b7e204c3e762,Active,2024-07-13T20:37:53.932330
f1c841f60e9505d5,Active,2025-01-21T21:44:02.994668
d84447a3be5db570,Active,2024-09-01T04:18:06.032202
483d8d68126f1090,Active,2024-10-14T10:34:57.449847
c840d060fbb1e646,Active,2024-05-17T15:32:02.297670
8d053d908c9fd28b,Active,2025-01-12T04:18:03.210689
a4946987c74834db,Active,2025-02-27T07:50:46.384983
5abbca497d770c73,Active,2024-05-16T16:49:53.146386
0a3792c8fee659cb,Active,2024-12-31T12:06:08.393757
a945c88516d0140d,Active,2025-04-10T11:29:36.939899
b89683c1be2ed838,Active,2025-01-14T02:03:18.201743
d6a2d41f05d4a12b,Active,2025-01-10T05:03:11.715568
b7077a4b171c0d17,Active,2024-05-27T20:52:13.804250
b417082dd8e79177,Active,2024-06-22T10:35:35.070326
0692436775ca1c9b,Active,2025-02-15T07:43:33.381229
3c922f6f932969f1,Active,2024-10-28T14:36:28.865295
06abff976dfb7398,Active,2025-04-01T07:25:50.112064
1a4659a0f37b3b9b,Active,2024-08-14T23:43:09.886214
60abc2b4c75b12e2,Active,2024-10-13T12:23:16.415171
cd15a9bc06077666,Active,2025-03-16T08:03:01.579707
556e2be49f514dbd,Active,2025-01-14T21:31:04.003217
80bd2ab3be7de780,Active,2024-06-28T17:15:26.169224
83cbe3c9b3083fd4,Active,2024-10-12T18:38:35.368518
8d529dd32da272ba,Active,2024-09-04T08:41:40.947856
5267540d89de0ead,Active,2025-03-02T15:24:11.013824
d1f2122aab4328f8,Active,2025-01-07T09:55:44.716925
b2be0748d6ed35a8,Active,2025-03-20T04:13:55.102457
e5b2c6b518442e85,Active,2025-03-09T02:26:49.221762
05122b6419fc5143,Active,2024-07-03T01:41:40.604183
0a65b5695e2425d4,Active,2024-05-02T20:01:18.214302
d04ec03b94e94333,Active,2025-04-01T03:08:34.474030
14d02401312cd6d9,Active,2025-02-26T12:40:22.213581
946d998fe9380fa0,Active,2025-03-20T02:18:11.331052
a44dcf5040cf39f6,Active,2025-03-28T10:26:30.346580
f5c6260d3eda90cc,Active,2025-03-13T00:01:12.103070
06e32be288f1c42b,Active,2024-05-10T21:41:47.994087
56699116a21a4599,Suspended,2024-11-05T22:21:28.404855
cbfa5e3a4259b6f5,Active,2025-03-24T17:50:10.395530
8e78d0e0c3c7d432,Active,2024-12-16T04:21:23.186367
fa432a102a632846,Active,2024-09-07T05:50:56.091627
c6a6ca01a93e6216,Active,2024-05-12T17:43:33.483113
f261ac8ae2007e23,Active,2024-11-19T22:06:04.318962
b0ebb4fbe04bbab1,Active,2025-04-10T23:14:19.857897
8154839521f5cb66,Active,2024-06-06T20:05:01.447740
b15f79b3879cc1b5,Active,2024-12-06T19:54:18.446676
b5302ef39db43aad,Active,2025-03-11T09:23:32.646209
a1d59b23215a3f84,Active,2024-06-28T15:42:46.980838
e0c43dce2cd06766,Active,2025-03-06T18:15:23.098024
5d63436d78dd2175,Active,2024-10-14T20:10:54.919049
a38d2657b36aafcd,Active,2024-09-16T10:06:41.084888
1f48aa0d9ad91dde,Active,2024-12-19T16:57:14.547538
7725ce6c51fb2e15,Active,2024-12-09T11:42:31.187242
c2915dd5c26b7fb5,Active,2024-10-18T08:55:24.495382
4eace8b16c411b96,Active,2024-09-01T15:18:56.183391
e647eacb5e7d597d,Active,2024-06-08T05:47:05.670833
ec83a0914f38911b,Active,2024-05-01T14:45:09.431251
5751795ccbbbd2db,Active,2025-03-27T00:33:38.479129
30c4fa7682a65fdc,Active,2024-11-27T21:47:28.328518
1a860440a411a7be,Active,2024-06-04T13:07:28.044583
e54e786ce971b1d9,Active,2024-05-27T10:40:46.512063
1b9bf54e53ef57dc,Active,2025-04-03T20:28:33.020766
78030b04e84d9fbc,Active,2025-04-19T06:18:30.905892
52ef7ff01db5dc1c,Active,2025-01-06T12:10:14.003709
92e5cf98005cabba,Active,2024-11-18T04:58:42.758165
047f4304b5709d38,Active,2025-03-20T14:23:21.939392
03c081c7d7df51c9,Active,2024-11-28T19:09:31.107159
5cf040ba82529c70,Active,2024-11-14T00:41:05.323273
c7795a80564c2453,Active,2024-09-18T05:23:30.013534
8a24b031eaf44da4,Active,2024-11-10T16:11:55.686608
fb21b65a60507b50,Active,2024-05-04T14:04:57.194683
3e707c9ddc9569ac,Active,2024-05-27T13:31:33.096897
0c2297131d484177,Active,2024-11-06T21:08:47.858594
32e310581ee4dae1,Active,2024-07-28T06:53:16.434442
0478f5090d8ec0e4,Active,2024-12-04T16:17:44.679956
e2092654e68c6f4e,Active,2024-08-23T05:05:32.102321
9d6684d0f040038b,Active,2024-06-15T23:36:39.791834
df48734bb7590a06,Active,2024-05-24T03:47:05.885858
7cfff475777ee7d9,Active,2025-02-03T08:01:09.202168
bdb52631aeffd9e8,Active,2024-09-27T17:14:02.899638
9346f21fbcda6201,Active,2024-07-27T04:56:04.330806
a6b81c9ad8e0331a,Active,2025-04-09T04:37:05.720135
5185b6162835a94f,Active,2024-10-21T20:17:43.693115
ef61cd566d150e6b,Active,2025-02-24T04:17:22.557067
1814dd10467db07c,Active,2024-05-29T21:26:50.793858
2779652db537343c,Active,2024-09-11T23:05:16.482936
f1d1ddc852a22147,Active,2024-11-03T08:04:55.738174
9bf6d9cb4b08e5de,Active,2024-06-18T16:08:32.328763
af8d5c3783f05e0e,Active,2024-07-14T12:55:07.510067
0224820c07a881d5,Active,2024-05-20T12:10:03.073101
f6f1eaccb555451f,Active,2025-02-16T16:06:08.750427
2ad586ce553d98bc,Active,2025-01-20T16:15:34.558099
fd59f34e4b99da05,Active,2024-12-16T21:11:09.393001
963a2a8fb81e2340,Active,2024-09-15T04:44:20.593933
3d1408eeb32e012e,Active,2024-08-09T00:40:02.449853
c61b07cbbafec24f,Active,2024-09-25T01:47:52.199857
81ea862786348af3,Active,2024-09-21T03:54:45.746472
d4894e80675889ff,Active,2024-08-01T02:07:28.393350
683872166833cf13,Active,2024-05-06T20:11:37.830729
9614b7fb6d7dd5d7,Active,2024-07-19T04:39:05.108197
b6adc95da5765c96,Active,2025-04-14T20:31:26.500732
4461de6bc4aaf24a,Active,2024-11-27T23:05:23.306097
6e7051f9b0f4bdb8,Active,2024-05-01T06:08:24.089833
c7d347750544183c,Active,2025-03-27T15:34:41.314566
e4372c7f38df8608,Active,2024-10-26T02:47:19.738211
69d510dfd4ebeb3c,Active,2024-11-05T03:33:38.405349
f8148367913d2466,Active,2025-04-22T16:44:32.156022
76340f24ea9e6b82,Active,2025-03-18T23:38:02.737701
18873efbacfd88b5,Active,2024-09-25T19:43:52.767415
1bc1e2829d293d98,Active,2025-01-21T14:48:20.749973
04b70d24907c3019,Active,2024-07-19T20:39:01.934393
0e94a8fcf1a7bb07,Active,2024-09-05T06:07:25.336460
6227e80a3d0c2536,Active,2024-05-20T02:01:16.396279
1a46042638f56fad,Active,2025-01-04T20:46:04.798710
5393a6cc7b9a3da1,Active,2024-09-21T01:12:12.300375
542aba79e3dadbe3,Active,2024-12-17T20:53:26.739267
2ef87ae1cb3df755,Active,2024-05-03T12:03:00.177718
272c06c6a9f3a54b,Active,2025-04-16T12:07:56.689650
b1854beac13cb9d5,Active,2025-03-22T15:06:00.013984
832b25ef48cb275b,Active,2024-11-02T12:13:14.499822
35d82c4e1d765476,Suspended,2024-06-22T12:38:25.764631
3b7812c5655d29a6,Active,2025-02-13T01:34:00.154170
2952fe1122abffb2,Active,2025-01-26T07:48:06.007607
0e3751b61ccb8fd3,Active,2025-03-22T21:45:33.344414
71683da72c0e1195,Active,2024-10-12T20:24:32.325849
cc576f9cc4f84949,Active,2024-06-25T22:22:59.357113
dac37b3a5d01ca84,Active,2024-08-31T14:35:56.341924
4844edd270f2e875,Active,2024-07-21T15:06:01.231537
14522b18dc9bb0fd,Active,2024-06-11T20:32:56.686912
c173c2399a3f386f,Active,2024-12-13T05:19:22.530504
531c33abddaf0645,Active,2025-04-28T09:04:55.293355
0b97c55bf3e07341,Active,2024-05-10T21:35:56.293592
06bce78841029cc1,Active,2024-09-18T08:29:55.610897
fe01d17bda41ec53,Active,2024-12-28T02:42:50.095330
24338c96d79a849b,Active,2024-07-19T04:01:14.333334
e1529c0bdb944710,Active,2024-08-04T16:42:28.541345
3405d665937332b4,Active,2024-05-08T06:47:31.379468
4a5ebe3fcd9967ee,Active,2025-01-12T03:54:04.426326
b004d5d95eea12e2,Active,2025-02-08T06:36:20.727759
5b978a9f29446df7,Active,2024-07-12T16:32:44.107188
5df153e56941587e,Active,2025-03-18T12:32:40.010655
eaea119c2ef6a776,Active,2025-01-11T21:15:22.716387
8dd1ea2506e38ac7,Active,2024-11-10T05:59:31.899724
3643cde8b4196341,Active,2025-04-03T06:41:33.229752
e1ea2bd2a587c809,Active,2024-11-09T03:34:38.045995
2a5b0b799ae1a212,Active,2025-02-09T15:39:20.455540
9eff1b3192d3a4da,Active,2025-04-20T21:31:43.027049
7f099025eb403389,Active,2025-03-08T02:10:39.388222
626db43a2b34981a,Active,2024-06-08T14:27:01.040983
956a15adf88ee3df,Active,2025-03-06T11:39:43.576593
31da3d62f116a237,Active,2024-11-08T15:59:21.319919
3e9d3ab2692f0bde,Active,2024-08-27T12:49:51.757285
eba5bf37bc256ada,Active,2024-04-30T04:47:11.250113
41803c515401890d,Active,2024-06-02T02:09:43.645524
c11569ee2117c9e9,Active,2024-08-06T05:30:03.513625
4801a72acf06e55d,Active,2025-01-14T19:59:07.221601
cd4b734e6fa9df40,Active,2025-01-01T17:59:48.905160
2dbeabacffc2140c,Active,2025-01-30T14:36:01.746491
1f02af79c84d8c68,Active,2024-12-16T17:30:25.805362
bb513446e60d8e21,Active,2024-06-11T23:50:28.688350
38a20675cd2f98f9,Active,2024-07-03T04:31:19.966511
cfaae6a4b00ecc92,Active,2025-01-23T15:33:02.544234
58928f38c129629f,Active,2024-07-07T03:14:52.581403
4c7a40af6f4c21e6,Active,2024-12-22T05:08:12.372385
521b71baf79a82d0,Active,2024-05-20T04:39:07.356205
69ddb4e3c98863ea,Active,2025-03-19T01:12:28.483837
8633fcf27586df11,Active,2024-07-14T20:01:55.340979
e7dd40cac0658772,Active,2024-05-28T03:13:53.259070
c21d8a685a73aedf,Active,2024-08-01T10:01:34.126995
aaf55cd22220f8c9,Active,2025-01-03T16:01:00.870831
84de26c2d2bf26c8,Active,2024-08-18T06:20:51.898813
fdbfd7e6c1ba7685,Active,2024-07-09T07:07:16.872736
967ba142c8876a46,Active,2025-02-19T04:36:27.281177
e36962e8dafa6407,Active,2024-11-19T04:17:05.791030
1bd9b5bc30381536,Active,2024-10-05T05:04:24.020299
fc9766c57321b56b,Active,2025-01-23T12:23:38.457010
ae291b859454cd35,Active,2024-08-22T18:11:02.249012
527ec5ffe5ebaa67,Active,2024-10-14T19:51:56.784085
4339eb55aba92632,Active,2025-01-20T11:37:37.196919
b176942bad633273,Active,2024-12-06T20:47:49.919899
84bc6110aa6cfcf7,Active,2025-01-05T09:06:02.862946
9ae6ee858faffdbb,Active,2024-12-13T00:37:17.205602
13c89c36376b39de,Active,2025-01-17T02:48:38.583162
b62c3a61f28d7fa9,Active,2025-03-27T18:22:51.348477
64f1f838e272bfa6,Active,2025-03-02T08:48:17.365880
e91dffd974202edb,Active,2024-08-24T06:55:21.390530
78cf186e5fdeef21,Active,2024-08-31T13:14:07.785379
7be6628814ed18f0,Active,2024-08-13T18:30:06.730012
74f73426ccea6a40,Active,2024-10-05T16:45:19.704501
2264733467ad30cc,Active,2024-10-02T13:24:07.567642
fb7b3e9d2399a672,Active,2025-03-01T19:51:25.555516
29fc9d9d2cfded37,Active,2025-03-14T11:18:40.747350
58c4f64ba1c88575,Active,2024-05-09T03:00:44.378919
b0b16867899b0b1a,Active,2025-03-08T10:33:11.233298
1bca412008397626,Active,2024-07-16T01:22:09.386217
2df4d9643c03670c,Active,2024-11-26T09:02:09.941158
feb884fbc817d03c,Active,2025-01-17T01:46:03.896366
734a554a5ea5564a,Active,2024-12-04T18:41:04.099594
d9959e0badb3cb60,Active,2024-09-28T03:08:02.752699
f0f35d457a013517,Active,2025-02-20T19:23:52.961518
7a5de1d8d003a17a,Active,2025-04-28T16:34:23.068229
f843e75caa992a1d,Active,2025-03-31T18:39:43.630585
f0628fad667915bb,Active,2024-06-10T21:12:17.670161
7bdf4297efc4aa8e,Active,2024-11-22T18:25:01.304989
38da31de7cb96741,Active,2025-04-01T20:26:10.480986
a93df58e565ba43f,Active,2025-04-19T09:49:51.093811
9f64d13be9f7ec0d,Active,2025-02-15T14:00:54.859087
dc9f531fa6eb3d83,Active,2024-05-30T14:41:29.112505
34545d7cb9faf5f3,Closed,2024-07-12T11:05:46.593929
2e13ac9d339e58da,Active,2025-01-16T14:08:58.593016
be42abe6343ea623,Active,2024-11-07T16:53:22.620755
747fb053f43ff0eb,Active,2025-02-20T12:23:33.102142
1603eddf42c73d8a,Active,2025-01-14T10:09:39.914266
1a1ff6fc6e235705,Active,2024-07-19T11:20:26.754639
2cb9dcf96ec0a7a3,Active,2024-06-27T10:13:25.874474
baeccd74b97d7359,Active,2024-05-01T02:20:21.480204
bac56a2ee747ffc4,Active,2024-09-29T10:09:52.603736
b988193d346c11c0,Active,2024-10-12T06:11:23.402231
b9f4c13d76f4ee1c,Active,2024-05-04T10:49:47.705168
c6c76ee2924379fa,Active,2024-07-23T01:27:58.966079
4661a38f6e7b1d29,Active,2025-01-29T16:50:02.277346
4ff5c3c299689ef7,Active,2024-07-21T04:38:52.977327
b9023e787f7a26f6,Active,2025-02-24T14:26:14.636088
41f7009c09566cc9,Active,2024-12-06T11:44:04.696461
6ff195e67948a3f3,Active,2024-09-09T22:16:46.760135
da13fa64f7e860f7,Active,2024-05-04T20:14:15.537171
2b939cd9df85ddcb,Active,2024-12-05T09:01:14.178200
d3e066d8cb43ce78,Active,2024-06-04T11:26:25.461864
d9f0a6bc3a7513ff,Active,2024-08-24T10:23:08.044643
bc13eff795b0ff76,Active,2024-06-10T08:13:21.668779
22b001dfd9a8c620,Active,2024-04-30T20:44:46.074715
cbeabe44853e6f8c,Active,2025-02-06T08:06:23.041789
9ab4087197c088d8,Active,2024-12-09T18:41:17.373270
8131afa08945cf92,Active,2024-05-26T14:57:54.077715
4fbd574d4ce8de7d,Active,2025-04-11T08:45:03.033398
79896e90ba8bfa99,Active,2024-11-05T18:35:14.978100
3cb1b74c5f60a1b2,Active,2025-01-17T11:35:19.174312
d1f3da06116f8da8,Active,2024-08-23T15:42:37.211901
b7038e53f120914f,Active,2024-08-08T05:13:28.705912
a98c253fe5888684,Active,2025-03-28T20:35:28.585799
631771de23e67d7f,Active,2024-05-05T21:47:52.553463
388cf61325b21765,Active,2024-08-11T21:42:17.321939
15243d192db80970,Active,2024-05-15T23:34:23.099529
94bedf589fdc27e9,Active,2024-07-14T12:59:23.165308
56070646d8535954,Active,2024-10-16T03:44:37.187480
cefae7d650bcefb3,Active,2024-09-14T15:44:34.299594
c971bc06cdee7197,Active,2024-08-01T07:05:48.756788
c3d9ee27a6a2b55d,Active,2024-08-19T05:16:16.549365
7e9731387943d8ca,Suspended,2025-04-07T04:22:10.978588
1527cc424505a490,Active,2024-09-11T09:41:19.393406
298894b7d2e5134a,Active,2024-12-12T12:23:53.393157
41c2feabe61ec4b2,Active,2024-10-13T01:42:23.251777
44844a60d9d6fec7,Active,2024-09-01T14:58:34.349454
6fe7e980ac2bce42,Active,2024-08-03T16:43:26.920290
4c678e2c82ebdcfe,Active,2024-06-18T11:49:38.986036
944a40f7426ef093,Active,2025-01-09T09:11:29.992279
e0a871beef89cd85,Active,2024-11-10T06:49:36.949723
f7d528317faa6c33,Active,2025-02-16T14:22:11.016130
8a4069a956f541b7,Closed,2024-08-15T22:08:26.419277
f91277dd012ba5c7,Active,2024-08-22T15:15:32.202283
cfeba1b4c1ab6094,Active,2024-08-12T13:40:18.311801
d9cd60c2a830ece9,Active,2024-09-20T06:40:15.425738
eea615db5ba80d2e,Active,2024-09-19T03:45:16.650955
191c6e09a041a839,Active,2024-05-06T06:32:54.452408
24eebe7cc3802a94,Closed,2024-11-19T03:56:47.905457
5d5900c50396616b,Active,2024-07-07T20:16:10.590723
f6577c5ebb44ca1a,Active,2024-05-04T00:39:38.024567
f722df3e6e8d4771,Active,2024-11-30T21:43:09.713492
4bc038edad585a68,Active,2024-06-20T19:26:40.769436
7a9db6c9b49610ab,Active,2025-01-22T16:30:09.087321
5ff049958b527b4e,Active,2024-05-10T01:08:42.562072
aab64d1bdeeba674,Active,2024-07-29T18:36:45.825143
6a2297ad70771581,Active,2025-02-04T10:34:31.602081
3bde3a49a01e09e8,Active,2025-01-19T10:07:39.627008
d3e36f75ae394a07,Active,2025-02-22T22:30:45.439362
23778d0019b8f250,Active,2024-10-13T16:43:34.462845
e2619d027d134ea2,Suspended,2025-04-10T04:19:01.347724
f7610fdb2ddce5ee,Active,2024-05-11T02:45:22.424672
fd2179f030733fdb,Active,2024-06-14T01:53:22.814565
887f6ae4983d894d,Active,2025-03-06T20:04:31.845044
8df4a5c091c299c2,Active,2025-03-18T18:46:09.977682
ef06f2185293a733,Active,2024-08-20T07:39:23.934181
5aaacc233db9d0bf,Active,2024-07-26T13:18:52.639983
49ba9575e8baa625,Active,2024-08-05T17:22:32.928519
f397743c7b1f5cb9,Active,2024-11-03T00:44:47.410722
1d9e32770845d19c,Active,2025-02-01T12:28:02.117104
7cf14d57ab0abf9e,Active,2025-03-28T08:00:04.800727
46a9c7f54a971ef2,Active,2025-03-07T22:17:46.315097
168798cd1a708cb7,Active,2024-08-31T13:03:29.331781
0aefcdb2bf14f7ad,Active,2024-11-02T04:22:32.358386
ec951a9666a127c0,Closed,2024-11-20T20:56:11.998325
53f0b137dd027893,Active,2024-09-13T17:10:33.387912
3d940b6e6e4721c1,Active,2024-05-14T15:10:42.277866
8cf8b813a40afb32,Active,2024-05-07T03:07:57.299993
744f00c0d4c380c0,Active,2024-09-30T11:34:53.888049
9f13e5b0bff74694,Active,2024-07-25T09:53:26.726364
c7d50cbd97ef7133,Active,2025-01-14T17:04:50.488336
fd9d07004e6018c2,Active,2024-09-09T16:50:16.875795
e55ec3c201a250dc,Active,2024-08-10T15:57:48.417256
e9672afc0f9b77e8,Active,2024-07-16T00:26:53.555987
b0490bde32d91a04,Closed,2025-02-04T12:27:40.629004
6cf26b89312c45c1,Active,2024-10-01T19:42:19.212287
bcf7299cb13e3c21,Active,2025-02-27T07:52:01.137042
86b4479765ba0e78,Active,2025-01-19T09:59:29.758055
671a4efbe3709d3e,Active,2025-04-17T15:10:55.009588
df81fde819b12f5b,Active,2024-11-25T06:30:27.668021
d4180519490a700e,Active,2024-08-15T02:37:49.460289
0c045f45a7aa5a8a,Active,2024-09-14T23:33:23.221296
50c6ba32fc4baeda,Active,2025-04-12T09:19:48.083188
9bdd6a97946295e5,Active,2024-10-01T14:46:27.591293
160a977fd53749e2,Active,2024-11-28T00:59:00.266379
64780c37c22aa378,Active,2024-10-11T20:05:39.183434
672ffb1210e6698d,Active,2024-10-01T00:34:48.853419
ad4aa698dbfa00d0,Active,2024-12-11T07:54:45.411308
1cf1995433753ade,Active,2025-03-05T07:46:35.134011
566ab7e9d686ac76,Active,2024-07-30T16:44:25.382735
b3e49bc974510b40,Active,2024-09-04T00:40:50.697397
fd0fb53cfcdd8403,Active,2024-07-01T23:19:30.058320
8e7e14906a2f675c,Active,2024-10-13T15:58:51.984386
576dee0be5b595b2,Active,2024-11-10T19:36:18.622260
d799bba18381d0e9,Active,2024-08-09T11:37:10.031156
d6b4c6c487f87bea,Active,2025-03-14T14:43:51.142809
8ad9df59ea35cba6,Active,2024-06-06T01:45:03.942813
920fa871ce53e235,Active,2024-07-01T22:03:18.395389
3dc22d8ff29e1fe1,Active,2024-12-01T00:10:36.755914
15f2eaab4d4384fe,Active,2024-12-03T07:01:33.580436
2d0a94a347eb75a0,Active,2024-12-12T17:26:29.327252
63febae006a22337,Active,2024-08-07T11:08:16.711071
aaab7238eab95eda,Active,2024-06-26T14:46:44.770489
478bae176d86b9be,Active,2024-10-07T05:19:53.069433
e6a965fa4a68d0bd,Active,2025-04-07T16:38:17.866139
43995cb3b4d6b968,Active,2025-01-20T20:32:19.751594
b5f6a93cfa2a9ab3,Active,2024-11-01T16:54:03.397030
fb528c18b54976bb,Suspended,2024-12-23T04:31:32.537153
58b5f6c655c0bb25,Active,2024-08-04T21:49:07.806053
628fa6586ada6f2f,Active,2024-07-21T02:34:54.241070
7749d6b099a8af10,Active,2024-09-07T22:01:00.379279
2db495acebc2b2b4,Active,2024-11-11T18:39:41.137780
d1506fe2a70140f1,Active,2024-11-06T16:29:53.428855
f5dbf2e659a4cd0b,Active,2024-05-11T11:27:12.637865
e5083ce69cd2da68,Active,2024-07-28T18:43:21.690720
ca5b33a65fbd05f4,Active,2024-06-27T03:23:52.840147
758cc8cb97b7889b,Active,2024-08-15T01:57:28.705076
e4da1a4c83c204d5,Active,2025-04-03T01:16:24.510788
9d0244b26e318f18,Active,2025-01-01T11:58:18.691629
54baa4a85bc483fa,Active,2025-01-24T11:49:46.470381
4a1ef45afcd8ea1d,Active,2025-02-05T13:09:01.753013
1cd3608304033f85,Active,2024-11-29T23:43:33.431923
1dc1df3b21c824bc,Active,2024-07-20T18:35:25.613970
f1151068e6d655c1,Active,2024-07-11T03:32:59.766076
97bcafa7c381a7c0,Active,2024-07-29T11:11:58.419895
db003e52756be6c4,Active,2025-02-14T02:54:53.075254
3c8ab937034791fe,Active,2024-07-28T06:18:23.631974
5b3db12d23140218,Active,2025-04-12T04:02:26.173243
776e7ca81198f905,Active,2025-04-17T04:58:24.954805
1e61212b4669e5b7,Active,2025-03-22T07:07:06.029238
41041d85334d2016,Active,2024-05-10T14:01:26.709737
85dc40aaf598679f,Active,2025-02-02T15:43:18.519419
8ef0fb6b8c234024,Active,2025-02-24T22:20:11.444897
06f3235e900275f7,Active,2024-06-18T10:47:19.052342
42da2deaf2d02f1d,Active,2024-08-29T07:49:31.442224
7540da9b044eab8b,Active,2024-05-07T19:00:14.932699
6d5e1c04dbf39581,Active,2024-05-30T06:49:23.451485
f045b6e663b0b6fa,Active,2024-07-26T15:45:54.327337
8ef6ada3644ab6e5,Active,2025-02-21T23:12:10.173064
a25a7c2715474015,Active,2025-02-07T16:30:37.504287
522479dab5bb88e6,Active,2024-04-29T04:07:49.651595
1bbecd6e8eeddb3f,Active,2024-05-24T13:09:43.974623
09fa7c1f61f01974,Active,2024-08-12T11:09:11.763621
681552a6db80a567,Active,2024-09-15T07:12:00.577373
9a2211ad5cd65912,Active,2024-08-14T13:11:25.904713
191818ce2d61ae45,Active,2024-10-24T14:27:37.018403
aa626828898feaef,Active,2024-10-19T00:27:00.556086
7aeb13c5bfd73035,Active,2024-11-19T01:36:41.089689
92105849f692bc7e,Active,2024-06-11T18:04:21.767858
ec6ef17352ae9f8e,Active,2024-08-28T09:09:45.580147
14a986c78dc21159,Active,2025-02-13T09:14:05.983654
bec370a090255bfd,Active,2024-09-05T00:20:11.442137
4887878b17ac0d70,Active,2024-09-10T09:28:09.838724
1624c897e285d832,Active,2024-12-29T22:22:59.716281
cc2e3de1fb9a188e,Active,2025-01-20T18:09:08.814531
daea4a22be93a4f0,Active,2024-05-20T04:30:31.689074
a7679ee0f6d4e7e9,Active,2025-01-23T03:24:11.191791
0b4e46c2af679841,Active,2024-07-25T08:40:03.905611
7f3698263091d7fd,Active,2025-04-25T06:29:35.363838
f99d7d3f919ec8f0,Active,2024-11-15T12:28:24.015333
d9438e42fc8a9007,Active,2024-04-29T21:04:50.758293
61ee1dd8023eb49d,Active,2024-12-04T05:19:52.957209
988a68a723f0cbec,Active,2025-04-03T09:01:08.039041
07654f4b136aa265,Active,2024-10-28T15:16:21.759823
14251d363f186273,Active,2024-09-01T03:02:56.953298
5754e6f12370cd97,Active,2024-05-02T03:34:10.586998
e24d6b9d264bf85e,Active,2024-10-21T22:55:36.177196
74fa093c835b708d,Active,2024-06-01T10:19:36.407935
fb43d9d0cfc4aac9,Active,2024-12-17T11:12:31.606567
eb08ecd60f1dca56,Active,2024-05-21T19:05:19.401377
652e18198116ac3d,Active,2025-02-28T16:14:50.642965
c27c455ca5e0b10b,Active,2024-05-18T04:39:22.492895
458af01a538f2d22,Active,2024-10-29T12:18:47.122415
a23c31fac65e5176,Active,2024-07-01T12:06:01.339487
e3b5a19b90c04382,Active,2024-06-28T11:39:58.525214
c750449ee471e728,Active,2024-06-27T22:47:03.105579
99d34a7077692415,Active,2024-07-10T21:01:04.225505
0d13db46c4dfb225,Active,2024-11-06T11:55:14.719542
18b734e8835c8c0b,Active,2024-10-04T19:39:30.297151
0114a578f46556e5,Active,2024-11-05T14:50:53.581282
7ffd224cd99e7114,Active,2024-12-30T11:03:58.726401
193699229d65add1,Active,2024-09-06T17:15:30.284009
f1e80a7f24786058,Active,2024-10-14T02:47:54.645199
395d72c717070bed,Active,2024-10-01T17:19:31.180363
093098d671c88a65,Active,2024-11-03T14:57:50.737928
e3ca9319741adfb2,Active,2025-02-03T18:57:23.785032
bc73d514d34b5bdb,Active,2024-12-20T18:38:48.191068
33214654512d00d6,Active,2024-10-05T10:25:42.631960
e99082c4e1ddbb5e,Active,2024-08-02T07:28:19.608065
9124a33c3cc18f87,Active,2025-02-27T12:53:47.739610
4f693beb440e0917,Active,2024-08-06T23:23:32.777286
a64c53d03f8bd19b,Active,2024-11-19T19:38:38.888271
679c5f097ed53803,Active,2025-03-05T15:17:37.240690
9a9d003a2a01a567,Active,2024-05-30T02:53:36.923946
3ee440bc756d5b08,Active,2025-02-01T11:37:46.407904
680e593de76a370d,Active,2024-12-08T02:13:34.411921
9d5d138f4a53d681,Active,2024-11-20T07:49:04.515621
0572b40b6293c643,Active,2024-07-02T13:10:54.790389
49af78b2e07491a2,Active,2024-10-25T21:49:31.973327
09a5c708875ec34e,Active,2024-10-30T19:03:49.613523
b2879c7a609fca51,Active,2025-04-03T23:36:33.017696
25498e9f53502bda,Active,2024-09-13T07:42:26.387118
1a468761d3add017,Active,2025-04-20T02:45:11.646690
07902d8836e876ce,Active,2025-04-25T00:50:02.080959
d75e1449b91bdf37,Active,2024-07-17T21:17:03.453981
fc58c22aea5d421d,Active,2025-02-23T04:24:16.265333
d6d10b988ef85c20,Active,2024-05-27T21:48:34.748794
19376c92571d7fd3,Active,2024-08-21T03:54:13.410053
a115cb4de6194c51,Active,2024-06-05T20:12:48.631523
3a7b4db4ca7337c7,Active,2024-12-09T18:46:45.938498
afd63ace27d00621,Active,2024-11-07T05:50:57.350556
678cdccc5bcd5ca6,Active,2024-08-04T01:24:39.431860
abe69f4354b054ff,Active,2024-10-03T09:34:56.276152
c6fa3a18687053e4,Active,2024-06-21T12:05:23.051866
711422d94b0789bd,Active,2024-06-18T06:06:21.830952
cd916ebdd6192e2b,Active,2024-12-03T14:16:24.823995
529b2167d8d14bdd,Active,2024-08-17T15:50:49.147197
ebabc68de488fdbb,Active,2025-03-06T13:28:39.637876
d645445e42b11ed1,Active,2024-06-22T06:27:31.082174
34f7ffc54b0060e5,Active,2025-02-17T20:08:05.745046
3d1e310e4b2c618c,Active,2024-10-24T07:58:29.433155
2da5b16162f1e295,Active,2024-12-15T17:31:01.124035
1519fd02acccd053,Active,2025-04-18T05:55:19.690035
f58389ec0676b1c6,Active,2025-01-23T10:45:26.019160
c46409e625e48eeb,Suspended,2025-03-03T19:43:49.571187
ae4fa01bfa985158,Active,2025-04-09T21:22:24.599251
beef37f0adab4583,Active,2024-06-07T04:01:40.986158
a67511c40353031c,Active,2025-03-22T06:13:48.691305
98a8d93ae90d1624,Active,2024-12-19T02:11:30.419356
6a4cab818047f6c8,Active,2024-05-15T00:01:15.545447
da91b05a9cd14cdc,Active,2024-10-06T14:15:42.868575
43c620bbb7ca366c,Active,2025-03-06T18:53:13.043324
7162d3e28eefe1b8,Active,2024-05-21T19:01:56.133058
336c3ac396eb4a33,Active,2024-09-10T19:49:43.871178
2fd25162057c1ab6,Active,2025-01-24T01:37:17.558419
15fcee091e74c22e,Active,2024-08-08T05:41:03.197762
4880a3de18c022f4,Closed,2024-05-27T22:01:01.999105
9396bf1ee422c2d0,Active,2025-04-23T16:52:45.067173
e86b1177d2d1dbd1,Active,2024-05-12T06:00:54.252925
4255cff9d09e41e6,Active,2024-09-09T15:56:38.214490
8761a986b6d320b5,Active,2024-11-10T17:01:07.218814
b5495546286e94d8,Active,2024-05-09T05:29:39.444349
37d51c043505d6d0,Active,2024-11-01T03:27:21.737016
bf7d5f2bf3c9794d,Active,2024-11-29T11:44:30.606528
b33b6ab82a1d8b7b,Active,2025-02-05T20:16:36.850132
37866e17424fd500,Active,2024-06-18T00:28:49.144485
467b98923f51e317,Active,2025-04-16T23:21:23.037838
89e9714cda30cc4d,Active,2024-09-08T22:43:36.054546
2b626a0629b24dfd,Active,2025-01-03T22:48:28.971285
ec90187cbdb84008,Active,2024-11-02T15:15:15.662826
533d6bf3e2a8b4d4,Active,2024-11-15T01:37:46.243411
b0344ac475d92ce9,Active,2024-12-27T23:50:28.942735
a30b1f7972be8a8e,Active,2025-02-14T00:29:30.861860
cf81ba0cb71aecf8,Active,2024-12-25T13:04:38.842460
54e0f720b9c50763,Active,2024-12-13T02:18:18.537656
fbf03485622df0d7,Active,2025-01-26T07:24:47.638810
55695c602de81ff4,Active,2025-04-20T00:45:34.852176
263416815a9aaa38,Active,2025-04-05T00:44:14.840048
aa1084314540a95c,Active,2025-01-19T20:30:40.575524
53d58a667ad638ee,Active,2025-04-09T10:00:44.841234
c53760288b4455d3,Active,2024-06-28T02:10:18.785003
079979e81bc4ff83,Active,2025-04-02T00:17:44.124939
763d9b84ee50505b,Active,2024-07-24T17:04:19.066165
cd12004f4a2e8cb2,Active,2024-06-14T16:36:13.670419
7a17fe7aeedb14fd,Active,2024-12-17T00:26:39.735140
6af80124e43212e2,Active,2025-04-17T17:22:21.850409
7e0ca3081615d1c7,Active,2024-07-02T04:34:11.386827
2d5c4a0b9e88f1c2,Active,2025-03-25T00:56:01.736641
58ead843df55657b,Active,2024-10-05T04:40:33.856423
860d5188a3a6b520,Active,2024-04-28T17:37:01.162016
a8b4d05fb014cadb,Active,2025-04-20T14:33:29.903575
eb53353063cc799e,Active,2025-03-26T17:09:09.710358
4cc2ffaab1e48489,Active,2024-08-14T01:53:53.298651
e82b6fca47abf7bf,Active,2024-06-21T20:40:02.634260
3a820969e8ebcac1,Active,2024-12-20T06:56:23.959549
ef2d62e6135aa5cd,Suspended,2024-09-15T16:17:51.919457
f7c0e4fcebd1cd7d,Active,2025-01-07T11:04:37.439538
766d5c234a7b3e62,Active,2024-07-06T19:21:33.854907
ccf12709508d7d8f,Active,2024-08-31T09:55:42.336894
08c13694eec44117,Active,2024-11-21T22:24:23.005336
e2e0b33d2541822d,Active,2025-02-05T15:57:05.164090
088f8389d7ea9742,Active,2025-01-06T02:45:55.666436
7a7a870888d991a9,Active,2024-08-10T15:06:51.397974
a7938b3ce600add8,Active,2024-11-18T10:27:39.411230
5885c68d4995c420,Active,2024-08-21T10:09:04.553056
d806b78b80f789b0,Active,2024-11-12T19:44:06.875301
2f91a3e98565c826,Active,2025-02-10T13:09:10.954614
18989ecf66c0f378,Active,2024-05-20T11:03:02.805879
208122d6b1588043,Active,2024-11-18T06:42:57.302890
9f3432d5f4fb498f,Active,2024-10-29T02:12:12.441227
e2a4e81548771078,Active,2024-07-03T10:09:00.543834
4d675c4cfaa1e889,Active,2024-06-27T14:38:43.402578
906a8d87a568a77a,Active,2025-04-04T06:34:40.544613
139cd75d35bbfedd,Active,2025-04-07T03:14:57.866542
f32647ee4bf480e7,Active,2025-04-02T04:55:29.235179
ffb57889e3e67289,Active,2025-03-24T23:09:39.302171
9ac269c21e814b08,Active,2025-03-24T05:45:45.520793
f10043a2a2520de3,Active,2024-11-08T00:29:54.056708
27b2bd0c27517175,Active,2024-05-18T04:17:25.272020
e4dcc3f08ccbf9bb,Active,2024-06-30T22:45:15.270488
eb2134c7b8fabfe3,Active,2024-11-13T01:10:19.171700
c2cc587ea93310d1,Active,2024-05-03T14:35:37.149393
b5e7a43a69e13078,Active,2024-11-30T03:36:57.660649
82c01b6177443138,Active,2025-01-07T20:29:51.527166
ba65a411ea69eff7,Active,2024-07-10T14:06:48.547103
c36c3bf6fcbd8c2b,Active,2025-03-11T22:52:46.623090
57d4e034ccb94c06,Active,2024-09-13T15:11:55.320224
281a1365b2e6f6cc,Active,2024-10-23T05:01:20.930122
237433b9b25911ff,Active,2024-08-28T12:46:26.068895
5e206254622499ef,Active,2025-04-22T19:54:20.209960
46dabe59d77643de,Active,2024-12-03T15:45:24.310878
7b1861e4f645a568,Active,2025-04-08T12:27:36.260191
2732077c52975719,Active,2024-11-11T10:03:49.457180
5a4a83e4d84e1c6e,Active,2024-07-21T12:49:50.403354
3e74857e7d257959,Active,2024-05-07T06:57:40.646574
6d4243db3c45ba11,Active,2024-09-07T06:06:36.660689
8256e128b74861d1,Active,2024-11-05T12:33:08.307946
6cf45e52a02d963f,Active,2024-10-09T02:13:40.012726
8c2a0c49ee9157c8,Active,2024-05-15T08:01:03.451289
2525aa6912ef3c0c,Active,2025-02-21T12:59:44.271687
b10915f93b7ca411,Active,2024-08-29T22:10:01.242384
5d3d8fb83929b791,Active,2024-06-28T07:42:06.768491
83616b3de5945603,Active,2025-02-20T00:37:55.890631
e5a3f1ba5f76fc86,Active,2025-01-22T09:28:12.739871
8ce6309340f3e46d,Active,2024-05-06T08:03:57.333801
50ad8f26cace030d,Active,2024-10-12T07:56:51.849912
f9cdd50c91318df8,Active,2025-04-11T04:22:19.811611
d5e3d9bf67cf92f6,Active,2024-12-08T04:33:30.366609
70ff0a6374ed695c,Active,2025-02-26T17:59:59.096167
b2e6214871814b1d,Active,2024-06-17T23:52:14.801198
4be4ee3847cc7ef8,Active,2024-09-18T17:05:55.391662
c1ebcdfc567e7891,Active,2024-11-23T10:55:44.048230
b32357309de69b5c,Active,2024-12-09T09:19:14.036463
31bd871398c1322b,Active,2025-02-14T18:18:17.614840
3857f8e2d078cd08,Active,2024-11-09T10:02:42.129916
20a4cb3490fbdc93,Suspended,2024-08-21T20:14:24.796882
ceb5978ade31729c,Active,2025-01-07T13:33:33.782921
e1b54c178739ddd3,Active,2025-01-07T15:48:33.310306
59a36be3ea1b62f7,Active,2025-04-09T22:50:41.776921
75df1ccf4a754313,Active,2024-12-23T03:11:36.430650
583598757f443c98,Active,2025-02-22T01:12:44.415504
a641074a9c6ff71f,Active,2025-02-15T07:10:27.267791
c1bc67634add379a,Active,2024-08-05T06:44:31.987761
f66098c9118458f6,Active,2025-02-01T09:43:03.922158
36497d0ee60875d0,Active,2024-10-11T13:19:56.254396
1c67a7270682334a,Active,2024-12-30T08:49:02.790459
bddc7314f7adf5b4,Active,2024-05-10T04:01:05.581423
021c25073f067afd,Active,2024-07-17T09:54:28.006800
32bb5c9b545fb626,Active,2024-12-26T06:45:04.190333
8ccd2c7cf227845a,Active,2025-01-05T07:26:22.402401
29cc18a6652a8407,Active,2025-03-12T01:26:08.035469
3af0f402dc756f9a,Active,2025-02-03T17:39:37.905288
eb49cc8722660466,Active,2024-08-10T14:28:55.520998
1d8c02eec3a650e5,Active,2024-06-24T01:39:29.452157
8489478c397e9efe,Active,2024-11-10T16:36:55.691965
2f6bed81c652c66c,Active,2025-01-13T06:09:54.793047
4282b844a813271f,Active,2025-02-05T22:05:54.390453
8c92e1b347b0f8ec,Active,2025-01-18T16:52:37.661898
19fd9f85be095a86,Active,2025-04-15T13:05:32.322838
78062ffdabe41b45,Active,2025-04-13T09:20:19.469195
1e29b59aee770419,Active,2024-08-21T15:40:38.238735
04b851e4a47dd8d2,Active,2024-09-25T08:35:24.015857
feb0377abc65266f,Active,2025-01-26T16:13:36.052256
8397c358191c3a20,Active,2024-05-06T20:24:37.378901
2593647b1281fb33,Active,2024-06-20T06:08:39.137891
98afb6361fbaf69e,Active,2024-09-21T15:10:43.589377
648012183117e98e,Active,2025-02-18T10:39:32.189307
db31b97e2b3bbbe2,Active,2024-10-03T02:17:19.221707
b66b10a074435e6e,Active,2025-02-17T15:27:11.439863
e8a7384e4db7a112,Active,2024-09-21T18:09:15.000553
51cca601b55ba350,Active,2024-11-04T20:05:22.805593
56951f00298efa9a,Active,2025-03-07T16:30:15.187397
7e6b1b9680476364,Active,2025-02-19T19:10:24.003733
5ccb4aadf8c8aea8,Active,2024-06-30T11:08:08.801853
7ff6ad54d4acb921,Active,2025-02-24T01:00:12.695543
4ca88e35a3fd4f94,Active,2024-06-10T08:58:04.034507
c60af014610352ea,Active,2024-05-07T07:15:16.256983
39a7a39cfcbd1d59,Active,2025-01-22T20:55:47.611700
d01bc38c094914e0,Active,2024-08-03T18:44:03.363442
cba9c301a298d39a,Active,2025-01-03T20:31:52.034297
8813f4ae32dab45a,Active,2024-10-02T15:44:54.676502
0eeef30bc95c1ff1,Active,2024-12-07T17:47:30.058431
e54a11b014321c4b,Active,2024-11-10T15:47:50.129078
0661aaed2df9d65f,Active,2024-08-15T09:58:56.518741
df666c3364b01bca,Active,2025-02-12T17:53:03.871999
09fb3317ef561a02,Active,2025-01-29T09:04:08.715073
0b434c9848f1bda6,Active,2024-09-26T04:53:24.437289
3141d7bca18c7d8c,Active,2025-03-12T21:11:42.829481
735f38bb0f3f0fdd,Active,2025-03-07T13:32:58.196899
fff7ecf0c837e863,Active,2025-01-14T21:23:24.936296
e15d22e6a72613be,Active,2024-05-17T20:23:02.057253
95faadb85a4e0fe7,Active,2025-03-31T12:02:11.495200
17ca54e3c32cc8f0,Active,2024-07-09T04:12:19.123369
1ca0481802f7d6a3,Active,2025-03-02T18:01:31.526382
a3a905dc1f232714,Active,2025-04-22T19:40:11.372413
25f14eda6e6d34a4,Active,2025-02-03T09:00:14.097479
111572c0f2154f8e,Active,2024-10-31T16:07:12.358352
992219df349b6c02,Active,2024-10-15T22:17:51.588622
70412a14b8acae89,Active,2024-05-08T23:35:24.427567
f4ebe4d8bde9d305,Active,2025-01-05T05:39:25.974421
9c35fbb014207a1c,Active,2024-06-22T08:24:18.429096
f0e0263356b24b7f,Active,2025-02-24T09:59:58.676298
40d489b929c6d12a,Closed,2025-03-13T10:22:53.266177
163d64f1380402c3,Active,2024-06-21T13:08:54.935359
cbf6876ccc7b4215,Active,2024-08-31T17:06:18.727506
acef03f12374c597,Active,2025-02-07T05:18:07.655975
3007502b971081a8,Active,2024-10-08T23:15:38.368323
784917ef074fcd4f,Active,2025-01-09T12:00:48.250038
655ea89d815ec19c,Active,2024-11-04T20:22:47.381338
7aa7d0a9a7aabfc5,Active,2024-10-04T18:01:46.717093
0dc599a898bf7716,Active,2024-12-07T22:02:55.780865
84ce93fe906df0e0,Active,2024-09-28T10:31:23.550699
1d7f423a262c4609,Active,2024-10-05T02:05:23.460522
9fc766de28aa3d87,Active,2024-08-04T22:29:03.393032
5207c2fe00c3a4f5,Active,2024-11-08T19:27:53.089021
6fd034146557ded8,Active,2024-06-25T10:04:59.836210
f61825f10b888340,Active,2024-11-27T05:49:29.137582
d8dca4f0a876f7c7,Active,2024-05-25T20:29:01.536515
ffe0fd8588943514,Suspended,2025-01-19T17:02:51.149695
5270a768ac820f9e,Active,2025-01-31T15:41:07.584643
0d5ecb53eb61dcdb,Active,2024-06-13T15:49:25.928702
68fc28b1dc9cac45,Active,2025-03-18T21:35:10.875552
d171e9bbdd2c2cee,Suspended,2025-03-27T07:27:49.746709
d64cb243922fc281,Active,2025-01-04T01:54:56.417890
cd967e90084d65f7,Active,2025-02-12T14:31:26.131187
dcc6e3dbf7dc3918,Active,2024-11-16T05:28:08.856225
03b264cd675843fd,Active,2024-08-30T09:42:38.823473
fe963cc067c46fc2,Active,2024-06-18T15:42:50.142021
cef71cccd3848f90,Active,2025-04-05T22:54:42.839275
3877bb85416544fd,Active,2024-05-01T01:21:41.715713
cf25d0a8ce308b7e,Active,2024-09-27T16:49:58.855559
e637d744c99b5e66,Active,2025-04-11T04:30:25.402355
6ba54043bbd791b6,Suspended,2025-02-28T04:54:34.050993
1584aec8a04eca8a,Active,2024-05-01T08:56:05.946066
02e79260ca58378b,Active,2024-05-03T03:45:13.832852
7b6bcf8f4b0ac78e,Active,2025-03-03T20:10:14.333905
55fa5ab672d50ba8,Active,2025-04-16T11:19:03.325342
de80835ca7cd9c63,Active,2024-10-26T06:19:20.224772
cb4b35cc70319048,Active,2024-06-23T22:51:10.844554
dac716a3fdd2e2f9,Active,2024-06-14T01:57:48.962878
1d07e3785e81d534,Active,2025-01-01T04:08:20.487575
b4537717797d3986,Active,2024-09-30T03:46:47.714280
a6f86a9e8762021a,Active,2025-01-14T18:33:23.665053
2fa912ceed65637f,Active,2025-04-16T18:53:14.236068
54f4b0f9219d67a3,Active,2024-12-24T03:29:39.882009
3f6023dc1758b9e7,Active,2025-04-07T20:48:09.935172
29fcbe872e201eb0,Active,2024-04-28T20:50:43.701164
14d3a235e8b9ac93,Active,2025-02-08T14:36:03.886074
1d59db825ea60464,Suspended,2024-09-15T05:50:47.290000
81b189d5a6ea6b90,Active,2024-11-21T20:32:51.504447
92c1d5537bbfa088,Active,2024-10-28T04:51:59.519046
07ea1f6ed39572be,Active,2024-12-15T07:09:39.976926
05e83b4527df9c2b,Active,2025-02-23T20:02:07.036059
3ff3d3f196f032d0,Active,2024-07-01T18:09:55.287878
8cb9dc4e1ee27761,Active,2025-04-14T11:22:19.733483
029c241aa9fdd15e,Active,2024-07-24T14:53:50.495485
e4debdf979efb9ef,Active,2024-09-16T19:39:01.563695
7b3b2d28d392b08a,Active,2025-01-14T17:33:55.548644
cb4c2d96c9aba73d,Active,2024-10-18T14:58:40.455480
4e78226c7b3a9b74,Active,2024-11-19T17:10:07.138473
c7d18069b953fca1,Active,2024-10-22T05:58:31.798474
7849c476d3ee5ee6,Active,2024-05-07T04:16:43.232485
735f7c80bce8609c,Active,2025-03-01T19:33:16.779082
a48e27d5623263f9,Active,2024-11-18T22:01:21.088390
e8e0a1dc5c7cb120,Active,2025-04-14T23:01:49.403825
89daf84c16b01a88,Active,2025-01-11T03:15:27.191521
5d4345d08f50d8f3,Active,2024-12-09T10:15:44.737354
a25d771deaac7390,Active,2024-06-04T20:09:25.108368
53fe19b93e13e2c1,Active,2025-03-02T09:27:14.680824
a014fd0ca3ce1667,Active,2024-06-08T16:10:28.028187
92f19f85fcb7dd50,Active,2024-12-14T12:59:38.204170
43c60f24f059c412,Active,2024-07-29T06:25:24.845105
ed891f8b57dafbfb,Active,2024-12-17T03:36:25.302751
6f54104268b8a962,Active,2024-08-06T11:52:02.068827
740ddc84f394183b,Active,2025-03-05T16:02:26.490674
736a1c30e2646be9,Suspended,2025-02-24T03:41:23.521568
aa7e7429f9f66c33,Active,2024-09-26T08:23:07.859192
c575938dc915917b,Active,2024-09-01T23:53:23.683982
dc44d21fd438724c,Active,2024-12-30T17:24:14.631306
78bd3166968b2443,Active,2024-12-16T12:23:46.841578
048d5c70765232d8,Active,2024-10-22T11:03:01.059305
f329c6b465c5de12,Active,2025-03-07T14:12:33.167113
259c63cc37f89f1a,Active,2024-08-25T18:31:43.772661
286f564bd4d5355e,Active,2024-12-26T10:09:03.810496
bc94f9a874aa223f,Active,2024-09-30T15:35:24.632522
97ab074d9e86703f,Active,2025-03-20T09:47:03.824366
7d2479b7065ce4d2,Active,2024-11-18T09:54:35.520467
def6388fb4d414c7,Active,2024-09-24T21:35:40.051614
eac10d765528dbc5,Active,2025-02-09T01:31:18.473493
b6c0b0917d220430,Active,2025-04-24T18:57:13.285764
33bc1f0afe7fe111,Active,2025-01-10T23:10:21.269898
6d1613ae9a805faa,Active,2024-09-23T09:17:28.624465
66f32eb0b7065b02,Active,2025-01-19T23:15:53.080056
08b02964ae275f6f,Active,2024-11-29T12:48:02.767511
b1c5b9aef88bf9a1,Active,2024-10-16T19:01:16.433835
f56ea39de7c3f402,Active,2024-09-07T03:21:05.028064
595f71c6a28bf8b9,Active,2024-07-01T00:23:11.748750
ad493170c7687534,Active,2024-11-22T17:47:21.415078
f91d92fded460d3a,Active,2025-02-21T22:59:08.958300
aefde1a5bc4df893,Active,2025-04-28T05:40:55.713778
fda041cb6c3e30f4,Active,2025-02-12T14:30:06.362911
499d13e728e2d5ec,Active,2024-07-23T09:58:28.776942
48ec050fbbbbe66e,Active,2025-03-27T23:02:20.267758
733dc237f158bc54,Active,2024-09-22T11:00:01.363003
bd10e2474f5d8400,Active,2024-08-26T17:16:59.027333
1ff839882bee34c8,Closed,2024-11-24T01:15:08.217857
81a1b9636da4e98c,Active,2025-01-29T10:49:32.827785
b2c5560647ab25ee,Active,2024-09-08T10:03:23.308894
d9ae7cd58852e408,Active,2024-09-28T19:13:41.629786
a7dc5adc7cdd8e81,Active,2024-10-07T08:27:57.780116
d6b306090c9e5224,Active,2024-07-25T09:01:17.001571
b15d9fb61fa65b59,Active,2025-01-14T16:11:31.541155
d52bdb823d013c13,Active,2025-03-23T05:24:46.207590
4f1f44d839121e86,Active,2024-12-25T17:36:58.521236
04b99fb7430782dd,Active,2025-04-16T23:05:00.468481
43580b4729e9370f,Active,2024-07-10T17:57:08.286835
eafed8d11805c477,Active,2024-11-11T20:17:03.604036
194eff306bb9245b,Active,2025-02-06T11:38:28.974763
528ee9b4eb69ec5c,Active,2024-08-08T17:18:03.334025
5935a9d75cecbd84,Active,2024-09-29T02:35:13.782725
4e0affbefc8a5e59,Active,2024-07-05T23:34:25.031021
465519837156f98e,Active,2024-06-07T12:01:59.380679
5bd798dc029e2b10,Active,2024-09-25T04:02:27.691104
50d390e16fec2f27,Active,2024-05-24T19:37:36.798275
a008f52022347f52,Active,2024-11-03T01:41:52.784657
95a23f7d637b5ce8,Active,2024-11-11T09:21:46.559737
862fed576c80cff4,Active,2025-04-16T11:58:23.071446
249e09013492fb53,Active,2024-09-02T17:09:52.164147
aadbe576589d5a30,Active,2024-06-19T14:00:23.863231
001983d577278cfd,Active,2025-01-08T01:53:36.415040
58a95dd79a7eb570,Active,2024-12-19T12:22:59.267596
809ddd341b128c29,Active,2025-02-27T17:08:48.753944
0216ed1a8895be1c,Active,2024-05-11T13:50:55.533569
5adcd58aad72c702,Active,2024-12-14T22:38:38.759226
e9618fa7da19b976,Active,2024-10-09T03:38:31.104609
db83555c74096948,Active,2024-05-25T16:27:26.220920
656bf40ec8da7031,Active,2025-01-31T09:37:40.815557
26939b08121efa7f,Active,2025-03-24T00:47:13.788785
1d8924107ff4e6d8,Active,2024-09-25T09:14:05.545884
c427bc21765a86a6,Active,2025-02-24T13:36:36.694939
3380ded158a9bb72,Active,2024-12-04T06:55:54.833406
8f3bae68e3a5dcc3,Active,2025-03-07T13:25:13.362982
0e68aa4c9a9a48b9,Active,2025-03-13T00:00:25.772751
c6768699f380c93b,Active,2024-08-20T03:37:53.479455
b974e24b51225cf3,Active,2024-10-17T18:02:15.607852
c6ec7eba63797ab5,Active,2024-06-22T09:22:30.325303
231a5234d6d77b3d,Active,2024-07-03T01:38:36.097594
5815eef2c608af00,Active,2024-11-07T07:24:30.254142
ca9e920b71144a42,Active,2025-03-18T17:31:29.891698
9444d9a3242d8928,Active,2024-08-17T20:31:04.604910
b8af2ad11d6f019f,Active,2025-04-09T23:39:01.485787
4e14773a6b39a803,Active,2024-12-11T06:19:08.097630
cf8ada65708d8ae6,Active,2024-12-23T05:28:11.327588
c5731f41391f47c4,Active,2024-12-08T21:47:34.622507
7a9fa5dc092e7f69,Active,2024-12-30T14:15:13.864932
045132fe66d4d114,Active,2025-02-07T02:12:05.776519
2a5f54721d0be790,Active,2025-02-22T18:39:52.716581
22c6b4480859db2b,Active,2024-05-07T15:53:16.401358
9460290f3506994d,Active,2024-12-13T01:56:30.248883
e06710c00fbecbd6,Active,2025-04-13T08:56:55.437793
49854365404b3e42,Active,2024-07-04T15:46:42.159900
d332f97c3f16fdd2,Active,2024-07-31T07:10:00.241171
43c5f23b2c3c34a3,Active,2024-09-24T15:32:29.494227
0101ae5fe07b61fd,Active,2025-01-16T15:41:32.439229
4437b5effbd37011,Active,2024-11-30T23:38:10.424196
e8e27a76888d60de,Active,2024-07-28T06:10:27.034190
1b522891b15644d9,Active,2024-10-02T22:51:19.993361
8086c62e17453c7d,Active,2024-06-20T16:32:15.472194
4894b55a689cf714,Active,2025-01-10T19:15:44.335857
67e5921fef76c90f,Active,2025-01-26T10:10:19.865121
945ebe608e2c3cd7,Active,2024-10-28T10:32:49.490146
71836a6ec620e175,Active,2024-06-17T12:23:21.110261
68113df3194c6da7,Active,2024-10-02T10:00:00.437049
498a0f18ded3ed91,Active,2024-07-19T13:50:55.682612
aeb6f13e7bbbc989,Active,2024-08-25T19:51:57.129815
54df784fe6e2e0d9,Active,2024-11-01T22:18:12.682506
80b3e6de8fea1644,Active,2024-12-01T05:33:44.352562
0d79a07a84e427e1,Active,2024-07-03T16:02:01.404799
5db0617a4b9dec7c,Active,2024-12-12T12:15:30.694993
8b5ca38dd656a80a,Active,2024-06-04T01:57:04.271590
c8611e68235fc0bc,Active,2025-01-06T17:52:04.586445
310185f5bd152604,Active,2025-03-13T21:53:36.193327
356d03d3383130e8,Active,2024-08-06T21:54:19.659369
9e355de2900b05f9,Active,2024-12-28T17:06:50.794861
29ae8b9301ed1932,Active,2025-03-28T21:33:24.530644
568d1d0638978802,Active,2024-07-02T18:08:03.214734
11912d9887d66052,Active,2025-02-23T15:48:00.932135
109e3ab3f9858744,Active,2025-02-13T13:15:24.092397
33e46212168dc8f3,Active,2025-04-15T10:46:59.316108
1cce3bdc7056149f,Active,2024-12-11T00:32:42.749129
63a384bd1e2f12a4,Active,2025-02-14T06:07:18.390815
4a9782cc45bd560d,Active,2024-06-15T08:37:14.072238
5f1334f0b22cff16,Active,2024-06-25T15:49:19.426981
ddcddd28792d7266,Active,2024-10-25T03:35:29.377305
e79e7eb65be8ecf7,Active,2024-12-23T14:51:30.106218
89c44ce465814cba,Active,2025-01-19T04:41:00.511736
ff46a813fbc8e230,Active,2025-01-13T11:10:20.929289
1f4b73d2a5220d03,Active,2024-08-15T18:31:54.996981
f74f8476ca831d80,Active,2024-08-24T17:29:02.448445
4becf8a0b641a6cb,Active,2024-11-29T23:40:12.781354
03238925932f29f4,Active,2024-12-13T01:43:16.833638
35899cb30d5f200c,Active,2024-07-22T06:13:42.572097
bf8111b7ad7d4527,Active,2024-05-04T08:40:31.040616
de297cc015565c6c,Active,2024-05-02T06:40:11.313905
4ef50ee01dae7e9e,Active,2024-10-26T12:13:57.211976
4e150f699d810f4f,Active,2025-04-28T17:05:32.566164
f5cff1501671e14a,Active,2024-08-19T01:56:49.988649
2e69c467cc92a5b6,Active,2025-02-19T09:28:27.389086
1de2feabc5725469,Active,2024-10-08T16:11:56.126866
9e53c60a8d076513,Active,2024-05-11T17:33:36.369875
bc26cb3a389a629f,Active,2024-12-25T10:10:33.865953
2104863a23abc5c4,Active,2024-09-26T03:12:55.473360
126c708109e1ea73,Active,2025-04-16T19:17:20.398448
7de85bff26693eca,Active,2025-04-22T06:55:18.026644
d368baa15f4d2dbe,Active,2025-02-21T02:03:44.340323
e306bcbd946e17c5,Active,2024-08-16T06:01:41.199832
05c361a28fb7348c,Active,2025-02-22T15:23:02.440887
b55ceab5918a1ca8,Active,2025-01-26T13:15:01.903293
b95904776fefab3a,Active,2024-09-11T02:45:13.030661
c065a694a36083ae,Active,2024-09-12T22:15:30.180502
5401f5afbccc51f9,Active,2024-06-25T09:08:08.829992
7b2d51cbe61f9827,Active,2024-11-12T06:33:08.273392
c02e5fa5f7f38896,Active,2024-06-09T08:29:50.582161
41d43ffb19f29d5d,Suspended,2024-08-27T23:33:13.975089
b867419ede448425,Active,2025-04-10T22:09:12.686235
92f51dcc55578b9f,Active,2024-11-28T00:22:27.167591
9c9ad85839dfb564,Active,2025-02-18T06:25:26.161554
77643dceb9c5dea2,Active,2024-06-28T03:51:46.379080
47ba43edfec897ff,Active,2025-04-24T12:21:19.910079
666b00cdaf5103b8,Active,2024-07-11T15:43:39.375603
4e6f69648445570d,Active,2024-07-28T18:47:12.780274
2ff0d0b7f5d58de8,Active,2025-04-08T04:31:11.521607
f66f01e0f1cbeb9d,Active,2025-04-03T07:35:21.744649
33814eec8de7d939,Active,2025-03-12T02:24:02.381459
8974d9c4e668cde8,Active,2024-07-19T07:47:04.525838
bb20ef5ccefac819,Active,2025-04-14T18:59:21.668855
5218b5cef876f9b5,Active,2025-03-28T07:14:05.338068
934e601e8259e5c4,Active,2024-07-13T20:27:08.631940
85e0f5da9fdae85e,Active,2025-03-11T20:53:04.100070
2da3a7f790c69614,Active,2025-02-12T21:50:44.372366
a0924822a1d53084,Active,2024-12-22T00:59:02.360626
e1fb342034c145da,Active,2024-07-13T18:00:21.744857
dcc3ddb5e2a3abb9,Active,2024-10-12T05:19:16.952642
a912a40fa8fbde7d,Active,2024-05-23T13:50:31.699144
c2606fa12a95718d,Active,2025-02-18T13:54:41.278050
5627417b6753c878,Active,2024-08-03T16:39:48.673741
56b77c2c3cd19899,Active,2025-02-15T14:46:17.123377
f5bb49fdf6018448,Active,2025-02-06T18:02:28.855164
d7efee3ca1209897,Active,2024-10-12T01:31:59.359668
9792b2d5d05a1645,Active,2024-06-20T08:19:23.982104
17e24c62be703e41,Active,2025-01-11T18:20:47.529099
12b359d6472b93f3,Closed,2024-04-30T15:12:49.071090
dc9372d6c250529a,Active,2024-08-28T08:31:20.091875
c75b62266ce6d6a7,Active,2024-10-13T17:01:30.577983
20cfe4d4fd75ac98,Active,2024-08-04T08:16:57.796936
42497ec6b071918a,Active,2025-04-19T02:37:23.402401
f9236450bab05dcb,Active,2024-06-14T21:28:59.290694
705e4c227090f538,Active,2024-10-29T11:36:36.750689
463f0951ea1402b0,Active,2024-07-29T15:25:17.714720
fb271acef809f764,Active,2024-05-01T14:09:33.395966
de6293d57d5825cb,Active,2024-12-11T14:36:14.374836
33844111f8f38593,Active,2025-02-27T01:42:15.913239
660db0122fb53dbf,Active,2024-05-04T21:56:18.945036
e9248d4386209a7d,Active,2024-11-05T10:17:38.482277
93556adda19268c6,Active,2024-07-24T00:33:22.492121
370fd42d0997aeaf,Active,2025-04-08T18:54:02.197590
233764fb30f89d9c,Active,2024-05-31T03:49:53.810824
dbea73eaf323b656,Active,2025-03-31T13:57:54.259101
b5dbbf27e0f0687a,Active,2024-06-05T11:55:55.353530
2664cd8019bcfa21,Active,2025-02-22T00:36:47.360445
e6772f43291f46d4,Active,2024-07-03T08:12:15.720239
9196eee62ecbd76f,Active,2024-05-30T18:24:34.862668
3013fa73c1d0566c,Active,2024-05-03T07:53:49.974268
f31b445e6b57b6da,Active,2025-03-25T22:25:35.080316
02546fdf9fe2bbb0,Active,2025-03-25T19:31:32.031011
bb248a9ffb859d1c,Active,2024-09-06T03:27:33.298347
9348fc3bd6b99619,Active,2025-01-18T00:33:58.279892
7b15948860c8f4b8,Active,2024-05-28T05:44:09.246800
91c5376df87e1c9e,Active,2024-06-17T06:43:52.685844
1bc751ddf729c81b,Active,2024-11-12T20:43:09.273805
029caf205591776c,Active,2024-10-07T04:46:38.376465
bc4c29164d3e0987,Active,2024-08-22T01:04:29.651572
b9722558375c30f5,Active,2025-02-13T09:52:26.424436
3bda4ed78d4a481c,Active,2025-01-15T13:12:57.884326
a503a21ddffcbc22,Active,2025-01-31T12:49:06.657514
859b1723dc6a496b,Active,2024-08-28T06:22:03.701432
85998a9af447a2fb,Active,2024-08-15T10:07:59.726233
053eaaa80d8aa200,Active,2024-09-20T21:10:58.040988
6088c8e1e3c14418,Active,2024-12-25T21:21:06.600570
48cf5de3446218e1,Active,2024-09-06T23:06:58.857990
901e98558937c8d4,Active,2024-08-11T18:09:24.103366
7d26b8c399dfe9f5,Active,2024-09-04T21:54:38.358112
d2e55d0b8670b0a7,Active,2024-11-30T07:49:37.433512
ff0188ce1522410d,Active,2025-04-14T10:26:24.535651
3dd25ca5b5e4c02e,Active,2024-08-21T10:51:56.046248
c28944636a8e3e42,Active,2024-06-28T16:58:46.569835
f07f402559bc06ba,Active,2024-08-05T18:45:28.437796
86658bc9fd9b67d6,Active,2025-01-15T15:17:34.945848
4fe9dac871dff850,Active,2024-06-17T10:48:15.093704
ad35a0ca92377837,Active,2024-11-14T02:46:46.652573
da33225061ba108f,Active,2025-03-07T08:31:34.371156
1fd1f658c4427530,Active,2024-10-12T05:12:04.822703
fb08a38894be9b9d,Active,2025-03-22T20:53:49.163375
f0c288b381f22e31,Active,2024-04-28T20:44:32.176490
ba202921ba6a47cd,Active,2024-10-14T09:36:04.962263
a4469477a09db09b,Active,2024-12-13T23:43:12.342927
98f59f6744515b6e,Active,2025-04-10T14:04:00.744206
ddcebee9c068dcb4,Active,2024-09-21T20:13:56.598465
74a5906cb7883c1a,Active,2024-09-15T13:34:12.488611
a215c3aee8a0c6d4,Active,2024-05-11T03:54:30.879696
5a0e88a913b194a9,Active,2024-07-30T05:16:41.512571
f95380face5c0b0e,Active,2024-05-02T11:18:34.190810
7b4cda317372640c,Active,2024-07-14T00:11:58.687271
fb1abf611a3b0247,Suspended,2024-08-10T13:49:47.688413
03bd70d1ceaf5a7e,Active,2024-09-30T07:20:22.464439
6bfd70060c73aca9,Active,2024-05-22T19:36:34.485862
35bd5d1eba1b68af,Active,2024-06-07T12:21:51.340994
60b9fd3e6f120b49,Active,2024-07-11T16:09:56.832459
96df523bd87d157b,Active,2024-11-08T05:28:23.186499
ce77b638c00ae488,Active,2024-12-06T05:58:34.448425
628c7de6a1303dd8,Active,2024-07-10T11:20:11.185361
70d532e804a8c2ca,Active,2024-10-04T03:12:38.524686
e51dfd5a7ee8a3d9,Active,2024-08-31T17:31:33.345721
afdbd472da9288dd,Active,2024-07-27T23:09:57.823917
d981b713ef81d719,Active,2024-10-16T10:03:51.413096
42000bc74b0d3984,Active,2024-09-27T19:59:44.195453
5213939fbf0e9ff6,Active,2024-07-13T01:40:40.214234
4483f8ebfb3bf8dc,Active,2024-12-01T23:39:33.251180
87e03979555b0815,Active,2025-03-23T15:31:38.505725
6dfa07b54f3cfc6e,Active,2025-01-02T04:29:15.916376
74d2e1ff54cc677f,Active,2024-09-06T01:45:25.317472
b4c7e693e910ff45,Active,2025-02-21T22:50:36.325760
989b78dd49a78ee5,Active,2024-12-15T04:51:54.368706
ccf48abd0b5f2e38,Active,2024-09-15T05:36:25.377482
7291e6d4069e3017,Active,2024-08-20T02:02:16.479935
8667c57f537efe6d,Active,2024-09-04T06:33:23.408789
efadc16f1204b745,Active,2025-01-18T14:33:26.567541
169fc1edc7d8dc12,Active,2024-06-08T07:17:53.915960
1d948e7cd1a17bee,Active,2025-02-28T08:59:19.657181
9295cd7e8689c0d6,Active,2025-01-07T13:24:59.964590
7accdaaa15c83b4d,Active,2025-02-02T19:53:35.464931
960038cb9c7082a1,Active,2024-09-04T05:13:08.939950
80b6152f45213ecc,Active,2024-09-23T11:32:52.077041
1549e7c821865cfa,Active,2024-12-27T19:22:53.945467
b8ce0e8627a7f40c,Active,2025-04-19T03:15:10.532275
06d3e8b41939fd98,Suspended,2024-12-31T09:31:19.017445
ef09ef6a61f8b52f,Active,2025-03-03T02:28:39.492502
9c2bb170957d5c78,Active,2024-08-06T16:49:44.007673
f03faee04adf3f56,Active,2024-07-19T00:00:42.508314
83295583481865da,Active,2024-10-07T17:49:24.348343
1e364ba20a46533d,Active,2024-05-01T02:51:21.236611
e70ea24a29185804,Active,2025-01-23T16:03:14.939789
cc53cbae70eb99c0,Active,2025-03-25T15:27:07.684270
908c1475cb82f11e,Active,2024-07-25T10:27:42.209651
68bb28a31ffdeb67,Active,2025-04-10T18:06:30.660253
2580556cf832beb0,Active,2024-08-10T13:40:25.562285
2b0cf5cf4093f0c9,Active,2024-12-13T10:54:51.689874
a13008d2ea6cae07,Active,2024-10-21T11:47:37.593061
9e511a6fb248f745,Active,2025-04-17T15:13:08.527434
9c203b33346092b4,Active,2025-04-07T01:32:19.142409
0cbc85e3cf5822b2,Active,2024-11-28T10:52:16.414057
e0c2c830cd3257fd,Active,2024-10-09T09:44:18.678353
3b7e42b0ef81b589,Active,2024-10-08T01:06:46.494850
129f3bf7ed7f2d54,Active,2025-01-25T17:39:36.266126
e4208a99471038f0,Active,2024-11-10T00:59:32.966128
d73ace1803cab4a9,Active,2024-05-13T04:26:02.423371
60b366f907754a09,Active,2025-04-05T09:48:28.308583
5c4d765aa0b4216a,Active,2024-09-11T12:44:55.012584
cdd809c54d2f1240,Active,2024-11-30T03:22:40.798330
58298a91da178dbd,Active,2024-12-17T20:59:55.361110
e911cbf422c8235b,Active,2024-07-26T19:23:56.020997
3c0eff808e1e668b,Active,2024-11-02T17:29:35.684094
7b52811f99e0a592,Active,2024-10-23T22:21:35.063370
42777fff2d2474c8,Active,2024-10-22T18:42:23.790770
dae18f567c79f820,Active,2025-03-21T11:55:14.417522
6a0638fb68ed98bd,Active,2025-04-21T03:37:55.831602
45c6acc1b837a400,Active,2024-08-30T20:28:39.787359
9fbb85feae1d46ba,Active,2024-09-07T16:02:29.759510
a3caa031f569b8e6,Active,2025-03-22T00:04:04.945980
c5aa1961ad765eb8,Active,2024-10-30T12:10:04.530123
abf3f6ea48bee2df,Active,2024-06-13T12:07:14.680378
2dd1fe7d7f2d8528,Suspended,2025-04-02T14:09:10.373463
ff59e5a4a2fcdf1e,Active,2024-11-15T13:23:10.242143
9b07f71b46cc9518,Active,2024-07-13T18:08:02.307590
ce17d94dcca017e2,Active,2024-08-21T10:45:32.003113
d27152455e32aeb8,Active,2024-07-12T23:39:34.437691
ec9ed81db97a8f2b,Active,2025-01-18T11:41:55.976792
ab4105b14bae390d,Active,2025-01-29T15:40:45.406712
f738a4daf3d6b3e8,Active,2025-03-21T01:37:51.766713
aaf580130d9cdc52,Active,2024-06-08T08:33:59.935960
705e2290c0ad5961,Active,2025-03-06T01:50:44.485223
d77dffad7a6bcbb2,Active,2025-01-29T20:53:25.109831
e48122186ea7a689,Active,2024-10-13T06:35:28.154418
ec1958993d910a08,Active,2024-11-02T00:29:30.913141
deb2491ea0958f2e,Active,2024-07-22T09:31:38.550821
97f1d64bc84e15c9,Active,2025-01-16T16:02:04.532960
40e31272d5fe958e,Active,2024-09-07T10:51:35.836515
096b3c509021965d,Active,2024-11-16T13:53:33.767463
4036a8e66dd9949e,Active,2025-04-13T18:21:23.929560
325eeeee315b33e8,Active,2024-09-17T10:49:15.871675
4178ab3d0c4b7dfd,Active,2024-09-05T05:23:58.695406
5933fad1f50ac183,Active,2025-04-03T06:51:18.047506
156a017dd7cb85cc,Active,2025-03-21T20:04:25.198932
a6d7946f31b00673,Active,2025-01-05T00:43:00.385955
e8829b61e6bf4ab3,Active,2025-04-03T08:22:20.926264
6c1cef9b785f3741,Active,2025-04-03T19:06:11.057117
5b3724135e9364ff,Active,2024-07-13T17:06:22.689904
108e21bb25109b8f,Active,2024-10-17T09:49:42.268456
555801edbf059acf,Active,2024-05-29T00:05:30.204477
b61b34ce7101b74f,Active,2024-09-17T08:41:05.543029
d66364735b4887d4,Active,2024-06-17T18:05:38.710962
a135e704f6646352,Active,2025-04-15T21:16:57.181000
f852dd95a389a8ab,Active,2024-09-26T14:09:28.459550
ee43d19d24479713,Active,2025-03-30T17:27:03.242533
6cd2f3d3141dd2d7,Active,2025-01-07T19:48:47.284057
7bfd9f618690f446,Active,2024-05-04T09:19:40.737545
92d09f3032ac5418,Active,2025-02-17T23:28:16.429622
3bebdb958bd28f4c,Active,2024-08-27T05:06:17.100420
a4b808bfaa3b0dd7,Active,2025-03-20T20:48:01.317753
df82e3f149bc1f03,Active,2024-07-21T03:29:48.589768
048b0dc7b0da066f,Active,2025-03-10T14:27:31.175946
03c4ccf1a7f689e2,Active,2025-03-27T06:19:04.608601
a38196cfb21ce49f,Active,2025-01-03T00:59:41.464094
38c288e65283e041,Active,2024-08-02T17:27:25.487333
a821ed0d3be107d0,Active,2024-10-31T18:50:49.913268
1551d8b3e0f53c08,Active,2025-03-04T02:54:48.015161
94cd545b7400c4c4,Active,2025-04-19T03:41:08.471710
1193b7e233771ffd,Active,2025-03-27T18:44:01.700443
034690b65796a7e5,Active,2024-12-21T14:53:55.086229
afbda5052d4f286c,Active,2024-10-04T02:49:20.275547
fd4b6b5f4602f426,Active,2024-10-10T21:08:52.545900
75b58d2056d122e9,Active,2024-11-25T17:25:40.408900
999b593ff2b3057a,Active,2024-07-30T22:47:18.195494
ef8085665ce464e3,Active,2024-07-15T11:54:15.580136
cf5b418e12acd63d,Active,2024-09-16T20:23:47.560917
4e97409bdbefec4d,Active,2025-02-05T09:40:07.455271
a8b1d0e6835e72b7,Active,2025-03-26T10:40:44.729691
10710c95c4399820,Active,2025-03-09T20:59:28.601549
f4def78c132564c3,Active,2024-07-12T07:09:00.304691
54e64f5c3f9d03a0,Active,2024-12-13T21:05:18.633367
5dcdfd97b96d888a,Active,2024-09-25T12:44:59.466300
9e0a2b8850bdf63e,Active,2024-12-12T02:34:52.263309
34dfae9370d1bf1c,Active,2025-01-18T09:24:29.204983
fed83654c6821be9,Active,2024-05-10T19:52:27.404188
89883b00eb5075c3,Active,2024-10-09T04:00:43.080343
ea529e7c09928734,Active,2025-02-21T12:18:54.571950
9d3d7eb62b5c594d,Closed,2025-01-17T14:31:59.554218
d810e7314e421ce4,Active,2025-03-31T01:10:24.923654
f74c3ab3dc834706,Active,2024-09-27T14:40:34.198377
6bfa882045757a6a,Active,2025-03-21T21:47:13.440947
4214f1310cbd4014,Active,2024-06-26T00:16:21.755917
c00f4443744f086f,Active,2025-01-06T23:47:53.644953
11a8e9494239fe1e,Active,2024-11-13T22:28:42.082308
97a4de990eea1b7a,Active,2024-12-07T16:42:18.773017
48797f69db6766f5,Active,2024-08-16T07:39:53.968306
59b196ede94f3fc1,Active,2024-11-05T20:39:29.000911
82c46dd0a8205e3a,Closed,2024-07-15T17:50:31.744432
6b10e90b484d821b,Active,2024-06-30T23:00:30.109404
b5392af40a436997,Active,2024-08-04T22:51:58.956994
16716dcdcaab45cd,Active,2024-07-04T18:18:26.469689
5d00068592b1763b,Active,2024-09-01T04:54:51.412853
152c0e9a5d23320d,Active,2024-08-06T02:41:21.098908
aa886926320801b2,Active,2024-06-19T19:01:28.757102
72b83f38787bcb8d,Active,2024-06-17T10:32:29.892463
fd6296bd222aeab0,Active,2024-07-04T21:03:47.491949
c25120dae15eb5e4,Active,2024-06-23T22:31:05.354207
676e653a0ff05cc9,Active,2025-02-06T12:57:15.700932
b746d30684912160,Active,2025-01-26T09:01:19.121069
81f841a206263672,Active,2024-10-30T17:40:33.554819
27b3fc6e64f4825b,Active,2025-01-16T12:58:35.782069
fd141ee18c5e55e0,Active,2024-10-10T13:33:26.977819
58c13405587093aa,Active,2025-01-17T22:53:48.280699
7e0318e0a46e33fb,Active,2024-05-05T07:36:34.752596
0a5c8638061efee7,Active,2024-11-16T16:59:17.304899
619e157a69b0ab70,Active,2025-04-28T08:38:25.071371
fd26d37111cb179b,Active,2024-08-17T10:45:25.675927
dfa8794b2df3ab56,Active,2024-06-05T15:20:49.269334
6e64936b0e30436c,Active,2024-09-30T23:56:51.099869
3e73ee49f0bf24ad,Active,2025-01-17T11:18:38.110505
8386fc1cdb42afa0,Active,2025-01-02T20:29:50.415131
73a00ff944169412,Active,2024-08-18T07:03:11.885794
c1be46bed87cc99d,Active,2024-05-10T22:35:22.352316
2979920d0f8f3384,Active,2024-07-29T22:56:02.888609
48f84666b3e2401d,Active,2025-02-08T02:18:13.639842
d8db76c618c8426c,Active,2024-09-22T01:14:22.334078
74c8aad928915266,Active,2025-04-02T19:28:18.659440
49114c866adb300f,Active,2024-10-21T16:38:21.839058
9e8be993af7c877d,Active,2025-01-06T10:42:18.520200
b3d91316143219ca,Active,2025-02-03T05:26:26.877930
e215f7bbb584755c,Active,2025-02-09T02:53:03.514311
a78116be20cb9d7e,Active,2024-10-20T22:35:35.457081
2e9ede897cd162dd,Active,2024-12-23T09:43:26.062278
4fd9dec6fd4c9c94,Active,2024-08-27T23:10:39.235642
b4aaf40980845eb2,Active,2024-07-16T06:42:19.526805
96042e409f4e6e44,Active,2024-10-10T05:57:55.627538
2038b30c8a8f6f72,Active,2024-11-06T06:16:49.347042
829eb6116c98d219,Active,2024-12-12T20:45:50.121893
2e40a671bac1a4d8,Active,2024-07-04T19:08:32.246055
d7417c95a145e71c,Active,2024-10-02T21:25:37.109721
4d842c4b97c8fcf7,Active,2024-10-10T14:55:37.819149
8c35653be3688176,Active,2024-09-22T23:21:30.292279
a68eb9fa451a3b5e,Active,2024-07-20T04:16:29.525523
f6f450887f1ed3c2,Active,2025-01-05T17:17:59.728693
adf45644c0573f2b,Active,2025-01-02T10:30:17.678391
251f6cd8b466f3ce,Active,2025-03-28T14:28:13.547161
707dc11c5cf1a53e,Active,2024-05-21T13:31:26.090802
32f5dd822a8f64d3,Active,2024-07-26T23:20:01.695465
764c1b1db8f39a63,Active,2025-01-02T18:46:40.924124
335d843066b35208,Active,2025-01-09T07:15:01.620137
384c67f90e512b2a,Active,2025-04-10T18:29:23.060247
7a2261789b7062f6,Active,2024-09-21T21:06:21.049757
afec8ea60ff98e40,Active,2024-12-22T18:27:53.910161
1c5a7cd1c19082be,Active,2024-06-11T07:39:39.206647
f441a75d811355dd,Active,2025-04-14T02:12:43.816793
b702505be0ecfea6,Active,2024-06-30T20:07:14.383446
c9f0745c38a868ce,Active,2025-01-09T05:01:13.207594
b6ea1ca8ee961f29,Active,2024-06-05T14:17:38.188498
d0055704dc806441,Active,2024-10-25T19:22:44.818931
bba50192fef8afd9,Active,2024-10-23T11:18:27.506366
c955336f01de142e,Active,2024-08-21T04:48:37.424198
20a8fe1519c8e58c,Active,2024-07-16T05:52:46.487821
a0181d526ed8599e,Active,2024-06-02T00:37:03.961588
d4c6cca7cd99cdb0,Suspended,2025-04-27T05:19:01.961479
a037d480fffb8ec7,Active,2024-11-02T15:36:52.657404
672fb2afdd04c1ff,Active,2024-05-14T07:07:28.242034
0a15a42659b1a031,Active,2025-02-21T15:44:19.568008
b4068810674bca1b,Active,2025-04-18T08:01:47.954213
42d5a2c7b023d5e2,Active,2024-07-15T13:27:59.936114
10653fb443f6b29d,Active,2025-01-01T01:35:56.309183
fb1699b1052f3aca,Active,2024-10-31T18:57:04.819073
c13b61b427e3d371,Active,2024-06-18T12:08:30.518787
5e006f723a3a5ac9,Active,2025-01-27T01:42:20.162396
8841090e777cef44,Active,2024-08-29T09:53:37.279808
c5838c8cf6d39de3,Active,2024-08-14T02:29:17.391870
536ec4987a413528,Active,2025-02-25T12:44:10.428509
c1acab495aeee437,Active,2025-03-05T00:23:42.704972
9359db69608dc161,Active,2025-03-10T05:43:00.630997
eee8376c596d728d,Active,2024-10-16T23:22:03.141468
9bb7f1117038eb83,Active,2024-06-03T00:35:18.776935
9c7c3ff2846a2e8d,Active,2024-08-23T23:13:17.968035
6dd0632ad00e50ec,Active,2024-12-03T10:43:05.127793
ced0ea6e22365506,Active,2024-12-29T08:12:33.690629
b03b036a07467744,Active,2025-03-01T06:51:05.312329
1d8cccc7585486e2,Active,2024-09-15T19:59:48.998391
43252efad6f79ed0,Active,2025-04-04T06:20:17.879084
ce852ca90d6d8562,Active,2024-05-08T02:37:50.435083
c84f4d02b85038e3,Active,2025-03-29T06:24:33.561006
553a4491921f831e,Active,2024-04-29T03:03:59.096405
b1eb712cdc8c49cb,Active,2024-07-06T20:33:26.722171
8c22b17ca0739202,Active,2025-02-08T21:27:13.395608
8412d57f5589515d,Active,2025-04-06T04:05:27.946152
bee185b1377e8825,Active,2024-11-08T03:51:47.409007
a78545bc9a30896f,Active,2024-08-06T01:49:02.505898
59935406e3b471b3,Active,2024-12-11T06:29:33.704976
502016de4200768c,Active,2024-07-28T01:15:05.265582
52e553a6885245da,Active,2025-03-16T05:51:40.761345
c7008d189b04d747,Active,2025-01-18T23:39:50.797763
3ea20f0d4bbd224e,Active,2024-05-12T19:27:43.496340
c6b57379276dc6a3,Active,2024-12-06T03:22:31.369385
ea1fce39db48f273,Active,2025-04-04T09:50:51.832008
38f961bd76d757ff,Suspended,2024-06-18T06:09:55.460231
fc4a9bf45ab8d0ef,Active,2024-05-31T21:57:06.419652
5750479335d0c322,Suspended,2025-04-13T12:34:07.567356
7e21ff85719a8fae,Active,2025-03-16T19:06:05.566824
75d527d2cd74b8c0,Active,2025-01-02T14:24:27.557748
83a7f28caab7c0fb,Suspended,2025-03-30T01:02:27.701100
3e4fd0fc6f57cfce,Active,2025-01-12T16:07:57.523824
78ad4ea4c5efe968,Active,2025-02-12T21:51:24.047438
f14ce076c430dd6c,Active,2024-12-09T10:31:18.765842
eb330638bde572b2,Active,2025-02-17T08:24:49.906591
7a7dad6762bf3ef4,Active,2024-07-06T10:58:32.563491
ce699efd5fbcd963,Active,2025-01-03T02:16:15.894225
8ce39bdb8433dbc4,Active,2024-11-04T03:34:49.345489
9cf9453271cf2d6d,Active,2024-06-29T19:25:43.418531
9680d581196b669b,Active,2024-11-26T08:10:19.691806
c4b958834668f1c0,Active,2024-09-12T22:05:09.001114
036aa44603aeea99,Active,2024-07-27T01:54:50.375956
f7c3c4dace962c49,Active,2024-07-11T19:39:54.824690
ffec70d606544e81,Active,2024-06-27T03:11:39.681632
48a747a9b9aa286a,Active,2024-06-02T03:22:35.470194
16eab8beee1227ab,Active,2025-03-15T06:41:45.839000
1f7e38e9d7651dba,Active,2024-06-30T14:38:57.188287
391532334eb4198c,Active,2024-08-26T18:08:03.769909
4ccdffbeae3d0719,Active,2025-04-22T16:40:16.022229
92d7dde8c5f108bc,Active,2025-04-07T03:58:51.147007
f7a6fff669333645,Active,2024-06-06T16:20:26.127258
3800f85a42d69db3,Active,2024-06-11T11:23:35.284431
e2ba29a005437434,Active,2024-10-31T20:42:49.277788
715cbbfe61e79f75,Active,2024-07-14T01:05:01.878830
354d630baeb024bf,Active,2024-06-06T16:41:40.408080
ed12816521a2b37b,Active,2025-04-02T23:00:35.554716
a857f6f4180f42ff,Active,2024-11-23T07:51:07.746712
fab84c975f593849,Active,2025-02-07T22:51:58.713268
e7f5026ad37b67bd,Active,2025-02-10T03:48:30.573244
dc29dd11cab81b19,Active,2024-09-12T15:49:45.751407
595665d2d66990a0,Active,2025-03-23T15:40:09.271474
5afc1af83feaa732,Active,2025-02-09T21:49:47.362900
dc84c4dedb78ec8a,Active,2024-06-10T17:02:10.559864
3739b9099721a468,Active,2024-05-08T19:56:39.617393
7a1c7957e45ca2ad,Active,2025-04-06T17:12:01.650774
194e4110cf9ac93b,Active,2024-08-05T20:41:32.697340
4bc43785b7f01e57,Active,2024-07-05T20:51:17.020705
82486b36604ee721,Active,2024-07-02T01:53:56.100987
38416700bb2fafe1,Active,2024-09-18T17:10:51.954133
b78ec19783bad26b,Active,2024-05-14T08:22:19.556063
335944cb7ef2baee,Active,2024-11-19T08:11:31.535646
aeeabfcf5d2ca0cf,Active,2024-11-13T14:57:56.529540
b6649ac12a1cee03,Active,2024-12-20T13:27:12.888190
63af5bd9bf61967f,Active,2025-03-29T11:19:40.746454
40797821ad083d06,Active,2024-06-02T18:41:12.886905
373474f6b6fd6f4b,Active,2024-05-01T17:49:29.178668
1e44ad9f3c3306c3,Suspended,2025-01-14T16:59:10.522176
bc37c4a9e20144bd,Active,2025-02-23T08:52:06.011681
6a1c6fa46672b25e,Active,2024-06-30T18:23:49.304277
28f8b1a887238b31,Active,2024-11-20T11:27:57.964616
b93748d14618e922,Active,2024-12-08T05:20:51.268069
1c17fab98c98fac5,Active,2024-07-21T06:37:33.643342
db248df2452167a2,Active,2025-03-01T11:56:59.346193
e08f0923fedb32a8,Active,2024-05-04T02:22:02.476449
01fdc47fdde946e9,Active,2024-12-27T10:57:49.654852
15cf783996b4e9ec,Active,2025-01-14T19:18:34.002418
dbccdeccba50b97d,Active,2024-11-26T19:11:16.175349
11d07ee975755619,Active,2024-12-18T10:56:39.694600
2b56541384cdcc2d,Active,2024-12-08T06:36:26.452446
63f646cab2038e40,Active,2024-10-04T03:28:27.595859
a40906432d63f456,Active,2024-05-27T17:55:00.874342
81d1fdd71076705e,Active,2025-01-12T08:49:25.775935
2d5d5107c942efab,Active,2024-12-03T14:58:21.046346
195b332c7bfc8581,Active,2024-09-29T00:53:51.236377
4e5f973c189802b5,Active,2025-04-14T21:27:43.167170
cdb71f3399b9062e,Active,2024-07-30T12:44:49.750634
e84eebe1c7669283,Active,2024-12-11T16:25:53.890754
70d6dfef55bcfa18,Active,2024-08-23T04:08:54.936350
532de1acacc89016,Active,2025-03-03T15:20:40.497041
e66f100e78c275be,Active,2024-07-22T09:36:35.179433
ab985990465d9846,Active,2025-03-28T21:43:04.902477
8b5bd27d337bf9f0,Active,2025-01-12T07:22:24.645211
b32dcbaf564a8524,Active,2025-01-31T19:09:15.446651
9ce4d00a189a001d,Active,2024-09-24T21:22:06.727981
08b0015228919f20,Active,2024-11-25T15:56:08.341354
2c40f18efb1f9d0f,Active,2024-05-28T04:57:30.591260
632b71c6a015f44e,Active,2025-03-10T23:59:04.543269
70d719ce0df8f40d,Active,2025-01-09T19:14:09.830503
ba1a8cb348abddda,Active,2025-03-22T13:31:00.269377
aada3eb9a21ac07c,Active,2024-12-27T15:59:13.023391
a1dc23b05ea3cb65,Active,2024-09-23T12:48:05.145163
82112ab77f3a3922,Active,2024-10-25T13:22:52.396172
f579174a350e5917,Active,2024-05-23T14:53:31.946167
d6bb881d6c20fc31,Active,2024-06-12T04:05:04.384669
2e2c2a398ab2553a,Active,2025-04-25T14:42:44.919776
d74adf3c2b52d00e,Active,2024-05-17T15:32:24.952730
acc209c7d6877427,Active,2025-01-03T17:44:00.482128
8bc5f8404104eea1,Active,2025-01-12T08:41:57.174441
6740056230befc9d,Active,2025-03-27T05:56:06.034297
bbe06c9560a0965a,Active,2025-01-15T04:36:36.176924
5350a8b581ec9a83,Active,2024-11-10T20:28:39.623162
1acc236eb39a15a2,Active,2025-01-29T04:34:06.314034
56ad7f591c2fcabc,Active,2025-04-21T07:49:26.335059
48ffa46582f7ef87,Active,2025-04-21T13:23:31.477743
01844fa7a7463a82,Active,2024-08-21T14:41:59.778588
6b0886bdc7e61cb5,Active,2024-08-01T10:03:59.205351
f1abe78f4f4298db,Active,2024-12-13T19:41:12.318793
785ce29466ec2340,Active,2024-10-24T15:20:38.154455
230ff94fd6e9555d,Active,2024-11-05T09:29:27.275817
a10eb09c5141e886,Active,2024-04-29T07:52:56.742357
7793f5f5e959b3c7,Active,2024-12-29T07:49:56.141514
e741c233eb67c0cb,Active,2024-10-15T00:29:03.087827
4478e12bb4a966ab,Active,2025-03-25T17:19:10.169615
3db6b4d1ee50600f,Active,2024-06-09T02:30:28.160702
005f8c86381b00e5,Active,2024-06-22T01:26:01.582985
c0f3ece86d725b1a,Active,2024-05-16T13:47:40.389630
39bc410c59c67182,Active,2025-03-13T23:10:39.358069
d685796a727e4e45,Active,2025-04-18T09:39:42.110325
9dfbde5d3450b120,Active,2024-06-29T06:47:20.587376
6c6e87e0765ee520,Active,2025-02-15T02:39:17.187454
19f7ea8065a5e404,Active,2025-04-19T12:22:19.696740
46a57a618875697d,Active,2024-06-05T12:33:10.424796
c5eb531a98e862a3,Active,2025-04-16T17:14:04.341636
0813d36be66b3bcc,Active,2025-04-22T15:21:12.188390
06ebd8b1ee491191,Active,2024-08-17T20:50:58.882497
fb85f0ca56bf6a8d,Active,2024-10-25T16:18:17.912049
23d8e9d74a523ef3,Active,2024-10-03T08:24:36.624349
b3ba5100717a7516,Active,2025-01-25T10:57:44.505483
1c3bcd90d9336a97,Active,2024-08-14T22:16:28.678529
b4893c58df4e0f29,Active,2024-11-02T17:27:33.326935
5e0fad90fac3918f,Active,2025-04-23T23:15:29.181844
b26e0149ef5a76cf,Active,2024-10-27T14:59:15.293482
d89ca2c09e943fe1,Active,2024-05-07T22:50:10.421409
4f7b72f85e3eed5c,Active,2024-06-21T08:32:27.922094
5bc34a0c2efc3133,Closed,2024-09-06T21:10:51.791935
4387bada1318037a,Active,2025-01-22T12:49:39.800286
e4f762b4e9f20c57,Active,2025-04-17T20:07:46.555998
2d46cac2ab181acb,Active,2024-10-29T20:01:53.059291
69553e2843bd83d9,Active,2025-03-31T15:00:25.564931
aed9ee4513e40d4c,Active,2025-03-04T15:15:16.932795
71c8d4316ae364f9,Active,2024-06-28T03:40:19.912078
c7c7137a6fd9cca8,Active,2024-08-14T04:48:13.463571
2dd50beb531cf0c4,Active,2025-02-24T20:13:27.490335
ebe7ffc1d7ef82f0,Active,2025-03-02T21:43:14.591115
039be914de9baa42,Active,2025-01-27T05:55:14.697386
a0365cc5b7623978,Active,2024-10-13T17:57:45.132009
cca2b532211b3b23,Active,2025-01-02T12:06:50.618159
c38ee77327622faf,Active,2025-01-25T14:59:40.330742
59ef6b034fc1eead,Active,2024-07-09T23:29:07.817823
b3e9804cbe050ac1,Active,2024-09-01T02:04:33.609701
33af8502a0cd56ca,Active,2024-12-27T05:36:44.715537
1c342c616a08d78d,Active,2025-03-17T22:52:53.967879
3845423cebd041e1,Active,2025-03-20T07:10:06.295269
e12cc30a8e7fedb1,Active,2025-01-17T00:10:32.632936
42f29f3f396fa559,Active,2024-09-23T01:42:34.431364
12a2b4c46a62a0d4,Active,2025-04-10T14:32:49.029342
c459c9146adc616a,Active,2024-11-12T19:55:35.532881
2b25d0d2a4c80a31,Active,2025-01-30T20:33:09.921037
54f8e04675a57e7f,Active,2024-08-05T22:00:37.992721
08f04fecbd0a54c9,Active,2025-04-13T16:41:17.069632
e6b3176a48b687b8,Active,2024-10-10T01:26:52.968598
c6dfc5b6cab22725,Active,2024-10-20T16:16:57.496074
97ca2a4a2c996f5b,Active,2025-04-05T08:15:37.065308
f1305471956f1f1b,Active,2025-01-29T06:46:09.925507
9925b4d0e5102a45,Active,2024-10-24T03:24:52.641235
4ce42c880dd69dbf,Active,2024-05-04T04:02:43.159778
eb9fe02f0790693a,Active,2025-04-02T08:16:17.937259
e83d36d65c03965c,Active,2024-06-08T01:49:18.269711
f0e51dd5053b6cb9,Active,2024-05-28T06:46:41.091292
de70b5fc32c60b77,Active,2025-03-03T08:02:00.615022
b812dbf779b0c35b,Active,2024-07-02T02:25:51.877953
3099fee23a83d3ae,Active,2024-09-15T14:30:05.375633
dc2070e82f549987,Active,2024-11-18T13:57:49.245366
c4a886b893a66610,Closed,2024-08-02T22:00:55.143473
67ee29cbe8e051c3,Active,2024-08-04T18:56:11.113482
31908fab6688181c,Active,2024-11-13T12:04:05.907188
7d35b26f28d58b07,Active,2024-10-21T10:32:13.181424
6b6ee0373eaf8334,Active,2024-08-21T05:01:49.634876
346871bb765084d6,Active,2024-09-30T23:27:55.011554
88d24fbe797778a8,Active,2024-10-25T09:43:46.903128
1dc62f939d63bb55,Active,2024-12-23T08:25:00.291149
457a90a47a48baa5,Active,2024-08-17T21:00:08.139921
b2f6dd51f6cc3b43,Active,2025-04-12T23:25:27.646379
98bb97972acbfe0d,Active,2025-01-13T14:52:10.012415
32bfb0a75cf3e0bf,Closed,2024-05-22T18:22:49.203680
d43ed095386b9845,Active,2024-07-17T02:55:28.153242
a978a1dff39dacb0,Active,2024-08-07T06:33:02.205392
521d601cfaba1527,Closed,2024-06-20T09:04:25.049535
8f08f18e92af3683,Active,2024-11-20T18:09:38.099100
a08a2b3c00a3a279,Active,2025-04-02T21:27:57.886484
2071584981c4614b,Active,2024-09-22T12:10:54.379956
3d9a7284485b10dd,Active,2024-07-23T23:54:27.881162
c4be1e1995816243,Active,2025-01-04T15:02:48.163798
c81a52f1cceecfe0,Active,2024-07-29T04:43:18.957451
2d237028d040841c,Active,2024-12-26T22:24:00.514309
6a2eec43d0cf5aa1,Active,2024-10-15T06:46:04.080945
c193e8f88e2240f5,Active,2024-06-02T05:22:49.714509
ca8a871e9d72d98f,Active,2025-01-27T05:17:37.288925
004b055564ad01b8,Active,2024-07-08T09:10:13.029379
262a49cc75e048b8,Active,2024-09-25T05:17:20.114887
118e3917edd215e1,Active,2025-01-29T03:33:16.743371
87c7dc8742546159,Active,2025-04-08T06:29:43.765987
2459bc75c7cc6c9a,Active,2024-10-29T15:17:34.205464
d2e5e2320f4fc4d3,Active,2025-02-10T16:29:16.564998
9dc002dc92c7e897,Active,2024-08-19T16:56:53.662655
144d74cd3c638cf3,Active,2024-06-19T23:20:09.119336
e2844431a7c676e4,Active,2024-06-02T09:49:41.426180
af91df8de71efdc8,Suspended,2025-04-19T02:54:33.507729
d934c07dc8f9f7e7,Active,2025-02-24T09:42:49.783140
e0e8fd29199c4b5a,Active,2024-12-13T23:02:28.876831
b4d838d3ffa51bdb,Active,2025-03-20T11:58:54.593040
2c43876fd94a70ba,Active,2024-09-25T18:25:06.746103
1cfcc8892234697b,Active,2025-03-13T13:03:36.666984
9cd37894747257cc,Active,2024-10-06T00:13:28.273482
9340033d2961be36,Suspended,2025-03-24T20:17:05.519644
2852643c44e6c8e6,Active,2024-05-05T19:07:21.298762
56a8c98e112a8a67,Active,2024-05-05T05:01:58.124224
38a95a1683219197,Active,2024-05-08T15:55:12.570146
0c21e5edc80d552c,Active,2025-04-19T18:04:28.086412
f0331035d7a0f14b,Active,2025-02-06T08:32:54.189312
00ff14c9b3ce3469,Active,2025-01-14T13:12:48.773726
6a43e557541477f1,Active,2024-09-03T23:54:01.557526
863ecb87aacc149d,Active,2024-05-21T05:52:35.354647
4af24e7f65c55e4f,Active,2024-07-23T01:30:37.423035
f38119c8b6f85773,Active,2025-03-03T08:47:13.109731
b0edcbe5c0be550b,Active,2024-06-24T10:57:21.685877
0ec7b9b979aa9961,Active,2024-10-04T14:49:00.022433
62e381880939f4d4,Active,2024-11-27T12:53:29.109074
d8c5cb2e58b8f761,Active,2024-04-30T10:39:08.581359
b9864509c822085d,Active,2024-11-12T01:56:05.588449
0989ee4bcd5bfa7d,Active,2025-03-31T10:07:45.822671
0b236812a02d2c16,Active,2025-03-03T20:02:58.158046
aeb55c6c039396d1,Active,2024-09-27T08:55:39.110324
e7800a777f1b70cc,Active,2024-06-28T19:11:44.927491
3f26b7043ce48de8,Active,2025-04-10T18:02:23.831306
fbb53d3047f80c5b,Active,2024-11-14T01:46:17.745373
8f5f84fa87e66e37,Active,2024-06-21T21:01:02.482268
0d771d327f9c1dba,Active,2024-11-26T09:21:08.639389
fd31a91cf154c3f0,Active,2025-03-26T00:59:29.777451
bee12f660d2e259c,Active,2024-11-02T23:02:47.477348
c29683ef80beda6e,Active,2024-12-02T09:25:04.829241
dff0317fd6a23cb8,Active,2024-05-26T07:12:11.977804
9febffff059507ca,Active,2024-05-14T02:46:43.177120
77b7138e6e4e3e09,Active,2024-12-13T13:09:34.298283
0e0b03e15320aea0,Active,2024-05-20T19:19:33.474736
8901215ef80fc45e,Active,2024-10-09T06:05:40.827355
4d4ba941033f5ac2,Active,2025-02-24T15:48:59.444427
ef2c4ef92f60a192,Active,2025-02-18T03:37:01.865951
37edb4f00af64e87,Active,2024-11-04T12:44:18.409808
6123a8b1169c05d3,Active,2024-10-21T20:22:13.463088
36fc6ccf29791844,Active,2024-09-18T16:40:08.227495
55b35a2a17202d53,Active,2025-01-29T20:01:06.081575
88ff42a55d96d9e7,Active,2024-09-19T10:22:54.899157
64c63291bd6bea83,Active,2024-05-11T04:07:55.363073
3e005426468931e2,Active,2025-02-16T12:32:13.730603
4085a647e1fbc4fa,Active,2024-10-09T13:39:15.055300
a8403c751be469c3,Active,2024-07-09T03:40:39.553024
84c38eb13af9a3c7,Active,2025-01-22T09:15:13.467761
a6694e3a1534dfcf,Active,2025-01-05T11:17:42.199837
50040500a13de6eb,Active,2024-06-21T06:49:27.085713
d95abb2bd58ae9c7,Active,2024-06-06T23:34:28.081873
19df85d9a0eb3974,Active,2024-07-09T20:12:45.729665
5766fe0ef21edcb2,Active,2025-04-07T14:10:05.182592
8a1761384ed9e2d6,Active,2024-08-25T16:19:03.609013
198f7a7860f0792b,Active,2024-11-10T13:35:10.692152
9ef18ae661cd6751,Active,2024-09-04T05:53:13.402454
34b2ca29588dc890,Active,2024-11-28T08:04:52.431731
8503efd6e7c38e52,Active,2025-02-07T14:14:53.138660
d44a1d5e29ec373a,Active,2024-06-24T04:57:08.671164
a726f4d383ef3438,Active,2024-12-03T12:57:15.517153
3cff50e7c313dc6f,Active,2025-03-29T16:18:29.846309
b6353bc1555f852c,Active,2024-08-06T03:41:04.465703
b583026ea6b6e688,Active,2025-04-18T07:29:23.671123
3821643cea7691a9,Active,2024-10-01T08:09:39.745952
078ee0bdcf12072f,Active,2025-03-11T09:34:18.656299
6b6a0b316f747cc9,Active,2024-05-26T21:36:28.438218
ed43df0ff2aa0e77,Active,2024-09-16T20:36:34.900135
70627e79c355a072,Active,2024-08-08T06:26:33.030014
41a041c0546a2ff0,Active,2024-12-25T17:45:57.006079
3f103e5162d03bc2,Active,2024-07-09T19:52:04.698606
3884ded7722240fb,Active,2025-01-15T20:17:18.399900
cb88a9fd2640dab2,Active,2024-07-01T01:31:10.527674
6540f69551fca05e,Active,2024-08-06T09:55:54.110333
41b17f3d6ed37ef6,Active,2025-02-21T06:49:19.323859
51965eaad001c609,Active,2024-10-06T19:48:06.477545
2428314b442f8838,Active,2024-06-07T05:48:17.176071
6ecc634365fa49de,Active,2024-06-23T15:20:18.690279
7990980d5e0a97c7,Active,2025-02-02T10:54:34.178546
e1b8cdc799a0c81f,Active,2024-08-31T11:16:59.973008
bff583d2adb6116b,Active,2025-03-11T14:43:29.626940
89e44ad1ec3d65e9,Active,2024-07-06T03:48:05.552656
dd07cd2bdfd84273,Suspended,2024-05-29T00:03:39.373513
941f577eed33cd38,Active,2025-01-31T10:15:37.066237
14105c3128ea6fd2,Active,2025-04-12T10:36:49.181817
1663f857906145c2,Active,2024-09-23T02:17:26.956690
780ee1d6082feaba,Active,2025-03-04T11:48:19.213882
883df14201977e2e,Active,2024-07-08T02:19:24.894681
cf06b30e431b420a,Active,2024-12-05T23:23:35.908984
cf83f86685af8fdb,Active,2024-12-06T12:40:48.336131
ed79ff737947cbc7,Active,2025-03-04T19:59:49.406316
87e0c1c17d81c568,Active,2024-09-19T20:11:38.083153
900883a15cf463b2,Active,2025-01-27T13:59:59.837579
d9adf782b9baac18,Active,2024-05-20T20:08:52.091950
4daa92d2534048fd,Active,2025-01-12T12:57:13.461463
721e44feaccf77eb,Active,2024-11-02T21:02:48.180470
286a0edf332fbe56,Active,2024-04-29T17:47:20.871785
ed5d5da608008dbd,Active,2024-09-05T14:51:40.704458
c3e1931cb44a8ee9,Active,2024-06-09T20:29:57.128569
c922c5a56bf27a50,Active,2024-05-09T19:41:46.927983
051375097b27aae9,Suspended,2024-11-07T17:03:17.227177
4f34b8cd99e844b3,Active,2024-04-29T14:48:58.493004
d5812f230cfab138,Active,2024-09-10T20:00:57.408684
1d7e00e17adddbaf,Active,2024-05-24T16:02:45.319540
dc61c2acee029ab6,Active,2024-06-23T19:57:53.501939
9e5e574dd4e0f46f,Active,2024-09-07T08:22:30.351817
1d95f349d32128f9,Active,2025-02-28T00:38:41.322222
193c1773b927a9e4,Active,2024-12-16T16:13:58.515766
fe108cb7cb122c0c,Active,2024-09-28T12:31:52.605508
d2d6077993e6d040,Active,2024-07-12T06:32:25.181271
b0ccb5c2229dccf0,Active,2024-10-26T22:11:04.775625
01c18c3055d7b49a,Active,2024-06-28T19:53:12.358639
c00dc19bb05f9814,Active,2024-09-27T09:06:06.413881
61a5c92614d0ac29,Active,2024-11-06T03:08:03.623913
4cecd49009f4b8cc,Active,2025-03-13T17:38:02.945816
76b7455c48e99305,Active,2025-04-17T20:27:21.749428
e0e0723eda32b3a0,Active,2024-12-03T19:19:46.029216
91cbd3786dd332ae,Active,2024-10-01T12:42:13.419544
dfbb868064edbae3,Active,2025-02-22T20:07:49.407851
dc5e06b3e96d3aca,Active,2024-05-02T14:14:15.676214
991a31815396af45,Active,2024-12-30T22:07:05.852003
7e9dc993e7932cf5,Active,2025-04-12T00:21:17.509605
dba269588b97bf12,Active,2024-05-15T17:44:47.721048
814047fe2e6c0069,Active,2025-01-01T14:18:02.329606
1a7cb71af78c2d2c,Active,2025-04-07T16:12:21.409061
ccbd2fb90d260af5,Active,2024-11-10T17:51:27.403785
469121d1175460b9,Active,2024-11-23T12:02:02.947697
fd422961e46d83e1,Active,2024-09-09T06:50:19.177758
c13a951f1ce59f32,Active,2025-01-30T01:51:05.547310
1ecf673fc1321219,Active,2024-10-27T13:26:38.764079
7d6dc7ef7fa38b4d,Active,2024-08-11T10:10:04.705971
a1f49040c5b0f7e9,Active,2024-08-02T09:45:28.136666
5f9b1b158de91742,Active,2025-03-08T11:05:54.443476
28bd1ec368edc2e1,Active,2024-05-04T08:10:53.821404
f60f0446880bdb93,Active,2025-03-19T18:17:28.428097
bb42d55c7bf79255,Active,2024-10-20T15:23:35.519455
a748ab55f48f2a84,Active,2024-10-09T00:49:54.389335
bcf79f33eac34d5d,Active,2024-09-21T15:09:36.587177
99a465a8404ae235,Active,2024-11-22T00:46:05.553178
7bd67331e359a55a,Active,2025-04-14T23:17:28.228215
51233ec912743224,Active,2024-05-11T19:14:43.905651
3e7b11b462ad1474,Active,2025-03-07T22:15:18.523283
2be73597969dae43,Active,2025-03-26T04:44:27.012197
fe7650126e7c1698,Active,2025-01-15T10:13:47.034288
d260869f44b4b0c1,Active,2024-12-07T05:26:40.625334
165759f5acaff07f,Active,2025-02-21T06:26:43.549290
8d2c14f9d52d31ef,Active,2025-01-13T17:35:50.406085
189a68ad0ae95152,Active,2024-12-17T05:14:31.516241
1b01c8cc3805c1d5,Active,2024-11-14T02:24:44.273499
c69e4e80cb483237,Active,2024-08-24T17:35:22.196002
82d4a1dd1076504d,Active,2025-03-03T08:16:00.784730
3516303c8ac2eedd,Active,2024-12-02T06:28:56.081221
f927d6c04e6d5192,Active,2024-06-02T02:04:13.556600
1a8b3c206194366b,Active,2024-07-22T05:37:47.897209
cdc8915c126d13e5,Active,2024-10-29T22:40:03.935209
61829aeb3faf0191,Active,2024-06-21T14:54:37.501478
03e11f5dd0abe8fd,Active,2024-09-17T01:15:00.169163
bc67b2ae2f816afd,Active,2024-11-10T09:08:43.355154
d5a57703908e9788,Active,2025-01-27T08:51:20.246518
318c520b8cb24b24,Active,2025-02-23T06:50:34.863485
55c7693c4eb01601,Active,2024-06-25T08:23:54.885584
32e8464abeab5ce6,Active,2024-08-20T19:19:34.298099
c0a09f8cf7f2f7c1,Active,2025-03-21T13:06:59.050255
7b00ed1af43d61ab,Active,2024-07-18T22:33:09.286774
5f432a73f35f1c5a,Active,2025-03-06T21:36:44.313313
bf51161bca18853d,Active,2024-10-30T16:02:13.980069
5b7dbb49ec5890bc,Active,2024-08-24T00:22:43.474017
a7c130be3d42de62,Active,2024-10-17T23:42:15.934336
4a7aa0a14c3f6433,Active,2025-02-13T23:38:48.915718
ed1c2554e3fe3ebc,Active,2025-02-03T21:19:37.876967
d616fe22e198fd55,Active,2024-07-07T12:47:59.506218
eb7e3653f72117f3,Active,2024-06-05T12:16:48.727051
61eb1457681dcf4c,Active,2025-01-02T17:36:30.721661
5716736631e08b0c,Active,2024-09-23T10:47:04.750714
5720675420f557e9,Active,2025-01-31T11:41:42.577145
71183ec358cc8ea4,Active,2024-11-13T08:51:21.577485
ac04efd88f5943fc,Active,2025-03-13T12:00:21.046077
d077f7c3254bb6dc,Active,2024-07-12T04:12:38.378824
1527cfb4aa2aa683,Active,2024-09-23T07:46:59.708532
3eacf062316b6ad0,Active,2024-05-27T23:27:18.250917
76b1a00d5e03e188,Active,2024-06-23T19:11:34.359351
92999a491294e402,Active,2024-10-01T19:13:38.752057
8c8436b31e266a20,Active,2025-01-03T18:36:56.731515
1b6e31c4e7fe3e23,Active,2025-01-16T13:22:55.880407
be2bb885f256a30b,Active,2024-07-18T19:38:21.514369
2fcb4ed3c1fa76cd,Active,2024-11-16T12:39:14.603222
fd8a09da8062970d,Active,2025-04-09T21:34:48.970390
e3fe3ba1bb524076,Active,2024-11-26T11:28:02.409725
323d50653e7ea5af,Active,2024-12-26T04:43:30.379197
2f191b92bbd4f9d1,Active,2024-09-05T01:44:25.415767
a6bec8db6c986fd6,Active,2024-08-26T02:07:14.004968
d982ff215d0687f3,Active,2025-03-05T21:35:32.637253
29ab82e8db7ed187,Active,2024-12-29T05:55:59.465848
b5e92f1966869d86,Suspended,2024-07-17T17:42:39.614000
ce27248c80a9153b,Active,2024-04-29T05:54:05.519789
6ef443c68c31a49b,Active,2025-01-09T01:28:42.923599
5a9e3c2f361fa4c8,Active,2024-05-14T00:16:19.464431
805a228405c25b8b,Active,2025-03-12T07:44:48.348055
8733af0b59dc2def,Active,2024-07-08T16:00:24.525743
162dd9aa6690c3e6,Active,2024-06-25T11:31:25.678483
0c829483e563b544,Active,2024-05-11T15:44:45.070218
96dd172064d4e2f4,Active,2024-05-24T12:19:33.850134
5bbec8b14286f7de,Active,2024-05-24T16:08:36.201722
83446360db718469,Active,2024-08-04T09:45:21.143572
57505ca09003de3a,Active,2024-10-26T16:15:36.415344
1e1a81cbceb0ed22,Active,2025-02-16T16:17:58.803855
287ac43dca0dd2e6,Active,2024-07-21T23:59:18.750010
0241e6f850245137,Active,2024-12-25T09:25:16.117392
3141cc4081ec337d,Active,2024-11-16T16:46:41.150452
a87826e5ff9ad54f,Active,2024-06-24T17:42:00.320648
84ba8565cd2c1594,Active,2024-09-12T05:16:47.339141
9b43be768bda1fad,Active,2024-11-21T10:57:48.002753
e88aed77a34e7120,Active,2024-06-04T21:17:35.282546
44fc357465c45d9c,Active,2024-06-17T04:29:46.971044
6048e9a6d709b41a,Active,2025-02-08T09:49:50.081323
678e22047a83dee9,Active,2024-10-23T02:01:25.525035
282e21de9c91de27,Suspended,2024-05-23T03:00:29.410660
509a55977f6fd83e,Active,2024-09-03T05:04:10.805159
d333c47d1766b921,Active,2024-12-20T19:22:52.240905
119ea851b8b5bda9,Active,2024-06-17T02:37:07.032261
0ddf27e38c2dad1e,Active,2024-10-28T15:23:10.844443
a5251d360ed13d63,Active,2025-03-02T08:39:10.272703
cee3a070d5ae8d13,Active,2025-02-13T08:56:52.289296
1f20f21387a29736,Active,2024-05-11T13:31:30.469289
edf40dfe845510d5,Active,2024-10-30T15:06:54.832507
0671295e15892d02,Active,2025-04-14T11:14:14.210990
2e96e87b1972fa21,Active,2024-06-29T22:37:15.142302
d9a7432c96e84b7b,Active,2024-07-09T20:40:11.029528
f7b8c1adeb30cdc1,Active,2024-06-10T04:56:09.034270
48e9d10dec4aa8ba,Active,2024-09-19T18:00:45.850211
a954c9881cdb2b01,Active,2025-02-05T19:23:20.229525
592298661ad01d8d,Active,2024-11-17T03:30:55.898340
f52ed8021449831d,Active,2024-12-30T01:02:07.141863
93ab7d6f4108ad76,Active,2024-10-16T04:01:51.404683
4d98f49efa875f71,Active,2025-04-12T21:25:21.375734
8566f4f33911a798,Suspended,2024-07-17T14:02:58.336274
1e6bfbb9ec425c9e,Active,2024-04-29T03:30:43.862114
f0307bdb02bc5316,Active,2024-11-25T05:37:27.398215
47dbe99765f51f69,Active,2024-06-15T09:51:00.762853
4d809d78953d6326,Active,2024-06-28T16:12:06.422917
54449254b16a0665,Active,2024-05-18T00:54:35.485779
3008a948a1e44664,Active,2024-05-07T14:10:22.905960
35e0208d0d4ac73e,Active,2024-08-29T07:30:41.803535
d0d5773839433516,Active,2024-05-30T23:44:37.391030
f88f96713294e87b,Active,2024-08-07T15:21:56.995885
f565be616b6e7480,Active,2024-10-20T01:31:26.248276
1d033df99ac3a1fe,Active,2024-10-30T04:59:01.919533
543af2bf7096d0ee,Active,2024-05-18T03:00:35.146214
ae348a219118d420,Active,2024-09-12T19:47:55.563257
6158465cc7e6081e,Active,2025-01-26T02:52:50.812874
4837149e58590aa2,Active,2024-10-14T04:54:15.387403
ab38207914fe778c,Active,2024-07-08T16:45:32.222216
6ce3c36965d9b4ad,Active,2025-03-11T00:36:30.259510
e62d90f7e309ba4b,Active,2024-06-29T14:50:26.394257
f9cca76de5299264,Active,2025-04-08T12:18:11.726714
856b3e77c78b869a,Active,2024-07-06T11:23:10.680245
b0dcc95cb5caaff6,Active,2024-06-16T14:45:53.037752
f0aac90e12e64cc0,Active,2025-03-27T11:09:34.514180
115f3454232e16ab,Active,2025-03-01T01:22:17.607490
4af33de3621c5a13,Active,2024-12-10T01:20:09.212521
b42fc7d4f99cd1ea,Active,2024-07-21T08:47:36.418230
7e743e9e991d335e,Active,2024-08-20T04:55:48.049515
b70546176d35f92c,Active,2025-03-07T10:49:13.967420
6e280ab8d2d6e6ab,Active,2024-07-12T12:48:20.126780
f5173b2444f87b92,Closed,2024-10-21T14:37:21.204126
a5f84393b82073a5,Active,2025-01-13T10:24:45.846811
d3e496e4c09ae795,Active,2024-06-28T09:19:40.696080
7d8107260aef3579,Active,2024-08-10T20:41:50.539603
8b87a02bc62ae32b,Active,2025-01-17T18:49:58.329964
5f6d6a31ee9bdeda,Active,2025-01-25T00:47:11.790779
443bd5a2305d1ba4,Active,2024-09-27T22:21:50.626847
b0f162e740dc875e,Active,2025-04-21T20:42:29.890541
ab9498c5010710bc,Active,2024-12-14T03:27:50.141277
a516bef546876b5a,Active,2024-12-20T12:40:23.771119
71f2c2e7aa638b53,Active,2025-03-15T19:11:26.321920
b261f0b7de34134f,Active,2025-02-15T08:51:44.087630
524f7c661ec5e063,Active,2024-10-17T18:50:30.131983
b081a6f72e8b3034,Active,2024-05-16T09:16:08.796156
d6a810128e077aad,Active,2025-02-15T18:34:27.719805
da130c9111df560f,Active,2024-09-20T19:32:34.936248
69e1a3c5f4a1aff9,Active,2024-07-10T22:00:44.450741
cd6cb9591216ca78,Active,2024-10-01T14:17:07.601915
3fa73014b0ab9036,Active,2025-02-17T19:37:35.336446
105cb4b8626c5455,Active,2024-06-27T23:23:25.957284
dab4cf443c28cdff,Active,2024-06-06T20:19:50.031472
2fd27034a865b415,Active,2024-05-06T04:57:33.802576
b959971b4a14abeb,Active,2025-01-14T13:53:17.432758
dd3b77af4ac1ecbc,Active,2024-07-11T18:05:07.369182
e44ff67aaa066c39,Active,2024-08-12T00:48:36.717943
619313344f2d5ced,Active,2024-09-19T17:22:47.958313
1f5565cc504c7f72,Active,2025-04-23T04:23:54.860355
29fcc447f033d508,Active,2025-02-20T09:00:33.992682
76d12f526cafddc8,Active,2025-03-19T00:44:42.992740
7efed4a5dbf0f7b4,Active,2024-12-22T10:14:42.374152
113b1bd73ad9e9b4,Active,2025-02-19T21:15:59.788063
45bf2e27878bcc6e,Active,2024-10-02T00:09:04.590668
13515879a05b4207,Active,2024-06-08T08:34:21.479998
abf928f2b216da3d,Active,2024-11-21T11:35:40.833673
e2f63208cf80038e,Active,2024-05-05T04:52:28.710286
ffbe1a235477d854,Active,2024-12-22T10:31:43.466300
eccd68ff4deb2d1a,Active,2025-02-06T12:50:19.994704
5758dffab2e946eb,Active,2024-06-17T19:15:51.079171
e40ec72825413d9d,Active,2024-05-18T16:02:18.301615
e335a573cdf1c884,Active,2024-05-15T10:26:35.262407
fff9e2fdf3f5435f,Active,2024-12-08T18:13:35.845690
e351038bd0e058cb,Active,2024-06-23T05:08:57.435435
6235da3470dab579,Active,2024-10-22T10:52:10.551745
3ea0f4624c21f2a4,Active,2025-01-23T23:17:11.900555
298446510d92db74,Active,2024-12-10T05:14:31.541269
d41d51ad276344e9,Active,2024-06-09T20:41:28.847664
e1461b0d91bf5666,Active,2025-02-24T23:50:00.601605
09d2b08713207873,Active,2024-11-05T09:51:41.625938
a40a7624ef24db06,Active,2024-07-05T13:52:15.386148
f0c500ddd1ffc05f,Active,2025-03-17T20:31:33.077131
f4b57b13841f5245,Active,2024-10-13T07:03:00.854420
60481efa8054f05c,Active,2025-03-15T12:03:36.140668
5edc3a5c99cc53e4,Active,2025-03-28T06:24:15.135295
f900ee4a0ae7f68f,Active,2025-03-27T22:04:30.759563
4a3ce13c536923ed,Active,2024-07-04T12:40:47.965378
0efaee25f864aa92,Active,2024-05-08T09:59:52.311891
75682aaf9c951066,Active,2024-05-30T21:56:19.700950
e4a32a7f80533449,Active,2025-01-16T01:58:02.494083
eaddec94b0220460,Active,2025-01-15T20:21:12.264801
8ebff67a26d29ea4,Closed,2025-04-25T07:37:17.526014
c794a3a4f986b605,Active,2025-01-28T08:59:19.402304
0790aee1cc27b25a,Closed,2024-11-16T14:00:41.825816
57f816760e023d87,Active,2024-10-17T18:55:43.861064
e4c7d6001478ca39,Active,2024-12-12T07:52:27.002226
97f9274c1fd83202,Active,2024-10-19T17:09:14.772854
0122ab775af8d41e,Active,2024-09-18T23:37:48.224808
9f42954d3e1a7444,Active,2025-02-06T12:29:59.360969
fbc04b6a33e6b9ee,Active,2025-01-18T22:55:28.173460
f21904797a21d272,Active,2024-07-16T16:42:34.604336
05c3084631fd3cd6,Active,2024-07-25T03:52:46.303261
9a57083a0b4eec29,Active,2024-12-01T06:51:03.308462
a34f53d625b23969,Active,2024-07-24T22:13:51.007724
6f9fd09b110933eb,Active,2024-11-24T01:13:57.543751
6a418c04dbb96270,Active,2024-07-13T21:00:33.909965
85db1311db22d437,Active,2025-01-27T07:59:05.719198
17afca8072ecd46b,Active,2024-10-30T06:28:25.103451
96d101ba7910474b,Active,2024-12-23T03:48:19.441431
195204584342d35d,Active,2024-06-25T22:21:46.391007
ec3b9384d41626bd,Active,2024-09-02T03:25:09.432045
c2b2dc299d5ffb25,Active,2024-11-07T12:37:19.558680
7c245a13866c8edb,Active,2024-12-17T02:21:07.555891
cf23f676efa16271,Active,2025-03-18T20:32:02.054889
12e2dc4ba730a81f,Active,2024-09-13T04:08:14.947405
6653cda6988019f6,Active,2024-07-05T16:10:05.685935
5ae4c98c44e48fc2,Active,2024-08-24T13:20:38.045274
5f167c47748f9084,Active,2024-08-14T20:20:46.637131
8afc80a9059ce978,Active,2025-03-21T03:21:58.722317
db08313f569708ef,Active,2025-04-15T19:22:41.646073
7c58a28d37aca304,Active,2024-10-23T00:23:25.408557
a04494cb10c8956a,Active,2024-10-26T13:42:03.186020
13031558b390dcc1,Active,2024-11-04T22:45:30.183047
63565632ce4c7c1c,Active,2025-03-03T00:58:39.422298
17f95ed2b4d98870,Active,2024-05-24T15:11:09.982364
b5ba87cae4ba4e0d,Active,2024-06-06T09:13:34.963758
12286f6351092e25,Active,2025-01-29T12:46:00.980985
e2be60433c1b3f89,Active,2025-02-05T13:01:01.538730
c812ece591031566,Suspended,2024-12-23T09:44:27.648548
1194b7f58af1c576,Active,2024-12-03T20:34:09.112668
afcad5f0125109a4,Active,2024-08-11T00:11:23.000679
7b9c359a653fa397,Active,2024-11-04T14:21:46.282075
84f8ce8352cf3859,Active,2025-01-08T03:18:06.102692
d1e7fdbad052ac96,Active,2024-09-14T11:58:33.030881
08885e767824ec47,Active,2024-07-30T14:34:20.971454
7844c32d70754468,Active,2024-10-30T05:20:43.727557
af62c64d52db20ef,Active,2024-12-12T08:15:55.287444
3f8274274133e81a,Active,2025-03-13T19:11:39.314420
a79dbc0cb9b6640a,Active,2024-07-11T07:45:55.559018
fb85950548b942a9,Active,2024-07-28T17:05:07.711509
b413abb994a02bd2,Active,2024-06-03T20:36:00.450292
1da64e5407c48a11,Active,2025-01-18T13:08:04.932662
ff59573863bfdf77,Active,2024-11-13T15:54:02.657720
92c71f1922b2644a,Active,2024-12-14T07:06:29.673898
7e7a963abcbd3df1,Active,2025-03-07T02:26:41.851944
8b301ef177a09c1c,Active,2025-03-19T10:57:35.702847
2b3f005eb4760e0c,Active,2024-07-07T03:57:20.313145
2e2f94a9ec9fc56c,Active,2024-11-15T18:53:52.828900
e6624649a0ba886b,Suspended,2024-11-08T15:35:04.390260
1993efc5168b88fd,Active,2025-03-30T21:40:35.107561
d93d135ff9dd0629,Active,2024-08-26T18:32:10.371169
bc2e44d39c951cd8,Active,2024-10-14T09:35:49.725950
8278266e6a63b16a,Active,2025-01-26T06:20:52.478292
90117fabb339c994,Active,2025-04-09T06:12:41.377512
e4e580d07747a150,Active,2025-02-07T05:45:19.128930
fd680181d0e26968,Active,2025-03-18T08:38:54.835388
64516049040ea35c,Active,2025-01-31T12:22:17.024422
d3f72d8a45a0b08c,Active,2024-05-16T06:16:54.683596
46db374a0a79f359,Active,2025-04-13T13:35:20.938487
469788d62f1e325d,Suspended,2024-05-08T11:15:37.335681
8bb791327cd09c92,Active,2024-05-18T06:33:33.208730
c49d9ddc9653f188,Active,2024-08-13T14:11:49.969654
08adbeece735bbc9,Active,2025-04-03T00:04:36.860382
570fbebda55a0dd7,Active,2025-02-04T13:04:33.048645
77c2b1852f710955,Active,2024-11-05T17:38:49.492617
9e37b49bed655ba2,Active,2024-09-18T21:11:59.707360
8b1cb59f5b77d07f,Active,2024-05-16T09:31:07.351789
6585f459393f21ee,Suspended,2024-05-23T21:49:09.836331
bb072d96b042050f,Active,2025-04-13T15:47:53.382010
5f5b12ab0f69f281,Active,2024-08-16T10:58:46.974914
7f5fd0cbac8b9fa1,Active,2024-08-09T17:19:47.903968
47a4f46adf58c333,Active,2024-08-18T03:20:07.656500
1b7c07c2014ffc97,Active,2025-01-18T20:19:46.146983
1cff5947b48077a0,Active,2024-05-26T19:31:16.901677
084c390bfc56df5d,Active,2024-04-29T15:36:50.304766
a0c264dd497d3ea4,Active,2024-12-04T08:29:13.417755
743dcade412d209c,Active,2025-02-16T14:23:33.801235
bd39ae784b29725a,Active,2024-05-13T22:13:38.990576
6c65014bcf7ca1c5,Active,2025-03-26T08:11:08.932254
4fad58e653b30fe9,Active,2025-04-02T07:29:13.400615
705896726fa20a68,Active,2024-09-11T22:57:49.930857
5011e394bc086edd,Active,2024-05-04T22:35:36.202370
53493acf7352eeef,Active,2024-06-03T16:04:34.674308
379a8d19905c6e8f,Active,2024-12-06T14:05:33.750661
fff88d126864042d,Active,2024-08-15T21:35:54.064733
cff141e39403bb38,Active,2024-10-14T02:47:56.755778
f1007645840f99ea,Active,2024-08-16T22:33:32.337816
d9cfe9f69d5ba704,Active,2025-03-17T17:26:43.998604
d4838b1bd584712a,Active,2025-02-05T23:30:40.796188
beb2e30d458ab880,Active,2024-06-12T13:40:27.275347
d2d3ee36d362f295,Active,2024-10-12T03:06:22.786822
64686a25bc978c6b,Active,2024-07-05T04:43:32.605346
3f274881e57f29b2,Active,2024-07-29T23:19:27.313643
7a9a44175b1d1e3a,Active,2025-01-17T16:45:31.177010
108361bd1269918d,Active,2025-02-03T19:11:48.389054
042fd8ae7e8184e0,Active,2024-12-16T05:23:32.902546
362944d0c634cfde,Active,2024-05-23T20:17:47.256632
ea4a603b2b9afd92,Active,2024-11-07T04:54:10.848228
57dba2c47a7549aa,Active,2025-02-12T15:19:27.792270
4693d1e1ff557e48,Active,2025-03-31T06:38:45.852174
719d7f7a5bcf0295,Active,2024-10-03T14:22:48.392977
2709a9ee07ba993b,Closed,2024-05-27T17:56:39.893458
4a083778179dd7c8,Active,2025-02-26T14:40:59.550061
82c709db682009dc,Active,2025-03-29T06:43:25.126400
b1dd86f6762be696,Active,2024-12-25T19:46:56.502854
064957570d0b7d65,Active,2025-02-17T13:47:30.643201
4bba134d581d3436,Active,2024-07-22T21:40:09.062478
9a9a17d5643c9c0c,Active,2024-06-08T14:00:22.061846
c0ae3d1b2584f3a7,Active,2024-05-06T06:36:20.011195
4cbaaecab4402b02,Active,2024-12-10T00:34:59.089067
22632453f1c93eb9,Active,2024-05-23T13:34:19.086925
7b835c1699533b1c,Active,2025-01-12T22:37:44.478972
5c425f04911b1fe1,Active,2024-08-19T17:21:02.542085
3a529672abf51174,Active,2024-10-09T23:47:37.698028
0382ea4fa452bcad,Active,2025-03-11T11:02:19.888377
f56ca2bf1270eade,Active,2025-01-24T19:52:42.669015
b0a19e73d3bedd2a,Active,2024-06-01T07:29:40.761797
12e387ee20511b53,Active,2024-12-03T21:52:46.962456
a3259b191b7a26fd,Active,2025-01-01T01:45:04.279590
75356b15bd9de1cd,Active,2024-12-19T02:14:28.361556
0f43db7c5076f004,Active,2024-06-27T04:30:17.286834
083fd28d1f562560,Closed,2025-04-26T15:04:39.572361
5a2f6b4a1d680e18,Active,2024-09-27T14:45:27.946522
b06ec5db83199ede,Active,2024-11-23T19:47:44.775193
9de99a3903d062e5,Active,2024-06-17T00:55:02.337620
1decfd8bbef8955d,Active,2024-11-18T02:30:45.793995
1b6db3fe19547cd7,Active,2024-12-06T23:19:42.783453
3e64b02034dd61a5,Active,2025-03-22T07:50:36.185189
cf91a102080f33dd,Active,2024-11-02T18:31:34.139139
ae0bac6d058306da,Active,2024-05-27T10:54:53.851210
91f64894d9aa0f69,Active,2024-12-01T02:13:40.403669
766ac9b6b8c2346e,Active,2025-04-15T08:08:35.942563
54829ede7ab7adc4,Active,2024-05-03T17:38:18.248785
522d052479261157,Active,2024-05-28T05:26:27.375397
72b5c8b828bc6992,Active,2024-09-29T10:47:14.986280
019ff3b51e1f6c61,Active,2024-08-07T19:37:51.710543
a69124cc3fba8f04,Active,2024-05-03T15:57:57.372218
0e65b500868754db,Active,2024-05-02T21:04:11.885845
f6b4682ea4669f03,Active,2024-12-25T08:57:32.111305
070cc74532ba43d5,Active,2025-04-07T11:30:54.178888
f0fd7a36285ce606,Active,2025-01-02T03:10:44.099041
3c3eb78eeb02c6a3,Active,2025-03-05T16:22:41.655963
356e151e81f235f4,Active,2024-11-16T06:04:18.642600
6d372dba54166a2e,Active,2024-10-07T12:14:36.586107
7b94ef3a5b4d7ea7,Active,2025-03-16T22:45:04.348917
244fe00dc8ca5b13,Active,2024-07-07T15:24:00.744649
2d64f93a6673230f,Active,2025-01-25T10:08:28.828228
51e247eb3480ae55,Active,2024-10-22T08:48:23.388852
17a27b0855958dfc,Active,2024-11-06T00:16:07.322919
1940d20b924e549a,Active,2025-02-03T23:09:25.709723
059f1f077bc4a28e,Active,2025-02-22T09:23:40.861679
8e93dc30976635a3,Active,2024-09-17T21:56:37.830244
2b79ab6ac0136949,Active,2024-09-25T01:24:19.801297
d39eb0e190651f15,Active,2024-05-17T07:32:28.284419
4adb0462948d2283,Active,2024-10-08T02:00:50.510887
5f7fbbfaeba85fcb,Active,2025-04-26T09:43:32.168876
039dc03d7034f253,Active,2024-08-28T01:45:35.095272
b2a74e0156cfce33,Active,2024-06-18T15:48:16.697561
a0b9139ee2fee5c2,Active,2024-12-27T06:01:39.517040
5fd115dfeee1d4d2,Active,2024-09-19T00:05:32.192775
29bf6e653ae20fe7,Active,2024-08-24T02:28:04.887615
ad770adb04daea53,Active,2024-08-04T10:03:53.910011
e7ca062db137c274,Active,2025-04-24T00:56:11.586699
53109c0329a6b269,Active,2024-08-01T16:33:32.581819
ba0c8ec67741ee94,Active,2024-06-20T22:58:52.199480
22941db9a1c51c93,Active,2024-09-09T18:35:39.290870
d606747a04ddb90d,Active,2024-10-15T17:54:13.317930
174124c74c700158,Active,2024-09-14T03:51:09.438950
cf78c3692417c134,Active,2025-02-08T23:49:41.719393
329dea72d75647de,Active,2025-01-08T09:03:31.418212
ab872283afcf1089,Active,2024-06-10T16:31:28.239559
0aa3c5e06532fb92,Active,2025-03-09T08:21:51.282906
f63b4939eafc63bb,Active,2024-10-20T01:46:34.952835
0bfb89ef926092f4,Active,2024-09-01T12:13:00.742460
5d22daaf6cd5a31b,Active,2024-10-09T04:19:54.990875
2d8938d9299eb9c4,Active,2024-10-07T20:12:10.447315
0ce8668974e58b73,Active,2024-09-23T05:12:26.882359
47208b212b21350a,Active,2024-11-18T02:17:50.481030
9da41119161ac996,Active,2025-02-08T15:39:28.842497
93d6e7cad1018d63,Active,2024-11-20T13:58:23.992839
959673d4b15a39dd,Active,2024-10-02T19:10:03.633720
3b148f8269e9670f,Active,2025-03-27T23:46:58.732361
7d24b2cadf73a514,Active,2024-06-21T19:48:40.139222
a671173fef74940b,Active,2025-01-18T08:57:12.118762
04685b7a1e3c9287,Active,2024-08-28T00:38:40.812896
680bd1e92d083382,Active,2024-06-20T23:13:58.696466
01acbffb6e186599,Active,2024-07-14T01:02:33.831696
21e79f8b2a5e417c,Active,2024-07-28T12:24:09.540923
4331d3dd96b02b86,Active,2024-07-06T00:44:36.369993
aedf3d7881dbcec2,Active,2024-12-17T07:44:45.200569
3458969ee2e1749c,Active,2024-12-11T09:02:45.211857
deb5199ddb372e76,Active,2024-12-11T09:50:13.463804
37863034a83020f0,Active,2025-03-12T00:59:11.219499
490d767c75041046,Active,2025-03-31T08:27:13.312517
44e3e6e9116b8f43,Active,2025-04-20T01:29:46.800351
d400af2187afbc1d,Active,2024-05-13T18:54:45.836530
d214d9708f5e7144,Active,2024-06-28T08:24:06.612707
eebf3e6ebc5911a9,Active,2024-12-11T20:15:03.012097
d13d90240cbe365e,Active,2024-10-17T13:32:18.952520
d73d900c64bd5236,Active,2025-03-08T01:50:02.323103
67ee11af62eb098a,Active,2024-07-26T23:40:00.183211
6bce4b1d465ca15f,Active,2025-04-25T15:12:49.757603
b35d95c0d2dc1482,Active,2024-12-03T22:05:39.495738
b1d471ca621cbb51,Active,2024-07-06T05:48:03.012843
bb926359b7ee6a6f,Active,2024-11-15T18:18:31.606696
721fbb2ce5e021cc,Active,2025-01-27T10:42:30.248339
8075e720c484aed6,Active,2025-01-18T01:06:43.235230
07b55d3e8ea9b38c,Active,2024-12-21T03:53:19.474494
73389de41aa2f4fa,Active,2024-12-10T12:41:14.116554
bb9f98b5cca274d2,Active,2024-12-20T20:27:33.182775
cbfb37defcefab80,Active,2024-06-24T02:43:37.720988
ec7598025e52b279,Active,2024-07-06T14:05:33.983449
a7df4bef69313862,Active,2025-01-15T22:52:12.631946
a08a6ce7f140a239,Active,2024-07-02T16:37:58.126518
dae7dd4835c31976,Active,2024-12-06T08:47:59.550467
93c37cdb14f5642f,Active,2025-02-17T09:13:49.854213
36908e9a15f714b8,Active,2024-05-09T04:18:13.629233
9c9c917551bd4a8c,Active,2024-07-26T13:40:25.060599
267980ccc76a89f1,Active,2025-01-20T03:54:20.128740
7f746bf679c4b47b,Active,2024-12-02T06:14:11.430272
ac3cc2a54df1e9b7,Suspended,2024-06-04T04:35:55.202315
ad6aa6e9973be707,Active,2024-08-27T09:03:45.864590
179dadacb2a487ff,Active,2024-08-11T18:49:26.563829
b034ecc7fd3fcaba,Active,2024-10-29T12:50:32.985394
aa5db4afeb3b32d3,Active,2025-04-17T22:12:09.626145
1f31018df22fddc0,Active,2024-09-15T05:44:18.657043
abef1fe040a9097f,Active,2024-10-21T09:37:26.105646
f9d0c384b96e3f87,Active,2024-07-30T11:53:45.967110
13b00f0b551ea29e,Active,2025-01-03T13:05:41.155122
eed7529c59952c85,Active,2025-04-28T03:16:51.517378
44b5feff017c2b9d,Active,2024-09-28T07:17:15.898269
f46c422486b18942,Active,2024-06-24T01:26:44.825441
092d4820da0f4879,Active,2024-07-23T17:08:39.550970
3169c5c1f9d89e33,Active,2024-09-14T12:18:34.265210
291393abeed67a06,Active,2024-08-23T07:02:14.614927
885ef23897c5f0b1,Active,2025-01-19T14:59:31.757133
9ed76f6ac666b99f,Active,2025-04-25T16:39:02.936059
6ce2181a775a58bb,Active,2024-08-10T01:49:37.536897
ab9dbf054be90434,Active,2024-06-17T04:06:35.424860
d5146a6ba25c1bb7,Active,2025-01-19T17:05:41.787435
4cd23dc839814258,Active,2025-03-04T13:58:45.202999
3e8157da097e02de,Active,2025-04-24T08:35:10.545036
d2bcf86f3284d1af,Active,2025-02-24T02:32:39.305015
c33c659c78efe7b7,Active,2025-04-03T18:11:33.517844
4aaee62bd5fa32a7,Active,2024-05-23T08:15:49.248695
bb0c32d02ba42679,Active,2024-07-18T03:01:54.148808
d5816b5bc54b9b98,Active,2024-05-14T15:44:12.516340
20d153b791777a33,Active,2024-10-21T17:08:32.714028
3ea7e964080738bc,Active,2024-08-28T09:06:05.599393
74bb55b7047162b3,Active,2024-11-22T12:38:20.099513
2fbb9bbf36e9265a,Active,2024-06-24T08:03:38.292637
32a395c2ef012e02,Active,2024-07-14T12:00:21.751127
72cc63639412fd9f,Active,2024-10-28T01:35:31.679734
83433fa18139723a,Active,2024-06-30T09:34:22.379564
f8461085a9f0a478,Active,2024-05-31T01:16:27.224593
68f792fb19c57ee5,Active,2024-10-02T06:31:11.163630
0652bc157f14ae93,Active,2025-04-04T00:55:35.310113
8c5fb3530a3c5b38,Active,2025-04-14T15:46:59.462515
cdd0800e8bb794a7,Active,2024-06-04T08:40:48.235695
226060f0e9320c70,Active,2024-05-02T21:37:19.203716
ca45da140046e2d4,Active,2024-11-28T17:51:21.465460
2a4247ba1481e1a0,Active,2024-08-03T22:39:52.730645
aa3ded4dc1a64105,Active,2024-09-28T13:29:30.586233
fad3651f92a66b24,Active,2024-12-12T03:29:12.689997
4e72a3e4a1472396,Active,2024-09-05T20:42:25.261389
2f5be8226abf2d28,Active,2024-08-09T20:08:45.344333
24ba23c94f053792,Active,2024-10-03T06:21:53.409761
ca402821c89076b8,Active,2025-03-24T13:12:18.307129
91634f8d6295e0a8,Active,2025-04-18T20:48:28.699192
151b9fd2fd64ee5b,Active,2024-05-06T15:15:37.119586
3de44e9f0c5d7953,Active,2025-01-17T17:24:13.070691
9d9dca8382f478cd,Active,2024-09-30T02:01:37.530478
fe670f1b25bb12fc,Active,2024-07-15T09:41:08.412667
bd2982444523fa2b,Active,2024-06-05T05:51:42.325897
4b86c262c32fe44b,Active,2024-10-17T05:13:34.305713
e0bd3ffb26554b5a,Active,2024-09-30T00:58:45.923889
38f09220c1360c81,Active,2025-02-19T09:15:39.416795
93d97a2d9dda7e28,Active,2024-09-22T07:28:53.680141
564c293774e42da0,Active,2025-02-21T18:56:09.088431
a6cd3851024da13d,Active,2024-11-20T17:19:39.197507
b0fc98420f32620e,Active,2025-03-14T17:18:36.801786
585c24c25605e886,Active,2025-01-02T21:37:27.547753
ca445c883e2642cf,Active,2024-08-27T20:56:43.887127
5c5ea8471725f7bb,Active,2025-02-24T14:33:02.491947
ba8dc5ca5e9023df,Active,2025-01-24T17:59:34.529728
64a17c8d35e0adae,Active,2024-05-06T17:42:38.704024
de518b5290e758c0,Active,2024-05-21T02:18:27.669219
c698961ba4b474a9,Active,2025-04-25T00:08:04.049387
aa9e03c3a2f0cb33,Active,2024-07-14T06:41:22.817772
fdadc7caf81195f2,Active,2024-09-04T23:11:09.878126
e3add7f8131986de,Active,2025-03-18T04:10:52.494721
d122826616d13e94,Active,2024-10-05T01:52:55.704954
8da9f8f31166d9f4,Active,2024-05-01T23:02:12.549561
fa77b28614a2eedb,Active,2024-07-16T03:29:54.273363
85d917fd9f5fe036,Active,2024-07-23T02:16:23.366318
0d18ba82c4eed841,Active,2024-08-19T00:14:02.591145
f178a881617f4058,Active,2024-06-28T10:38:15.867549
9d519bb56cc6baa0,Active,2024-05-03T01:22:18.999414
35e578c1d5a680e1,Active,2024-12-27T00:00:00.106004
9db676ea2b898f63,Active,2025-01-19T23:01:27.333283
fd0c2f71982c9b0f,Active,2024-06-08T11:18:05.710951
b4b04509b879b4d6,Active,2025-04-24T10:28:49.878937
f23eab7627b25ee1,Active,2024-05-08T10:58:12.460061
79959711eeec9d10,Active,2024-12-23T09:23:05.221114
a4d6d3fe6a758192,Active,2024-07-11T12:10:44.128088
cc4b8568d46a2caa,Active,2024-10-14T10:20:29.194498
c3f36449c5c75906,Active,2024-06-12T00:20:00.019314
5795ea5e25b2facc,Active,2024-06-06T10:13:41.493904
bc61df9c785f853a,Active,2025-02-10T23:18:31.265388
30732a8ae45856f5,Active,2025-01-15T17:29:11.580642
63502bc8e63129fe,Active,2025-03-29T22:07:19.948768
3668b327f16af1c1,Active,2024-09-26T18:27:10.797175
760e858f3ca32d14,Active,2024-07-25T15:44:12.449301
b1991a082900dd8b,Active,2025-01-10T22:14:14.471488
1cd5d34efda0b376,Active,2025-02-22T01:07:50.651285
bd0768fe11867950,Active,2024-10-24T13:39:00.751223
465b709e0f367603,Active,2024-05-02T23:58:53.282676
1216d92bf82c97b6,Active,2024-11-22T20:11:24.333476
d4e944427e51ed53,Active,2024-08-15T02:56:03.788518
042fa7a88241e357,Active,2024-07-31T10:04:37.594058
c77b719da336ce7b,Active,2025-01-29T12:44:32.632072
69552d0f0b379929,Active,2024-10-09T01:46:14.606625
eaaeee83fd260724,Active,2024-06-30T00:15:14.606913
d9e8f65b78640b04,Active,2025-03-02T23:53:01.863889
1009e4fbe9928580,Active,2024-06-18T00:23:33.572955
4d9fe2a4cff88c01,Active,2024-04-28T17:33:59.908094
b5e7f41038256a19,Active,2024-07-25T10:58:23.181688
21436311b13fa2d7,Active,2025-02-02T23:35:28.134383
96b50316bba65cd7,Active,2025-03-03T08:17:07.435272
1e7138ea30a9978c,Active,2024-06-09T01:49:02.196060
3cd60c8391b90fff,Active,2024-05-21T22:58:49.750833
1a9378d1e1e2456f,Active,2024-09-18T18:38:06.954397
922553d076c82658,Active,2024-10-01T18:04:36.938500
3439dc420e8629df,Closed,2025-01-23T16:54:07.998242
cf3ffbcbab184227,Active,2025-04-13T16:50:01.890439
c426520d8fc47c7e,Active,2025-01-16T11:23:38.211142
1d13d0a9a6a37961,Active,2024-10-16T05:28:41.215819
6d8a2b966004e912,Active,2024-09-08T18:46:55.298484
010292cf23355daa,Active,2024-05-30T03:39:25.525846
9b679c24fb819d59,Active,2024-06-22T16:58:46.279298
b1f4f6812a8effdd,Active,2024-12-04T14:56:25.108316
229a933e04dcf096,Active,2024-12-27T12:29:38.553357
29037df25e6e3e24,Active,2025-02-06T02:39:20.978789
e2573f788ff8f783,Active,2025-03-12T15:46:23.403362
f69a2d4333cd248a,Suspended,2024-12-29T05:22:17.121974
b40d8825a73817b0,Active,2024-06-05T09:56:07.008237
1aa2663e836e7359,Active,2024-08-02T14:13:00.866934
7e6de7fadda710ce,Active,2025-04-14T03:07:49.745464
f4c8e560a5942e24,Active,2025-03-27T17:29:08.702268
1d9184daf78c5c03,Active,2025-04-02T12:07:44.312770
796a942ab627ef0d,Active,2025-02-09T03:57:25.543127
1fe6c321c3acc7b1,Active,2024-07-05T14:34:09.451699
53f786d29dbcc393,Active,2025-04-12T14:20:05.584634
3b25c588b5b33c46,Closed,2024-07-21T06:59:45.621182
779a24d903b45078,Active,2024-09-15T07:41:05.138402
62f2e4e5a3ae5e86,Active,2024-11-10T16:48:18.329787
501489e9023be5a7,Active,2024-05-20T09:02:51.980041
6abb6a31093109cd,Active,2024-07-15T18:56:39.768423
37cb89ddd49f99df,Active,2025-01-30T04:59:06.222203
5fada45cea55d2af,Active,2025-04-19T21:55:20.966801
dd8715151397bd68,Active,2024-09-09T15:42:19.625083
6796fe2ca71ce57e,Active,2024-09-22T23:57:42.678583
acf942d43ca24ff2,Active,2024-09-01T01:17:51.463064
dfbdd3e6398e6ab6,Active,2024-06-22T03:41:24.722897
4330ce4f8e38077d,Active,2024-05-14T20:22:01.476540
c21b7f4434f78a30,Active,2024-08-19T16:58:25.534813
1503e8800419be9c,Active,2024-10-21T17:51:54.146230
b08d9d797619addd,Active,2025-02-04T07:06:38.138000
fb1c06feba2dff59,Active,2024-12-10T05:06:50.469064
643350f1de4bdb1a,Active,2025-04-04T14:00:40.244955
3292ca086a1fb4bc,Active,2024-12-03T08:06:15.519913
5984dab7784e043b,Active,2025-04-04T08:12:31.469672
5a3ceeb275587e30,Active,2024-12-21T18:51:47.942351
b91f87b95ed8a3d2,Active,2024-07-23T06:35:27.590147
d97df228f93f6302,Active,2024-05-08T19:23:41.033820
63041d10f1e5e5c0,Active,2024-09-11T05:48:10.747655
3565b01b44a303fc,Active,2024-10-19T03:08:42.323096
7c510a2dac84e470,Active,2024-10-27T22:13:50.434322
2d5f6f0757882bde,Active,2024-10-18T14:28:47.188367
718ba9cf22efa6b6,Active,2024-06-07T19:22:15.430784
e15c03be37271deb,Active,2024-10-23T18:10:10.767613
28bf31f11c4d0caf,Active,2025-02-01T15:17:26.781983
1fed02c844fae65e,Active,2024-12-21T11:46:40.415720
0b8cfc190766752b,Active,2024-10-23T04:38:53.548180
fa838cf3d46657e1,Active,2024-09-03T03:31:33.518725
8578f77b44d897d0,Active,2025-04-26T11:19:08.027522
d283c2a860bb3633,Active,2024-11-14T00:38:03.803200
a27a1180b2c15067,Active,2025-02-10T15:07:34.364326
d4f5a5054ee4330e,Active,2025-01-10T02:32:15.893376
2fba27218070d14a,Active,2025-01-06T00:51:44.573842
c450f362254b7253,Active,2024-12-21T22:08:45.060640
d8dc4d99b90c2af5,Active,2024-11-03T04:20:13.697293
63ecade7a2f02665,Active,2024-11-22T20:23:30.693853
0f0d2562de85431e,Active,2025-01-03T01:13:12.804228
e3e043c4cf9fdf0a,Active,2025-01-27T12:50:10.420128
8793a6a1b26f2ba8,Active,2025-03-03T07:18:54.463406
2dc2ed977306cc97,Active,2024-05-01T23:33:03.735420
64d4fbb20e3c279a,Active,2025-01-03T21:42:07.137437
f33c94697469dbe7,Active,2024-05-01T18:26:00.998606
c98e9de94b688774,Active,2024-07-12T20:30:01.519145
fad55f302d807914,Active,2024-11-20T19:49:59.039959
ec39df64649cee90,Active,2024-08-30T02:09:42.860846
54a22264cb0b3414,Suspended,2024-09-06T07:45:39.948457
741c36d002adcaf4,Active,2024-08-05T00:11:31.067098
d04b8b7a503ed2d6,Active,2024-05-01T18:57:28.231209
f88f1fa0c4d21e38,Active,2024-06-24T19:51:19.017265
2752ce476e662c91,Closed,2025-03-25T03:42:31.040323
e803074b7d6d41ef,Active,2025-02-21T20:45:09.072444
441dcf370f5f975b,Active,2024-07-21T02:17:57.685994
3927b4db843c4da9,Active,2024-10-12T10:45:22.528011
da795435257b295c,Active,2024-11-14T19:15:29.512305
d214b7c8d15e5fc7,Active,2025-02-17T17:26:47.996592
2c0577dfa3702b87,Active,2024-06-06T02:21:34.564826
c36cbd4c53a6c0c4,Active,2024-10-11T20:42:36.657064
ad2ba606c05686f4,Active,2025-02-18T03:19:08.664857
e7be829ba555d768,Active,2024-06-04T04:10:36.808029
4760045d8e4d7c20,Active,2024-08-27T20:27:04.119319
ebd038e28ab9e5c6,Active,2025-03-10T11:18:37.221898
1e7bbb6e0c93a5f7,Active,2024-12-27T19:01:46.018107
ed05de8a215a0f07,Active,2024-08-17T20:07:49.306183
69d7c5f487269775,Active,2025-04-19T03:40:35.454368
3c139eff0c0ed3f4,Active,2024-11-07T22:59:24.948268
d6bbaed8c30c61e2,Active,2024-12-30T13:30:19.552793
41996e7bbe0b9c81,Active,2024-04-29T17:13:10.387658
39070af610602c37,Active,2025-01-05T06:21:51.975487
c6d5d8d16457ab2c,Active,2025-03-08T08:51:59.379330
56a74ad442166445,Active,2024-09-04T05:00:14.041783
a97e5ea3ba75ff75,Active,2024-07-25T02:40:49.901144
d8c9ce85beda829f,Active,2024-06-24T01:51:24.996076
e36f963cc0d55cda,Active,2025-03-14T12:35:57.819700
78235372ec94ce1b,Active,2025-04-24T13:45:45.485278
435f55ab0227b1e3,Active,2024-10-10T10:13:59.869086
456f8a3b5642f9af,Active,2025-03-13T00:29:31.701207
e47d27f173db726a,Active,2024-07-09T14:20:37.648951
51707da1931ee625,Active,2024-07-29T07:55:30.864756
6848ed066d462e3b,Active,2024-05-21T23:48:56.993819
224f5daa30764ba0,Active,2024-12-10T16:03:22.983777
32e5566a84b45700,Active,2025-04-15T02:45:10.990877
82c95de35cbcb556,Active,2025-03-26T21:13:35.641106
aeb884726cde8913,Active,2025-04-25T06:20:38.181933
1530914c500e7319,Active,2024-11-12T14:23:17.908843
e1f96ef8a3024484,Active,2024-12-25T06:22:24.012978
2a2c80390fccbc82,Active,2025-02-12T01:40:46.889252
c9f9d63456c9db07,Active,2024-08-03T17:07:54.417027
380031811bc1ba8d,Active,2025-02-20T23:56:41.116794
d651d66a1389d951,Active,2025-03-24T16:43:49.875767
c903ee2a81b40267,Active,2024-08-28T00:33:11.085674
8df2f55d893fe92c,Active,2025-01-01T08:43:06.346949
819c0e85aa85f7b8,Active,2024-10-16T07:31:10.795935
752019e188ea30c3,Active,2025-02-17T14:48:12.587869
4eb0ad516188a845,Active,2024-08-27T10:58:48.087546
4cea9ed597cd152d,Active,2024-10-12T07:54:26.751217
d0df7aac874f85a8,Active,2025-02-28T14:21:00.769352
95184baf0e497bab,Active,2024-08-22T15:37:18.897707
c286ffff07fa1fd5,Active,2025-03-02T03:38:32.039872
fcb3047a9775d2fe,Active,2024-11-05T21:15:06.135712
30255c125fbcf296,Active,2024-05-14T23:50:50.382720
5c56db34eb5c3d95,Active,2025-04-05T23:14:54.894388
f8127f1aff2db145,Active,2025-03-21T01:24:02.844262
139e59ad7ab3084f,Active,2024-10-18T05:09:04.935434
b86a8b088d79ca4d,Active,2025-02-26T01:11:09.379258
fe8c0e374562e057,Active,2024-08-29T22:20:52.865935
8af8d42881a73fdb,Active,2024-12-28T11:46:06.866781
0cd10a3e21346116,Active,2025-04-25T05:34:23.315263
1623d5a51fda42bb,Active,2024-05-11T06:26:47.958694
f593fc8b2d516fd7,Active,2024-11-07T20:23:36.576987
d3595350def9f1d5,Active,2024-11-20T19:03:53.464100
c82cec4df3b94ddd,Active,2025-01-26T02:40:14.351056
2a7b16ddc05de230,Active,2025-02-20T08:34:48.494866
7de88bc72b092364,Active,2024-12-17T23:42:10.473346
a6c5ebd4c7bfb288,Active,2024-09-04T18:41:08.362103
517a41c4ca732126,Active,2024-11-24T05:01:34.317492
2d086e4e96b34a11,Active,2025-02-27T15:19:19.133859
a7bfd71f38af537a,Active,2024-07-31T20:53:54.111357
ad0a61e332c782d2,Active,2024-05-31T15:45:10.627649
577df4dc0ba93647,Active,2024-11-08T20:02:50.920054
1b7d1066659b191d,Active,2024-11-24T18:03:08.280993
7b6cb47be087869b,Active,2025-02-04T04:02:03.611584
51a58842ad7c4b4b,Active,2024-12-13T12:49:23.239871
8d0b3b8c1b28d33c,Active,2025-03-29T18:23:53.592919
584ca9136e175262,Active,2024-11-30T19:10:23.941858
8ddf738bbd353e08,Active,2024-07-26T22:18:18.354520
9daa30d1f2c66372,Active,2025-03-26T14:05:45.402227
e02c194943979f76,Active,2024-09-06T19:35:27.446651
3c07c58cfddf3cc1,Active,2024-06-20T07:02:33.036797
8527deb8b29a9c4e,Active,2024-05-20T15:47:47.670022
a702790bd719adbd,Active,2024-06-06T10:39:20.502391
2c43b6ac389d9362,Active,2025-03-13T04:57:57.451095
d479f99e310a8e7d,Active,2025-03-02T08:29:05.858077
45b535aaa2ca1bd5,Active,2025-01-30T19:35:32.768958
45860afd14a88baf,Active,2025-02-22T00:55:40.894231
3af233a3e40ee182,Active,2024-08-09T00:17:16.287488
c5c9182c42312f75,Active,2024-11-10T11:14:56.181626
f83d9f208da126c3,Active,2024-11-02T01:42:48.031824
6db014eeac945fb3,Active,2024-12-12T01:56:39.811913
71561b7cba2e232d,Active,2024-06-22T21:16:13.304262
eb002d9bd1149edd,Active,2024-08-17T12:40:44.021513
ced0f655f312301d,Active,2025-03-21T15:58:09.734228
e4b72ea37844db33,Active,2024-05-10T10:13:51.048784
ab071b598a389023,Active,2025-04-10T11:58:08.184988
c80bf2cfcd6bead2,Active,2025-03-07T17:12:14.588912
fe33fd0e80a61343,Active,2024-10-19T12:05:32.194089
3e7ea18345a51748,Active,2024-05-09T06:16:01.686581
8d6ed8a2d2469787,Active,2025-04-23T04:19:23.963216
7cd1900e9d5033a6,Active,2025-04-22T01:18:13.914544
af96e7158ea1cbdd,Active,2025-04-09T06:31:10.007210
8f24919503a90afc,Suspended,2025-01-11T02:07:16.664910
2ca7802e7e0c65d6,Active,2024-12-27T23:13:01.742131
138bbdd972bf1559,Closed,2024-08-16T02:41:20.621732
75bf13cf22e486bc,Active,2025-04-24T16:00:51.231801
457fd6fe5804bb6c,Active,2025-04-26T03:07:52.063518
fd774b51031ff623,Active,2025-04-27T22:01:25.772175
94a452f52fee2267,Active,2025-04-19T15:27:41.325173
2d32946fc2bb55cc,Active,2024-05-09T02:12:34.768903
acfa08c0fcb35304,Active,2025-03-19T20:48:46.706334
f800816ca877b8b5,Active,2025-02-23T06:33:17.013454
7c9bd741f6361779,Active,2024-05-24T18:09:08.073097
cb8ca43996b8810d,Active,2025-03-31T23:15:00.951867
cd0348d1da402f62,Active,2025-02-21T16:01:36.458950
2467713eacbc8fd6,Active,2025-04-21T13:40:49.645774
48b9203afda0aa55,Active,2024-12-21T04:29:01.360901
1493e6af027604ff,Active,2024-06-20T18:34:37.838198
24ecfcc505747702,Active,2024-10-11T16:56:19.233043
16ad9fff8110877f,Active,2024-09-28T06:26:47.673790
eb1b85068321b1b4,Active,2025-01-23T12:44:37.119127
87aeae3e008447af,Active,2025-01-19T05:23:29.916718
38488a21689013c1,Active,2024-06-29T20:43:20.114164
6aa3c78197782ee4,Active,2024-11-10T20:46:10.911855
690cdeb99d0d4f17,Active,2024-10-09T15:43:46.235702
073b3998ce97b0e0,Active,2025-02-15T04:02:02.427885
707011255eec9179,Active,2024-06-21T07:14:54.851705
ff0f7307a3892da9,Active,2024-08-08T21:50:04.643612
11239ab787af55e4,Active,2024-10-09T20:33:01.877410
7ac429b4b207257b,Active,2024-12-16T13:20:41.089142
717cbd2202465c6d,Active,2024-08-12T15:31:45.257963
696ca059726815b8,Active,2024-06-18T06:35:34.599499
c95db9eac90d4259,Active,2024-05-03T19:02:52.572731
c9cd61737978e122,Active,2024-10-23T23:40:24.804828
abbdaf18e2128508,Suspended,2024-09-02T21:09:24.308460
7d9426409e8ebdfa,Active,2025-02-13T06:03:17.597487
010110744dcbfe10,Active,2025-04-05T06:15:34.806105
29ca177034003913,Active,2025-02-24T07:30:01.702299
1651334ad3fd494d,Active,2024-06-30T05:44:23.878398
eb72edcbd68e844f,Active,2024-12-31T10:30:19.934622
ea4a83ff22046385,Active,2024-09-16T14:49:31.944421
eb90e32ef21b14b0,Active,2025-04-02T05:33:25.625754
f6f233159cf54872,Active,2025-04-20T23:55:12.879164
349d38c3358ca59e,Active,2024-08-24T16:58:23.945930
9d1abe74902125f8,Active,2024-05-18T22:53:23.734672
b8d72106a677f5e5,Active,2024-08-12T23:23:59.242072
629dcc46e2b763c7,Active,2024-12-18T08:23:55.847141
3cd59565e722b89f,Active,2025-04-05T09:39:04.345653
3606af01c2bd6879,Active,2025-04-20T16:17:28.017439
17bc675dc8e1b94d,Active,2024-08-23T09:08:09.660174
aa6af3b6abadd0fd,Active,2024-07-07T20:52:55.103104
263ef3155b5c45e1,Active,2024-12-11T16:22:09.213446
e10035368dc83872,Active,2025-01-22T18:54:54.336635
e205b5015fc10b37,Active,2025-01-20T18:22:12.368246
a0b430951651bbbe,Active,2024-10-21T03:51:24.055154
93c05452a7fc8e0e,Active,2025-03-12T04:49:30.744521
f6d1ff31b4fa276f,Active,2025-03-29T19:41:52.784763
76ece7b3a565b3b6,Active,2024-09-11T17:18:19.410048
57c47613e228ab06,Active,2024-09-27T08:49:56.251829
c2f1b43e3654a215,Active,2025-02-03T14:39:55.284698
f9d151cf1d965a2c,Active,2024-10-29T09:25:37.316042
85fa6cd41be9e37f,Active,2024-11-11T20:31:19.834395
d8f00add2bf90a12,Active,2025-04-28T18:12:34.358075
319979b237e069ba,Active,2025-03-29T02:38:34.891094
2145574375dfd17b,Active,2024-08-16T19:22:23.309729
92ebcd6059f3d0ba,Active,2024-09-30T11:35:08.873209
f351fe77751d0c5e,Active,2024-07-17T13:29:36.194812
38185a81a248c23b,Active,2024-07-17T00:37:20.451777
92b047b2998a2067,Active,2024-06-01T15:50:42.922582
331b8226be79cc9c,Active,2025-02-10T08:18:24.898383
bdfe862112c27f73,Active,2024-07-19T23:47:09.444496
00c49c8f3c6efe89,Active,2024-12-30T21:03:56.784009
f992e966228f95a7,Active,2025-02-16T10:37:48.651178
3ca09c2d986e7509,Active,2025-03-05T07:01:52.055185
66d927973d17649c,Active,2024-10-22T19:28:30.436437
be102bf36b9c9c9f,Active,2024-12-23T06:44:30.283357
99d5dd27dfc7d150,Active,2024-12-24T12:34:00.121142
1a4b7df7648732e3,Active,2025-02-10T11:57:22.714154
5e2ddacfa6fff663,Active,2024-08-28T15:20:38.426897
0680276764b8ef4c,Active,2025-01-09T12:37:46.694983
7a5671082444f484,Active,2024-05-24T20:40:54.283522
9f5b3cb366b78058,Active,2025-01-16T03:05:05.765623
49e8c4fa23b922fa,Active,2024-06-20T20:10:45.330371
9ba131a6d2997640,Active,2024-10-05T22:15:55.651068
9566cff3cf0e3a6a,Active,2024-08-28T13:19:45.058811
8ccbee241463a967,Active,2024-08-29T08:48:06.725017
6b6d6027f90f3e6e,Active,2025-02-13T01:32:59.499517
bbb36f38ee875f1c,Active,2024-08-02T21:23:09.049278
5caf9b30f49eb35a,Active,2024-04-30T20:32:13.143773
736bd7b5b154315e,Active,2024-10-30T15:22:51.400146
715405071c892a30,Active,2024-12-25T00:57:50.900454
52ee233e13c52c8e,Active,2024-10-25T00:32:01.649671
8e4fd4008e72723f,Active,2024-07-16T04:21:35.749000
112382118f947c05,Active,2024-11-03T15:14:12.227907
a2c6eb9240cc0ba7,Active,2024-06-06T06:34:45.982760
8917d485fb8ab70e,Active,2024-08-22T19:28:42.569123
3f407567ce2a3150,Active,2025-02-09T09:17:16.559419
c0098188187385db,Suspended,2024-05-08T14:31:59.751972
bd7554b0fc583294,Active,2024-10-26T23:26:55.066341
c09665eb20ff9301,Active,2024-08-18T04:05:32.289486
6bd19271cbff7247,Active,2024-12-29T12:41:45.882362
37b378496cca119c,Active,2025-04-04T19:04:58.003271
fa95bfa057ebaf17,Active,2024-11-05T20:52:31.714253
e7eedfac6f2a5ef4,Active,2024-12-15T00:42:03.629658
98698ce9ce255792,Active,2024-10-12T07:14:25.654959
dc99aad5de2dad6b,Active,2024-06-25T15:54:21.491570
bfd7101e2156dfe7,Active,2024-09-20T13:33:21.950581
3670e29c7c04139f,Active,2024-10-03T14:23:13.316405
707a72e942cc7248,Active,2024-09-20T00:06:19.240975
e26aecb9142e5e7b,Active,2024-12-05T14:13:23.781372
6dcd9e6facf8a4d5,Active,2024-10-15T02:56:41.456056
63c7bc7ec8888bc8,Active,2024-06-29T02:53:16.447089
b99096e6ad8a945b,Active,2025-02-02T21:57:08.088413
550f1d8ac5847205,Active,2025-03-15T11:20:55.760964
e0d5804b3a529fcb,Active,2025-04-22T04:05:52.378696
45eef3867062fa00,Active,2024-10-09T08:07:53.521465
866960be910c083a,Active,2024-09-30T00:28:51.325912
ee16a21c43706e5f,Active,2025-04-26T20:39:33.214778
d53a652945c12a4f,Active,2025-03-16T00:19:06.421839
f078c3e9945be755,Active,2025-03-03T01:15:46.112140
47073b64e84fa1c8,Active,2024-06-19T02:32:24.850874
6e2092f48b8b8083,Active,2024-05-06T01:40:15.772955
1b2a2fce19b6feef,Active,2024-10-06T05:56:35.867259
447f301cc5e138cc,Active,2024-08-07T10:28:48.086744
dcfe0ef9e69e7d7f,Active,2024-05-18T02:07:51.513468
7d8529a34b92b367,Active,2025-03-26T21:42:48.634538
68aa88a8d378ff9e,Active,2024-12-13T05:14:46.029791
55687780f10fdef6,Active,2025-02-11T11:07:37.320741
c72a504f9e1db71d,Active,2024-12-29T07:36:39.944832
135691203126a61b,Active,2024-10-13T20:54:21.166613
6fa3ca35087619f3,Active,2025-03-03T03:58:11.782710
9bd544f9dab6e6d0,Active,2024-07-15T03:08:02.961052
5ab87caa1b60178c,Active,2024-10-10T05:37:52.438671
922405342259774a,Active,2024-11-08T00:57:43.040289
7918428cdbb19e07,Active,2025-04-18T05:15:33.471350
5527aab978e560e3,Active,2024-07-07T08:28:49.476937
38e2b0bde1985bae,Active,2025-02-04T16:55:36.885469
d4737e68daabbc71,Active,2024-07-01T21:50:40.102216
d755877fbff2ad2b,Active,2024-12-08T00:42:03.373303
932be1ee59a89406,Active,2024-07-14T12:48:27.343480
c6426e027688dfb5,Active,2025-02-22T00:46:35.947016
04a89e6d1bcc0d51,Active,2024-12-29T00:57:52.960572
fcd064dde42062a7,Active,2024-05-14T16:01:10.627953
ad44a5ba75c0bbb0,Active,2024-09-19T14:04:11.996651
bbf57ad4f724ba0f,Active,2024-07-15T02:25:41.984400
1f3c8130dc740d69,Active,2024-12-29T23:19:11.874891
d51535cbfd7c3b08,Active,2025-04-24T22:33:56.174196
440fe8d117ea919c,Active,2024-09-24T02:23:35.353383
b0a14a82713e015b,Active,2024-12-20T12:21:01.331716
131acbd039e5a964,Active,2024-11-17T22:01:06.812047
5a5e5053f319a750,Active,2025-04-10T19:18:51.946407
881e9186ee521627,Active,2025-04-13T18:27:16.204505
054174a62a86a458,Active,2024-05-01T11:04:20.343086
8709f28d0df33015,Active,2025-04-09T13:55:45.865614
443d822d1c303f65,Active,2024-07-18T22:59:34.068068
361a85adc2069dd4,Active,2024-08-04T17:42:34.061686
29553ffecfa18ffe,Active,2025-03-26T09:06:30.348257
249be3b6c9f6001b,Active,2024-12-28T18:14:02.700051
e4c67e73e2a7a4d4,Active,2025-01-03T03:51:02.504269
8cb6e8da9b2b08a4,Active,2024-12-03T12:03:14.039614
0ea3621dc4648336,Active,2024-11-04T16:32:47.749399
139605084aa9dee5,Active,2025-02-16T02:24:45.816083
7ca708ed4fa8af6b,Active,2024-11-22T12:18:47.045110
f5d7fa91c85076c1,Active,2025-04-21T12:10:53.322899
ff8d07185072a95e,Active,2025-04-22T13:33:18.817222
ff64a3c47f57706b,Active,2024-06-25T10:43:29.552876
6395a93dc5105f09,Active,2024-06-23T21:45:50.691965
20ae73f4782079a2,Active,2025-03-23T13:40:23.020579
587f8be142d4bdea,Active,2024-07-01T09:54:41.697767
f7b8c0e154eb1f4f,Active,2025-04-20T04:31:46.600146
5b03b9873d2f797c,Active,2024-11-07T09:22:23.689061
c21348d0da0511c4,Active,2025-04-20T03:06:01.391584
3b97809c081cb6d2,Active,2024-12-03T20:22:46.085223
8cb55170a4ec641c,Active,2024-05-25T05:39:24.952806
bf46fab9668e933f,Active,2024-05-18T20:12:58.423163
9f51355001479411,Active,2024-09-14T07:28:47.179239
a4905cda07d68e60,Active,2025-01-02T11:26:40.537281
886de6cda83ba6fb,Active,2024-08-14T11:04:30.116017
5bae0823035a8134,Suspended,2024-12-29T20:20:06.108380
9018a949580ee40d,Active,2025-02-27T21:34:06.618968
07b36b768ae3e85e,Active,2024-09-21T16:24:15.781506
14e1251c8df29cb4,Active,2025-01-14T09:46:16.049882
a4e6a79944500427,Active,2025-01-05T07:22:18.644516
e40f90f62097beef,Active,2024-12-17T02:24:24.106246
18b0c3b25eb34e82,Active,2024-05-19T05:31:16.972505
260a4a22a25f18ae,Active,2024-08-22T13:09:43.869132
11dc376b290d5435,Active,2024-06-16T14:10:20.277846
8ee2c32ffe123eb6,Active,2024-11-08T16:44:54.545073
94d70ca909fd3f7f,Active,2024-11-18T11:28:11.932378
45ff01dfe8b77a6b,Active,2024-05-14T20:06:51.048706
3cec99803b356802,Active,2024-07-12T12:05:34.736550
e1c49e90c05a2534,Active,2024-08-03T04:38:58.112757
455b2afa40249994,Active,2024-09-06T07:45:43.304983
1f19266614423c00,Active,2024-07-05T06:43:30.356878
8e8b81a55110fd27,Active,2024-09-17T19:42:45.314538
d81712f9dc6d8b89,Active,2024-12-16T07:34:06.633479
a9904547a09c1380,Active,2025-01-11T18:00:00.614109
62dfbe036b3d9f1d,Active,2024-08-12T11:48:28.762785
4e461cecc29d8d79,Active,2025-04-01T05:01:27.553604
2cbfe42828001124,Active,2024-12-25T19:03:28.470853
61617defdb49fe0d,Closed,2025-02-09T00:15:13.209812
6b0438528a96287c,Active,2024-08-14T15:12:06.408163
dccab9d91eb5d437,Active,2024-10-20T12:23:12.456427
c11a3289d841f25f,Active,2024-12-03T04:26:57.884992
d7949156fa536c56,Active,2025-01-01T06:26:11.224576
665c22e2da95f812,Active,2024-07-02T18:30:57.026417
cae7f5ee3a314458,Active,2024-12-06T08:15:02.061057
89e59e77ec9e5363,Active,2024-10-21T03:23:59.438039
f402fe06734f5543,Active,2024-05-26T13:42:49.322115
9719728fcde49e4e,Active,2024-12-11T04:38:59.240757
2c766771b5648df9,Active,2024-09-26T13:58:59.145233
14f01e7a66d9e472,Active,2025-01-30T03:16:57.699945
4dbcdad562027c03,Active,2024-08-28T05:43:09.478929
e87f5a5b8b1b43ac,Active,2025-01-15T15:28:56.929999
284989de2e959c44,Active,2024-10-02T12:37:04.052944
2c30bef695df3a33,Active,2024-08-02T23:07:32.431692
86849d5284399f83,Active,2024-05-13T16:03:16.058576
de491a3709beab4b,Active,2025-04-22T15:57:12.950239
9d0155ba897c52eb,Active,2025-01-12T12:52:25.910399
e84c31429086cdcd,Active,2025-03-16T23:26:25.178033
77c48e01f34019db,Active,2025-01-19T16:52:50.096592
e98fd9fd10a7addd,Active,2025-03-22T16:08:53.156034
8421db3f5770d6e3,Closed,2024-08-19T13:23:11.977470
6b8cf09e41b3e8fe,Active,2025-04-16T04:48:04.469544
2bfe0477b4421567,Active,2024-05-14T00:21:28.539898
6503eb4ebadd0720,Active,2024-12-06T04:40:15.874512
ccae6dff5e21ff51,Active,2025-04-08T11:28:45.224729
79c499d2c0e4ac75,Active,2024-11-04T00:31:52.554959
36d0aa301591912b,Active,2024-11-18T13:33:14.645088
19a5aa174abe44de,Active,2024-09-24T11:11:15.881553
a7d168ac80499b6a,Active,2025-04-15T06:34:04.839283
6dedddf6ce67b853,Active,2024-08-11T10:41:33.600084
2c3ed5cc89ebbe9c,Active,2025-02-02T17:03:50.778425
abb9e52b109db653,Active,2024-06-20T08:12:06.074952
9ee7bb0c8b2fc67b,Active,2024-05-03T20:59:10.784113
15739af5ea2562fc,Active,2024-11-26T15:17:27.853415
b42bec4ebf47e905,Active,2025-03-31T21:25:25.523427
730ae25060c099b1,Suspended,2024-11-07T17:15:33.287458
2ef7f4172f530085,Active,2025-03-18T03:18:42.367740
7f72456d94513794,Active,2024-12-19T05:04:57.515404
359a2cfb5808695a,Active,2024-10-02T01:15:52.571754
006bb5d179b9e098,Active,2025-03-05T16:21:59.759520
71eaecda17fb1799,Active,2024-11-18T00:23:52.424803
fe6f79baf7d99d3f,Active,2024-11-13T09:56:37.285776
22e47c8b2272c9e0,Active,2024-09-12T11:24:03.883804
aeb7eef5d518e388,Active,2024-12-31T23:01:18.873593
c66b30de28c96190,Active,2024-11-29T12:15:44.246397
672d5b1f0d888e84,Active,2024-06-17T01:30:58.718974
58d48022620f26c7,Active,2024-06-25T17:26:50.598566
4d04a8cb9381203f,Active,2025-01-27T10:55:22.893677
a057b276b31a1ce3,Active,2024-12-19T12:59:21.650665
f28300cf9a5175e3,Active,2024-05-26T14:36:02.017478
f29e40c18ea047a2,Active,2024-08-05T23:59:36.137959
810227dcf0a5369b,Active,2024-06-21T06:19:08.074991
005e543d7638603d,Active,2025-03-26T09:58:57.733607
35b3eb483f31826e,Active,2024-06-18T22:58:30.791081
75fba7212fa43888,Active,2024-12-12T23:55:00.124084
e21ffd9019c18632,Active,2024-05-15T21:10:30.993381
601f91e1c09d157d,Active,2024-06-15T11:48:00.399934
e2b38459844a26b5,Active,2024-05-26T04:17:49.723747
baa0be40851b644a,Active,2024-08-09T16:48:51.390726
a5fc64a02f38a432,Active,2024-05-24T11:34:02.298805
abb7ce41620d4fb3,Active,2024-09-26T04:08:15.703837
04dc35a6b7939572,Active,2024-05-13T13:50:50.424384
c1fa51c5b9b8ed28,Active,2024-05-20T08:09:01.506274
af5e0bd818b89ff4,Active,2024-09-19T17:23:25.642898
1f5365baf3910761,Active,2025-03-11T23:12:40.526742
73cc9801de1dadf5,Active,2024-06-07T11:51:39.935348
55b1f1cd9eb4697f,Active,2025-02-23T09:16:46.610997
14cc8b9fb226a2c5,Active,2024-10-25T01:23:35.205994
1c243b73e6efb3ac,Active,2024-10-07T17:51:21.386137
6ef067c9401bf1a3,Active,2024-07-24T20:51:43.949543
0f1406c58a56f657,Active,2024-12-07T18:47:41.127319
8e03890de3b44691,Active,2025-01-28T07:03:44.615956
79796f4741ecbac1,Active,2024-09-19T23:27:12.189232
7fcf1adbaa9a7efd,Active,2024-11-27T10:31:00.368592
9822147b724e3735,Active,2024-08-10T23:41:18.846293
144b902a16afcd7d,Active,2024-05-16T17:27:20.879987
b3d846ca6d5902ce,Active,2024-09-16T00:11:45.097878
05a85121a599ba49,Active,2024-07-18T11:48:54.354845
5ac0f7c98e92a23d,Active,2024-06-01T07:53:32.041620
8b102cb9a56b332a,Active,2024-07-24T10:05:01.833171
8ce058bd8c5cc7d6,Active,2025-02-21T11:29:53.839234
eec57d2e257c2782,Active,2024-07-01T00:00:00.327408
82a5c29f98d8bfc7,Active,2025-01-30T12:00:57.655775
17eae4d1c94c76c6,Suspended,2024-11-19T19:27:54.157916
e6cc537614ae958e,Active,2024-10-31T18:53:00.121890
ede99d08ec61ee2e,Active,2025-04-16T19:32:59.803897
194b876c84159299,Active,2024-12-22T04:30:29.026615
d5ebb615da82ef4e,Active,2024-11-13T15:17:13.970551
c542ca05d820c575,Active,2024-12-19T02:16:47.238162
661230a19c09a8f2,Active,2024-06-13T15:55:53.529965
f9f9d1e4c51f14ea,Active,2024-05-27T00:35:42.766658
d8053c2cf2bbe748,Suspended,2024-10-09T05:00:32.651635
e43175098f9f3cc0,Active,2024-10-29T13:16:57.897835
a4626544c6988864,Active,2024-08-12T19:02:25.190104
ba3c432cb3d5d12a,Active,2025-01-22T00:25:30.431072
483ce4b2c766e867,Active,2024-10-20T18:43:34.521013
5d7e7a95d9668ca6,Active,2025-03-17T19:18:37.454173
467771ba0a8fe0da,Active,2025-03-25T09:14:03.673857
39278d1610cd9a5c,Active,2025-04-07T06:39:52.242757
0dff390f93f6bfe6,Active,2024-11-05T05:12:26.342560
6c5752cbbc143f0e,Active,2025-04-15T17:30:34.219389
186fcb298cb87713,Active,2024-10-28T23:51:39.298358
5310788c9433d406,Active,2024-05-13T13:49:01.415297
52e0a8d1d7364ef6,Active,2024-09-14T23:36:52.688526
a34c0cb8340bedc5,Active,2024-08-03T19:17:08.973287
34dec4d5fd15b72a,Active,2024-11-29T10:30:47.024295
18b3cecf64c91bbd,Active,2024-06-04T20:49:08.988495
a8ae9ac7562aadfb,Active,2024-12-19T06:17:19.586671
36a7e450fc25286e,Active,2025-03-13T15:30:17.699889
a1ec85c9804fcf74,Active,2024-12-18T13:40:01.786667
33fc46c03f6f85ae,Active,2025-04-01T09:02:52.436705
f7613cadaff7a3fe,Active,2024-07-26T04:05:19.096475
a72c31dc4c120e35,Active,2024-12-05T06:01:03.668682
10cb7c8f7d2c68ab,Active,2025-04-02T09:01:29.705388
5d2439dbbd79e027,Active,2024-05-06T14:06:53.028305
f4fdcf89f9078786,Active,2024-09-09T13:03:02.046509
a3ad07d4277d4fe5,Active,2024-12-08T02:25:42.018179
1862df20564e0d99,Suspended,2024-06-20T17:49:47.869549
1aec9978f1e79104,Active,2024-05-03T18:54:24.527604
51f8d811fc30da4b,Active,2025-04-25T23:08:59.129430
c337a8dd8ba1489e,Active,2025-04-20T12:50:37.955596
2d9ceb46f674611b,Active,2025-01-19T15:44:59.858424
fd18fb98e952d623,Active,2025-03-25T10:42:59.052928
3430ccad14f4b356,Active,2025-04-08T07:25:42.854040
9dd6bb14a845479c,Active,2024-12-05T10:23:41.085454
096121dc9654dbf1,Active,2025-04-23T19:47:25.028385
ba5884301fd0fdb1,Active,2025-02-05T11:58:02.716985
de7752bf053f3e74,Active,2025-02-13T20:07:49.295792
afb9c4fd70aee00c,Suspended,2024-09-07T11:00:36.768661
10352e99703cbd2d,Active,2025-03-26T14:10:49.176285
2a69ae9fa81f948c,Active,2024-11-07T19:45:21.517254
43f3bd37383ce882,Active,2024-05-07T08:18:51.343100
f2695a27c371255e,Active,2025-02-13T20:26:48.805529
6e9e1d24273123a7,Active,2024-08-18T11:34:31.213828
21eda9fda1b66930,Active,2024-10-21T05:06:50.887976
b306bbf8b200d936,Active,2024-06-24T13:50:01.351706
ec791f17973b13c0,Active,2024-06-07T13:38:02.553872
9c708452e0d0479c,Active,2024-07-12T15:31:13.751235
45e9c82e8ebc2c0b,Active,2024-08-03T08:19:57.521516
93d7b08474063f17,Suspended,2024-08-09T07:00:39.633326
4b00cb8c5b259efb,Active,2025-03-27T21:10:41.128289
df6a61df2f8b2338,Active,2025-04-19T11:28:49.607362
f474381bfebb2fab,Active,2024-09-08T18:45:11.996917
060ecba659dfe83b,Active,2024-08-06T14:08:16.989707
7568a1ac9dd5dc0a,Active,2024-11-06T19:06:45.816520
0a380d33bbda0560,Active,2025-03-04T05:33:31.085320
d818c91dd5bb47d4,Active,2024-11-16T17:13:40.638748
d654e92e85aa5bb0,Active,2024-10-06T02:52:32.427876
f9987c2f968f3ebc,Active,2025-03-27T21:59:42.170038
a5398beddcf98f21,Active,2025-01-12T08:42:12.141459
15da626aed51d2e2,Active,2024-06-03T17:39:02.264069
15984a91779f75ec,Active,2024-10-29T16:59:14.781342
7a2d1421e32641d7,Active,2024-09-19T07:14:11.573425
1121d3362066f703,Active,2024-06-07T13:28:02.379608
bb657a06d199b8fa,Active,2025-03-18T02:05:12.299907
103227bb86ffc8fb,Active,2024-05-13T10:26:00.701982
e0df4cba07ea08b5,Active,2024-05-22T01:53:49.530732
f4f57c22b35a8577,Active,2025-03-03T19:23:32.452005
8e9a8c6ab558a237,Closed,2024-06-01T05:16:20.413930
1d26ffae1c7466a7,Active,2024-10-06T12:28:33.336064
47f2f09f1290303b,Suspended,2024-07-27T04:52:28.970227
4fc0fc677df73c52,Active,2024-11-22T10:17:14.737481
691e07f013cff245,Active,2024-06-29T18:48:42.868575
332202ff6c6dd1d7,Active,2024-07-19T09:17:37.825001
3661d0f03fb97910,Active,2025-04-10T18:06:31.837197
a428bf132399993a,Active,2025-01-04T05:20:09.138160
bcdbf6f29e0a3785,Active,2024-12-26T22:30:42.396654
f4394f595b235b77,Active,2024-05-17T12:45:49.493588
dcec74da0e687468,Active,2024-04-30T18:11:33.901226
39301471e8012f77,Active,2025-01-16T13:47:11.743313
9798716bbff9f36c,Active,2024-05-09T20:31:25.027140
d7305fea86d67392,Active,2024-05-16T19:55:29.050081
40fdcf4634b49055,Active,2024-07-23T20:58:18.401011
42452607b7eec50d,Active,2025-01-30T11:49:30.578706
3d1a97f671ccaf0e,Active,2025-01-15T11:18:44.868883
365c77feb44f59e4,Active,2024-05-26T06:11:36.431735
74af78108f2924a4,Active,2024-05-23T12:25:15.944553
343fd1daaf522a55,Active,2025-03-27T05:47:33.797078
4f4b357dffd88572,Active,2025-01-02T13:34:46.342612
a30476b2a9215180,Active,2024-07-26T14:53:23.996734
479ee2c23779410d,Active,2024-09-21T23:39:02.090776
1c3588d18aa02d83,Active,2024-10-17T05:48:15.464764
5cd7772ebd29d1d7,Active,2024-07-26T19:47:36.637808
b6e4cb849f0c51f1,Active,2024-08-24T02:21:35.315390
0f42cc8401d0f5b4,Active,2024-07-08T00:38:54.835659
5429f05f008d9f96,Active,2025-01-13T18:18:04.650482
2e4f051daccbbcdf,Active,2025-01-09T12:17:52.112724
c984177396c3e596,Active,2025-04-03T04:40:15.613633
7df327ae0afc8922,Active,2025-04-03T04:29:36.931004
ce5c78ffaedf74bf,Active,2024-08-06T10:48:51.522337
1c9b6e4eaf3bf14c,Active,2024-10-06T17:43:31.296595
4722e4ae2ae41b78,Active,2024-07-05T20:25:21.703275
9d0f6f6b82236718,Active,2024-07-05T05:38:35.623258
f98290fe5dcc2af6,Active,2024-09-12T12:12:59.133087
7db096a14de4d44e,Active,2024-12-07T02:09:00.695897
ad82a40cd8f955a2,Active,2024-08-06T12:56:26.026799
a72edb9513845dfd,Active,2024-09-22T07:35:11.128588
350bff7ac8f7a4a1,Active,2024-12-12T00:31:08.889011
bc90b5e2d3ea1dc5,Active,2024-11-14T21:59:32.619591
7d2ff684b224e40f,Active,2024-10-18T17:37:28.274562
f908db3cb20dcb9d,Active,2025-04-20T01:16:15.206538
72eeb558dc6c846c,Active,2024-05-23T14:14:02.428565
9cd3172e657f91e2,Active,2024-06-14T08:13:13.605661
2acefc88a86ac4b7,Active,2024-11-06T17:45:49.890258
ab6bb1341ba7941a,Active,2025-02-14T17:59:30.278057
56bd1a56c4f7bd8e,Active,2025-02-12T22:28:22.009866
38e51d646204dff6,Active,2024-09-15T03:05:54.090585
96885c573e79e11f,Active,2024-09-18T22:39:48.707206
43fcfeefb7b06d0d,Active,2024-07-03T18:07:54.501452
a9d84ea9423a78e2,Active,2025-04-15T11:45:45.459744
69ce7a6c26866f38,Active,2024-06-17T17:39:11.986956
d6b73360493f2c86,Active,2024-10-26T12:15:47.792607
a1a31daf638a49e6,Active,2025-03-25T10:20:53.672240
11905d50a7f47c44,Active,2024-11-25T06:08:03.394568
37d6e9476facada4,Active,2025-02-20T03:03:19.197117
b7f8675a009ddfc7,Active,2024-08-31T09:34:25.005072
bc3c2ae7d24ebd4b,Active,2024-07-25T22:35:37.890339
1b4b671dd576e219,Active,2025-02-18T19:26:11.525295
307bf5d800bda128,Active,2024-08-17T17:36:13.562472
9aa80cb35e49dd8e,Active,2025-04-19T10:09:30.149892
e6236ae787c48103,Active,2024-10-27T13:05:43.532256
d22be1bd0802a6f5,Active,2024-06-12T15:17:36.740318
a856cfe51898216d,Active,2024-07-09T09:30:47.668973
53ea1c034faee526,Active,2024-11-26T11:54:29.500448
455671ffbc858897,Active,2024-08-11T08:14:04.411330
993f0f4c4a8c28dc,Active,2024-08-15T09:34:28.088082
dfd85f25dbe194ed,Active,2025-01-24T07:47:51.214494
3c8f698fa88217a6,Active,2024-08-01T09:47:10.230434
e4ce6c36d1333aae,Active,2025-01-09T12:31:13.498402
fa19f6f29c0a51fe,Active,2024-12-16T06:41:28.154767
54b0fe218adb2a56,Active,2024-09-29T21:44:10.675618
b699e6200ac623d0,Active,2024-07-19T17:52:41.295524
754abad1ab00faa0,Active,2025-02-02T08:39:13.192907
ddadfcde93c6d23c,Active,2024-05-14T15:02:16.138250
c882522fbcee18a1,Suspended,2024-12-15T09:41:46.343228
f680467945511642,Active,2025-03-02T10:41:57.906006
ec1ed76208eda611,Active,2024-09-30T19:37:33.125833
e90b79651c4d53e3,Active,2024-07-23T05:27:36.973046
eb6c853b85a4f25e,Active,2025-03-03T03:41:14.955786
dee1f6a1b0a9c426,Active,2024-05-13T09:05:05.107226
68955a6902cac367,Active,2025-04-26T02:02:22.876468
617b428623f4cad7,Active,2025-02-04T18:40:32.977480
98a1229b225f4ada,Active,2024-11-12T02:57:10.068925
c2f42b564f57b99e,Active,2024-11-16T12:46:54.694401
ebc1a3df49b3f75b,Active,2024-05-31T22:09:28.194101
fe739015facece05,Active,2024-05-11T07:49:13.107838
06fb9f7b6dddd68e,Active,2025-01-08T18:58:54.797539
a08057d40e12b922,Active,2024-12-31T14:25:57.700305
93cd23162c460e44,Active,2024-05-02T10:59:04.071176
160d012755a5b8d4,Active,2024-09-23T11:35:29.034686
19a301d28e6589a0,Active,2024-09-25T03:16:41.565752
decad2fe02f033ff,Active,2024-07-10T16:35:39.953416
1c3603c62be5d871,Active,2025-03-12T13:38:26.039738
2a553aa917775caf,Active,2024-11-27T13:57:58.205139
c5cf66fc2e99c96c,Active,2024-11-01T06:21:44.926607
446ba6567c939a8f,Active,2024-12-24T13:13:55.883781
cec0edd7d3833092,Active,2024-12-23T13:35:37.485240
59471d2d168bc639,Active,2024-07-20T18:54:15.644389
b0af3a38c7493af6,Active,2024-05-09T14:46:31.627425
ab34558ce70bc0db,Active,2025-04-08T11:20:58.817974
3b52b6de6985789b,Active,2024-05-22T19:52:46.183759
86e9b845063077a9,Active,2025-04-08T18:58:30.955660
23a0982ffb2257ee,Active,2024-09-22T15:11:23.029780
9210b2e872e6cc34,Active,2024-05-03T10:16:52.597770
992c2ed30a86122f,Active,2024-11-28T22:03:12.259716
0da22ddd310ec353,Active,2025-04-14T15:44:53.404429
303923995d89b06c,Active,2024-12-16T13:02:50.206322
a8710b205b2d9c31,Active,2024-07-01T08:09:05.720057
0f5f8cca9f1e3aa5,Active,2024-12-23T09:56:04.378271
6b3c41d3d9f1a830,Active,2025-04-14T07:40:22.869288
0da832771536cb76,Active,2025-03-25T21:13:49.265540
89786d831e54cc0c,Active,2025-04-03T08:45:32.245351
f60f3b15ab45b9fd,Active,2024-12-29T22:00:01.142559
d84f93a8f8081b96,Active,2024-10-19T03:47:05.910220
385add009862428b,Active,2024-07-21T17:50:42.102175
38aa210dfcd947b0,Active,2024-06-08T00:44:47.660005
a1bc6d6435912298,Active,2025-03-21T13:42:20.491083
fcc04de7181a4a56,Active,2024-09-22T13:06:15.732709
4256469246a6a56e,Active,2025-03-12T23:09:24.814474
8c9e056969b5aeea,Active,2025-03-02T07:15:36.895806
24043b18cc1f146b,Active,2024-05-07T20:15:11.462881
72fb15cac092debf,Active,2024-05-20T18:01:57.119310
8adf848820010228,Active,2024-06-10T14:06:41.727283
032367e6c1e0b255,Suspended,2025-01-17T14:48:37.748217
a38e97ae8eac2d76,Active,2024-09-23T13:15:41.944309
ee912dae73f71c5d,Active,2024-09-23T13:15:06.168705
d486fed694ba08d3,Active,2025-02-01T21:25:37.733795
8b4a8025ccdcbc62,Active,2024-08-12T05:32:46.864894
4ce976c30a3101d1,Active,2025-04-28T18:23:03.953580
3171db8cbe2856c8,Active,2024-12-15T20:37:47.824718
aa44f486941ae36c,Active,2025-04-12T03:41:22.646269
6fb238add825b9d3,Active,2025-04-21T02:04:09.621148
cdc7162eb4e6b40e,Active,2024-06-29T06:12:27.400753
5fada8ca00c4dae5,Active,2024-09-15T02:45:24.983941
b1e3fb003d9d2c4f,Active,2025-02-03T22:31:37.324298
eb0ca4db5a4aea67,Active,2024-11-17T03:27:05.736826
7762f042681ab959,Active,2024-08-02T14:44:15.240419
be42032d57baec03,Active,2024-07-18T12:07:56.720349
4d75492a0bbb7774,Active,2024-12-14T04:46:11.978726
38ddd1f81dea3914,Active,2025-04-05T03:58:37.661844
e3e927f09dd274d0,Active,2025-01-29T11:16:29.174296
ffc96b99d4a3fb88,Active,2025-03-26T12:25:00.537848
573fbd46a8f55dfb,Active,2024-12-28T23:29:14.535396
3d9ab3c4955ead0d,Active,2024-09-27T00:46:39.106118
0e042887c76174b1,Active,2025-01-30T17:56:04.111130
db6073e47af3564b,Active,2024-07-11T11:46:12.270882
8562e0e4dae9dd85,Active,2025-03-14T00:44:05.329051
175c95a7f6310fc5,Active,2024-12-24T03:27:31.917478
980b7b73736a1aaa,Active,2025-01-14T14:49:30.875402
927837c727f8734f,Active,2024-10-29T12:45:01.149690
225ea8089288d631,Active,2025-03-03T11:28:12.589306
d76b483015ab0293,Active,2024-07-07T14:45:37.201280
90065af79ed9db46,Active,2024-10-17T03:45:31.507922
4c2497d7045ce95c,Active,2024-08-01T05:49:00.612375
dbfe33abcaa5f109,Active,2024-05-27T23:19:46.197523
1abc9e9d1add884c,Active,2025-03-29T14:43:48.905870
211e50905c717ef5,Active,2024-12-12T12:12:21.826618
9bcb68e68bb8eaba,Active,2024-09-24T15:02:41.449792
6f9343b9daf555f6,Active,2024-10-30T09:22:39.445735
00518501f2b7eec4,Active,2025-03-05T04:34:43.173661
7e263360f710c8ab,Active,2024-11-06T23:20:19.565732
186886d1aaf96204,Active,2024-08-16T03:36:48.321250
271c3b5f9eb72c60,Suspended,2025-03-28T06:51:47.791070
aebfb1431f61168e,Active,2024-09-05T17:03:18.401835
7785a123d91b32b3,Active,2024-08-21T15:52:27.931929
39a25f1d267072f2,Active,2025-03-20T17:07:48.051022
5d3f664bdec0d516,Active,2024-07-11T08:14:27.793954
c08e39ebd1357f76,Active,2025-04-07T02:35:12.194289
af8d14b5397fff8d,Active,2024-07-19T18:59:20.447348
33c3d2b31bd34ce5,Active,2025-02-25T20:00:48.967524
5ec613f463a6914f,Active,2025-02-17T05:41:28.355646
68b05b00af3eac0f,Active,2024-09-13T01:42:17.968716
dbcb0577ae5a6fb8,Active,2024-09-23T06:12:34.023160
b8706dbee9207f3c,Active,2025-04-14T00:04:31.142413
3949c3ba246d67c0,Active,2024-05-17T06:32:57.614179
8c97398049e17f0f,Active,2025-04-11T12:24:32.413041
811019146d7d442e,Active,2024-09-20T06:06:07.786972
e813fb8315517257,Active,2024-11-01T20:44:13.078081
31dee7b666d9c3a8,Active,2024-11-06T17:22:23.544764
d1e545269fc558d5,Active,2024-05-15T06:01:18.593800
52ae5cc9bb303d97,Active,2024-06-02T14:41:47.100629
e119602b456b1682,Active,2024-09-22T08:56:30.332671
28c79335a5108900,Active,2025-02-23T02:47:47.909431
2813ce4657e9ba8c,Active,2024-06-16T01:48:41.859778
9d41db3b0044d15f,Active,2025-04-01T22:25:28.555286
05c391fbb716bc62,Active,2025-03-30T02:06:34.698590
a1cbf0e7a3a32531,Active,2024-09-17T05:42:24.646495
1c018cd89fed6e1e,Active,2025-02-01T08:06:35.700475
ec4b6a82e9642273,Active,2025-04-19T11:12:31.820041
52ab84b59a7e88a2,Active,2025-04-26T18:51:32.890654
0c0e9e60fc3a5dc1,Active,2025-04-10T08:12:56.845108
533cdac7b0e1d4eb,Active,2024-07-25T19:11:59.419549
06812dfb97ee5555,Active,2024-12-12T00:21:33.871889
c9488ae43fa08d49,Active,2024-04-29T14:03:45.729505
b8cc18532a0ed8ca,Active,2025-01-19T01:40:10.187754
094b7cfe5bb77e47,Active,2024-10-26T19:16:37.500309
0794d9cd5180432e,Active,2025-04-22T10:54:00.451931
a0c091876e865c9b,Active,2025-01-27T22:45:36.762185
677ba25faafad455,Active,2024-08-13T21:48:34.001256
c91e2a7980829815,Active,2024-05-05T23:33:16.064444
f2fc2b9f1f78f7a7,Active,2024-09-06T12:52:36.087865
3e6fbf386c0e589a,Active,2025-01-04T04:08:10.489731
f8ea477a1a6b4d93,Active,2024-07-29T07:31:51.886930
de4664afdf437da7,Active,2025-03-09T17:30:26.402467
f518950e4ec350e0,Active,2024-09-03T20:31:46.595843
4eb7c673a818da7e,Active,2024-07-18T10:53:24.369035
7ec16dd59172c587,Active,2025-04-03T21:28:47.952193
95782b380231132e,Active,2024-10-18T19:48:52.332908
219764cec73a4da2,Active,2024-07-24T06:48:02.422842
0d6975a37a1310da,Active,2025-03-24T22:37:32.015672
80226247fc435ee7,Active,2024-08-16T06:54:28.011855
bd92e5eb19740033,Active,2024-07-21T07:45:14.023467
c2e052282a693b9c,Active,2024-09-24T07:14:53.624326
0d0ef50e4eb60b6e,Active,2024-07-07T06:52:39.763978
5b52c52b433ec623,Active,2025-04-15T19:28:56.091066
92ed5dd407f42322,Active,2025-02-24T22:44:27.970068
9da4b54a20c436b4,Active,2025-04-02T04:12:01.104273
b343c59c0ed90853,Active,2024-05-24T15:11:21.892505
f31d8ac3fbdf7fa8,Active,2024-08-23T07:04:11.513041
596f17305ab6233e,Active,2025-04-14T14:31:03.494143
40d28c67f093fdac,Active,2024-08-11T22:08:36.311678
1fe588a8f248cf77,Active,2024-08-24T01:40:15.753039
6a9ad02814fdbb1a,Active,2024-05-07T20:32:26.417598
c826f4bcd4251b14,Active,2025-03-11T22:00:23.770243
417bbc4824b0d886,Active,2025-04-04T22:43:58.856874
defe2ed5305c3bfd,Active,2024-07-12T13:10:32.765450
b35041003e187f13,Active,2025-03-26T06:01:38.270072
b563f5e02c345b0f,Active,2024-11-01T13:04:52.276036
556c724c76321d44,Active,2024-06-07T17:26:31.522225
586587e09d8c56a1,Active,2024-10-08T01:50:44.709265
54a58f4fe690a67c,Active,2025-02-07T13:30:15.511421
b49ff5a88685ea9d,Suspended,2025-02-16T12:48:30.022658
e8e188265044b463,Active,2024-12-09T13:21:27.165054
78f70aafaf631f03,Active,2025-04-25T03:39:44.993493
48f944b54fede0f3,Active,2024-08-18T12:56:09.579436
2365ef2392f32892,Active,2025-02-11T18:22:02.817924
6782d508ab039e08,Active,2024-06-13T04:44:50.083649
29bca5dc2f035461,Active,2024-05-23T16:19:41.404403
6fbde6325980ea81,Active,2024-06-09T12:30:35.923227
ea0e78f9cecf97ef,Active,2024-06-28T05:14:36.468914
06d589c2f48285fc,Active,2024-05-30T12:50:13.177857
378114c0ada61651,Active,2025-01-22T11:01:21.337059
489b5bbad917473d,Active,2024-10-03T11:31:33.525932
b27908029c94f451,Active,2024-12-23T03:40:16.782271
d90dec289785e6ec,Active,2025-04-04T11:24:59.562233
518669b9dbf19a44,Active,2024-08-07T20:22:18.567331
d7d6e4b1c5cff60b,Active,2025-01-27T02:50:54.026293
f64fb4ceb40f7e79,Active,2025-02-20T13:28:48.278007
903775c5e5b3086b,Active,2024-08-29T00:48:38.998005
65136905b9143fc0,Active,2025-02-13T07:00:45.987511
e55f364ae70091d6,Active,2025-03-09T10:58:47.656799
8c5cd249c181558d,Active,2024-09-12T12:27:19.562932
3f09289b8a1e656f,Active,2024-05-29T12:58:31.636686
bf9ee3140140ae1f,Active,2025-04-11T04:00:16.867088
614ad76fab674c48,Active,2025-04-08T10:49:54.824276
7c8cce5d13e008bf,Active,2024-10-31T15:21:48.133292
8044032e6fb5cb9a,Active,2024-05-16T16:11:48.419338
53031a1ccb66497b,Active,2024-09-13T03:39:19.344766
9d0c5e8437391f7d,Active,2024-05-19T13:31:58.775717
9a200a118a7549b8,Active,2024-10-18T05:45:42.662472
1e13acdf07392089,Active,2025-04-12T08:46:51.868393
c43c96afe840d4b1,Active,2024-10-30T18:53:33.586658
181736dd003a5db3,Active,2025-04-15T12:56:41.193259
eb610dbdf17b657e,Active,2025-02-09T16:49:35.026505
c289b7b851d3ed7a,Active,2024-04-30T02:59:58.350240
af947684c0a60674,Active,2024-11-27T07:03:48.642400
d16f828a4933a5da,Active,2024-06-06T17:09:35.919156
ecf956cdfd4cbad3,Active,2024-07-17T12:55:17.028482
05728cb1c3663984,Active,2024-07-27T22:06:56.885983
02441424bd014943,Active,2024-10-08T06:43:55.843637
00eb735929d1bd9f,Active,2024-10-22T20:37:27.167567
0cfea40b9f8aa5ce,Active,2024-12-31T07:09:39.503748
6953ffda3118e8af,Active,2024-11-18T23:54:58.458302
982894ac1dc98d9a,Active,2025-02-24T22:26:59.832406
427712d308e0f945,Active,2025-03-18T08:32:50.146713
0935ce92d9b571ee,Active,2024-05-13T04:55:02.464825
33921f42bec6ea44,Active,2024-05-06T07:56:31.373417
449368d263b3a393,Active,2024-10-25T05:53:30.577832
96a3e2c8571921ad,Active,2024-08-03T13:38:29.882388
0e23afd768cc72fd,Active,2024-05-26T19:04:17.290145
6ec4cac1766feb3a,Closed,2024-07-27T16:08:36.132768
ded2d199eb934fb1,Suspended,2025-04-17T12:24:43.378965
a6da978a32bf7588,Suspended,2024-07-16T03:20:10.683869
f8aa28df0f280467,Active,2025-03-25T06:07:40.598111
9929c19d845974af,Active,2024-08-09T01:28:15.317986
826069120cb6937a,Active,2025-01-04T01:32:24.239839
98f28a3c7d997269,Active,2024-10-03T07:55:28.722371
13b757f9ab3c541a,Active,2024-05-17T16:18:12.880413
505b5a5f2a203cc7,Active,2025-03-25T00:59:08.189495
3e131bdac1ffd557,Active,2024-08-16T09:43:57.720245
706ce21d787da5a1,Active,2025-02-09T20:35:58.640167
daba711a1bb37246,Active,2024-12-09T02:14:20.188872
0f54fc45703d94ff,Active,2024-09-28T13:37:49.201995
1610b15a58b3f430,Active,2025-02-04T09:42:42.737393
43feea7367936a05,Active,2024-07-30T17:08:41.077350
763d9ff0c1edce5e,Active,2024-05-26T07:15:54.777157
98d558d9a878238f,Active,2025-03-03T21:42:44.069035
f3143e196ddbe466,Suspended,2024-10-29T17:38:35.945058
83baf2de36f8575f,Active,2025-04-09T05:06:22.048361
17d16a37beed0b82,Active,2024-08-28T11:33:59.696360
d9a35dc912384da0,Active,2024-09-11T11:53:10.982099
c2b8d48cbb945184,Active,2024-10-25T14:01:18.151129
21a70560b5a7ec30,Active,2024-05-11T19:34:05.312357
c8be207c7d7f1e76,Active,2025-03-27T10:12:55.575317
185d8a2af335c326,Active,2024-06-25T12:40:12.460377
348079fd9e991189,Active,2024-12-16T04:26:37.932214
996feeb5667efd82,Active,2024-08-19T11:32:04.961927
c8d3c9e26912e937,Active,2024-07-14T03:39:52.711015
4bc00356059a17d1,Active,2025-03-28T13:57:41.332999
2b2458b9ee6110af,Active,2024-06-15T08:06:14.006095
4f3e9c0fb4410105,Active,2024-10-18T12:34:57.999158
ee476c10eade0c06,Active,2025-02-13T19:21:15.957476
55aa3c9ee0edc8d0,Active,2024-10-04T03:34:26.098290
a2d230a75051bc04,Active,2025-02-04T12:06:07.806298
4ccf31cd6177d543,Active,2024-05-03T15:11:22.335525
a1480b52cfd998ba,Active,2024-07-14T14:25:46.234508
4b2c311054651835,Active,2025-01-25T11:23:57.656128
4d0b25f904eb580e,Active,2024-12-15T05:57:14.597224
5f30e954c1353aeb,Active,2024-12-16T05:58:07.009041
f146be3fe7af2e8d,Active,2024-11-08T12:46:46.983503
0f73c518a173978f,Active,2024-10-07T06:55:57.331261
65288fa9b44d5b30,Active,2024-12-13T01:30:30.634989
c4f9e5d5ff8147c4,Active,2025-04-06T13:54:45.407230
3941eecbcf43eea4,Active,2024-05-15T05:43:32.437826
3084fb1e4110db0c,Active,2025-01-14T08:33:33.136148
e8ccc7b41ff970e1,Active,2024-07-22T18:13:13.518271
405cf626075ea140,Active,2025-04-07T07:53:06.799845
88ecd95e41987062,Active,2024-07-19T22:03:40.623244
1dbd8b45e84c50dc,Active,2025-01-07T12:07:06.018417
a928b64ea1e703c2,Active,2024-05-27T20:29:09.028754
73b9b3a54a797cb8,Active,2024-12-31T18:34:04.414611
9c7c4ac6c6e0310e,Active,2025-02-18T12:38:30.999832
3ccbbaa0898d2d0a,Active,2024-06-09T19:29:20.272621
107f69544ecce280,Active,2024-12-01T22:05:24.910727
5eac622268beb319,Active,2024-10-24T04:57:36.077606
b5d715584310ef76,Active,2024-07-06T01:44:54.781902
78d97e8920bf31bc,Active,2024-09-30T15:38:32.517172
ebb118b1eda93919,Active,2024-09-08T12:42:03.030531
2252a71cda234265,Active,2024-11-25T00:50:16.651509
19a3b2b61e5b6729,Active,2024-08-12T20:09:52.460418
b4c83c873165e471,Active,2025-02-19T05:32:19.997054
f54b1ab16d80fd07,Active,2025-04-22T05:15:03.012191
ae13e0946fd3ca3c,Active,2024-09-08T17:26:35.225638
f3a62318a785be69,Active,2024-05-27T09:59:37.494987
3633febe9c20d677,Active,2025-03-27T20:58:01.418923
42e0b42faf839b46,Active,2025-04-04T09:19:06.442596
0dc669c9e57b046d,Active,2024-11-21T23:23:41.098702
b3899468b8c249a7,Suspended,2025-04-10T10:33:43.457903
8117dae923e8b6f8,Active,2024-07-11T04:35:06.883355
4db0ba4143ab8a5c,Active,2024-06-13T01:09:08.134186
b89f664f6131a09c,Active,2024-07-26T17:22:46.824072
ccae6c6424b8afcc,Active,2024-05-20T17:54:53.388958
9eb0a33faf53cba6,Active,2024-12-22T05:09:37.568337
55ae37a62be8c3b1,Active,2024-12-16T23:20:01.135653
bffeebce77581dca,Active,2025-01-03T08:21:25.737557
1249f8893fe518e0,Active,2025-02-27T20:51:40.995837
eebf6664e4584eb4,Active,2024-10-05T08:36:34.105166
7ebd1e9be2a83ccf,Active,2025-03-23T13:25:58.662981
044c5c1df2ed26c6,Active,2024-10-08T05:37:54.947653
c8f4ae25f1291e3e,Active,2025-01-20T04:24:37.554393
80df7802b9aa2dd9,Active,2024-12-15T15:04:16.379388
596a71b57c4125e5,Active,2024-10-22T08:18:41.160714
c4b4320ce6914115,Active,2024-09-19T13:25:01.545923
595456751473887c,Active,2025-02-14T02:18:18.112277
8e426cd3c602fb8f,Active,2024-07-29T05:42:32.111356
3c81c921fafcea8c,Active,2024-12-15T09:56:08.633944
ab3bf761217fcd4a,Active,2024-12-16T06:29:47.947231
ccd06a8b7a53373b,Active,2024-05-15T00:44:48.750888
d988f4d04abfc859,Active,2024-11-13T21:23:01.976444
a71be7e58daf5295,Active,2024-11-18T02:56:20.492967
0640e6dcd5cf0140,Active,2025-04-21T18:48:43.414984
eb148bd18533b800,Active,2024-12-08T07:18:07.600160
6ae1bcc165c00165,Active,2024-08-01T11:10:09.123636
3ab3e8e1ac6c4742,Closed,2024-05-16T02:36:10.638975
7dd4739222fb04f2,Active,2025-02-07T12:01:21.617285
b49c89d1d06243b3,Active,2024-11-23T16:29:17.471404
063c3dd6c944d906,Active,2024-10-27T21:02:42.672406
fde71481d3944139,Active,2024-12-26T04:56:53.244656
30e5c0879e3280c9,Active,2024-10-12T09:48:29.976530
cc19686b444ef624,Active,2025-01-04T16:20:47.856786
8c9ac4c8ef8c1f09,Active,2024-10-03T22:55:58.912559
503702f09d58bc73,Active,2024-11-20T12:37:35.534868
6399617e7e759ef0,Active,2024-11-28T13:17:32.663985
15082ff53d36ec2b,Active,2024-06-05T05:33:03.731092
8a84d31affdb4eac,Active,2024-12-25T02:17:46.220806
0e1b0164d4b078d9,Active,2024-09-17T21:34:56.203568
b8a725801fd62c48,Active,2024-10-05T16:21:50.715767
3fcf186cd50ec924,Active,2024-05-18T16:09:50.844835
f53fd70052abee8e,Active,2024-08-22T11:52:31.456124
939a15042a51e8b9,Active,2024-05-15T11:17:57.585992
7c9acd1e9a307613,Active,2025-01-20T07:51:51.738120
f50c9a3e005818b8,Active,2025-04-07T03:52:05.334656
747b11868bfc4c1d,Active,2024-08-13T15:27:50.250329
18fedb524ac4e53f,Active,2025-04-14T15:41:31.028334
4f692fde8267e1a4,Active,2024-10-06T03:39:03.315055
940f28d9d5905352,Active,2024-06-14T18:43:24.386184
2b3d647f2f06939d,Active,2025-02-01T08:42:17.919700
5731b2d8818cd4ec,Active,2024-05-04T23:53:07.075688
66abd2d5141beb66,Active,2024-09-05T11:12:58.331408
71acbc61de3b2731,Active,2024-11-01T09:48:18.291879
2324ab98d824a7ec,Active,2024-11-23T20:06:26.909262
34c23cf3008f8b32,Active,2025-02-10T11:38:54.577419
a6d62ca2448889ce,Active,2024-06-16T03:07:51.182345
4a5d1b1355d2422c,Active,2024-12-26T19:55:57.659852
a8731b72186bf7ea,Active,2024-11-17T05:03:55.935825
68ab5e96b80d219d,Active,2024-09-11T11:21:57.493396
5bb2404c0571cec1,Active,2025-02-06T08:04:27.565126
bf001aefea897a2c,Active,2024-12-09T14:41:44.395426
a3f57c314896f631,Active,2025-01-23T01:43:07.550356
be5da21a0f6cff68,Active,2024-06-25T10:14:34.408378
219e9417604c48fe,Active,2024-06-14T21:32:47.127978
16e8524904fa3862,Active,2024-11-16T04:40:09.264256
cced746fd5d42ff3,Active,2025-01-20T17:40:33.539876
d30b7d1c65d2b969,Active,2024-09-08T22:28:28.599627
8346253f7afa8e18,Active,2024-12-25T06:16:21.233335
724e5a53fd7fcf9e,Active,2025-01-13T21:43:01.596315
21ef9b85323ccdb6,Active,2024-11-09T01:01:34.100827
da4880b585012856,Active,2024-10-26T20:06:10.926277
665a99defc94a807,Active,2025-03-14T11:52:40.575572
9056825c49e4c3ef,Active,2024-06-10T13:34:19.425246
2c2c48b238fc750c,Active,2025-01-06T16:22:14.451346
6d1222c3d43158e6,Active,2024-12-15T11:15:54.378124
fea6a4762b6464b4,Active,2025-01-02T15:25:17.455023
e7ce4d771026bf69,Active,2024-06-17T13:19:59.558938
93ed603852904013,Active,2024-12-06T09:47:34.496037
8a5b9fa697aaf285,Active,2025-01-17T18:17:42.451810
02d671f741fcab85,Active,2024-09-28T04:04:56.484885
38605c6f5504e7e1,Active,2025-01-16T02:42:27.895250
47d7bf1aa31efdbb,Active,2024-09-07T18:43:57.142443
63df5e243db96944,Active,2024-07-08T00:10:39.528060
0abcfcc9dcd7646f,Active,2024-11-21T16:22:01.377283
93b9293d8e01f883,Active,2024-07-24T01:49:59.752425
eb9674788f85a815,Active,2024-05-07T08:29:04.502097
3bf072e0d2a3a46c,Active,2024-07-06T19:18:21.644709
c21c5479a08894cf,Active,2025-03-25T19:07:17.371207
924a5d8d8625cf95,Closed,2025-02-20T14:51:40.393164
ce5f2a97529d1238,Active,2025-02-27T22:46:21.649787
feab55ffb18a6dce,Active,2024-12-03T03:54:27.104824
fb96976aae1ef4b3,Active,2024-09-27T19:55:25.890093
d4c152661c19a6b9,Active,2024-07-21T18:51:36.349530
42ad96bc6753accf,Active,2024-08-05T17:15:31.554655
40d15b545f61ac73,Active,2025-01-05T12:26:33.009305
423762630dafba25,Active,2025-01-25T02:49:41.948770
9a328a6cdc8694f6,Active,2024-08-02T16:45:37.068466
7dd602c6c11aa053,Active,2024-07-12T01:15:41.355323
51ddf4329b3ee6a9,Active,2025-04-12T08:44:40.726695
1a7864eb533b6991,Active,2025-02-20T15:20:46.736006
3bcf9ef0b6894a18,Active,2024-07-04T12:39:13.329870
836606028431d09c,Active,2025-03-12T22:34:17.039768
6a5fc54ea02b1ef5,Active,2024-09-09T16:53:50.763485
31da53c68520d519,Active,2024-05-25T21:03:31.677272
7b90d60540f19fae,Active,2024-10-06T06:57:42.034394
1206fd76a0d0e757,Active,2024-09-02T05:13:50.213962
4c034fa7cf2f3909,Active,2025-02-26T12:03:57.245719
6faf20db3359073d,Active,2024-09-11T10:35:50.668614
e09e31278a0dc57a,Active,2024-10-07T17:15:02.331462
af4dd2af95fcf2eb,Active,2024-04-30T17:07:39.489222
9018b46f5449b167,Active,2024-06-25T20:10:23.040460
ec521dc18573bb15,Active,2024-09-11T11:19:09.813236
fdd963306970caec,Active,2025-04-10T00:58:59.467368
39c505d9a09570d3,Active,2024-08-07T19:03:21.635769
8d03adba5a8b0f0f,Active,2024-06-10T05:17:52.574636
47aef240869cef8c,Active,2024-06-26T00:37:50.034358
99d9ecebdff56c51,Active,2024-07-06T01:59:20.791165
7e207ffab0d8b986,Active,2024-08-27T08:02:59.521246
96f27319c4a28067,Active,2025-01-12T16:11:37.498613
6232aecf92aba3ec,Active,2024-07-02T11:58:30.989082
d2925405a261925f,Active,2024-09-13T17:02:03.255999
71da5706c1d23b8b,Active,2024-12-26T23:05:46.234816
fab6518efb050930,Active,2024-12-31T07:28:38.862438
bdfc742598cd8bb6,Active,2024-05-10T22:27:29.682839
640d11909763b19c,Active,2025-01-01T13:14:13.884845
9639e910ffed6652,Active,2024-11-03T04:54:08.009699
596da2b30db9451f,Active,2025-04-13T05:03:01.006209
de023401ff0982bc,Active,2024-10-23T23:06:36.488905
280d28eec6d32d1e,Active,2024-11-15T17:35:11.845708
3ec0b87d12a02e82,Active,2024-07-19T10:04:37.622807
5fcf96c587e566c8,Active,2024-07-10T04:32:27.585165
0e6230c3af363dee,Active,2024-08-22T15:14:44.124133
27ea5e18a7c7810d,Active,2024-07-06T11:27:16.226598
9f14e29624c249b6,Active,2024-07-15T18:13:09.630458
75eda968c5728d84,Active,2024-08-23T14:21:40.404553
26f47fd7b64cdf13,Active,2024-08-22T08:52:56.580493
755ab0180b89a32f,Active,2024-09-12T04:12:40.284721
dade913d69a16a3b,Active,2024-12-18T04:18:16.835425
048dbcf715aa3952,Active,2024-06-01T06:22:09.207847
72b07a60978eba25,Active,2024-09-13T19:13:13.539116
1c1768f05c061491,Active,2024-09-25T15:07:03.051343
855fcb9e0965c05c,Active,2024-05-30T08:43:04.552770
f7b99994f0265fe4,Active,2024-09-16T15:05:43.026966
80b854785aadc197,Active,2024-10-09T05:08:50.919124
5557af8253bbd436,Active,2024-06-28T06:39:36.002347
23b6522279fe7985,Active,2025-04-23T23:08:09.849048
72292f4af60965c3,Active,2025-03-20T11:04:26.094217
080954f17ce78774,Active,2024-10-27T00:59:12.477148
fdddaf498e711b48,Active,2024-08-11T12:46:03.536254
9a250dc69a6d9d47,Active,2024-08-05T16:30:39.674043
0b6ec3efcae6d16a,Active,2024-05-09T15:23:47.830668
78d3cb6104fe290d,Active,2024-07-21T02:59:56.051719
c18aa467ad8c7ef6,Active,2025-03-15T00:59:01.095815
f2d8d14ac91653bf,Active,2024-06-22T19:22:50.656065
ca4864bf70c98cac,Active,2025-02-10T14:46:51.192139
802594825c1adbfc,Active,2024-05-15T18:07:48.874662
fc701052b9550846,Active,2024-08-01T04:42:38.549250
045f70f76cf1b95e,Active,2024-07-16T21:58:26.340424
0a66da9e763ce56f,Active,2024-05-05T08:06:41.153677
328b5bfc0fb9eb6b,Active,2025-03-04T04:32:35.961854
3c97c95df2975cf1,Active,2024-10-06T11:10:11.354284
ac58758ca9e6a224,Active,2024-10-22T10:17:18.948106
cf8c8e32083932de,Active,2025-03-04T06:15:57.780149
f7fb5962ca2ad395,Active,2024-12-28T06:23:33.586153
3e65fb9d4c2692ab,Suspended,2024-07-18T23:48:38.516514
eb703af2d17b1e32,Active,2024-05-02T01:50:16.487203
3104185be28e09d4,Active,2024-08-21T11:28:31.615840
4ac0907e297e53bc,Active,2024-05-23T06:43:45.896776
171314142fe39a63,Active,2024-12-31T14:02:17.303358
6e173e67b8304cda,Active,2025-01-02T22:11:42.204666
a25607f80f468169,Active,2024-07-04T10:28:18.817271
c60d5c93264f5e71,Active,2025-03-26T10:23:51.410421
00dc9f9ba7ad01e2,Suspended,2024-07-05T06:51:43.274528
2576f5db1ce41d7f,Active,2025-04-22T06:21:31.039383
66b10ef952b71d24,Active,2024-11-29T02:40:08.277358
abf4de1bea2c31b5,Active,2024-06-27T12:10:47.056540
b129f7197203cc61,Active,2025-01-09T01:43:19.479045
b1a38c58661a9ab2,Active,2025-02-16T06:58:27.027580
14d7245354bb25e6,Active,2024-07-14T17:40:43.802968
ba5d1cbf257f0df9,Active,2024-12-28T03:42:10.503475
ef34145e672fb8ef,Active,2024-11-23T04:23:53.634781
ad0c662572d05ffa,Active,2024-12-14T06:56:41.930020
7cd27a6cb4130b02,Active,2025-03-25T17:57:47.994601
6debfea4fcb1ae7a,Active,2025-03-18T11:44:05.501722
1b9fda84cfeab123,Active,2024-09-08T22:41:15.633473
03b5a0d4b1c9ee0d,Active,2025-02-25T19:29:33.279146
6e71ac5b407d6314,Active,2025-01-10T15:59:00.641182
638f4be436727935,Active,2025-02-17T16:21:27.957439
80e5905620400cbb,Active,2024-08-14T04:16:21.211600
2d8705a7e66da0e1,Active,2024-08-11T09:09:39.939687
ebb09d2fffd05ebb,Active,2024-11-15T18:12:38.818063
f14db9b6755e6d77,Active,2025-03-01T00:15:34.973426
a54e936b008695fa,Active,2024-11-06T11:35:50.531477
fea2f0b7deb768c4,Active,2024-09-07T16:16:32.492393
8d7e888957bebca9,Active,2024-10-01T11:57:31.830319
1c582e552b35e161,Active,2024-11-30T13:05:14.163080
7fb0b0b408a47d2b,Active,2025-02-10T04:16:16.624725
a395d2915bcfd3da,Active,2024-07-02T07:29:18.082374
853946662ff09bd9,Active,2024-10-25T09:55:06.335478
37b8ec6bd8c7068c,Active,2025-02-12T09:38:44.721289
629efe2e3b0d348c,Active,2024-12-20T16:25:22.258541
a3ba2fa4638b2822,Active,2024-12-21T17:00:19.287270
8a335b590e0261d5,Active,2024-07-01T07:22:27.503076
34cbeb5429307f2a,Active,2024-07-11T20:11:57.213615
0570cdef3b45ecf3,Active,2024-08-09T06:16:49.180280
4b7147849432c0f2,Active,2024-11-09T02:20:15.547655
9210b5f62e2f8d7d,Active,2024-11-07T06:40:42.024034
f603df05bc70b822,Active,2024-09-13T07:37:10.232564
3aa9d92744559bbe,Active,2024-05-05T04:58:10.476568
77ec8ee6849959bd,Active,2024-11-10T02:58:05.441482
c4daa192e73214f1,Active,2024-10-20T03:36:33.711650
cc344498884a3fa9,Active,2024-05-25T13:18:21.405404
1b6c953bdb29c847,Active,2024-12-15T10:04:53.481117
a23f01b4d637fbe9,Active,2024-11-25T17:58:19.255188
300f8724677085d5,Active,2025-03-01T19:35:24.728585
a66abece5f8a7440,Active,2024-10-16T19:23:57.491130
f066298f892cda3c,Active,2024-09-22T19:23:29.276923
c35cee04319e2676,Active,2024-12-14T08:00:10.619448
ce6e0fce4a62fd52,Active,2024-09-16T08:02:56.561541
443516d011ab786d,Active,2024-10-25T13:28:15.358735
58a85ba977d93fb5,Active,2024-06-09T19:51:53.005213
30920accb5fcb3d8,Active,2024-05-23T09:17:56.877720
ad2197e37ac56c7b,Active,2025-01-11T17:07:13.460860
1d7b061d1871132a,Active,2025-03-12T18:42:55.204725
44081ee34db002fa,Active,2025-02-19T05:09:58.151916
c757f4b36545bbb5,Active,2024-08-10T15:38:35.537164
f1a4839e751ee506,Active,2024-06-03T05:21:24.705469
5295f6db9914e38c,Active,2025-02-19T04:47:04.607867
1989f16802021e5f,Active,2024-10-26T09:25:40.439216
4f97b1c91b795486,Active,2025-01-05T14:34:43.987387
f1cc7f64b4a3246a,Active,2024-07-22T08:21:21.156487
34377a7e9a768486,Active,2024-12-20T14:34:36.224470
5087d3f3366bfbb8,Active,2024-09-18T13:06:22.547185
a68fba8ed4eb2e12,Active,2025-02-11T11:28:05.595489
1230429707dcd514,Active,2025-04-28T05:15:02.755973
63e5996152423edd,Active,2024-10-13T04:57:28.698696
45d64a320ef0878e,Active,2024-05-31T14:31:00.776097
69d4be90e36c436e,Active,2024-10-22T08:37:40.594604
a4ff97c63263d4f8,Active,2024-11-06T18:02:40.776455
b812b11d61449083,Active,2024-09-05T11:42:30.552293
80866c71cc05aa50,Active,2024-06-01T05:58:53.197348
84f80e92daaf6d81,Active,2024-06-09T10:20:59.341615
bcabdade8cf56780,Active,2025-02-13T00:21:56.477473
407844961c53bc9e,Active,2024-09-01T08:41:51.674980
b41957be3f5471e7,Active,2024-07-29T12:57:42.775548
ebc038bf01647e36,Active,2024-12-30T17:38:40.967440
3412ac2b86d1924f,Active,2024-09-06T12:50:58.450804
1201ac6609e05616,Active,2024-07-12T10:29:54.436489
55d352a2e068f171,Active,2024-06-09T17:37:21.719607
1072ff0d92c405f4,Active,2025-03-07T06:43:55.062378
8827c322f2eba74e,Active,2024-09-10T10:46:30.523398
f49d97334740d352,Active,2024-11-29T16:20:05.630787
5e5d24ad04ebc866,Active,2024-05-13T21:37:31.385287
27c1bf5d6954e361,Active,2025-03-01T07:14:18.422442
9e08b3fa8203f700,Active,2024-06-25T18:44:38.279774
9905b95b4585a422,Active,2024-10-07T19:26:14.431288
97eaf94c432132a5,Active,2025-04-11T00:25:29.185022
796299742a513006,Active,2024-05-29T21:04:59.638239
4808c0dfce7d48c9,Active,2024-11-14T11:30:16.933689
88ef809bf29f2a77,Active,2024-05-30T10:53:26.440375
6e289ae6277ae109,Active,2024-07-28T03:46:22.325176
428c6c8220f77373,Active,2024-06-27T18:59:29.225423
087096d8a4dc93c7,Active,2024-11-24T15:23:21.602978
02e6958fde9e65e2,Active,2025-01-24T17:31:55.155282
3551e1411a575939,Active,2025-02-10T14:31:50.173828
de937bea1e34b32d,Active,2024-10-28T12:05:10.296395
9e87b6a936055e93,Active,2024-09-27T11:47:02.306067
e151c4dca7c29123,Active,2025-01-18T23:34:41.416659
970fee8dee80b531,Suspended,2025-04-19T19:44:53.336341
6a2e86d2b3c7af4e,Active,2025-03-08T18:38:17.578823
727569cb7d314468,Active,2025-02-09T05:08:52.338067
46ca9dd6d7f44081,Active,2025-01-01T14:55:03.509682
4f73af5f2bf30361,Active,2024-08-22T23:26:38.123183
9244ef673f7b2418,Active,2024-05-25T12:50:58.125690
b735c6f6ff5c1972,Active,2025-04-17T07:13:14.538739
fe2bb7df009c9ab9,Active,2025-04-26T05:59:40.791010
167dad30bceee31a,Active,2024-10-12T20:46:02.658360
ed47e553a1bd0777,Active,2024-07-06T22:30:04.445888
468c04b71c20df3c,Active,2024-05-07T20:49:45.222088
d45a9e8b827ba66d,Active,2025-01-15T15:54:04.764342
9db4cba76b175360,Active,2024-05-26T08:00:15.182391
96649e121cbe54ac,Active,2024-12-02T16:33:47.018648
1e61eb3d733ea1b5,Active,2024-12-18T11:25:37.443281
d4364adf387f688e,Active,2024-06-20T23:09:46.515890
cddc3de4ab7ccf4a,Active,2025-03-23T10:17:05.686423
86643b3490c50cff,Active,2025-01-11T10:58:38.167060
f6d7e60d95cf672f,Active,2025-04-23T23:35:56.556029
248778d965ac7461,Active,2024-10-15T21:51:23.746006
8f3e48b0c0d102a2,Active,2025-03-12T13:18:56.205293
c1f416d654b0cd27,Active,2024-08-27T14:09:05.797494
bddfb21e03c75420,Active,2024-11-13T20:14:15.328621
fc8010d0fdbe05a3,Active,2025-04-28T16:02:51.398849
056a6999aa43e362,Active,2024-07-07T03:12:19.595248
530419bbba958d9b,Active,2024-08-01T03:34:35.346577
66818d078b671302,Active,2024-12-20T02:17:27.536571
e3cff51cdc701297,Active,2025-03-22T11:48:09.111730
0541f6ef0aa627fe,Active,2024-09-22T15:54:30.224796
2fad81cb13211aa3,Active,2024-05-12T20:14:38.289460
818608f2d404f418,Active,2025-03-21T21:55:49.157544
7f9d199b2a5ff3c3,Active,2025-03-05T01:32:51.258097
ea684639511a28fd,Active,2024-10-04T09:58:31.521441
eaf7042427ddef08,Active,2024-06-04T14:36:37.457189
df319d61b269e399,Active,2024-07-12T09:59:02.560238
e852701e47624dc9,Active,2024-10-31T23:24:53.386595
02970b7a71114b5b,Active,2025-03-06T15:44:31.937061
22cea6b04fae6171,Suspended,2025-03-09T23:10:09.029339
4978eee3026c13bf,Active,2024-08-03T11:25:59.159576
0759adb796901ed4,Closed,2024-07-09T19:15:44.535025
c30ad839f64487cb,Active,2024-09-04T14:40:14.784998
2fa6e08c07eadf54,Active,2025-01-23T23:08:21.842793
caec09b56dedc484,Active,2024-05-24T10:14:09.016877
e0c8522ad2f20aef,Active,2024-05-18T05:34:31.190576
76a5bad138d2f5bb,Active,2025-03-15T02:44:32.327041
7901260e262725a4,Active,2024-10-15T14:10:56.094891
145aa6d8e0fbc0b8,Active,2024-07-13T04:46:54.604167
99259f22b47f41ae,Active,2024-05-11T12:33:49.807037
8d3ec63d5b1a34e9,Active,2025-03-25T02:32:10.297475
6ce8818fbf9286ef,Active,2024-09-14T09:41:56.637507
91033d7a9bf456a8,Active,2024-12-13T01:55:40.115412
494a2eaf3512dd69,Active,2025-03-19T16:54:43.195727
76abb8e365220bdf,Active,2024-11-11T03:01:38.489791
2fb13802a39547c5,Active,2024-10-24T09:28:20.951935
834d56642434edf3,Active,2025-02-15T01:18:25.687563
5e2ed56a9c0a1c5e,Active,2025-03-29T16:08:16.008440
ec2b26ab5f52e0e1,Active,2024-10-22T01:08:07.947736
33a22c4114919804,Active,2025-04-27T13:07:44.892702
1d0cf10df06095c2,Active,2025-03-27T12:11:01.632501
bd906c3424919171,Active,2025-02-03T09:43:33.630598
49ec9bc5d312b935,Active,2024-05-14T08:16:54.135208
dc6875e87faf967a,Active,2024-11-24T08:22:38.165869
11688b52ef70980d,Active,2024-12-20T02:46:14.426312
280b1a6a62b17d53,Active,2025-04-26T14:49:52.923808
e2f84dcb2c7f0419,Active,2024-07-28T20:42:32.328754
0d326f7eab81765e,Active,2025-02-07T21:57:44.155910
b2d68a05ada581a3,Active,2024-11-19T16:52:00.085662
1a881db067bf455f,Active,2025-04-19T17:43:12.212646
9bb6a56ac5e954d7,Active,2025-01-26T02:03:40.021307
aa58428b81f076a9,Active,2024-07-24T15:38:14.418488
38fc3f1e024f89bd,Active,2024-11-24T06:57:20.349236
a900378d14c33f21,Active,2024-10-23T21:01:58.919453
4c3fbdcaf8b7bd44,Active,2024-09-22T07:48:23.220008
26ccf1e1d439b93b,Active,2024-05-02T07:46:21.144511
89850d53f35af6a6,Active,2024-07-04T15:57:15.363945
50fe0fc4e119fbbd,Active,2024-08-29T16:05:32.969023
8f95443b5a77f17c,Closed,2024-08-11T17:09:09.419958
1ce7ae2719ace062,Active,2024-05-16T10:44:19.702453
d0498156a816b5a6,Active,2024-04-28T23:00:56.243205
8c41bb813e004e52,Active,2024-09-12T01:54:41.140606
10c4e0ac220172bb,Active,2024-07-09T07:26:30.948004
1cd36364f471e6c9,Active,2024-11-11T04:08:00.072578
0e820bb641781ccb,Active,2024-10-04T22:22:46.611194
f5ae012b449cf951,Active,2025-01-14T08:24:18.042800
bb5469a2ef46ca65,Active,2024-05-30T05:07:16.756101
083dbb1818d6eb75,Active,2024-12-24T04:24:17.622685
2d03504fdeb7084c,Active,2024-10-16T11:38:55.180576
765797c303634491,Active,2024-06-21T10:04:20.620064
c0d925797b1065ca,Active,2024-12-07T17:00:43.418256
f5dda111a544fc6f,Active,2024-07-06T23:22:04.947723
35eccf06f9f6ebd9,Active,2024-09-19T01:45:55.301205
3aebe7a38edf5c85,Active,2024-11-24T06:38:41.025890
0b0fa171205e1b09,Closed,2024-08-14T17:12:39.081273
232dd437843d9e89,Active,2025-03-31T13:49:14.097648
e3de285cbb2f0a57,Active,2025-03-11T11:08:15.714378
a23fed49e981b30f,Active,2024-11-28T22:04:37.271943
748f79fd9d9dc3bd,Active,2024-10-10T19:59:20.525837
ec6f6cfc90e1869e,Active,2024-12-23T22:24:01.330719
34b39ef526bc1ee1,Active,2024-12-20T04:54:55.025252
9b3ebc0c8e9f117b,Active,2024-08-06T23:44:12.731347
22648ae21533ec76,Active,2025-03-13T11:50:00.847786
a4fad6f839127a83,Active,2025-03-24T06:19:07.480059
cfe47c5b51fa6ff7,Active,2025-03-05T22:40:08.475533
a110f0bfc69debf4,Active,2025-02-09T19:49:01.631955
1aee0a3818b9f1f2,Active,2024-08-29T22:41:34.295246
aaf86339807f5b7c,Active,2024-11-18T09:20:05.258802
6f2b50e0c893c11a,Active,2024-07-15T11:24:21.096887
bb5e9ebee58da802,Active,2024-11-17T22:34:13.117216
86663a0d894dc550,Active,2024-05-25T05:20:54.879912
06fe419344b9a799,Active,2024-09-13T01:14:39.987998
b9a938f2141e4305,Active,2024-11-04T14:22:05.396669
53a68b7005ce80ba,Active,2024-11-22T11:21:11.288143
0d9be521cda03d42,Active,2024-09-20T01:19:49.274329
78f558ab4138c1ce,Active,2025-04-22T15:24:28.398840
5bf0a8e822cbbc41,Active,2025-01-11T09:37:05.627432
c1bb95f39df6e56c,Active,2025-01-14T02:31:32.926841
b2f4f4427034f91c,Active,2024-06-13T00:23:13.487264
3cb8e5762e82df3d,Active,2024-07-28T07:49:42.830876
23c20596f25d5905,Active,2025-01-30T07:55:10.051338
243873b0a814f4fc,Active,2024-08-09T17:48:22.303000
f98f1ef659b1469b,Active,2025-02-09T03:46:30.211088
b7a9d3e848d20986,Active,2025-02-10T13:36:42.603458
9f47bf3dfaae501f,Active,2025-03-02T00:32:29.006102
cff3a97210f640fa,Active,2024-12-10T22:47:12.312141
df886a6801f4b683,Active,2024-07-19T11:35:47.711766
68b1773209888b0a,Active,2024-06-10T14:55:07.741278
68eda312b4b9f497,Active,2024-09-30T02:06:38.789225
3bd4ed0365235ae9,Active,2024-12-10T04:53:40.216040
0437b969695259d9,Active,2024-12-04T05:00:54.655830
cbc0e291c6d169eb,Active,2024-09-21T05:47:06.575183
645f1c7e42eee098,Active,2025-03-25T10:08:23.514638
123188f348d1774b,Active,2024-10-21T20:37:32.353199
7e311ed0a5b2a32c,Active,2025-03-08T19:16:04.743371
dcd6254135534b17,Active,2024-10-12T10:35:31.601006
4bc79015bb347d3f,Active,2024-09-25T03:24:54.463495
532fbb5ff348a3b2,Active,2025-03-07T01:04:00.147138
a1f03820fd596df5,Active,2025-01-09T13:46:26.977765
653b37dd214053ea,Active,2024-08-21T12:38:42.382589
18a5a7ff46bcaf81,Active,2024-12-29T09:48:45.099535
e0b01fcf024af587,Active,2025-01-20T23:08:14.060398
26dc0d20b9b6dd4f,Active,2024-06-16T22:48:21.103754
2dacfcba284ecf72,Active,2025-02-04T08:18:21.282081
6f7615f086d5e61f,Active,2024-06-13T19:26:23.837558
2efaf1ee6b900934,Active,2024-12-18T09:49:06.752453
2ab05e935b71bea9,Active,2024-09-01T23:03:20.162261
f448f27c8c15017f,Active,2024-05-08T23:45:19.675708
dc400a3249e86796,Active,2025-01-19T01:28:10.328482
cd0ebe5bea2413e8,Active,2024-07-31T04:05:27.906704
3b0350be4ba724bb,Active,2024-11-25T05:43:39.358592
ccba9b6d85a88c7c,Active,2024-08-26T19:32:50.246123
db6739760de03e27,Active,2024-05-09T19:45:20.306217
400ec6b31d1dc0a5,Active,2024-10-08T14:41:21.403707
d9029fa643a8056c,Active,2024-12-20T21:41:16.675666
8324bfdf4d587833,Active,2024-09-06T00:23:27.082422
b678b0f9affe3e25,Active,2024-05-19T17:55:23.494762
321bfd1b7e060413,Closed,2024-12-07T21:51:38.030353
525cfaddeb709c4c,Active,2024-06-01T13:55:55.761675
ab5645ba046b495a,Active,2024-08-12T17:06:39.432638
b38f5500d56eea29,Active,2024-06-12T21:45:33.049999
04ceae9440ce2983,Active,2024-05-22T18:38:06.209645
440cfa9ae7e27222,Active,2024-10-11T07:05:37.910283
c4d43892232472ba,Active,2025-04-13T17:30:44.384093
54c393ade9e8d5fd,Active,2024-05-15T22:02:27.004681
b5bf4238e7ddd1f8,Suspended,2024-05-11T11:52:27.071114
8657cb7bbfec4c9d,Active,2025-03-09T12:48:33.340846
c210b6102b8d23f7,Active,2025-04-11T16:05:31.398474
56ac6c6600d3327e,Active,2025-04-09T19:01:29.235424
5970b69075cf1797,Active,2024-07-11T06:02:25.014096
3955c9153d2fca4c,Active,2025-01-27T23:46:27.554713
cb11650a8c7e2e00,Active,2024-10-15T07:42:48.775936
dc6e40ea095e1f17,Suspended,2024-11-11T03:23:28.898719
97d7ceb165268f1b,Active,2024-10-05T05:17:21.327139
2970687ce4852130,Active,2025-04-04T05:13:49.917228
454f237dd4fae08d,Active,2024-12-03T12:09:12.189541
4c6d0c82dc1c8d46,Active,2025-03-13T21:43:44.331179
6afc51207bc4b871,Active,2024-10-08T22:03:07.176360
df102d817646857f,Suspended,2024-10-26T18:58:44.961224
815bf2ffb92d9ed8,Active,2024-08-02T22:56:23.881528
66ad20bd71dbfff5,Active,2024-08-04T13:28:49.456432
0015844e8073cf86,Active,2024-10-01T20:51:55.671911
0a913087adabf5b2,Active,2025-01-01T21:46:29.536473
cb6ebeec4fd1b3c1,Active,2025-02-13T22:45:09.527182
5e0881a5c00a6044,Active,2025-02-23T05:30:24.655851
f54125d60c37032f,Active,2025-01-18T09:55:28.645251
374af4e702e57ebf,Active,2024-08-11T06:54:51.608914
f4c12b1e09c74aff,Active,2025-01-16T08:47:02.149883
d9469ae3456e9ad0,Active,2024-07-20T05:19:17.515980
471379290d89610e,Active,2024-09-16T14:09:41.490371
ebad9591c5acab8b,Active,2025-03-15T05:14:11.646537
3668699499d2a919,Active,2024-12-25T16:40:47.333169
47ca5b325d9842a7,Active,2024-10-03T20:04:19.003888
630b63c4fd6546f3,Active,2024-10-13T00:49:48.290642
e7b10f50ea983ad2,Active,2024-12-28T14:39:25.971286
d16d7cc28fcce19a,Active,2024-11-18T13:45:43.352045
7f494519130efc3a,Active,2024-08-27T23:37:05.912700
1c0b2df2c3021c8d,Active,2024-10-11T20:11:43.388529
932fb247ab03d5e5,Active,2024-10-02T12:12:24.452562
00808a25617d65cc,Active,2025-02-24T04:47:58.504433
f7a0d9c16a767af2,Active,2025-01-26T09:13:13.897117
dbb08b8a07b2a07e,Active,2025-01-08T08:38:29.593066
2dd375f81f341f2e,Active,2025-01-20T04:57:50.646801
90f990d9ced00505,Active,2025-04-20T08:50:59.457675
2b614357b10f9ed7,Active,2024-09-08T13:31:55.981019
67d8f61968ee5dd9,Active,2025-04-23T07:03:30.604850
fd3a74f088e4c9dd,Active,2024-09-16T02:27:19.002580
1d98a5caf5956533,Active,2025-04-05T13:53:21.934262
51e540c22ad97722,Active,2024-11-11T07:19:46.096881
9883b88111fcdcaa,Active,2024-12-04T20:42:02.562245
5b0ca289bc6b0ae6,Active,2024-07-07T05:16:03.868999
2e8f0cee97045fdb,Active,2024-12-16T19:01:35.360477
f817bcb26cf1fa3b,Active,2024-05-02T10:20:36.535224
d69f4c51e61e6e37,Active,2024-10-05T11:14:21.426806
e7c3434b32d3e9a5,Active,2024-11-16T18:30:28.637978
8b65b8efcfb47717,Active,2024-05-31T06:10:54.989651
ce7efdcf8ce4cead,Active,2025-04-21T18:25:43.220396
e6d8e666f946ff48,Active,2024-11-06T00:24:40.515118
8152db855b765a8f,Active,2025-02-09T16:11:10.061245
96491ac7beb8c0f1,Active,2024-10-05T17:32:36.070602
87e51c1c059aaa80,Active,2024-12-15T04:29:49.360053
93e811cc4cca1813,Active,2025-03-28T16:30:14.192918
51deb0f442654c91,Active,2025-04-13T20:03:46.313871
99498d8fc990edf6,Active,2024-08-03T21:38:39.789880
864a81b4a8b1f571,Active,2024-10-30T21:12:46.638916
859ef3e5d6743695,Active,2024-07-28T03:26:14.366780
da8b32f334470014,Active,2024-10-13T12:16:11.906009
ebba49576c07ce14,Active,2025-01-12T09:31:14.366062
6faced663515fbe0,Active,2024-05-18T13:21:53.577387
7f046cdace4f79a4,Active,2024-09-16T07:15:42.964542
d2e2bba98110ee2d,Active,2025-03-08T07:59:23.460751
1cace404a0e5d2c9,Active,2024-12-18T16:31:49.579367
25ea5036436d3025,Active,2025-04-06T01:38:26.617611
5d7805c71fb3c8b0,Active,2024-07-21T21:33:09.739547
7793624a3db7bdaf,Active,2024-06-26T10:43:17.985037
6d86e4a5a745c2c4,Active,2024-09-18T21:13:17.492130
8f012a149c1aa83c,Active,2024-06-02T14:43:27.793529
aa47a711089219bf,Active,2024-08-14T21:53:52.757213
a27ac4a46e2d2883,Active,2024-08-14T05:05:17.058850
8e52cdb6dd02f886,Active,2024-06-26T22:17:24.177309
7d50cd297fac02dc,Active,2024-09-09T12:41:26.777725
b8bdb607aa255f71,Active,2024-07-01T08:20:51.818241
1936c6a07f15fb02,Active,2024-10-09T05:52:19.502373
744eb1620651862c,Active,2025-04-13T08:13:22.790250
c098205dd9892d4f,Active,2024-05-22T20:32:20.237242
a31f9b2cbba6f638,Active,2024-10-18T04:07:01.603155
d6479cc2c2f3883f,Active,2025-02-20T04:36:31.488708
54e4a1bb4c17268b,Active,2024-10-03T04:24:44.702201
4b9a43319805e12e,Active,2024-12-02T11:20:00.501700
ebf1ca51043d2d9a,Active,2024-08-06T10:21:17.166552
e47464e978daeb2d,Active,2025-01-19T13:15:45.961212
bb8e005600bb487b,Active,2025-02-13T15:27:06.629628
74ac82dafdf87f35,Active,2025-03-19T21:18:28.622648
cd7f0b37a6fb6ece,Active,2024-11-29T03:07:49.875257
9996f873de3496fa,Active,2025-02-07T21:04:02.376544
d5c79355d1867d8b,Active,2024-06-18T15:25:18.794214
81a370f1106c98ec,Active,2024-05-16T16:56:19.578327
7e01f5b332c82cf6,Active,2025-01-19T05:06:50.473864
167a6bfcc23f6c45,Active,2024-10-06T18:50:55.901287
012f1fad1258746e,Active,2024-09-19T02:37:40.497830
fc47ac5c1a18b3d5,Active,2024-10-22T19:15:30.026396
732f3528782e51bf,Active,2024-11-01T10:55:46.275998
2514f4966083e38a,Active,2024-06-09T15:13:38.652179
2c68dd12eba22bb9,Active,2025-01-19T16:25:47.219058
e39752624a1372ca,Active,2024-12-13T12:09:22.584052
981925d598455a3c,Active,2024-11-29T22:13:53.876425
f46cfc9735fd389a,Active,2024-07-12T19:46:38.935419
103ba7e782e8e981,Active,2024-06-10T02:31:45.364192
f785fe13ef991601,Active,2025-03-04T02:37:28.649759
75d90f208a293bf8,Active,2024-06-26T12:35:12.896315
42cb56847b95424e,Active,2024-10-15T14:57:57.934573
7497f955b091df28,Active,2024-09-23T07:05:10.335006
759a2146764e6ef4,Active,2025-03-20T20:09:04.932795
6db75a3e09827c06,Active,2024-10-23T22:37:25.667403
18d668e434454ce1,Active,2025-02-03T21:42:59.709094
4698ebc42e596bae,Active,2025-04-07T19:41:57.897215
0e8bba6f68070908,Active,2024-07-08T01:20:55.677734
e4e72a8370c0cb58,Active,2024-11-10T16:07:08.810724
bc836696715c9039,Active,2024-06-20T22:42:19.799645
2f668a1b81c25e85,Active,2024-11-10T02:01:17.591723
ec5126c2a9f0dba7,Active,2024-07-31T21:36:42.109863
32dcb0f80e957583,Active,2024-05-07T08:39:20.649569
835bb5d80f137296,Active,2025-04-28T06:05:24.505278
9ea9f4bb860dc18a,Active,2024-12-01T16:06:14.571310
a0ec48d8929b059e,Active,2024-05-12T13:16:06.766052
2cb47d3d1b1165de,Active,2025-04-28T19:55:41.206000
a4731640f1a80232,Active,2024-08-14T02:56:51.528269
f8b43b976e35b55b,Active,2024-11-04T01:31:28.022250
d02dc0fecca9e3d8,Active,2024-12-29T11:03:42.505929
1ff5c349544677c1,Active,2024-10-29T22:13:15.022462
c805f2956123d40e,Active,2025-02-26T06:43:22.061158
006a6225de6c8774,Active,2025-01-21T00:03:46.975711
a637c29bbd4ccd73,Active,2024-07-07T14:59:46.355866
5d8478571596a5bf,Active,2025-02-13T12:56:42.673319
1147b32cae5201e5,Active,2024-08-01T21:18:15.502982
df609fabfec8b4ed,Active,2024-11-08T03:29:19.721495
5db852450aa81d5f,Active,2024-10-22T03:26:46.558348
7f4e27861256bf90,Active,2024-10-29T06:33:01.621677
f43f0c9406e0e5b8,Active,2024-07-22T01:34:13.105977
9fd20fd72b21b39d,Active,2024-10-08T08:08:28.262326
960b511dbe700884,Active,2024-12-06T22:52:22.241453
7fcc97a93d02c9cb,Active,2024-07-09T00:20:37.618334
ca11468a35b6a3b0,Active,2024-09-15T02:05:11.159448
83fe25c559c6acc1,Active,2024-10-01T20:25:17.803157
4c2a6223f0707f22,Active,2025-03-01T01:26:59.440683
05e22229ce61ed01,Active,2025-01-04T05:51:41.878163
349e37e49f6a8033,Active,2024-11-05T01:13:33.494080
1ef16c9f71e19e3b,Active,2025-02-20T23:28:41.058926
dc6814103a637e80,Active,2025-01-31T23:43:34.835534
b4408f8a4f387b6a,Active,2024-06-26T19:19:31.208018
366ca9ac6a7898c1,Closed,2024-05-18T07:44:50.901277
88952b311c62abb3,Active,2024-08-20T01:47:12.041942
c3cf3b903903cd5f,Active,2024-11-16T22:51:21.885121
002c8df2d21b7b14,Active,2025-03-20T05:01:05.898696
840cb6984e7f03a8,Active,2024-08-13T12:29:10.217490
967c58a8adb0c13d,Active,2025-01-06T08:12:41.830748
68f11240e7da3957,Active,2024-08-11T08:07:59.628817
fcffbc06ed309ad5,Active,2024-08-03T18:52:53.867203
f4ea829cee9f1557,Active,2024-10-09T12:36:22.337142
5b2dabf1d3455e20,Active,2024-05-26T17:21:43.221358
385012157025a381,Active,2024-11-01T06:36:51.629737
b317946f199eb0de,Active,2024-04-28T23:11:45.496711
483d961ea9306eee,Active,2025-01-14T07:02:05.619565
07bde6a1ceeeb160,Active,2025-03-07T16:35:55.269161
65452e65345868c7,Active,2024-11-03T21:17:30.639633
4338ca5fd555e73c,Active,2024-09-29T00:43:13.403462
92f24ad452b71eb2,Active,2024-09-04T12:36:27.224530
ccb9ee0141bf71e5,Active,2025-04-15T02:23:08.274598
0e22f48be2174f79,Active,2024-11-14T06:39:43.772891
506502d958226d32,Active,2025-03-03T03:47:07.532437
de71ab5e8e4e05e6,Active,2025-04-15T02:44:25.339273
40aa2112d02977d5,Active,2024-07-03T19:01:30.714352
a60f0f2de73411ed,Active,2024-09-21T19:29:10.043441
90522e68a9f44e49,Active,2025-03-05T20:02:48.369309
ee5fbf853374673d,Active,2024-12-11T10:42:44.808803
924bc0d989384766,Active,2024-09-04T15:39:33.258639
99daf143029e285b,Active,2024-05-02T20:51:15.281225
8e0c206cb276a021,Active,2024-12-20T23:47:43.120825
da7e454c8390908d,Active,2025-04-09T19:25:54.817300
a7198b3bd1354238,Active,2024-08-12T19:09:15.688985
ce765a72d201b4fe,Active,2024-07-24T00:42:23.287171
9f70fe879551a600,Active,2024-10-22T12:47:22.328481
1b57a2a95a5e0d3d,Active,2024-06-09T14:03:20.128353
1761f3cf89057a86,Active,2024-10-10T03:10:56.348051
39eb958fffa22b39,Active,2025-03-28T01:14:36.938408
1709d339c3089ea7,Closed,2025-03-13T20:33:22.218032
7d6e5d6c598b9409,Active,2024-06-27T09:07:42.497915
47fa8fae9c72178c,Active,2024-11-06T19:02:52.846506
d364a7cb7e42d785,Active,2024-10-23T23:50:49.722711
5ee4df74de516def,Active,2024-05-27T18:39:10.995076
a8ec59d59a4d3928,Active,2024-10-22T18:55:42.084558
b544521b05756f09,Active,2024-07-02T06:28:44.051207
c5bc647301e5888d,Active,2025-03-16T19:35:44.659040
7f65a4d59927c4a7,Active,2024-08-01T05:06:16.658110
18fc4c14bce97ea3,Active,2024-11-12T15:53:43.793418
780b6e30a0f5cf2a,Active,2024-04-29T12:46:19.059186
d9687cf523d02db4,Active,2024-06-29T13:35:34.021666
414d5819049778af,Closed,2024-09-14T12:15:37.469347
05ca1a087cf04c80,Active,2025-02-20T16:44:35.647253
9484b1ed27846237,Active,2024-11-19T09:58:13.429111
1fa4149b1d98eaf7,Active,2024-10-31T20:48:39.515065
7321304bb792f383,Active,2024-05-13T10:19:04.299756
a5b097dda82de3f4,Active,2024-10-10T03:47:29.732531
89463607b9561874,Active,2024-08-30T16:58:38.815394
297a508187bf9513,Active,2025-02-15T10:32:57.394670
3923082f01b29ea4,Active,2024-08-25T02:18:36.099091
b8d2206597214e95,Active,2024-05-03T04:49:16.528857
d359b5a6e2291661,Active,2025-02-07T06:30:28.313914
2c9553c367da47f3,Active,2025-04-02T22:15:19.365424
fa6b304729f1746e,Active,2024-08-20T08:09:21.167607
ee648cc8283f906a,Active,2025-01-08T06:10:39.978948
b724060bf274699a,Active,2024-05-22T13:41:07.121955
0aacc55e7a8d783d,Active,2025-02-14T17:46:07.181400
b3d3a77842459197,Active,2025-03-29T23:51:06.240848
8f285dd57e2b3b19,Active,2025-04-16T13:12:15.364293
1b0eedfc59820513,Active,2024-09-05T01:47:46.044858
34f915d0521913b8,Active,2024-11-17T08:55:00.548596
a141d2efc188716b,Active,2024-07-21T17:49:49.362947
3a8b1a30fc471b55,Suspended,2025-01-21T15:00:16.491260
12a53e1197f3439d,Active,2024-12-01T00:11:03.194752
dca0a7705a3aeba4,Active,2025-04-23T02:04:38.224421
8ca51ae4506140e7,Active,2024-08-11T04:28:51.718790
350a523516d5ad6a,Active,2024-08-20T07:15:45.514272
31b3ce3f2339e8cf,Active,2024-09-21T01:57:49.265270
cd5060a4bc80a02d,Active,2024-06-13T00:31:19.703268
8cfc46c9638d1ac5,Active,2025-01-06T10:16:47.560246
b260f19b9062f459,Active,2025-01-10T21:23:31.237495
8d969c0b04d2d9e5,Active,2024-04-29T23:31:04.928790
b2288a1b2f272fc2,Active,2024-07-25T11:46:28.861053
5ecdc0cca7a2b961,Active,2024-10-16T05:27:14.637244
4bf8b90bfaf73b78,Active,2024-10-17T07:04:14.314726
20b6b05efcc710d2,Active,2024-10-12T02:46:22.230641
611752a0fa09f898,Active,2024-05-25T03:17:09.195302
45a426cc1550ddfe,Active,2025-04-20T21:14:04.824027
48c49a90f83f1ef0,Active,2025-01-23T18:00:09.986345
dbd48f32b5dad11f,Active,2025-04-02T23:33:30.929245
5bd21cfef66f5640,Active,2024-12-04T20:11:57.302156
400e127f52adae19,Active,2025-01-14T20:08:10.518917
6fd507060391ad4d,Active,2025-03-24T02:01:33.061541
328c6b174c5bd5bc,Active,2024-07-26T07:29:26.970346
7e06a51f987b0add,Active,2025-02-14T14:25:45.937171
dcca8e0a0e309c61,Active,2024-08-25T23:49:46.920566
0283ea3ff115d2a7,Active,2024-06-11T19:21:32.297144
8d5e6272dd98c6c3,Active,2024-05-03T12:36:55.396211
183e0e50b2baff27,Active,2024-08-14T14:26:34.376034
01b29cf04b88f3fc,Active,2024-10-29T01:35:08.568963
1760203192c94fd9,Active,2025-02-23T20:13:05.057217
ba0539618229d782,Active,2024-06-02T03:57:39.110526
82ef5cda572ed14a,Active,2025-02-25T12:29:00.327865
cb3d66e4b71d78bb,Active,2024-12-07T13:41:59.691278
b7596fae70ccd7c4,Active,2024-06-02T19:06:50.453276
90a7d155a504babf,Active,2025-01-05T21:16:04.159375
c7ad7388b7d66647,Active,2025-01-24T21:07:34.099830
8f1b6e47df031f68,Active,2025-01-12T10:10:38.196772
470bc500faa342bb,Active,2025-02-07T15:58:01.191530
6677f72ef570bedd,Active,2024-10-26T02:10:14.729977
988e402e63d4b600,Active,2025-02-23T06:51:57.645213
8e14cc451857c71a,Active,2024-05-05T13:30:10.365750
c7cb4b57ee51d49a,Active,2024-12-28T09:02:52.422051
ddaf4c229f822f89,Active,2024-09-07T21:53:32.384211
72ffe89e580e3bac,Active,2025-04-04T15:29:44.365896
1efbffd2c39166f6,Active,2025-03-08T17:00:57.204963
4b7afdc4e541f027,Active,2025-02-16T08:13:25.141957
4e06228d85f93627,Active,2024-11-19T22:04:09.528266
843b81ba8e754c22,Active,2024-05-11T16:01:10.776122
d6db52e4e939c684,Active,2025-01-25T16:11:50.105868
2e6e8dc9a1694f3a,Active,2025-02-19T16:24:41.971391
f4ac92dfe9aed290,Suspended,2025-03-19T14:12:47.030373
488244150f642af6,Active,2024-05-30T01:06:13.913079
97415ec1a42c8a8e,Active,2024-11-29T23:13:03.157231
08624cde65578660,Active,2025-01-09T03:09:00.122019
eb6be36c82bc780c,Active,2025-02-16T10:29:27.952038
36acfea52732ea3d,Active,2024-11-26T11:18:49.124632
ee1e99f3ff6d9fda,Active,2024-10-26T02:15:26.737420
06553f66b115e4a0,Active,2024-12-31T18:51:24.210933
44fe3a686d2876c4,Active,2024-09-02T20:16:15.111063
cad1c0c2319ae9a8,Active,2024-06-07T17:16:04.402394
541523a66bbe6bbe,Active,2024-06-04T03:15:19.277195
4d433ed8a35e3fd5,Active,2024-05-10T07:18:48.292479
bc424bf09dd41ae0,Active,2024-09-04T16:07:33.725291
c54e78a422639867,Active,2024-06-27T09:33:01.002676
e709b394b2f7fc6c,Active,2025-01-09T12:24:35.886900
a95a8bf352242091,Active,2024-07-07T17:41:13.731069
904c575dc3b579a5,Active,2024-06-22T09:39:13.811538
57a2ba739cca7020,Active,2024-09-20T04:07:25.533438
0d9a93ecd2911ac2,Active,2024-07-05T15:33:10.048463
989dc91125b4c094,Active,2025-02-22T07:24:47.598853
83cd5beeac4da9d3,Active,2024-06-20T13:58:30.450035
96e0fac65bb4a5e0,Active,2024-07-09T09:33:49.473350
1651dd6e283d2237,Active,2025-03-11T06:39:11.382059
8530a438fa680c5e,Active,2024-10-01T02:59:41.468554
66dbd2dfb5182859,Active,2024-07-15T01:19:20.235946
3ae9b247755e593d,Active,2025-03-04T16:10:00.243623
1fec81dffed86502,Active,2024-09-13T17:10:04.189141
0fbb65c3dccf1035,Active,2024-07-07T13:37:25.800183
2d147b129e3dd948,Active,2025-04-07T18:43:41.427234
c86c4c4dc8e6d330,Active,2025-02-14T10:27:25.182681
8bb227bfa9fd073a,Active,2024-06-30T20:53:37.014029
0ba5623dd8a89c68,Active,2024-05-20T03:15:05.132618
1f8b0ebac028083d,Active,2024-09-21T06:18:15.523085
2a3248064c74b0ce,Active,2025-02-15T09:44:03.064303
4aee610cfa56043f,Active,2024-12-07T12:23:41.655969
ee935feecb888f3b,Active,2024-12-27T17:36:52.360452
21abc8b3ebd6f0c9,Active,2024-08-28T18:35:38.075647
66a0c3c6b84ae7fe,Active,2025-01-08T14:15:53.677444
dd5aa7a0ea27838d,Active,2025-01-25T20:00:15.124136
a3fe0c868b80d88b,Active,2025-03-14T03:08:37.699249
1b5f986d919eb44d,Active,2024-12-23T06:24:57.807102
5cca7c9ce93cb568,Active,2024-12-07T08:45:12.353610
c2c7c27a7d7f54d9,Active,2024-07-27T18:20:53.894913
454f62b695846f4f,Active,2024-07-27T05:29:47.369834
b4c728ddcfbebfff,Active,2024-06-04T15:14:40.589979
d04f2dc3b7a6af83,Active,2024-07-25T15:23:42.697995
c277d924a7b7e949,Active,2024-09-11T22:50:45.563665
b3c90413246ac226,Active,2024-05-09T09:56:15.918361
5d42667ea75ae1ee,Closed,2024-10-01T10:34:39.693665
e21d3b2bd495e66a,Active,2024-06-30T17:54:47.244186
dc4209c56d22c772,Active,2024-06-09T17:00:05.565998
987ad10be696e65b,Active,2024-11-05T07:12:23.455042
56d349c9dc81a090,Active,2024-10-13T20:08:45.507707
8e7045ac953133c2,Active,2025-03-31T16:20:49.950126
e5527c54877f730e,Active,2025-02-09T12:43:50.141879
6a7decb0f384ef24,Active,2024-06-21T07:01:48.567797
2a5718935799eee6,Active,2024-12-11T11:43:51.873486
af6e24a24ee5ba01,Active,2025-02-14T06:02:08.445719
8bac6a7856ec884d,Active,2024-06-05T05:51:56.375559
bf473b473cfcb06b,Active,2024-05-08T16:48:02.114214
b252527da9e60f3c,Active,2024-08-30T01:04:38.630097
1c950f343f973430,Active,2024-06-15T14:22:14.213496
3589ade1b341c555,Active,2025-03-21T03:55:16.207625
58405bd4c5ded824,Active,2025-03-04T13:34:41.619879
9351ccc0de2e86e7,Active,2024-05-25T20:56:53.836675
13d31ead2468d774,Active,2024-10-23T02:18:49.533042
10266feb0b11be0b,Active,2024-05-09T21:00:56.994993
60d6049954480e36,Active,2024-06-26T02:13:00.044906
f9a8761de50ba3e1,Active,2024-07-21T18:27:03.669115
51484026f1d7ef44,Active,2025-01-27T11:12:09.172771
fc98b4a562413a15,Active,2024-12-06T19:33:20.818937
84813b06bd852b08,Active,2025-04-18T17:58:31.202050
110758be6755cc85,Active,2024-08-28T00:09:20.513816
9d119c16e021032c,Active,2025-01-02T09:34:58.503089
b642e1b9d10a5544,Active,2025-01-04T13:14:29.283220
f7790e9b69fa10db,Active,2025-01-12T07:55:10.971318
b7dd4a4ccd5ab755,Active,2024-05-08T15:34:02.716618
07bbc7857c3167c0,Active,2024-06-16T18:49:48.140519
89463eb1ce724b28,Active,2024-06-07T19:09:19.407955
72d712e9a146fef0,Active,2024-09-16T07:03:57.347884
a7944d536cf88546,Active,2025-02-09T01:20:06.530920
820a4dfb571998c0,Active,2025-02-12T22:35:10.184634
be114d4ef0212de2,Active,2024-07-07T23:23:26.450883
bfb4fead329b8d4d,Active,2024-07-26T01:00:02.968903
f904552617dd9bf8,Active,2024-10-04T10:44:47.597584
66bb324afbd5c863,Active,2025-04-04T00:54:04.140127
90604e14bf2ccdb7,Active,2024-10-31T04:08:17.600415
0c83e3e5223879f6,Active,2024-10-20T07:51:31.149065
bcf0022ea38ddc9a,Active,2024-09-21T22:54:17.965270
b87b5fbfdaea4f52,Active,2025-01-11T15:31:00.279508
cff59528ac850c9b,Active,2024-05-14T01:00:13.243452
536effc1a9af144c,Active,2024-06-09T15:16:18.025064
c8c3c1e5072cf59e,Active,2024-08-07T17:48:12.356791
92b25e14eb777add,Active,2024-12-28T22:00:12.473839
3296e592a0c2753b,Active,2024-08-17T04:20:56.067103
61f91cebaef34e1a,Active,2024-07-27T02:48:38.946597
0c1e0f82ad8aa672,Active,2024-07-11T01:18:07.954660
7c18e74149260a8c,Active,2024-12-19T22:04:55.706488
f4edaf584742a8d4,Active,2024-12-20T02:21:33.258032
7b864b4aa05f17b6,Active,2024-12-03T11:24:37.712528
27a3bc1575d818bc,Active,2024-10-20T07:55:12.668283
52e727786054197e,Active,2025-02-14T04:33:29.732738
a56e18d2c59e6f46,Active,2024-09-11T07:25:48.998462
c4519bd0839bf13c,Active,2025-04-22T07:53:19.876988
b63fbc60d2c4f2cc,Active,2025-03-17T10:57:57.946491
6da829e9472c2197,Active,2024-12-20T20:18:39.286945
6b4cd7e4b135bf8c,Active,2025-01-09T14:30:19.692561
bf47fd792204b459,Active,2024-07-16T22:46:29.470977
c9146bb6407715bd,Active,2024-07-13T08:42:00.517337
4b7634ee0eade109,Active,2025-03-14T17:40:32.802416
80326f019224e904,Active,2024-07-15T06:10:36.877540
11e9cb2648feb050,Active,2025-01-17T02:19:42.660849
86c016c355bd0bd9,Active,2024-07-22T07:08:45.278113
c7789d9a7f07fdd0,Active,2024-07-28T16:40:05.658855
7873f3bb5c25a5c6,Active,2024-09-22T14:57:40.255773
64edeeceb7536778,Active,2024-07-06T22:32:52.154546
f9f5e29b26459484,Active,2024-06-15T14:27:38.639051
5ab59037d99259ec,Active,2025-04-07T12:13:10.950466
af1d1a4e0197f9a8,Active,2025-03-07T03:01:29.044737
9df818dc6cf14945,Active,2024-10-28T16:05:24.240037
03c2ded5b1423995,Active,2024-08-21T15:11:23.159410
600d5363aec598d6,Active,2024-10-04T08:06:32.938879
585bc4c18b499b83,Active,2024-05-31T06:38:16.048126
2ccddfbb2a69d634,Active,2025-04-25T07:04:20.641996
b904ac3b00ad2354,Active,2025-03-18T14:54:38.348309
911b5401d72c4f70,Active,2024-10-10T15:24:51.803451
d573a6bc24f7096e,Active,2024-10-15T09:38:18.122081
854da7db4179012e,Active,2024-06-06T07:06:39.629550
572dd406a2f2ab33,Active,2024-05-13T16:32:01.196329
249fe9b6ef9e3765,Active,2025-04-15T00:40:54.140584
01b94032df01d3de,Active,2024-10-14T22:39:23.267241
215cedb958ab97c1,Active,2024-09-20T01:15:13.298456
7fa1468f6f6e41f3,Active,2025-02-13T19:47:28.465030
297a544794bc9df2,Active,2024-05-16T02:05:16.852252
034c6660c8569042,Active,2024-07-31T23:51:56.872360
995a687ff36af54b,Active,2025-01-17T09:07:53.267635
6f56c112fcfbd344,Active,2024-12-31T16:01:44.094097
a80a85253e125d9b,Active,2025-04-21T05:31:46.910014
caa198362a8f065d,Active,2025-03-09T22:16:10.526216
abe3688db2149dc8,Active,2024-07-15T07:33:19.154802
4da82e2cb4d51ce3,Active,2024-10-30T05:07:21.310462
cca147f265d5d311,Active,2025-01-28T04:43:21.103738
e9abe217594e0e8c,Active,2024-09-25T16:14:26.493697
68d9692b49750ea7,Active,2024-07-11T16:50:57.371147
b3897295c93c30de,Active,2024-06-10T17:36:31.791293
7fe68e310cbd98e0,Active,2024-08-04T16:34:29.220732
bbfaca4fb522a740,Active,2024-12-07T23:34:23.418546
30817884476566f0,Active,2024-06-01T11:37:45.582466
5c020e2a989d88a5,Active,2024-05-17T01:54:47.901164
9496344afcac0dd9,Active,2024-08-31T13:04:19.850379
c34c587a2ee4d69e,Active,2024-11-20T09:42:44.939643
5fc737c10994e0c0,Active,2025-02-25T08:34:47.584469
12d97c2f7958032a,Active,2025-01-29T23:34:55.026850
235e110c47ea90d4,Active,2024-12-03T23:57:43.290443
9d8e3645e3be7a4c,Active,2024-06-06T16:39:13.519904
a00bff59391f782d,Active,2024-12-20T07:57:28.515588
e0c07a04741c0257,Active,2025-01-23T06:29:08.408705
77d186bc3656b6ff,Active,2025-04-24T15:24:55.391404
557f8cd0de00f748,Active,2024-07-26T00:41:23.880406
e4eb93d58e981945,Active,2024-07-23T13:59:35.491169
dbd143eb49b0332e,Active,2025-02-06T15:37:30.769487
28a767b3f72b2f4c,Active,2024-07-28T06:23:11.038573
f8499d717f720348,Active,2024-10-23T01:39:01.855241
4d365aeef7f5a5d2,Active,2024-08-30T01:06:11.114144
50fb28f2d589e836,Active,2024-08-28T12:47:41.812936
af82ff7242b6665e,Active,2025-04-12T08:12:01.255408
bb2dd84e89a5b0db,Active,2025-04-23T18:31:35.849057
3f3d8d1ef5791acd,Active,2024-11-15T11:26:24.450890
8925567ac6c4fc15,Active,2025-04-11T16:14:01.854015
d130fb533cfb91f8,Active,2024-12-06T08:05:08.701370
156d8f5907ef2152,Active,2024-06-26T12:58:54.672054
13a6abfbd69b0b2b,Active,2025-01-22T06:19:43.227185
a90280e62b43fa14,Active,2024-07-01T12:56:49.857178
bc9c61fe20f0343e,Active,2024-10-27T13:34:08.425515
0fa4387083948010,Active,2025-02-07T07:14:34.218416
8d910fb0eedaa6ba,Active,2024-07-01T08:42:50.906445
b6368b803589952d,Active,2025-02-25T05:01:02.370202
887d67c5e72b52d3,Active,2024-10-25T07:53:03.468137
e2d9186cd421ab28,Active,2025-04-15T21:59:06.654854
e71c5abfd2161f50,Active,2024-09-20T14:08:43.868094
9a61780b88b1a0b2,Active,2024-12-28T22:39:58.996117
d251eb9408145137,Active,2025-01-02T08:27:02.501679
1257ab2724c020a0,Active,2024-12-16T04:52:20.254787
29d5b7ceab9f1148,Active,2024-10-20T13:35:59.938964
3f2a84120773041d,Active,2024-07-04T19:09:29.338303
03316e42078ffcfe,Active,2024-05-16T05:19:57.121481
c9438fca2f6cadac,Active,2025-01-26T09:51:19.932847
3e7161e7ea0b4f0f,Active,2024-05-10T09:58:55.587466
f8a9a5915ce54178,Active,2025-04-28T19:05:21.360137
a8c9e8b823183e95,Active,2024-11-04T01:35:25.136471
5c72a5c49a3e3a51,Active,2025-02-03T16:25:20.414613
828ec1803838b7c0,Active,2025-01-11T08:58:48.630415
8600968b95f598db,Active,2024-09-25T08:35:03.307418
96466d6801919f6d,Active,2025-02-26T16:05:19.559753
f98445dc5a4f32ce,Active,2024-09-04T17:08:20.835727
e1f31e12cb38dbc5,Active,2024-11-20T19:42:27.771778
83a7dcfc5f2839cc,Active,2024-10-27T14:42:47.837092
6ec1dcebcb59b9cc,Active,2025-01-22T21:42:04.131288
a3fccc990b58dfba,Active,2024-09-15T22:22:35.940542
d5c6c2c604777d8d,Active,2025-02-15T18:59:32.985651
543bf72fb3a7e2f8,Active,2025-02-27T15:45:43.436946
74b44cf80dc1d797,Active,2024-12-02T15:42:52.236222
0eb190289944d6d4,Active,2024-12-19T13:14:52.084980
055930b0c273bf9f,Active,2024-08-17T07:51:36.322817
d2326ebd8126a1d2,Active,2025-01-02T20:13:47.397134
d04361d7b1df43bb,Active,2025-01-11T04:28:20.983973
cd120a3bf46476c0,Active,2024-06-21T19:16:56.121554
a06ccfc4dc5ff1f5,Active,2025-03-12T13:20:51.869669
3aa90127564fcf62,Active,2025-04-17T19:00:33.111910
aa3ca8cbb49605dd,Active,2025-03-15T14:54:52.799610
31bed18d4a5f10c7,Active,2024-11-10T16:46:16.077765
4b35fe6ca8b50766,Active,2024-08-08T02:27:11.400092
3101ea9531b94aaf,Active,2024-06-13T19:43:18.407198
d9fd45ab4d07e4c6,Active,2025-04-02T00:58:48.090932
048532519773a000,Active,2024-04-30T23:26:26.283299
db0b006df2685e1d,Active,2025-04-19T07:22:14.528043
24dc00e08b0b8917,Active,2024-08-31T15:29:16.125039
ae9fd2ab339de656,Active,2024-09-02T06:07:17.501927
300a8406a6759441,Active,2024-11-08T13:08:33.508029
12c4325bb6d49655,Active,2024-09-12T04:01:13.876258
323f7bcbf2b93607,Active,2024-07-20T10:30:31.813431
1f2308589fbf21f5,Active,2025-02-20T00:09:34.914926
ddc197222fef5dea,Active,2024-09-07T17:09:04.294075
7a83dfa88a834fe4,Active,2024-08-03T02:55:15.166842
44b0643bf0d9ed86,Active,2024-11-24T02:46:41.357513
e1c38b0ffcd78279,Active,2024-12-18T02:44:52.684427
e5e9981d949078ed,Active,2024-12-21T06:25:03.731438
4888a51e9462a825,Active,2024-11-04T02:18:40.604987
38e3e8e96a421255,Active,2025-03-07T05:44:08.990630
54b12dbacc82eccd,Active,2024-07-07T02:53:16.593023
cf3f46fcb3d57825,Active,2024-05-18T16:03:43.716434
cf832bcf3f512da5,Active,2024-11-13T14:06:37.343276
65b348c8e0b5ddd2,Active,2024-07-06T22:01:08.358063
b65cac3c5d7e12c2,Active,2024-06-28T09:13:39.383255
67555588120b3ffd,Active,2025-01-14T01:06:34.245191
27419f320f8be93e,Active,2025-01-04T18:28:12.854933
9b1172847646683f,Active,2024-12-09T09:33:38.755056
44a2a0c0f1c986f2,Active,2024-05-24T13:27:36.314384
e4a8d26c5634200d,Active,2024-06-22T16:30:32.751950
6e41d4509d788883,Active,2025-03-14T19:03:27.110972
ac1f1ca6c03d9c18,Active,2024-04-30T23:01:34.050486
5b50cbda0046abf1,Active,2024-09-30T10:58:54.546998
21d8ee1f38788adb,Active,2024-08-07T15:05:51.455471
448db01883de8768,Active,2025-01-06T13:01:44.152447
049848440e55c31f,Active,2025-01-24T06:04:08.919518
0719e7e5c3392582,Active,2024-05-30T02:20:50.818752
24066cbdeb84504b,Active,2024-12-27T07:07:39.231347
956e52dc5c2e7350,Active,2024-06-07T13:47:25.181323
bedf8ced949d323a,Active,2025-01-05T19:56:23.828619
0da90ca499d0f3b3,Active,2025-01-08T00:10:08.220260
d53baaf2d7b06e6a,Active,2024-10-31T05:06:13.362691
5deead0d6cdf6b1b,Active,2024-10-26T15:07:01.042542
b2fbe8c6bc8392ec,Active,2025-02-21T23:15:15.467726
ff86e2e0bb73b8c4,Active,2025-04-01T04:25:13.213027
2399c3847ddd4284,Active,2024-12-31T22:41:01.629513
b7b11dd6322107ed,Active,2024-12-08T15:43:15.010210
9a8bf1233a0f12a4,Active,2025-02-27T07:39:12.273088
9742477ad503bc64,Active,2024-10-18T00:24:34.975572
c653b29c7e5a6c9f,Active,2025-01-12T09:00:24.863945
1170af10a9943d87,Active,2025-02-02T17:01:31.071976
1388f48a058798af,Active,2024-08-31T05:00:01.253613
d86606fcafb4ebac,Active,2025-03-28T16:21:54.277212
7fc0316125347170,Active,2025-04-05T16:39:17.944082
438106003b211f32,Active,2024-11-11T06:54:14.674607
80b53fb6561049ae,Active,2025-04-28T00:53:21.846515
875debec02791ecf,Active,2024-10-16T02:00:20.913615
25fc08a0910b6510,Active,2024-11-06T12:33:26.101645
f98aac3eeb38c8ee,Active,2025-03-17T02:53:06.519324
4e284a4844596007,Active,2024-08-03T14:54:01.295633
f6e4ee2488b5c94f,Active,2024-11-26T23:55:42.568052
7d30f1de6053f4ca,Active,2024-05-26T13:21:19.699592
68c3d53525774938,Active,2024-08-22T14:33:50.271779
82b3fd62c556a7e5,Active,2024-06-22T06:20:04.357236
925a6cc644203fe5,Active,2024-05-05T00:32:00.407712
243c07b3396b3a23,Active,2025-02-07T18:57:31.471494
b44af34496e30374,Active,2025-02-28T01:14:19.186440
a02073785ba0a6a7,Active,2024-05-25T11:44:05.265257
5a2719e0daa10ed3,Active,2025-03-16T22:12:05.310671
1be5f552215ba727,Active,2024-12-14T06:13:55.876311
9338110693265a88,Active,2024-06-28T13:56:58.191534
24a05b1bb2245e84,Active,2025-01-31T12:11:08.297387
00f294c3a79bf2b9,Active,2024-06-30T11:11:55.296577
8acca81c69b9b3d8,Active,2024-11-06T08:48:53.814068
944f0ad34bdcccac,Active,2024-11-07T05:09:06.133238
dce94144f413af22,Closed,2024-06-26T08:04:21.278840
ba2b651946a2f215,Active,2025-01-10T19:16:57.760909
f2f45dc42fe0f091,Active,2024-11-14T03:06:40.383153
af45ff051f1469d5,Active,2024-08-08T17:39:17.716964
cb0dd44bd17c0465,Active,2024-05-05T00:37:24.683609
3e6ed86fd70b0c30,Active,2024-09-28T10:33:05.460625
7b9e078e4ddd2124,Active,2024-05-13T19:56:30.347548
55c4aab1eff26a9b,Active,2024-05-15T19:41:40.703506
716e1697cb47c176,Active,2024-06-13T17:05:40.953040
5d6a79622c7a25b8,Active,2025-03-02T18:43:31.848391
a8e0a2986e415f24,Active,2025-04-18T15:36:45.555166
d8dfe9d72bbb4125,Active,2024-09-20T22:18:08.216560
4ea1b96813405b38,Active,2024-05-30T20:07:04.719020
b4edc88e373730a9,Active,2025-03-20T12:20:30.734751
68d75f633b20fd01,Active,2024-08-12T17:38:53.350408
ff1330b34a8aeb94,Active,2025-03-16T18:15:19.388498
4e32546dd7dca1e0,Active,2024-09-23T17:54:39.033430
3f198fb92531f1a9,Active,2025-04-03T03:18:49.343216
9c32bda7e4e49fa3,Active,2024-08-10T04:17:53.795014
dd3027c292d4844a,Active,2024-08-02T22:37:38.570981
927b05611f52d9d7,Active,2025-04-14T21:53:22.681580
cebbde94a6a6cd75,Active,2025-02-23T17:52:51.771834
213a5139b67e9f80,Active,2025-01-31T05:49:38.974673
b90276142da25d98,Active,2024-09-13T19:53:14.437756
62870ab93314ad00,Suspended,2024-09-19T10:55:06.484636
24273056d6371b15,Active,2025-01-06T23:25:42.230832
051a49a4c48c4274,Active,2025-04-20T04:41:19.936967
c8c4ccd82ac866c3,Active,2024-11-11T18:52:49.400696
b63b1f78711e42f2,Active,2024-04-28T16:39:01.999005
d5b9f766a7e77c5c,Active,2024-11-17T06:47:15.343357
bb632768f019f5fc,Active,2025-04-02T00:12:48.619168
e492dbad5fa9fc97,Active,2024-08-18T19:50:16.139456
7305fadc452883bb,Active,2024-07-24T17:04:27.089838
fed0395b11b7f069,Closed,2024-12-10T23:58:58.704599
c4877d6f6a702e26,Active,2024-07-29T02:53:35.903641
00f2a31d65d998b0,Active,2024-11-12T19:34:11.499695
7958a545469d2e89,Active,2024-08-10T06:28:56.456526
d09257faf8880553,Active,2024-08-26T07:59:04.420278
65169802ca88d348,Active,2025-01-02T23:16:53.234080
93f8a0272383a689,Active,2024-06-19T21:32:30.430938
1b6e44e5f6a2842f,Active,2024-05-15T08:59:04.488143
00e282b9347a70fe,Active,2024-09-16T13:44:57.278308
44a4cb5f65431058,Active,2025-01-09T13:18:29.461925
db899f227e94678a,Active,2024-11-19T13:27:02.545707
2353a60a6195f78f,Active,2024-12-19T14:35:15.688761
c5d66cc9574092a6,Active,2024-09-18T23:20:02.657380
885c1585c1635145,Active,2024-09-30T15:56:46.677496
a6da3dd0c5a5cac7,Active,2024-12-17T15:15:27.853263
f34f6d526905ab19,Active,2024-12-13T12:22:38.466278
dcc497d7c8bc363c,Active,2024-08-18T07:57:04.039246
abfa94a344147e2f,Active,2024-08-29T17:23:09.399628
54312bfbff9a8f7a,Active,2024-09-18T00:27:53.463606
07946f8011ade53b,Active,2024-12-19T06:58:57.143773
a6e6d54c39e7b7fe,Active,2025-02-09T01:32:14.451260
3ae4f7a3d5c09680,Active,2024-10-22T14:17:48.143919
c762d2dc475f1f88,Active,2024-10-17T01:53:04.164917
2aa10daddd1728ba,Active,2025-03-01T18:31:25.003756
b173566726f82865,Active,2025-03-27T17:30:40.907840
42806b377bdf136f,Active,2024-10-20T23:12:33.020408
c4c3a0f3c1219418,Active,2024-05-31T11:23:18.877883
1f2d662b8fd4d9ce,Active,2024-09-06T17:12:03.871247
a55412e1a9bf1f23,Active,2024-05-12T09:37:58.646066
17972451aa43dcb5,Active,2024-10-21T15:12:03.797778
6c47c8d213e30258,Active,2025-01-17T23:38:56.940498
f6a7f533a70415b1,Active,2025-03-02T12:16:12.063888
be0f226e6312dc0e,Active,2025-02-16T01:36:44.112271
dc03dda38c7570ec,Active,2024-05-31T14:03:23.881733
f7f694cb8b6e72e9,Active,2025-04-13T14:07:45.132406
13ad368db8a0d9ed,Active,2024-12-15T04:12:09.398574
2a392aa0d551c0f5,Active,2024-10-31T20:44:47.404432
0613adf05ec41669,Active,2025-02-03T20:37:09.793762
d0b3b2a94754ebab,Active,2024-05-27T01:53:12.680598
34dcde1256805dd7,Active,2024-09-02T14:45:25.178002
5eb440d9ae74a360,Active,2024-08-22T10:33:06.695706
4e5dadfd047612e7,Active,2024-12-16T10:20:20.862452
ba9f280f43b154a0,Active,2024-09-12T12:54:24.498818
7c6bdf993837d853,Active,2024-12-02T13:09:49.590767
50d1453fe319becf,Active,2024-12-30T14:06:53.204678
745e88399daf7a25,Active,2024-06-30T05:21:07.943876
e54b38f6d1ce9ac7,Active,2024-08-20T08:19:04.280087
4925a1bca86a8bf5,Active,2025-02-22T18:24:53.863633
f408448523c6e76c,Active,2024-09-05T04:36:08.307130
edccd643276451ed,Active,2025-01-14T19:53:35.767024
cdbc9a158fbdd961,Active,2024-08-09T23:53:30.578168
f9ce24efad513aa0,Active,2025-04-11T14:11:45.821412
5fa62c88d5ec39b2,Active,2024-05-02T06:58:12.404066
4519fc0b60ee5eaf,Active,2025-01-25T00:04:30.837551
9af0a732fed42f7f,Active,2024-10-01T05:22:20.467292
d33a237f0e1c267d,Active,2025-03-15T09:18:33.979122
a046f7950ef64eb4,Active,2024-06-28T02:20:10.819955
6824d181241ca4db,Active,2024-09-01T02:39:53.136942
4db0854595b2dcfc,Active,2024-07-28T14:49:34.592357
0d931f6c4d9b2db9,Active,2024-09-11T11:34:13.352350
f115cbc9976ddc64,Active,2024-05-19T10:46:34.450670
a9894ba434e5cb56,Active,2025-03-15T06:05:56.964046
01a5c9f898107609,Active,2024-06-26T02:20:50.876668
2af73adfa4b1d990,Active,2024-07-23T04:57:31.816994
bc39bafb2cbacef1,Active,2024-12-28T23:55:26.364475
802a0ef64f026fd1,Active,2025-03-03T05:08:34.440312
53dd7dd51be1688b,Active,2025-04-02T11:59:02.710394
184f45edf042364b,Active,2024-06-10T09:40:21.412501
d9c2b6cc4590ff28,Active,2025-02-05T11:14:47.409061
6792edad48648180,Active,2024-12-25T08:07:26.343735
bce5ad205df224c1,Active,2024-12-02T08:43:39.313562
c5fe289648f14dbd,Active,2024-11-09T06:11:38.659918
4b1fdd48db7758ff,Active,2025-04-22T15:24:22.354312
a4a7fadc9ee5e063,Active,2025-01-17T09:56:09.830871
2a111a7e8192c4b7,Active,2024-08-21T02:53:23.128576
55b3197d332420fd,Active,2024-07-04T11:45:12.162284
13b489750868bb41,Active,2024-07-10T15:01:48.209257
fbf2583faaae4bf5,Active,2024-09-08T20:35:37.629805
cd258e264fa5c355,Active,2024-09-09T04:34:00.295956
fe264d4a2b3b0697,Active,2025-04-09T13:24:24.440382
f4d51a7ae8c33377,Active,2025-01-10T10:27:27.777776
ea40e70830c32f43,Active,2024-08-03T09:18:58.582933
cbe80ce6c8075a4b,Active,2025-01-27T17:17:53.218477
502be7f241c7e387,Active,2025-01-03T00:30:26.501953
9d75f16cf895e248,Active,2025-03-14T14:39:13.028451
2ed675e0fd9e69ee,Active,2025-03-30T13:34:00.622297
10328ae7edce1085,Active,2025-01-23T01:49:30.602511
54350966a45ad202,Active,2024-10-09T04:09:38.917715
ff8c3fa181eb0270,Active,2024-12-19T10:48:31.638597
38ca67aa0f033c4a,Active,2024-09-06T00:50:38.903682
71667b9f7fc17e14,Active,2025-04-16T18:15:22.001724
cc7907c6f61bd7ee,Active,2025-01-15T14:52:44.800701
d5c3570c114b4099,Active,2025-01-12T13:59:27.599249
f2c810a719005a2f,Active,2025-03-23T07:25:55.236678
8a2353603ea029e3,Active,2024-09-10T15:41:53.010682
69e5f01ff7994b1c,Active,2024-05-12T13:57:36.151307
996370ffdceadf6d,Active,2025-02-04T13:32:55.879351
74769020147fc6e8,Active,2024-08-27T23:11:42.012170
00881baf3c0bf8de,Active,2024-10-06T12:51:46.580860
11f232530ad2962c,Active,2024-10-13T15:22:10.082010
2ec2267222566b56,Suspended,2025-04-25T13:25:12.801782
e0f436b27caa19f0,Active,2025-02-24T21:27:24.216928
d0f51acf21c45433,Active,2024-12-02T02:52:59.895990
e33dc76b4c22700b,Active,2024-07-15T07:13:05.985070
32e5aae2d18209f8,Active,2024-07-23T17:54:45.799455
3a8cc2fcca13373c,Active,2024-12-25T06:03:27.839678
0d9032d7f80ec153,Active,2024-06-18T11:09:30.247300
67fc5f50e948ce8a,Active,2024-06-03T18:05:41.454951
9d1b24d6a29212ce,Active,2024-05-10T03:52:24.924994
6fed25bd40d7fd6f,Active,2024-07-27T16:31:04.981089
d3338d6ee95398b0,Active,2024-10-19T05:26:27.387788
cd830f81cee0b9b1,Active,2024-08-18T07:34:00.391815
b769fb955c90d084,Active,2025-01-16T01:49:57.473420
9435e34364860f79,Active,2025-04-18T03:53:31.367823
134ee4a85473e62c,Active,2024-05-07T13:51:17.113134
2221ad9bfcdd033b,Active,2025-04-06T04:51:02.962930
efa3c62f3a25ef0c,Active,2024-05-13T17:33:15.120696
1db0e74ca8252c8f,Active,2024-08-10T17:08:59.576780
64764918c98d5b0a,Active,2025-04-16T06:47:23.429573
e62d6f724e4c46c7,Active,2025-02-23T02:15:02.002205
265b1b3b6003bafd,Active,2024-05-19T05:07:18.349171
a911539beb21a5a0,Active,2024-10-21T04:46:01.586812
92c12965241647b0,Active,2024-05-09T00:46:45.795463
da0b133f9479ccc4,Active,2024-09-05T22:14:27.362269
9267a8b971f40b0b,Active,2024-07-25T16:17:48.555166
4a6c854bde426300,Active,2024-11-13T07:12:13.203148
8d56d88d817c2194,Active,2024-10-08T15:14:23.071419
53209ad5f068cb56,Active,2024-08-31T21:16:59.183242
209236604db96c5b,Active,2024-05-28T01:07:54.640281
8c131e54c1be30a7,Active,2024-09-16T00:55:23.208104
1de4c1f4112868b2,Active,2024-05-29T20:29:20.353421
8ee4fa376a3b216a,Active,2025-04-18T15:44:03.551665
1228e6760e70974d,Active,2024-11-06T19:44:53.660531
edc1a903a1d44d11,Active,2025-02-06T02:19:37.947668
789be70497c49b0e,Active,2025-01-22T19:12:05.232218
30aab060f3c2363b,Active,2024-06-12T02:39:07.750760
6d944a89d8bc7c29,Active,2024-12-05T18:14:47.246688
123afcb01615d912,Active,2025-03-12T09:32:53.359222
8daf547f31d94c3b,Active,2024-07-02T10:17:06.737581
b776a78c4b91ce12,Active,2024-07-24T01:45:20.786624
eab421f26f207590,Active,2024-10-31T03:45:16.966026
defe01e966b092b2,Active,2024-11-16T07:48:18.870221
757b2a8489e63d55,Active,2024-12-22T21:46:58.433296
74f5483c0d32d7f7,Active,2025-04-21T15:42:56.642289
b12709b36953be9a,Active,2024-08-02T09:28:13.713251
5dfb003fa53b27ac,Active,2024-09-22T20:09:45.605551
956c91acc56a4ccb,Active,2024-11-30T20:32:27.489969
c72cc727b0b05029,Active,2024-07-24T16:23:41.776037
0531d4b5ecde5e8a,Active,2025-04-17T00:04:12.109419
daea1093f6e19b5a,Active,2025-04-17T09:36:00.310079
e645d39794dc5c3a,Suspended,2024-09-10T01:23:05.336733
2050d52b237ac9b0,Active,2024-07-16T14:07:39.909127
f688549027fae116,Active,2024-07-12T16:00:07.587083
b07371e801a2e724,Active,2025-02-21T09:28:28.879027
3a83b387ab3090f3,Active,2024-05-23T20:27:52.447843
2e7939b133b86f07,Active,2025-02-16T06:41:21.034860
4e05fe92aeb14cc0,Active,2024-06-11T14:15:39.672400
77f787c6510b23f1,Active,2024-06-30T03:25:37.040304
e47efc03abe2109b,Active,2024-05-10T12:38:21.503122
7d8b106184d68e68,Active,2024-09-22T18:38:38.085775
b34a05bb94266985,Active,2025-03-23T04:50:19.636997
45af3667852ad004,Active,2025-03-09T08:42:51.327044
45bbca5f5ef6d82e,Active,2024-06-25T20:55:18.817272
73349460d9923731,Active,2025-04-17T01:17:01.532088
5a632a2799826d22,Active,2025-04-10T05:19:29.627524
cd2e59314bf66eb1,Active,2024-10-21T01:30:09.815790
edbcb3cbe786cf08,Active,2024-10-09T13:36:25.708162
71773f7987d757f1,Active,2024-12-15T03:00:18.974002
1660c76cb4248fb3,Active,2025-02-05T13:08:22.071443
ec95489f3389b5dd,Active,2024-08-24T22:55:10.729589
260297629b4a4a9f,Active,2024-09-14T21:20:03.007651
c4b47ec444c6ab48,Active,2024-09-01T08:53:41.492875
bc3a6df486f461da,Active,2024-09-01T03:46:53.723902
40d0619ca038d810,Active,2024-07-15T17:05:25.869044
6e15e2c729f5fb90,Active,2025-03-07T23:04:20.293066
ffffe92c24be46b4,Active,2025-01-31T03:52:35.072373
0348a0e9e43ec31a,Active,2024-07-24T03:10:41.629725
baf80355ef2d6207,Active,2024-12-27T18:49:20.472678
c5a043377ec4a142,Active,2025-04-01T00:19:59.767508
aee050c960fbbd25,Active,2024-10-25T08:26:53.171321
989e8dda83fef19d,Closed,2024-07-02T22:21:06.270390
ddd1e8bde2f28193,Active,2025-03-12T10:19:53.076817
43adde266d05a15b,Suspended,2024-10-26T15:35:16.035917
424f465234716ad8,Active,2025-01-25T09:32:38.453806
1ad8c9f6cdc4009f,Active,2025-03-24T22:33:24.230644
9c506a0ddea74751,Active,2025-04-16T02:27:08.992119
01d42fd512883aa2,Active,2024-09-08T09:48:41.963766
7da5ca6ed1218311,Active,2025-01-01T08:57:10.602492
d49bc250abf82d7c,Active,2024-10-27T00:32:47.031040
b8bc71d5448e89ad,Active,2024-06-25T00:27:05.826729
1858d5e72e8664f6,Active,2025-03-22T01:47:39.729686
59e0e34b1810e4ae,Active,2024-05-05T21:59:26.149173
c3ccb0ee7f810f85,Active,2025-01-02T09:28:20.670151
f1b6c6a303769924,Active,2024-12-12T01:09:14.815365
a84fab0cf6935247,Active,2025-02-16T23:04:49.742973
1acab33f0db05278,Active,2024-10-19T03:09:42.363347
8b0a2d8ab36b22b0,Active,2024-12-16T11:29:42.317369
5782547be291d5fc,Active,2025-03-05T17:24:56.582522
cadb3d4942b0dd1d,Active,2025-02-15T18:27:53.331756
072560dd87425d71,Active,2024-06-14T08:43:22.161587
5938d8212dcb26ee,Active,2025-02-15T14:50:09.168862
24bf3b46ec83f989,Active,2024-11-23T11:46:02.313904
29c12a41427b3bdc,Active,2024-08-04T14:14:50.433382
0c058fdf15d88792,Active,2025-01-17T01:01:39.785098
75b82cec12a8b80c,Active,2024-08-08T06:49:27.960828
f6c0177079d86be5,Active,2025-04-23T06:44:46.909369
22adb6150249cddb,Active,2025-04-22T10:06:38.942135
9eb8f2806dbca5a6,Active,2024-09-23T08:53:29.926898
e43be143d6ac0a72,Active,2024-11-12T07:57:14.972447
a38f786240702b3a,Active,2024-11-13T21:56:02.183247
0936f350ee5eb5b2,Active,2024-07-12T04:02:14.419126
ed9922c6ceb63475,Active,2024-12-06T07:23:31.866058
b2980a9242ea22f2,Active,2025-02-09T15:55:53.127923
b316701c821d5cc1,Active,2024-09-04T09:37:26.129328
20d23b5dd1030c9f,Active,2024-08-27T15:23:08.317246
b43a11e4faf0445d,Active,2025-01-06T10:18:44.296091
01e189ee192e674f,Active,2024-08-21T10:53:45.880304
0d71e64806aafe9d,Active,2024-06-18T01:55:23.666028
74a31c9679951a8d,Active,2025-02-10T01:47:35.198796
03931739574c3616,Active,2024-07-02T04:12:39.324185
9b41889c8967e4b8,Active,2024-10-24T14:25:25.474727
a4522118a189b08d,Active,2024-06-06T19:57:20.387729
60e7fab1ccdbbe83,Active,2025-03-08T06:52:33.518548
829b5bf8a4d9e4dd,Active,2024-08-25T17:58:33.857218
d686dbc5ccb1dedb,Active,2024-07-10T07:38:47.141687
e9664f36db19654f,Active,2024-09-14T12:04:58.922686
915f0c9f2a403948,Active,2024-10-11T19:07:10.632253
744249d07e533b26,Active,2024-12-07T02:54:20.262897
a30d5269b64194ac,Active,2024-10-23T07:23:30.210879
a06c79fc1ff13528,Active,2025-03-31T14:07:48.433116
a40f844a5a81a4d0,Active,2024-07-23T05:45:45.215938
b0412f35c982fe0a,Active,2025-01-30T00:50:32.348113
b1d1ea37ebc0a76f,Active,2024-10-05T10:19:48.782136
0d4f0e69119907b4,Active,2024-08-11T14:36:32.837761
724502d423344443,Active,2024-06-18T02:46:09.357495
7254022d0e07535b,Active,2024-09-02T04:46:08.272494
2093381544135488,Active,2025-02-20T16:23:33.243832
e63f5f5ce0b72a92,Active,2025-02-08T13:33:31.978001
2d402722e009221b,Active,2024-11-18T12:58:35.061453
2abed932d525f296,Active,2024-09-12T08:47:00.705162
bd5d70373ea6b6cf,Active,2025-01-27T02:49:10.019287
f91f4cea7baf49f4,Active,2024-11-23T03:51:55.939358
0c70305cc17b1dd7,Active,2025-04-21T08:08:21.836021
70f652886d15c4cf,Active,2025-03-22T03:46:15.333119
e111d4aa631584b8,Active,2024-06-19T10:56:49.907755
38f3da0d3111dc25,Active,2024-09-21T19:54:58.258219
e61edb6f8c7f372c,Active,2024-07-25T10:07:31.254077
543a1a0189ec981f,Active,2024-06-19T00:16:10.235401
d8e3b7c830f8f088,Active,2025-01-17T13:50:38.320881
0087e71fc919d2c8,Active,2024-07-17T15:37:37.810082
28ddbf0a4c09f7b0,Active,2025-01-04T05:08:11.593983
a7647b83e2342893,Active,2024-09-11T18:02:20.240104
829ff1d1dab6dc96,Active,2025-03-10T17:05:29.967634
7f040e24e6fca21b,Active,2024-11-21T07:03:12.856495
6a54293014dc2c3f,Active,2024-07-22T15:31:24.962280
4020b9b6f8eac8b5,Active,2024-08-25T23:09:28.514168
83c23d698f5693f2,Active,2024-05-01T00:03:54.431490
5f5e28864d6d2ee4,Active,2025-02-21T03:06:02.934160
680e976ea6e79bba,Active,2024-06-20T15:39:48.412732
0fc35ae46f199fda,Active,2024-12-21T16:03:40.735627
9d52e2d0d89130c9,Active,2025-03-23T22:26:14.375637
ea40aa281acdd47d,Active,2024-12-28T18:21:57.360008
5d1cdba3b0d02b69,Active,2024-11-23T12:12:38.852492
d8c0fbd675e378ff,Active,2024-07-19T15:24:39.055813
c93960490860f411,Active,2025-04-16T13:41:29.471009
d0b8b1a0462ed74e,Active,2024-05-31T11:52:58.366973
658b971719284796,Suspended,2024-06-10T16:42:25.810358
c8548efd508ff5c9,Active,2025-02-16T17:56:31.620271
a399a834e55a38fe,Active,2025-02-27T08:52:22.807852
6b46859bcbe25b66,Active,2024-08-04T11:58:52.013287
8fe247aed4245099,Active,2024-05-27T10:47:26.289055
8b1c9a726753c0fa,Active,2024-06-13T12:04:32.454937
b259c4a8b530441e,Closed,2024-12-27T23:21:38.525928
d8caf68658e04fdd,Active,2024-12-11T14:09:46.808608
dcb9ec1919f69c64,Active,2024-10-15T01:01:02.342342
7440ff10760f0404,Active,2024-08-08T16:17:07.227566
50a5e00e0dfcb082,Active,2024-08-25T00:33:08.135692
4318120c5e3d2b10,Active,2024-07-04T12:15:57.376526
5a383b3738534e2c,Active,2024-08-13T02:15:08.764046
427764e5e9cd3726,Active,2025-03-12T23:42:10.862831
111624100525f58c,Active,2024-09-15T20:07:47.937173
94a417f8e5ebfbd4,Active,2024-07-28T22:58:43.831842
2ab4eedd4314050d,Active,2025-01-13T08:38:05.788875
fbc087337d4494f3,Active,2024-11-23T05:46:54.686350
7d0c29b54335f16a,Active,2025-03-01T12:42:13.386206
75a45746d37bcab8,Active,2025-04-05T20:43:12.989105
ef0284efd131ee0c,Active,2024-05-15T12:04:27.553770
af6af521a066fd7d,Active,2024-11-27T23:50:44.333549
ba800e7d192a3452,Active,2025-04-18T18:08:58.515060
05349cef0757b035,Active,2025-02-11T04:45:37.171778
2ad6fcb4f6657071,Active,2024-08-04T01:04:10.557383
7e82548a98d90a7f,Active,2024-10-15T20:09:24.099781
480cf820519a5053,Active,2024-07-12T10:07:54.340007
34ccc99ab3c985b2,Active,2024-04-30T00:37:57.818326
d768057c6be1e431,Active,2024-08-20T23:01:26.183775
86effc48aeff9ba8,Active,2024-11-12T01:41:48.651282
f1f8ed3d26a7497f,Active,2025-03-28T15:48:45.104363
75641cf35a2eff4f,Active,2024-12-07T16:15:32.028563
5c1fe07b9a99d9c1,Active,2024-09-24T01:35:46.533304
d9e7e1efe7537006,Active,2025-02-02T04:42:53.170139
ee3519b12be42cd1,Active,2025-04-07T12:12:44.227258
546ae8906b7c467f,Active,2025-01-07T04:54:33.744040
38efb878775e5c9c,Active,2025-01-30T15:04:05.723727
7e7fbd61af9834c9,Active,2025-01-28T21:34:15.309192
737082832c714b37,Active,2024-10-24T21:19:11.554671
e2261267af18d713,Active,2025-01-28T14:45:18.462296
d26631cdcf33b05e,Active,2025-03-13T06:29:26.212961
af09ec179a7881ef,Active,2025-01-13T10:44:30.541151
879c33301e64f0e2,Active,2024-09-14T20:33:47.910132
9c067b26e78ee110,Active,2024-05-03T19:17:34.252549
dfff29382d6f7ad4,Active,2024-06-09T08:12:06.668445
12790b5263b5b3c3,Active,2024-11-14T06:26:17.150669
411eb88c112d80d3,Active,2025-03-08T19:28:11.486439
03434017e722460b,Active,2024-06-07T11:43:29.306629
f098cc77ea657dd1,Active,2024-08-26T15:17:41.808553
dc9e1c77c717907e,Active,2025-04-25T23:22:05.101651
d3f00976b03c74d9,Active,2024-07-08T18:41:02.925215
f7af50c1aa8db9bf,Active,2025-01-28T02:06:21.176718
2699b1a68c2d0034,Active,2024-12-13T06:50:42.978497
2f60f525302f45b9,Active,2024-09-14T09:35:11.608163
c282208a792e4fed,Active,2024-11-04T10:10:26.438859
2ba76cc4418bd0a9,Active,2024-12-21T18:00:38.710958
74c675c38149a3e3,Active,2024-05-28T23:57:19.180946
58e73b666ce5de22,Active,2024-11-14T02:26:33.814426
6670fc31f6c41861,Active,2024-06-28T20:52:04.654283
0f0be24768e1b766,Active,2024-04-29T04:23:21.445932
c44a5e59d5435f78,Suspended,2025-02-07T13:15:44.652729
b26220c8f6167332,Active,2024-05-15T22:48:03.610950
d54ae1cbad9f850d,Active,2024-10-18T03:54:21.812522
e5263ad09f4381ec,Active,2024-10-12T02:23:42.175281
fd443a72f59de43a,Active,2025-03-11T14:30:19.908008
8e037de95a3fcfa1,Active,2024-06-26T08:02:51.045599
b0ade6e37febc98e,Active,2024-09-25T15:05:55.771337
5029b158d039ccb5,Closed,2024-04-29T23:38:02.401839
b1b2593c3c7dd92f,Active,2025-01-19T15:39:43.062189
65b26a92a7a61a8a,Active,2025-02-27T01:54:54.725266
fc9fa14201321aa6,Active,2025-02-09T18:58:17.784365
914a70d3f340a56b,Active,2025-01-31T07:56:06.271406
11a2743426898b6b,Active,2024-10-25T09:19:38.920972
b1245ff6fb77fa8b,Active,2025-04-16T17:58:38.317315
11820f9bcfb3d037,Active,2024-08-02T12:08:22.930808
80063c07e3c34c5a,Active,2024-07-13T06:55:55.598743
00bb4dbd8a8a3644,Active,2024-06-09T12:09:21.742257
67d4fbbd3370db09,Active,2024-12-13T00:15:08.681508
3fc32c5b352819e2,Active,2024-10-26T06:35:18.992759
593c75ac603a3677,Active,2024-10-29T03:51:12.044243
d717ca40a96d904c,Active,2025-03-17T15:29:15.936561
29f5db6a4a098beb,Active,2024-05-22T14:39:31.783036
b6f90a189d8e68eb,Active,2025-04-15T17:43:50.093173
e73e034cb5f67e64,Active,2025-03-27T12:00:21.798109
3f80f88a77a3f990,Active,2024-11-14T11:57:18.509585
b5dbb929fc42cb46,Active,2024-10-12T00:36:33.035292
e1ff8f3b318cd92a,Active,2025-03-08T09:54:47.772368
1b2aca81142bed75,Active,2025-04-01T18:54:56.969059
15c693af1131a1c9,Active,2024-05-12T05:47:45.721858
62bdba263e3fb66a,Active,2024-10-21T00:03:07.943308
9e734a69d6d399c1,Active,2024-06-04T18:55:35.202795
63abab57010e9a09,Active,2024-07-14T15:10:04.914911
cf6025db76b1e306,Active,2025-01-26T20:22:57.963137
f302ce33ba695c40,Active,2025-01-30T16:40:29.147158
c8d0cdf4ebfec522,Active,2024-05-31T03:01:00.718495
fb19da68a14ada57,Active,2024-07-10T23:10:03.361975
fe8a13b0373a2425,Active,2025-03-01T23:51:18.480784
52ce8864d001f175,Active,2025-02-03T22:26:58.350404
2a0d0c701814deef,Active,2024-09-22T03:49:34.002967
08beb51d664f3adb,Active,2025-02-20T03:13:56.706274
c474948c04ec4570,Active,2024-12-24T01:33:43.460658
f6283e114144daf8,Active,2024-05-05T16:58:29.098602
1d12341d59d05087,Active,2025-04-04T23:23:35.971754
dbdd08f7da8053c1,Active,2025-04-07T05:50:48.348814
8dc149168ac28a99,Active,2024-12-27T14:19:01.626467
27dcf574f90f160f,Active,2024-11-13T16:28:01.964809
91531aadfd49e470,Active,2025-04-07T01:15:20.439002
f2eedfb08e051d3e,Active,2024-09-04T05:38:05.408542
ccf1a1df87d5426c,Active,2024-06-01T00:36:20.713254
802844ddb56b7224,Active,2024-08-23T12:39:36.638866
7b18a3b08557482f,Active,2025-03-21T17:55:54.044461
d5b6c0d39708ae3e,Active,2024-05-26T04:28:34.401153
cf054329480a38c5,Active,2024-10-11T05:22:09.259694
c66e10639df970a9,Active,2024-07-28T03:28:12.008409
5110e4fb457dd125,Active,2025-04-02T17:17:28.935722
7b36199d837503ff,Active,2024-05-26T22:12:59.893177
5ceefde169504c7d,Active,2024-05-27T13:59:21.746263
92f8c98ef5499caa,Active,2025-01-21T04:36:12.219672
521bb915916e7b7f,Closed,2024-11-18T07:59:04.460455
24da000463f45ec0,Active,2024-06-10T04:23:28.042541
52940cdc567a202e,Active,2024-08-23T10:04:04.930441
8ce73e0c40fe35ff,Active,2024-09-02T12:10:32.289725
09e821d03ceb4606,Active,2024-07-01T14:00:20.931963
11b4518e1cd9a8fc,Active,2024-11-30T12:22:21.604593
5a3c9380fdc2f712,Active,2025-01-08T00:58:31.115849
806a10da1f48c613,Active,2024-07-01T14:00:39.376924
5e801eb7ed0f31d1,Active,2024-11-08T05:48:41.675794
35356430c5982498,Active,2024-11-22T18:02:25.968897
56f04c191c96902e,Active,2025-01-22T11:03:18.336543
6f343100c5239abb,Active,2024-05-14T23:03:51.178813
f6a5a4cbda1c1937,Active,2024-07-24T05:45:46.539204
0e10665a14386e7f,Active,2025-03-29T17:00:16.546818
22507694992c20da,Active,2024-06-28T08:20:47.791678
091b26d8bbd73dde,Active,2025-02-21T06:29:35.612226
3ea07b0f3ddf925a,Active,2024-10-14T07:40:06.976302
aa554b50643f495d,Active,2024-12-02T17:06:19.341927
c4f260bdfb4929f3,Active,2024-09-18T22:40:49.574728
69e683364c05f038,Suspended,2024-08-04T16:29:34.994068
3259b0204f0dbd85,Active,2024-12-03T04:22:46.885190
fce2534c82d64d06,Active,2025-01-03T11:43:47.286759
e7ebb457a8270752,Active,2024-09-23T12:52:49.705390
25999b5f328689dc,Active,2025-02-28T06:41:53.042204
ce20a233987baffd,Active,2025-01-23T15:16:33.613650
f4168038ac942908,Active,2025-03-31T03:01:53.070415
b21c207f14eae2cf,Active,2024-05-19T15:59:14.287817
d4f4b3fe20e6fede,Active,2024-08-10T11:54:30.102340
34bdbc6d366cff55,Active,2024-09-19T16:15:18.518136
1195149fc686e7c8,Active,2025-01-18T17:07:21.656279
d746d69f84ef47ca,Active,2024-06-22T15:54:45.128913
07f8925e0f12702f,Active,2024-09-01T12:06:25.125039
0b8eb90ef54f98f5,Active,2025-04-18T18:51:11.129156
96bd064f2ca6b3ea,Active,2024-12-09T12:25:01.573896
6ad1d0e3b4d7c4b4,Active,2024-12-16T22:12:54.731767
bbe7069a66db88cc,Active,2025-03-23T05:39:03.969019
59313f747a8b0731,Active,2024-08-20T22:07:02.259226
8887cff5b2855609,Active,2025-04-14T04:46:55.610459
2d77d90ebf783c6b,Suspended,2024-06-28T03:33:14.539324
24b07bb37ed11ac6,Active,2024-12-25T05:28:43.740656
b64ca7e17eb92f46,Active,2025-04-01T03:36:55.112230
4607f43d46ce6778,Active,2024-10-21T08:33:14.055252
8b5cfe71bb6cf6c1,Active,2025-01-29T19:59:02.887351
7c0274337dcc20fa,Active,2024-09-09T15:40:26.773664
6b265a6b8f2f65f5,Active,2024-10-17T16:46:48.369026
c2353f67d0e7a8c2,Active,2024-07-28T07:51:51.738500
21cbf193c32abb67,Active,2024-07-16T17:46:53.239901
838c8b8eeb600eb2,Active,2024-07-02T22:43:22.687677
22887ef0ed4b12b2,Active,2024-12-06T06:06:32.329313
ad6bd9ea8c65573a,Active,2025-03-05T13:36:50.411711
dcad12b3c7d2df2c,Active,2025-01-24T12:46:18.977462
fe27bb96e3e72b4c,Active,2025-01-11T09:02:50.970443
4e8428ae47f1f5c5,Active,2024-06-20T01:33:45.504635
a53661458f712f3e,Active,2024-11-07T12:53:57.329123
4a37dcf7b324b368,Active,2025-01-29T13:59:15.213882
4d0b46f0140109b5,Active,2024-12-14T05:16:43.228747
d59c7af3058ad407,Active,2024-10-16T09:33:04.418617
ec5de96fcc0344d8,Active,2024-06-30T13:13:44.501676
74f9925c674fc035,Active,2024-12-07T15:33:41.760280
1cfa53fb518d08aa,Active,2025-02-04T07:17:40.526805
cd5ef6c2297191a4,Active,2025-01-23T06:14:49.832317
5e332661dfca5c58,Active,2024-08-25T13:00:13.309235
7ef27888518bc8f7,Active,2024-05-28T20:39:19.163768
203715a3b75ff7b6,Active,2024-05-06T09:19:00.065540
1bc15d3cffc8c7d1,Active,2024-12-25T20:52:20.240103
e70521a393142874,Active,2024-07-07T17:39:43.358429
4a4e9b46f2820039,Active,2025-01-19T20:13:08.663389
ea8da6267b2f85f3,Active,2025-02-12T19:41:31.132957
6490422348a6fa2e,Active,2025-01-03T22:31:17.206992
83557f93d0481a02,Active,2025-01-01T11:27:40.627284
4c5f173724f25e7f,Active,2025-02-20T04:12:36.088119
873db8ec7668f01e,Active,2025-03-27T08:31:27.756149
85a8c90b225e49a9,Active,2025-03-05T11:52:24.182547
bffc413421900486,Active,2024-05-26T19:47:49.199141
c4a613b6c4d5f494,Active,2024-07-31T12:05:38.799944
58bcc6bb50604f3f,Active,2024-05-10T06:47:05.340444
5dd0704aff0700ae,Active,2024-09-09T19:23:52.639880
3ef557b511776d47,Active,2024-08-14T09:09:30.798975
70651b12257ffcc7,Active,2025-03-30T08:18:13.012616
045246d7a3e6179a,Suspended,2025-04-16T18:24:08.204141
4d6e3f08e0418972,Active,2024-06-06T23:56:13.820717
4d686b0fde798dc3,Active,2025-03-26T18:50:39.916878
25fe8c4e3b3954b9,Active,2024-08-30T13:32:27.101305
e03ae5daa83ae636,Active,2025-01-29T04:48:35.742509
a80431cc20ae86d2,Active,2024-07-15T17:54:33.573191
e6ef083bafd36648,Active,2025-04-23T21:37:20.679036
b6e2007e40a93c9b,Active,2024-07-25T00:43:03.330040
61b0ca1e718b15c6,Active,2024-12-24T05:34:06.924410
3a89c0d2ead3ec68,Active,2024-08-30T22:30:36.390532
f7aa385bf496f467,Active,2024-09-24T00:12:36.598492
1d475c452ccb4f7a,Active,2024-10-22T19:44:36.315395
c4e8a1afdaf06519,Active,2024-08-28T16:12:38.087529
a0f2110232b07c0a,Active,2025-04-21T23:51:16.913841
258ac72f84edb560,Active,2024-10-01T22:00:02.554046
81cd7ac85f754c6d,Active,2024-10-23T01:35:30.734732
c3a95eefcaf3327d,Active,2024-12-06T17:13:50.436428
2f554265941eb70a,Active,2024-08-06T10:06:43.141497
d228b580fafba4c5,Active,2024-11-22T08:31:57.191916
84ff2b29a5266512,Active,2024-06-02T09:26:05.793848
a041c052de314386,Active,2024-06-28T07:14:32.074667
f0920b1d8ad7240c,Active,2025-03-03T20:21:07.507225
638306579ad21020,Active,2025-04-21T10:25:55.274553
f4453f97ed40a92f,Active,2025-04-15T07:25:19.395605
3f76bf0cca3da979,Active,2024-12-11T14:05:26.260978
9c87a647e074d313,Active,2024-10-28T01:30:25.635029
2b1ef02cf8fc7064,Active,2024-09-16T12:23:08.268560
deb83e9b17f7dddf,Active,2024-05-25T18:55:40.865666
bbcc9a4d6ac62fe2,Active,2024-12-23T20:18:21.489824
e8bc608e1bf4743a,Active,2024-07-26T00:03:06.714777
2d5cd97a5366cfc4,Active,2024-10-23T14:15:05.715482
680b93cae41a8cc0,Active,2024-12-10T08:05:26.986924
e42a368862b1127a,Active,2025-02-13T20:29:20.038474
0e74112c5c62a8ff,Active,2024-09-07T17:30:35.471620
de2f88e2f9b87702,Active,2024-11-05T01:21:52.038609
194af64734874590,Active,2024-05-20T06:12:00.952268
9ab6a34842466ac2,Active,2024-07-13T03:01:31.590300
123e0f994478a05a,Closed,2024-07-04T18:42:27.267741
90704caafddba122,Active,2025-03-14T04:00:42.697536
9f6c700be11de087,Active,2025-02-28T12:47:13.293789
6afb47bf2747a63b,Active,2024-08-21T13:21:28.664823
aba38fab1a628b06,Active,2024-08-11T03:59:39.520674
d14b4a0689af5291,Active,2024-07-13T19:30:21.608752
e5b2bc86aa7375a2,Active,2024-11-06T17:32:38.323856
de532203e2bc86d1,Active,2024-10-25T01:43:06.123867
f5e24fd5ec09f779,Active,2025-01-05T10:32:27.315993
5e78b27833e24c4d,Active,2024-08-07T06:44:47.233355
3b23c4df6ff89b86,Active,2025-01-18T08:24:34.409637
15c3775613d99492,Active,2024-07-21T10:57:02.439585
d08edb1450b80e28,Active,2025-04-19T05:51:46.920699
9a1f79a913c5c671,Active,2024-07-19T04:49:59.212648
004268f05b778f81,Active,2024-11-27T02:16:44.876392
2b1e80c368a763ec,Active,2025-03-16T13:41:42.193774
feca4ba01463d397,Active,2025-04-26T19:17:18.665854
a1442510e6d0847d,Active,2024-07-05T21:50:00.399461
55f97309a5d8d751,Active,2024-08-05T09:29:42.876992
f3e064eb9e9f08c4,Active,2024-08-05T03:45:58.486985
50b4f21f9e2ab699,Active,2024-08-14T09:23:01.120676
d69077f77af79e15,Active,2024-10-30T10:17:53.152373
aca3a58075472eaf,Active,2024-12-01T23:41:45.768340
95dd950a39dd43c7,Active,2024-11-25T12:50:54.720682
d7642cd527eefc76,Active,2024-10-21T11:04:00.397675
5aad3d0611ab0115,Active,2025-04-18T23:29:07.629002
2c4794c13bc681dc,Active,2025-01-27T16:00:59.008703
d59c5cbefbc87b66,Active,2024-09-10T16:10:02.529579
6bb5939ccfed3038,Active,2024-05-01T01:27:20.413643
936b771f0c38bdbb,Active,2024-10-28T06:30:53.418880
fb6b89a05df4780f,Active,2024-10-01T22:06:56.312852
16a14fd6d9f0c6a6,Active,2024-07-16T00:42:48.082697
6edb694929fbd933,Active,2025-04-13T18:50:33.039596
0fad6b682c80642d,Active,2024-08-15T04:40:37.953230
e5b51640274d3681,Active,2024-12-02T23:31:39.775188
af7a02111ed8dc9a,Active,2025-02-03T23:16:33.095284
952c53d07dc99ac6,Active,2024-07-03T22:58:01.814757
57ac02afde07ed9e,Active,2024-11-06T15:29:36.491465
254c256b3ae78e0f,Active,2024-11-02T17:46:22.470414
17b5949d3b573dc7,Active,2024-06-18T01:19:54.888592
f96de41e41012704,Active,2025-03-21T12:16:55.840549
78c64df0bb7a38c2,Active,2025-03-12T04:27:50.807525
09ae9e09f44c89af,Active,2025-04-23T00:08:28.585671
9e3260e774203b2a,Active,2024-12-19T08:14:42.241688
ec181f8daa5916d7,Active,2025-02-23T06:22:55.001759
8b7ff2e00fd8175b,Active,2024-12-23T13:56:04.860585
6f45bf9aaa7a397d,Active,2025-03-15T19:23:11.188757
d7c5d78ef7ad9a42,Active,2024-12-05T21:24:52.508876
f515757461fdc637,Active,2025-02-22T04:19:37.180372
6512a50bdb8b05b5,Suspended,2024-08-27T14:51:35.768852
11d99089f1ac90d2,Active,2024-11-28T07:39:36.152437
c1fffb2ea8a6d87a,Active,2024-05-08T01:54:30.873976
8176324ed7163010,Active,2024-05-17T21:09:32.711615
a41cf46fada44aed,Active,2024-05-29T16:36:55.250495
b74b1c872ee13dd0,Active,2024-11-18T16:14:48.578585
71ee12e2d9b44b7d,Active,2025-01-04T01:49:28.457841
090ca2cea7ba9fb3,Active,2025-03-27T09:45:26.274141
9ad93b7dbb85ffce,Active,2024-12-01T07:46:15.534664
9d5a017757a63f69,Active,2025-03-13T03:39:45.429746
049fa93ca462c29e,Active,2024-07-25T01:24:19.481157
be5f0745bb229f30,Active,2024-08-24T05:16:52.128777
ad9ab2e380c19bdb,Active,2025-01-30T02:03:10.178092
34fb7c0ba07158ba,Active,2024-09-07T09:05:06.646179
7e890bd1087f55f4,Active,2024-10-21T08:26:26.688168
d1a0d9968337f1da,Active,2024-10-19T23:08:52.352177
51105fcc8f4ad5f5,Active,2024-06-06T20:17:54.517328
07dabd112f41329f,Active,2025-01-07T05:59:04.228076
281943bf08a0086a,Active,2024-12-16T05:07:33.708157
5b63b970712a4748,Active,2024-10-03T13:40:44.454151
a523fc8cfc939b19,Active,2024-07-12T09:02:51.190467
a99694a3cb278767,Active,2024-12-20T20:29:33.857362
2ee4530020166dc7,Active,2024-05-08T18:26:11.753749
eb585aeaad0bc606,Active,2025-02-05T19:19:17.009295
d3e6124057c16e4c,Active,2024-08-24T19:31:00.805856
ed196e9b182e50ad,Active,2025-01-22T07:17:51.655084
d50f86283a7a355b,Active,2024-07-18T08:02:46.108382
2c26a3e4248f5695,Active,2024-11-02T23:36:40.242781
2fe7e97e3c45ea93,Active,2024-10-20T20:04:31.382813
28a335eab3513b2b,Active,2024-09-09T21:16:55.109281
d5db9d3c66df7618,Active,2025-03-19T16:26:39.634432
0cc2014a0d98ed9f,Active,2024-07-08T09:02:12.088665
16915c3fbb6ba97b,Active,2024-07-04T03:08:59.303714
d1b1ef3e35a46d2f,Active,2025-01-17T21:24:10.332165
aac27899cb29855e,Active,2024-08-29T09:32:18.867003
b0cb7bb853eac49e,Active,2024-05-18T12:54:32.092086
209b3bbc1ab418ae,Active,2024-12-11T13:24:19.892245
7380068dc796ca65,Active,2024-10-11T12:18:17.943022
f321cb734b13d285,Active,2024-09-05T06:07:30.060959
bd3032ed907bf410,Active,2024-06-21T17:17:02.874042
328ac63681bc2d36,Active,2024-12-17T18:57:52.892774
f1056e27ca44b9b6,Active,2024-07-07T23:07:33.149975
a8493f69f62debb1,Active,2025-03-05T14:37:26.735404
99223ad6d39d04dd,Active,2024-09-28T00:55:24.226924
c72ca0699bc630d9,Active,2025-04-03T20:32:32.442218
e282f883283e6b76,Active,2024-08-31T22:45:07.552201
c206a7d11e6240c9,Active,2024-12-03T05:18:03.584265
952c3c612b6b93b2,Active,2025-03-14T14:48:19.010777
60f9a90930e598b5,Active,2024-11-30T14:52:53.619478
c9c13385639ecd00,Active,2025-01-26T07:04:24.177267
1282c0572e757ff5,Active,2025-04-15T18:22:35.123833
765a52dbd529d544,Active,2024-09-15T12:52:32.732087
4965f0b8c05ad647,Active,2024-09-09T05:33:23.456934
d032b0ee1675d6c1,Active,2025-04-05T13:33:54.357339
37f082801e88db5d,Active,2025-03-18T08:10:26.117121
99e5af66ade48435,Active,2025-02-23T10:19:09.019854
64ff3f5e75736575,Active,2024-06-28T09:59:52.528409
2af6fafd03b54125,Active,2024-10-28T09:42:37.131099
f0bd329ad04f4ad9,Active,2024-09-30T15:44:58.063300
fd5cea82df0ab3be,Active,2024-09-29T10:29:31.364199
83415ad289c56b72,Active,2024-12-14T15:07:47.479925
9022ba317d6dde9c,Active,2024-12-19T16:57:08.429956
048418a1fd5596e5,Active,2024-12-12T21:24:37.115495
cb8e3d82ea99d418,Active,2025-04-06T22:16:24.468969
5f328850feb79fc4,Active,2024-05-22T13:57:42.116596
fb3bfe47194e46a6,Active,2024-11-08T04:27:31.410475
9de3cc2e8692d25b,Active,2024-06-21T19:59:40.101970
0630b9b63b229d23,Active,2024-07-30T20:25:14.096132
7e899d6716b7ac1d,Active,2025-04-10T07:50:08.959390
1d91716d0c3ab78a,Active,2024-10-01T17:32:57.813167
59dfb9bbddec1067,Active,2025-04-19T08:59:10.682035
bf63ca45c287deed,Active,2025-04-09T13:22:42.464080
11d424be5684082b,Active,2024-08-02T00:37:34.893666
50bcc6d9676b2fb4,Active,2024-06-07T10:43:40.654721
a7cecc207cb244b0,Active,2025-02-21T22:39:35.560012
31115ed10bb5f64e,Active,2024-07-20T21:36:46.982182
9f9159ba0f67e6f7,Active,2024-06-02T17:35:47.479908
5cd364d975cbec12,Active,2024-05-27T18:25:48.047992
177e4210aa554969,Active,2024-05-21T18:55:41.528494
fa988edd2c7e85f6,Closed,2024-05-09T22:12:36.536914
eb8cf01fd60ae216,Active,2024-11-26T12:32:59.751038
5d1755b422bdf277,Active,2025-03-10T13:26:09.040776
f4b17e13dbaf595d,Active,2024-04-29T14:03:57.017837
569f623af08ca202,Active,2024-11-21T11:40:01.911535
022b31b4c0e1d9aa,Active,2024-10-21T19:11:56.111821
b9318a4a92c30a06,Active,2024-05-17T08:15:50.508160
e359002122f7df9d,Active,2024-12-13T09:36:44.609368
83ef16df6bdd57dd,Active,2025-01-24T06:52:23.842670
659ae5dacaec8946,Active,2024-06-02T01:20:26.058536
a48dbc841c41d7dd,Active,2024-12-23T15:28:26.673978
9efc544c190f3a2f,Active,2024-07-26T07:02:15.532233
1d2fd575ec1730ba,Active,2024-06-03T01:00:32.426793
13028751ec04e08b,Active,2025-02-20T21:09:51.308616
76668c271df8c4c0,Active,2024-12-14T16:24:56.021853
2b1e1b677febd1ae,Active,2025-02-04T02:26:31.021958
f65e6097bade45c5,Active,2024-05-28T19:39:18.722654
ec591442f11c7109,Active,2024-09-14T10:57:50.369206
eded691b0744ec78,Active,2024-05-21T20:08:26.209518
144a3176168ae5d1,Active,2024-04-28T19:35:20.856044
5f3159324d199320,Active,2025-04-26T05:31:44.119357
d95bc56cb1841505,Active,2025-01-02T00:56:38.253129
8c02de72dc80e21e,Active,2024-09-09T07:10:09.606585
d7c4470fdbfb8aa4,Active,2025-04-20T22:05:49.193257
11a8ec51e93636d6,Active,2025-01-05T13:43:47.656962
8f6f76fed351dd1e,Active,2025-04-07T07:59:48.904396
6332ba891fb6ca02,Active,2024-07-27T12:04:33.762758
8ac19b52f9d5a0af,Active,2025-04-27T02:07:33.881863
362e54009fc05254,Active,2024-06-26T21:02:26.592910
bad554793ecf9563,Active,2024-12-23T22:39:43.987949
c1fdba8ebbc703fd,Active,2024-05-12T06:41:26.818239
0079849cd0e88658,Active,2024-05-14T01:45:47.178744
5685a1df70c26e46,Active,2025-03-13T01:02:41.624641
5b22dd7b3c257ab8,Active,2024-07-28T03:21:25.446521
a8630d86b71999de,Active,2025-04-17T20:46:21.108283
73cddc769acf7087,Active,2024-09-30T05:02:26.670481
9a02ad35269510c2,Active,2025-01-12T17:21:27.113098
bcc56ac2f02ce389,Active,2025-02-14T09:03:29.877339
6292dd256b0d314d,Active,2025-03-22T02:17:57.566949
73918696a0c605d4,Active,2025-03-05T12:47:48.515295
948d7410d669a175,Suspended,2024-07-20T21:47:14.631409
202baaabd183a683,Active,2024-08-26T14:55:51.965237
dc7bf621bacb7d52,Active,2024-06-26T16:41:35.524887
93284398ed572dcf,Active,2024-05-17T10:47:43.724905
baccd1d60315b576,Active,2024-04-30T07:23:38.384131
2bdb0d0b7b5ed681,Active,2025-02-07T06:29:07.024905
0a0a6f853e8dbc20,Active,2024-08-06T14:59:50.822257
c436002fce409e94,Active,2025-03-23T00:51:22.396433
eb0945982c2be0c0,Active,2024-10-17T11:48:36.452205
b4e65897321d3c5a,Active,2024-11-20T16:30:18.503313
e47e646091bfb5fd,Active,2025-04-24T14:08:44.523073
1d04c16cd8e6b20f,Active,2025-03-25T20:39:55.348043
10eb88d2b8d1ac7a,Active,2024-11-26T06:31:38.069580
df499a0253a15bbd,Active,2024-07-21T06:13:01.328415
9b332b4bf0464a0d,Active,2024-08-01T22:58:40.418804
dfd38844ae051291,Active,2024-09-30T15:00:05.566964
4b3f8701a629ae4e,Active,2024-07-13T10:34:39.771864
d51b5402484d5a3c,Active,2025-02-18T10:19:01.865947
1f5c71bf664eb36f,Active,2024-06-02T18:36:23.610114
1165683f5391c1c4,Active,2025-03-22T22:16:46.290907
e79eb6a843a3c5ac,Active,2024-06-10T17:56:18.685054
bbb25a6b879e3522,Active,2024-06-20T20:14:17.002109
338763042dfc6998,Active,2024-06-10T13:23:51.989708
2bcbf5694908be5c,Active,2025-02-06T06:29:41.239666
5333b2b834c2bae2,Active,2024-08-03T08:45:46.636041
58a71349e271eb8e,Active,2024-08-02T03:35:28.531454
68b03d87bf75d8af,Active,2025-01-05T11:45:25.665583
4d955c3b3987ad1d,Active,2025-04-18T13:22:15.050475
d8dd58e77c2f1b02,Active,2024-12-20T01:22:43.706205
b0e6e0981ab1c206,Active,2024-05-04T05:14:37.915301
e9203728556dcd8e,Active,2024-11-12T00:42:44.128473
4bb4c9d26a0c1565,Active,2024-10-12T21:07:13.640453
8572eed3398327e5,Active,2025-03-23T13:42:42.932431
d1fc4847884d22e0,Active,2024-10-18T16:31:23.922151
cc46d6ddf9633b0a,Active,2025-01-11T20:03:19.186751
15ec1f23ee1faaa4,Active,2024-08-11T21:39:04.013820
2a24ab48209ab429,Active,2024-11-11T01:54:08.192704
0ec02c646d4cdcec,Active,2024-08-10T18:12:32.300836
c9b7cc566905a2f0,Active,2024-07-04T16:22:25.666789
181e119e6adf4f5d,Suspended,2025-03-14T17:16:45.690823
2ae40eb63d1dda79,Active,2025-03-18T21:50:41.712004
16f07932ec65a5bc,Active,2025-01-14T02:31:52.984348
64fdd35ca5a31ef9,Active,2024-10-23T05:59:20.817766
cc56a6b83c68b054,Active,2024-11-19T17:22:38.396823
8e5a451095191319,Active,2024-10-25T23:29:17.155033
3b89c7540f91b296,Active,2024-11-15T23:42:17.926957
1a7a7faafbb8978d,Active,2025-02-05T10:09:45.974990
ca9cacf589c93a92,Active,2024-08-04T08:12:10.840189
b2c2a1bb7da9366b,Active,2024-07-02T20:57:47.596521
6b1e1e10ea17c734,Active,2025-04-25T02:18:17.060533
d6c4f9a239ed65d2,Active,2025-01-16T06:24:44.855116
c408405d0209801c,Active,2024-05-08T11:39:03.522971
a9557aa8cc5650ac,Active,2024-06-21T13:24:49.275994
9f41ebc9dc62a325,Active,2025-04-20T16:39:18.599737
0060afa5834aa2a4,Active,2024-06-22T09:43:50.430837
b1e544c981504717,Active,2024-07-05T04:26:08.083382
b8d438a73dcb0b38,Active,2024-07-08T15:12:43.572934
fcedc86b142e6f7d,Active,2025-01-10T05:08:17.591338
404cd723a7c8b771,Active,2025-03-20T19:18:48.785537
134c25c571ded79f,Active,2025-03-24T14:42:13.254129
c04d6ab924067ef5,Active,2025-04-19T22:54:41.776548
7006bcc9ad2e4cc6,Active,2024-07-27T15:03:13.153774
07df207540d15dfd,Active,2025-03-26T06:42:25.130409
f6b9de477fab8cc0,Active,2025-01-29T10:39:20.375347
7e0ffbd1d1449e43,Active,2024-08-30T07:25:57.044850
6d0b97a8189ced52,Active,2024-12-17T12:36:55.104917
ce3bcb9a2656864a,Active,2025-03-15T14:53:05.138882
25a37eb8e4dd1c29,Active,2024-12-28T14:37:48.620443
e2472fab68798a47,Active,2025-02-06T00:43:59.548446
d2f9630b4be78c5d,Active,2024-11-26T13:20:02.081287
36b7039183759f4b,Active,2024-06-10T08:11:51.723785
e66ec509cb2cbbf9,Active,2024-07-08T13:04:39.343525
8c1adc3f38d5c913,Active,2024-11-03T01:45:41.526261
9ee3023a619a70ae,Active,2024-07-12T07:36:51.916334
56cb655bee5a68eb,Active,2024-10-01T23:06:59.967892
e8241d192c148dc0,Active,2024-05-11T03:41:47.920505
aa1baae33c13ffee,Active,2024-09-26T03:58:39.274395
f54a9e138e770f9b,Active,2025-01-06T16:18:58.031754
7be0e5d2a5d614ec,Active,2025-03-21T17:19:51.062429
d5d9407ef38c117e,Active,2024-08-09T08:27:39.673325
9672aa314c1be45f,Active,2024-10-04T16:00:53.227246
5d60075cc621997d,Active,2025-01-19T08:25:56.111610
1520ecfed5c9a768,Active,2024-08-21T07:08:44.159842
08d53e9c26103bd6,Active,2024-05-28T04:47:53.483470
6ea8be0d17306443,Active,2025-04-21T15:34:55.146988
733a49a2ec188c6b,Active,2024-08-12T14:14:04.203582
38ddb5c7c4bbc52b,Active,2024-07-04T08:36:05.372972
0a9459b26ef34dc0,Active,2025-04-02T06:47:03.326873
e81002a1c0da9838,Active,2024-06-12T05:11:52.776221
f675236b24c7c4a8,Active,2024-11-18T14:58:43.355157
2167feddf8ecc44c,Active,2025-03-15T17:29:26.709461
0ef40a913af23f2a,Active,2025-02-08T04:51:37.443716
ec5e9b4d3b800393,Active,2025-01-12T14:44:26.640322
e75c9b72b6f2fa52,Active,2024-12-12T19:32:12.202451
37116e33c02cf1e4,Active,2024-11-15T17:17:45.520127
8372c5851da9f2ad,Active,2024-06-28T08:57:42.307392
a8e78f85b04d2ca5,Active,2024-05-21T03:04:34.751913
942c709bc91ba5c7,Active,2024-11-09T09:04:03.779340
b58a0460bbd072dd,Active,2024-12-13T23:22:29.908037
ec689cbb25d1664e,Active,2024-09-15T08:02:59.509522
8e8c2fd472e6f1ce,Active,2025-04-13T18:21:58.460634
4b319e3c43475240,Active,2024-08-03T07:20:29.375566
a379492ecd2138c2,Active,2024-05-06T21:19:44.556591
5d58397bcb01108d,Active,2024-08-16T18:14:29.321823
e1a3fdb3f0f87a4c,Active,2024-09-10T03:33:01.435256
55754b755342c649,Active,2024-05-25T22:18:39.934932
6ca87446e57551e2,Active,2024-06-15T09:10:42.167032
26e18c3fd27500ee,Active,2025-01-04T12:18:49.122097
9432903827023a75,Active,2025-03-10T10:08:23.089794
c67997e08c0c7a1d,Active,2025-04-06T19:25:53.355213
83c0cd25024d88d0,Active,2025-02-08T09:20:11.685362
5852d1e476b2db2e,Active,2025-02-03T18:43:06.833561
59dd91dbec5a7432,Active,2025-01-02T19:59:05.611737
fb15a81495d24ffb,Active,2024-05-19T05:28:49.660497
9b80436d352d4d34,Active,2024-06-18T12:15:18.170595
187b6ea19c50a9fd,Active,2024-12-15T09:46:33.174677
60e9423b444e30e7,Active,2025-04-27T21:01:46.014371
0ef43cd4d2188b62,Active,2025-03-12T20:37:43.026450
2600f7ea3f356cc1,Active,2024-07-23T19:53:38.664850
37898a02f684ea11,Active,2024-08-27T15:11:30.871393
667815a9e713cecf,Active,2024-12-08T12:13:45.556030
7542fb20601a91cd,Active,2024-11-05T09:25:08.770527
360b93f499bb881b,Active,2024-09-04T09:21:00.420533
16a52fa86f840a58,Active,2025-03-10T10:31:45.963998
d3ed3dc18f783f5d,Active,2024-08-21T13:31:18.204119
9af5caf6d14b2e55,Active,2025-01-26T02:36:51.035696
3f991784191fd3ed,Active,2024-11-12T15:13:33.314032
828662455dad12c3,Active,2025-02-19T13:16:20.124976
9e7e59e6bd271b26,Active,2024-12-04T13:48:43.115619
ba86535be6b946b5,Active,2025-01-15T10:18:01.448248
6a50484a6927f922,Active,2024-07-14T09:01:40.461029
146db789929c7767,Active,2024-12-17T11:04:34.037039
7d1a70d10ddc4210,Active,2024-06-07T00:17:39.312673
3d864ee632c405f1,Active,2024-11-22T05:08:21.284291
22bfa9b5d4557a43,Active,2025-03-15T12:02:52.353933
42168526c9b35ada,Active,2024-09-12T03:55:03.430055
f5473927a8f1f030,Active,2025-03-27T05:32:29.907175
0fbcd994bdb3bffc,Active,2025-03-28T12:11:20.094309
a047b58b47876b1f,Active,2025-01-02T09:27:06.998476
225aa4a9e37117f6,Active,2024-10-28T21:01:55.015029
f04d62d90b0fc9a2,Active,2025-01-23T09:45:11.659463
50bee181ce780fea,Active,2024-11-22T08:03:29.771495
9ed36fd57dd059d0,Active,2024-07-02T02:46:18.511768
92158b65b4a0cbe0,Active,2025-03-19T22:19:17.979903
8078617d3599e608,Active,2025-01-31T04:34:48.488264
9fdaa90d5d4247c4,Active,2024-06-17T18:04:23.968007
47967ed09c3fa57e,Active,2024-12-07T08:43:12.556643
572ea4e85f87053d,Active,2025-01-13T19:47:55.376315
cf2cfbb9ea3678e9,Active,2025-02-26T17:23:45.803800
0600be637c313608,Active,2025-04-18T22:00:57.251936
81598d08cf0bf264,Active,2025-01-20T04:31:33.112306
84b7e0af02307910,Active,2024-10-23T02:36:16.784056
f2af78304d9d1e38,Active,2025-02-02T23:18:36.598481
6159814f9b876354,Active,2024-06-15T08:28:16.330692
5fc8f6b1a26f2008,Active,2024-06-22T07:44:48.938161
5fa084ff2cf3ffe2,Active,2024-12-09T02:39:51.379917
3f26835d7af94c8f,Active,2024-07-14T13:19:22.092379
ac81c6ed8298f4c5,Active,2024-07-26T13:23:41.869923
f0c978b845fa3aba,Active,2025-03-29T13:35:49.306006
6a3e47b8e03b570b,Active,2024-06-25T11:14:45.084005
f5678ddba76745f3,Active,2024-08-28T07:45:25.005102
89d98c24b52b3289,Active,2025-04-06T17:08:03.100788
65413d6c03d8d836,Active,2025-01-31T13:08:50.418083
bbf541d071d679d4,Active,2024-06-28T21:44:16.713594
8ed487f74a4a0cd5,Active,2025-03-02T01:02:37.245464
75e5fdd8e0e78406,Active,2024-09-26T01:04:07.509023
4155e4ec3438d9fc,Active,2024-08-14T09:59:46.745078
1dd61a4fd401ddc6,Active,2024-06-07T17:53:54.738662
bed2631d9b443586,Active,2024-08-08T10:04:26.624181
7753c8679229472e,Active,2024-09-23T11:23:36.809928
91c6e277153b01a9,Active,2024-08-09T20:44:43.077211
263c10f4c3256c18,Active,2025-03-04T23:05:22.316300
a789c696d9c200ce,Active,2024-09-07T11:47:45.751440
4ec1a3df874b616f,Active,2024-12-29T10:37:08.409998
b49a1956ebeaeaf9,Active,2025-02-02T06:13:45.331882
ff7cae1ddb5a70f0,Suspended,2024-11-29T16:41:20.608777
f5e41709860147ba,Active,2024-07-24T14:09:03.391322
3588c51e57caae90,Active,2025-01-03T17:40:47.577066
d93164eb15d393e4,Active,2024-08-18T13:17:53.771828
28e6795cab6f34e3,Active,2024-11-02T19:40:39.732735
5eb61fe30efd60f9,Active,2024-11-30T11:37:11.832322
9df34cedea0ff1b0,Active,2024-11-21T12:47:07.354513
e63968a3f4504c9d,Active,2024-06-01T13:28:10.169780
20a5d972b1c0a471,Active,2024-06-13T23:29:36.701668
e5a7e24bac5f7510,Active,2024-10-01T12:26:01.594677
bfd990cd13069e7b,Active,2024-08-28T09:17:04.413243
883cb6de6f6baa9e,Active,2024-04-30T13:16:34.998512
0c41df4357e0a3f9,Active,2024-05-11T17:51:17.992313
f0a1668b0c2fcf15,Active,2024-08-26T18:02:38.423889
88c865559f54e3be,Active,2025-03-23T17:39:10.396342
6b7a4d31717a4d76,Active,2025-04-02T13:55:48.643969
e35c211f7aeec838,Active,2024-05-14T17:50:10.897730
a660aa21f428b383,Active,2025-01-05T04:31:11.132064
501593edcff17c01,Active,2024-06-16T12:56:21.830477
382c6e26bcf17ceb,Active,2024-10-22T06:49:03.551661
54474cd9d7f99611,Active,2024-10-23T23:35:42.653750
b213c94ee1de15dd,Active,2025-03-31T16:55:47.890280
c565aa48271c5ca6,Active,2024-11-17T07:40:36.244978
ef4176fe9ae28395,Active,2024-12-28T16:11:31.642160
da5593e0ff93410c,Closed,2024-05-16T19:48:43.053125
438cacb7db273460,Active,2024-10-28T06:15:50.418053
db512d5d90a44ae1,Active,2024-07-10T02:29:31.436850
28d28a7353699600,Active,2024-09-10T03:51:52.818038
745489c4f37fa594,Active,2024-11-21T05:31:21.040214
941992b644a626fe,Active,2025-03-09T10:51:23.617042
deb60692653a77e0,Active,2024-10-25T10:49:32.061973
6e303afbdbd76679,Active,2024-10-20T02:14:48.548569
5f3979a7ed89b620,Active,2024-09-15T16:50:00.322866
f936f53da3659864,Active,2024-07-08T16:44:52.647645
52b149c3ba892277,Active,2024-05-05T05:35:52.322995
b5c7b933f786017b,Active,2024-12-08T03:18:08.027000
ba5ca51444ad1671,Active,2024-09-30T23:59:15.085680
a2f4ed7087099b5f,Active,2024-08-27T03:07:23.929521
d4526150ba616e61,Active,2024-11-18T17:50:16.172508
ca30943082c1189a,Active,2024-11-14T20:03:51.107820
4ee5e109c3b2a81f,Active,2024-12-01T00:20:57.008163
2ea06a74fbc59b88,Active,2024-10-08T21:45:48.622879
b7d3c8d5fb002294,Active,2024-11-30T15:40:10.682899
9bd54b7b2836fab9,Active,2024-12-13T01:54:05.146615
7bfaa419c8dd0b17,Active,2024-06-03T03:37:26.578307
e6677cd47f75f31a,Active,2025-01-18T23:38:03.162218
f4ac0dc0c732f56f,Active,2024-08-21T18:53:37.598946
5872ab544389faa7,Active,2024-06-09T22:19:59.748906
67a68e1e8ff828c6,Active,2024-05-22T01:44:07.758899
d8aa19677a45f6e9,Active,2025-03-02T23:12:25.848322
9c1a33b7ad7ec7f0,Active,2024-12-11T04:00:22.808669
b351707566877d1e,Active,2024-09-28T03:52:36.569136
ca5ff9608704a0ef,Active,2024-05-03T18:25:17.232594
be895bdd60764f3a,Active,2025-01-18T23:57:58.136481
5f4e363e3b4f0002,Active,2024-08-02T21:14:25.335445
0fb2898344b44fd9,Active,2024-08-24T06:57:44.216590
32f267f531e2cf83,Active,2025-03-06T04:00:42.757353
658d8377b7f7b2d6,Active,2024-09-02T07:49:25.020975
3639bacc42e8c8f8,Active,2024-07-22T14:53:18.673861
5561c848c07e488c,Active,2024-08-05T09:10:49.296993
7801b191eaf08598,Closed,2024-11-09T16:57:15.841657
293080501f488f55,Active,2024-11-23T11:34:57.350729
b3f9d7df38d2e519,Active,2024-10-12T13:45:57.236977
a9c8a27909f8de52,Active,2024-12-01T22:06:20.744706
8b1b3e9ce10e1eb2,Active,2024-04-28T21:32:14.453774
5660453bd6889628,Active,2025-02-12T13:55:59.153439
0ddd2f5410896112,Active,2024-10-10T16:55:14.599776
3f1f5b5b19847c0f,Active,2025-03-05T13:45:35.228018
47db7aeb22c669ac,Active,2025-03-07T10:19:28.800383
997b1561fbee504d,Active,2024-05-18T20:26:44.272628
4c26201d9b1ecb4b,Active,2024-10-13T21:16:15.190041
e3e956dd490adce7,Active,2024-07-22T17:54:05.567323
1a5714ac202b3c29,Active,2024-10-24T04:06:05.574227
42272f4b22026b24,Active,2025-03-20T15:21:00.167811
2f780302db0a3b4f,Active,2025-01-26T12:05:47.193161
85d94e1c6594c857,Active,2025-03-18T15:44:47.551781
d0adc07b160d5958,Active,2025-03-07T23:24:28.069570
ffa8f4ab6c267938,Active,2025-04-16T21:56:24.001580
9c6f0d4bcd10b808,Active,2025-03-21T19:37:12.181198
9ef7da1b6f161071,Active,2024-07-11T11:15:33.885311
4e8733fa08456522,Active,2024-10-22T19:07:37.147879
a746724dbea0cfdd,Active,2024-06-12T08:36:04.267333
f96eb223e52f8ffc,Active,2024-12-25T21:02:22.423912
97461f069418f167,Active,2025-03-11T07:55:36.440926
eec44d80e5038d59,Active,2025-03-26T14:56:27.640619
cdd59aff0efdb5ee,Active,2024-05-18T07:49:57.882157
eb5decc093b4b51e,Suspended,2024-12-19T01:10:13.134708
4ed881acb98407a1,Closed,2024-11-11T02:20:41.934682
1353623099753de0,Active,2025-02-02T22:02:08.450771
adcd0ac80e79aa3b,Active,2024-12-24T12:19:51.147751
ad29ff99e0e221e7,Active,2025-01-24T11:11:02.938818
5af4b5d9c3e7ae18,Active,2024-05-01T01:13:56.561576
90b2936f898c0967,Active,2024-09-19T16:30:20.796398
28194ba94739d1bb,Active,2024-08-21T18:06:46.406483
f77d39c489e8268e,Active,2024-08-16T23:33:58.738825
ce40cdef0d1a38f0,Active,2024-07-29T15:58:04.973298
48ee9d898007966c,Active,2024-08-21T06:29:51.346781
b1226d739a066975,Active,2024-06-28T14:18:50.586363
c2a6cd6bff02c491,Active,2024-06-15T09:01:33.034293
3b32837ac86ad043,Active,2025-04-13T22:50:11.389306
e9a10e854c1d9763,Active,2024-08-12T05:46:46.605153
9a2cbaa710228776,Active,2024-10-24T20:31:09.696830
674c9ac72438945c,Active,2024-07-27T18:25:49.088192
4cfcf1e21847d4df,Active,2025-01-14T06:54:02.270424
365aa50d3f632ff3,Active,2024-09-09T00:03:01.564643
0e8c5a5b8768c209,Active,2024-06-08T22:37:39.437610
21c3b1ff856f3d9c,Active,2024-07-06T15:17:31.233411
1f6c54c389b8bb6c,Active,2024-10-07T07:45:40.227896
f0af384f92cc6522,Active,2024-10-02T21:35:05.698699
3bba66dd5137689a,Active,2024-10-30T06:53:02.171262
74006ae16a6775a4,Active,2025-04-11T04:39:45.226864
c1355258efd78117,Active,2025-03-07T22:42:41.990244
4ff08fea0a06197c,Active,2024-05-15T23:03:38.557057
7beef322fbd41b36,Active,2024-12-09T21:34:05.111028
8a7c7b6e7ee1a6ad,Active,2024-09-16T21:30:00.155113
0cc2e68b86e4553c,Active,2024-08-21T08:16:02.080169
589af1ff92282a13,Active,2025-02-06T12:10:06.876820
a29aff00ec771d65,Active,2024-05-09T13:45:43.834781
8dd811806c6abdfa,Active,2024-12-30T07:24:30.103287
09903406db13beb6,Active,2025-01-07T21:28:38.577562
b8f490d186844314,Active,2024-11-21T11:53:32.726196
a0f93793759bf145,Active,2024-11-22T11:23:00.459177
4e21c9e79eeb4173,Active,2025-01-13T15:32:59.545409
5ee916042e841c46,Active,2025-01-18T03:43:25.788866
d53978fa0228abb7,Active,2025-01-26T15:20:47.220962
ee139915ae1826ab,Active,2024-12-14T01:59:16.903053
1985be300a6bf870,Active,2025-04-22T02:18:16.932238
d7ed91dde3ee2202,Active,2024-05-20T08:05:08.181167
674064635aa6bba7,Active,2025-01-04T11:17:08.588795
bfa6fd0f60738b84,Active,2024-07-16T10:18:11.779682
02ecebe997054c20,Active,2024-06-25T22:30:23.725817
ee6eed5f059eabc5,Active,2024-12-07T02:24:29.437395
9bd28c1a4b9a6258,Active,2024-11-14T21:18:12.367232
d8226956c9959f6a,Active,2025-03-19T17:17:35.898799
f1e79daf1e415cdc,Active,2024-08-26T14:27:34.549896
8dbce7946b52209c,Active,2024-06-07T09:56:37.047560
855ac527f4be567f,Active,2024-10-30T01:41:47.163777
5aa1ddb6be799ef0,Active,2024-07-20T12:53:01.935436
00cd79973fa03703,Active,2024-08-29T02:18:36.606023
8c5317a41606d662,Active,2025-04-22T01:37:47.762899
7389d381ddeff62e,Active,2024-08-09T13:35:41.278422
04b24d04a7f040b6,Active,2024-09-09T00:10:59.490156
5afa616baad2aa5d,Active,2024-05-18T04:33:03.579398
ca304e8cc82cdf31,Active,2025-02-21T10:29:17.990756
d089d0c1cbe2bcf9,Active,2024-10-02T14:28:12.703416
7ec7781501df0333,Active,2024-05-11T11:42:18.402219
a01b09b2b7fa059d,Suspended,2024-10-18T12:39:19.937398
c496266f2dfe7833,Suspended,2024-05-10T17:38:09.978859
a4e1f4d77c8493c4,Active,2024-12-30T09:24:00.700258
6cb780b2cf79c86c,Active,2024-08-11T20:25:59.802088
d6c548b62e3e468d,Active,2024-10-16T13:44:15.594272
b532fc587e193b0f,Active,2024-07-02T00:15:22.916808
41cd4c65c69ea68c,Active,2024-08-17T00:10:52.112459
685fbee70be97f0b,Active,2025-02-19T02:28:00.477132
d93610ffa9f0b6d3,Active,2024-09-30T07:03:48.327975
41d0d861b208061b,Active,2024-11-01T22:45:15.729028
c9cf8a227f74cb81,Active,2024-07-04T13:41:30.376865
60a25f8f88f80295,Active,2024-12-19T22:22:32.396177
00362c5c2454a315,Active,2025-03-01T10:46:01.158243
17ca1405e3362f99,Active,2024-10-05T09:49:10.759503
a3a395b8c6bdf8b5,Active,2024-11-30T08:22:57.738132
c416efcddbc82d60,Active,2024-05-25T07:48:17.315267
87221787140eb2d4,Active,2024-06-26T18:08:05.818955
c8707e1466ca5eb0,Active,2024-05-18T17:25:23.318964
d6193dd90827dba4,Active,2024-11-15T17:35:10.152023
d0544e6f52b71c3e,Active,2024-10-17T03:56:56.433146
a6ff5f627d9da9a3,Active,2025-04-14T02:16:11.594865
9e4d1d79a58d0afc,Active,2024-11-29T21:36:22.936857
bb7bc65d6610b214,Active,2024-11-13T14:19:03.573815
522214ec773ae3ca,Active,2025-04-28T00:26:30.787644
f51d251cfe8aaf10,Active,2024-05-20T11:59:39.354489
3263d60e23c7994c,Active,2024-08-17T18:56:03.795050
44a0a98d8e5f0483,Active,2025-03-31T05:23:48.113679
86e6c05b2b9a9302,Active,2024-10-25T17:57:36.994118
f608bba8703a4ccc,Active,2024-05-30T06:17:06.221820
23a9c4ea4b5ae5bd,Active,2024-04-28T23:17:05.684721
a9c3c4f90c591fee,Active,2025-03-02T04:11:41.334173
e6327521140cadaa,Active,2024-05-01T11:07:33.768071
51003e52c651084d,Active,2024-10-02T07:36:40.594764
3e2da50cc1a486ec,Active,2025-02-18T03:11:47.929914
63614e4883b049db,Active,2024-05-14T17:06:49.656914
d38f0389c818cef2,Active,2024-12-25T03:31:42.400073
eae9d6a6698da51a,Active,2025-04-19T17:41:18.030276
af461d5794670f1a,Active,2024-09-26T17:55:01.814203
d98a538942f5235e,Active,2024-10-08T02:17:42.625411
efbb25f48f5b4bd8,Active,2024-08-15T20:36:29.148835
9e2ab85a54767306,Active,2024-05-12T22:51:07.573380
a65ba8fe2f2af2ca,Active,2024-12-24T18:23:00.770197
0baa59df79c933a4,Active,2024-08-15T18:33:50.027087
42ff00dfb1c461ca,Active,2024-12-01T12:59:53.108254
44a8a944b32586d0,Active,2025-02-22T11:13:03.041310
b99b063050268516,Active,2024-07-05T07:05:50.160028
f08e0858ccab6498,Active,2025-04-24T20:21:30.783955
7d043456630082ac,Active,2024-06-01T04:21:23.034930
41504b32bd4e83a1,Active,2024-06-19T02:00:37.516057
ffbe874b950408c8,Active,2025-02-17T13:09:54.514538
f573bcd1ff93a268,Active,2024-05-22T10:34:00.277585
b29db3cbda8201a8,Active,2024-12-29T21:20:32.543659
37791538c178c554,Active,2025-01-27T10:28:14.655541
c947cc370a1e2c29,Active,2024-07-08T07:22:22.209963
999ae642ef710804,Active,2025-03-20T05:02:06.158536
e74cca0b56de3844,Active,2025-01-06T02:32:45.091403
6da4feb42186c7f9,Active,2024-09-20T08:25:03.172735
cda0f900b0308c32,Active,2024-09-26T08:51:34.533602
c4bae79e6fb3b1f5,Active,2024-06-21T03:11:37.829253
f58fb693ea26008c,Active,2024-12-02T11:05:51.091101
9e87c4cc4fb14f5b,Active,2024-09-23T10:38:14.607745
624b9839fede628c,Active,2024-12-15T09:12:00.566638
cf1017430f2c27b0,Active,2024-06-10T04:10:35.183503
c1c275e47dbe4013,Active,2025-03-31T14:28:52.581034
e1885f2cb659fd7f,Active,2024-09-12T19:03:22.813038
bf7af5dc73f212c7,Active,2024-11-20T23:21:03.608671
5c53fc6311e72785,Active,2024-11-19T16:44:55.466495
7ede0f9efc50fe41,Active,2025-01-02T17:36:47.679285
471d3724402ad7b3,Active,2024-09-15T09:04:32.370729
4a7ef1f71929ca80,Active,2025-01-13T22:31:56.064010
0b58284bef5bf95c,Active,2024-07-19T13:15:55.963796
ac30f6a53611b14d,Active,2024-12-18T21:29:34.308848
aff9b2f2f98770ec,Active,2024-10-29T16:38:13.634561
c5280e60e2e279be,Active,2025-02-24T23:53:17.843632
fda7b244ea678626,Active,2024-12-05T09:40:52.986365
1c405624bf9bcdb0,Active,2025-03-05T22:19:52.912092
f19a7f4e701735bc,Active,2024-11-15T12:14:00.982648
7c8bf7a091840ac2,Active,2024-08-17T05:29:08.729529
daea2fd14e5ead38,Active,2024-08-12T05:00:59.807449
1d4dcf5a3aa6fa71,Active,2024-09-24T15:21:00.955552
54cef4c8871b2935,Active,2024-07-18T21:22:49.253145
b65fcbb5ac433099,Active,2024-10-23T09:41:08.866669
3d2d7f487fe0d0ea,Active,2024-09-04T08:57:23.768338
f8ba022bd31cdc5f,Active,2024-05-13T06:32:03.649608
29b762c59e746623,Active,2024-09-26T10:46:19.230062
8bc8c940d39f963d,Active,2024-11-09T09:18:40.589658
fbe16cd6d9053c9f,Active,2024-10-09T09:16:44.290461
dab58ac77e0bd621,Active,2024-07-16T19:36:21.671660
bb83eb14a20cd949,Active,2024-12-26T21:28:55.851527
66f72542cb660253,Active,2025-03-22T17:57:42.460290
688c585a6cfbcd9b,Active,2024-12-21T02:06:49.177153
8ed0cee6f10a278c,Active,2025-03-08T02:45:12.754974
3f60d6bc79a685ab,Active,2024-10-23T23:50:55.723605
403ab068dcd30f3b,Active,2024-10-27T14:44:27.199200
721db653cc49c454,Active,2024-10-09T08:34:12.627059
1dae53697f5c502a,Active,2024-05-29T17:19:57.755140
3c6e057c0555538b,Active,2025-04-12T00:43:50.242690
6e053086df38ee04,Active,2024-08-18T10:22:07.658032
ae1a56f9a96d944f,Active,2025-01-02T23:12:03.135699
619edc5435b99f1c,Active,2024-04-30T20:25:13.699830
de625a59ca13e0da,Active,2024-11-24T11:57:19.502656
a46754901e843a3f,Active,2024-12-04T18:05:12.027920
7c660fdd1c32609e,Active,2025-03-15T02:04:18.242875
7763620a69333136,Active,2024-07-04T16:03:41.115754
a159d2ec3c743bca,Active,2025-03-08T17:37:28.443489
2b49f37d704fb410,Active,2025-04-17T21:55:48.178836
f88d762905e56df7,Active,2024-09-28T17:28:24.065247
2338ebdb0e013dca,Active,2025-03-25T13:59:29.232025
de0a820fddc3a764,Active,2024-08-18T06:12:13.345439
7b62f298130dc646,Active,2025-02-02T02:58:49.605423
9ecd90a5371c62d4,Active,2024-08-14T05:00:29.517651
efdf914f718205dd,Active,2025-02-22T18:09:11.325757
16a22254f452aba9,Active,2024-09-07T17:02:26.576939
6d3abdf094c32224,Active,2024-10-20T21:09:17.142174
4d4c63d426271f98,Active,2024-10-20T02:28:04.585679
141a0c5f1d3abcdb,Active,2025-01-26T12:45:46.677971
a8cf214cb2102962,Active,2024-05-24T16:27:24.412539
21154bd8608a7312,Active,2024-09-15T19:52:56.979277
5f3090f337c68854,Active,2024-07-16T08:20:27.405928
d40ee4d3ba770650,Active,2024-05-02T11:50:11.557930
7d92d7a4f9401e2c,Active,2024-06-22T03:03:27.926860
bfa6ca71f512d859,Active,2025-02-05T14:33:37.363653
39eb14ffb36c2933,Active,2024-10-22T15:25:50.145549
d2eaa978e1358efc,Active,2024-09-16T11:28:45.124182
a10f479bbbe05f51,Active,2024-05-14T10:04:13.732650
b400cbb177d5cfc9,Active,2025-03-16T17:35:25.425895
44082282f5774833,Active,2024-06-11T05:46:11.359303
94e5b6bc047065a1,Active,2024-08-11T06:20:43.271350
51dead94cb9e063e,Suspended,2024-12-11T22:47:06.349744
9dceb0b83d1820dd,Active,2025-03-07T17:49:24.122781
7dc8c05b01f34d16,Active,2025-01-20T21:42:27.336764
35427eb43280cc8d,Active,2024-11-25T15:19:47.321091
a69ac5f412eecddd,Active,2024-10-27T21:47:48.707967
d738128f193eab8d,Active,2024-10-06T19:32:25.370968
1ede4643022bf62f,Active,2025-01-07T19:42:07.644275
4f29c3748e4fc70d,Active,2024-06-09T15:26:08.499298
c39ad1dd04b8f09a,Active,2024-09-08T02:24:18.566204
c9ed2e0e93d577bc,Active,2024-10-29T05:13:21.435540
4e4eac52d0138ec1,Active,2024-10-10T20:53:54.732429
757338b26cc680fc,Active,2024-09-21T17:25:30.032867
5804c152208e63ff,Active,2025-02-28T12:42:15.944959
25a493acfce361cc,Active,2025-03-27T09:38:43.060658
85c44396d367fb6d,Active,2024-10-17T20:56:13.174270
eafa53653b48a715,Active,2024-06-18T12:16:52.040915
92e69b49ae52b6f0,Suspended,2024-07-22T18:39:59.013526
c06b2c5614c22e40,Active,2025-03-18T22:10:01.507672
b6d344cf5c03913e,Active,2025-02-15T13:01:03.949510
f871a770c462e590,Active,2024-09-19T05:27:16.533679
07f8910d764481cd,Active,2025-03-25T00:53:48.602309
db4ddc00aed6bd15,Suspended,2025-04-13T00:26:44.088669
e4700a70881054b1,Active,2024-05-08T00:41:00.603644
23e82b154741a048,Active,2025-02-25T05:47:03.951363
2f80be62d4d06ce2,Active,2024-12-21T17:57:51.196346
fbc663eeb96c80bd,Active,2024-11-23T01:06:57.795992
65551ee72b0e0a9e,Active,2025-02-14T09:31:00.428530
2023f446770366bf,Active,2025-03-07T16:34:40.663829
c9d69e467dcfbfd6,Active,2025-01-15T16:52:13.376519
fc0c7b4fb55d5c9d,Active,2025-02-05T14:25:29.377501
86fe3d93f5e367cb,Active,2024-06-27T23:49:06.861950
8754d0ce59a0296c,Active,2024-08-15T18:54:48.315926
d5c1650b29e9c5a0,Active,2025-04-24T19:35:58.684006
55b1c35ae4bf9ccf,Active,2024-11-27T04:02:07.535816
aa0a7ba7d869f1e4,Active,2024-06-21T12:04:27.327974
11fc0dcf5be39261,Active,2025-01-13T19:25:25.746693
54619f5604910eb5,Active,2025-02-11T06:43:24.961129
8515fb040899f1c3,Active,2024-07-20T21:50:53.253101
5e104fccf8f941bf,Active,2024-12-04T05:55:08.755926
809209c7df663a61,Active,2024-09-18T16:02:02.756693
e0dc47665a0b7a3c,Active,2025-01-30T03:20:14.504279
3f6c1bef120a5a66,Active,2025-04-13T23:50:07.811234
3844530b4b83f0bf,Active,2024-08-19T22:36:37.417261
9426281849366ce3,Active,2025-01-28T01:37:03.623564
e6439f9b6d8e1885,Active,2024-09-11T12:19:18.728503
ed2d362f12ac6a2f,Active,2024-11-01T02:35:13.296572
db780e9ed30eb433,Active,2024-07-18T06:30:02.982318
aa246c3ddce39fdf,Active,2025-02-22T18:00:24.241832
0a5f451da41f044c,Active,2024-06-10T05:49:35.407100
851a29a21215146b,Active,2024-12-31T05:15:21.939146
8c18f62b69360445,Active,2024-06-21T13:18:29.260332
9f2ca9b6e2d2d9e5,Active,2025-03-28T17:04:51.990166
bb19a654dec346ed,Active,2024-11-10T13:04:54.693090
0602da2e5ada7892,Active,2025-03-02T16:35:35.269479
47144dcb23e562d6,Active,2025-02-11T00:58:31.832501
44d79aa267f5b906,Active,2024-12-23T05:51:02.909442
e0c017d2ac1e5ccb,Active,2024-09-24T12:49:42.099861
8e331d1523b5b3c7,Active,2025-03-15T11:31:54.766444
62593d83d4d7b70b,Active,2025-02-02T18:31:55.145079
2b162bd9c6e9868d,Active,2024-09-09T13:27:07.427475
cf5a85b55ebdc06a,Active,2024-09-13T03:17:19.655287
b7ff66f27ad13054,Active,2025-02-10T21:22:50.680146
e63b5239a4ddffc3,Active,2024-12-16T21:33:43.081837
32b75cd4c665fa54,Active,2024-05-08T17:19:39.762972
7fe9e7cba369466f,Active,2024-09-08T01:36:48.364478
854aa909ae259d2f,Active,2024-05-11T20:11:57.884284
58ae6220c24ddbd8,Active,2025-03-19T06:31:14.036550
0548655feb1ac30f,Active,2024-11-09T04:52:58.012483
4f7c81fda7777205,Active,2024-07-25T14:48:38.011163
c06199e79c852327,Active,2024-11-05T23:18:38.419862
b968413c16726073,Active,2025-01-02T12:52:59.509448
3568bb76b69ce5d0,Active,2025-01-23T22:07:03.922629
66c9d4df9a60a81b,Active,2025-02-19T17:58:52.315767
530b566fb4d71f31,Active,2025-02-21T21:12:24.756021
6674e6aa47c9a660,Active,2025-02-15T22:54:55.631253
86d1d25be60a84c9,Active,2024-07-23T21:32:31.886580
f5297d9f1f84c9ea,Active,2025-03-31T17:03:18.411247
5fc8f69488f53686,Active,2024-06-01T06:34:37.373933
1d537fe832a2aa74,Active,2024-07-30T17:20:08.595535
ba13de2dfc6be5a7,Active,2024-06-23T00:45:42.449341
4eb58f398901ddc8,Active,2024-09-08T23:40:26.836221
9adabc25da5e994b,Active,2024-05-16T03:45:05.158380
71024b92799da54e,Active,2024-10-06T03:03:49.445369
e33695fe77beeeea,Active,2024-09-23T05:13:10.631952
1ed8e587bc4531a4,Active,2024-12-18T22:23:14.822363
e6ce5d17b3fce8ea,Active,2024-05-01T07:56:38.045109
a4322a0572becbec,Active,2024-07-17T22:28:26.768811
42f7cd9ef20affbd,Active,2024-08-25T23:05:30.678207
9d54f6432cd82c95,Active,2024-12-11T21:59:51.641902
3faca8c31f3545a7,Active,2024-07-13T01:50:22.721290
6cd59a178a4b21f6,Active,2025-01-21T22:55:47.164981
4da1019f90847656,Active,2024-12-17T05:23:37.072053
f62904f44943c9f2,Active,2025-02-17T04:31:44.708089
cbdd72446aceaa07,Active,2025-04-09T03:40:48.503545
42f81045d1a79fdb,Active,2024-09-30T04:45:18.091135
f027b01a6d46ecc2,Active,2025-03-23T17:47:55.773953
71c93a9a9e0ebf1f,Active,2024-12-30T05:17:44.184244
02f26c583da5239e,Active,2024-05-19T17:27:37.386733
59051caf7d40400c,Active,2025-01-27T07:35:25.341139
2c610a0132cdd105,Active,2025-03-02T04:30:17.469904
2be3173907675bb6,Active,2024-08-25T22:43:21.622710
45a2d314d8ff4757,Active,2024-06-21T10:55:19.374238
20d759ebe822e80c,Active,2024-06-17T06:00:59.025764
3938079ef668358f,Active,2024-09-13T12:10:38.396282
d8eb8faab988fbb3,Active,2024-08-03T01:57:45.349544
478cda67ac36999b,Active,2024-05-03T07:27:37.044451
f4c88c6361ce1867,Active,2024-09-19T14:36:28.928840
dd58230218f554fd,Active,2024-07-21T02:51:45.874765
981e3a8514355c4d,Active,2025-04-15T01:06:43.947962
e7b99d29fd1e882d,Active,2024-09-13T16:03:32.262329
f83447db69b0c3a0,Active,2024-12-18T15:58:08.642577
bf593b242addcf50,Active,2024-11-11T20:35:55.414670
68e678436ce79f06,Active,2025-03-07T05:26:28.179476
0d3d8efa34e2a79e,Active,2024-11-03T05:46:14.424776
cfcdb55bd9488d75,Active,2025-03-21T21:07:13.195321
c52081901e353fe3,Active,2024-11-20T09:33:40.174387
e0da0c42f588ca25,Active,2024-11-27T04:36:13.591769
855633454e57856a,Active,2024-12-01T00:55:17.854694
1fb943cbf1e9fe9f,Active,2024-10-15T05:28:11.464840
25277a89e573dc33,Active,2024-09-11T20:06:55.856827
0d793173063c5324,Active,2024-07-06T01:26:07.515362
eba71dda4f0746f7,Active,2025-02-16T20:53:03.117150
88d6e359d08d5ac4,Active,2025-03-09T19:18:30.584265
73be324b6562f6d0,Active,2024-08-23T14:06:33.008959
597a71481f1df0ef,Active,2024-07-25T11:32:13.337370
9be005568b731765,Active,2024-05-30T09:46:31.624540
09c70ccf49c25790,Active,2024-11-04T03:21:27.705623
bea5420ec19ddcc7,Active,2024-06-09T23:35:52.727516
5bd60fddd674ccee,Active,2024-09-10T07:00:44.644452
3fa993b733b05bc9,Active,2024-11-15T22:10:27.718391
6c230522d8f50ae1,Active,2025-04-04T04:08:47.286111
e419a448d4edc9c2,Active,2024-06-16T11:20:06.719903
4031f658d7d185fb,Active,2024-08-18T18:46:21.031933
e812108c03754252,Active,2025-01-25T06:49:13.915521
adda9376aa9dbcb1,Active,2024-05-04T13:23:43.263830
87c16853eb27c515,Active,2024-06-23T01:56:00.096956
092354a9042824d0,Active,2024-10-22T07:10:39.243855
cb0245cf9c101274,Active,2024-06-29T05:54:49.015400
b21f2d8ca61d6782,Active,2025-01-24T21:58:25.418467
c0d9d03058b5b13e,Active,2024-10-31T10:30:47.811921
249e47441971d974,Active,2024-09-10T06:56:27.820565
42b0156c0a6c7dff,Active,2025-02-02T11:09:46.904305
0a3759f434d2968d,Closed,2024-06-30T22:45:04.616650
1e07ecfe80836cfe,Active,2024-12-17T13:54:07.571723
0ffac512858dfaca,Active,2024-07-10T21:49:54.670594
079f775f5cac5542,Active,2024-11-23T23:40:39.210661
872680fabf20f50c,Active,2025-02-03T18:27:44.881120
71b94e71446c5c6f,Active,2024-06-02T08:53:10.914121
d6c832a888568b26,Active,2024-06-04T03:33:03.581654
87555adb80e1c031,Active,2024-12-30T09:08:22.868267
bc162ec0711b3c1b,Active,2024-08-17T12:46:58.853724
51af5ee160d7aa35,Active,2024-11-09T14:13:39.100392
7309fde99c8700ac,Active,2024-07-27T16:31:13.819724
72521bd920eb057e,Active,2025-03-16T06:09:58.193837
e3ab7a86d27b484a,Active,2024-10-01T17:28:25.435530
4473392ce60e2041,Active,2024-11-25T08:58:20.520996
7086be771e1a4965,Active,2025-02-20T10:07:24.377134
11450588d0dad9ae,Active,2024-12-04T13:07:29.925913
b354a353e49eddc5,Active,2025-02-10T04:09:05.466222
61c139606491c06e,Active,2024-06-29T21:42:52.126868
18d964e36e98fabe,Active,2024-12-13T16:40:57.586995
873d18b82269744c,Active,2024-12-29T01:58:11.176412
0d9cbdde32d8b54b,Active,2025-01-04T14:40:37.876786
9ba95b3a648789f0,Active,2024-08-28T02:18:14.788130
2e434e4ed822711b,Active,2024-11-29T15:47:00.795738
ad0906da65a36a91,Active,2024-09-29T02:07:25.722577
3cc4c605e39a0883,Active,2025-04-08T04:31:00.126223
54c213d5f6b91970,Active,2024-08-29T06:52:28.205409
08b6b8b06d7b8833,Active,2024-09-05T21:45:32.031901
a197ab1d63cc96a2,Active,2024-05-16T00:21:25.613865
72f273ede041c505,Active,2024-09-01T04:11:04.929630
d7d8043622ea4bcc,Active,2024-09-20T01:04:51.474892
b75468ff8b48d8fd,Active,2024-07-11T01:47:54.575977
0cf31712577196c3,Active,2024-09-23T20:51:27.264490
f408dbc621f5cd35,Active,2024-09-24T20:09:14.653413
5a5e2e7402a1ab68,Active,2025-03-11T19:12:02.854501
9dc6fe48d346989b,Active,2025-01-19T06:48:13.043606
86439e766f19a49c,Active,2024-06-20T22:23:54.429836
fed009bbefa75983,Active,2024-10-09T19:42:59.345122
5e424f50114e318a,Active,2025-02-11T06:18:02.128793
7bc116c533aa3104,Active,2025-04-26T21:57:33.737533
93f37cc0163c2dea,Active,2024-12-03T06:00:57.123248
c4405c9fe7c3b31c,Active,2024-05-17T14:16:35.001780
107d3f84a0ce9ecd,Active,2024-08-17T16:51:53.940877
3e7da2ab1ae3087a,Active,2025-02-17T09:59:41.366708
5c2e3922f55ddc1f,Active,2024-06-24T13:16:26.045324
28c0cf5c67552e9a,Active,2024-09-13T07:06:12.960010
a0bb11707bff1607,Active,2025-04-22T11:58:02.771549
851e0fd6aee76a84,Active,2025-03-31T01:36:45.631893
3f0d3560d499f5af,Active,2024-06-17T16:30:42.769152
9efeea5556b4dd6d,Active,2024-12-15T16:08:05.114124
b436eab438e8629c,Active,2025-01-04T08:06:00.976479
0333f384da22a95e,Active,2024-10-07T03:55:23.578441
9e071ca9a60df99b,Active,2024-06-15T18:38:20.012046
08dfa158ef6be0f9,Active,2024-07-12T01:17:36.671012
348b9ade6a4dc6f9,Active,2025-02-23T21:12:04.102226
dfd990e4c5ade5bb,Active,2024-12-30T16:37:11.235642
4b69baee18bf6704,Active,2024-11-04T19:43:13.645169
ef04ab8b5313f016,Active,2024-12-20T10:23:08.072059
5800df73a99faa51,Active,2024-12-10T22:01:26.341698
666275ecfd15e5fb,Active,2025-04-20T05:42:46.599327
6e9eff456ea95d20,Active,2024-06-14T14:16:15.741386
457d3dbddf3d8b80,Active,2024-05-09T13:19:06.294042
51beade07fe3a73a,Active,2024-08-05T20:48:06.660350
3f8db3435a8b108e,Active,2025-02-11T14:25:40.350349
9368c1646f861f60,Active,2025-03-18T03:39:21.991163
b9cebf4ac32845e5,Active,2025-02-26T18:50:50.894899
10f141ec262b0a8f,Active,2024-11-23T23:31:01.809350
4e2c0f0654217184,Active,2024-06-19T15:55:58.657079
8d5b3f69cb630583,Active,2025-02-11T18:00:33.040684
a39b6691052ac1f6,Active,2024-07-24T14:19:51.126916
71ec3ca44286fad0,Active,2025-01-27T00:28:05.819212
aa7f15da668b5d3c,Active,2024-09-08T06:52:56.427174
f1c672e0e56f44d8,Active,2025-02-04T07:10:53.133316
c9cc92168c187547,Active,2025-02-19T15:18:07.133428
724934de9bc2ed1e,Active,2024-05-16T05:38:44.808313
0caa94869b703eb3,Active,2024-06-05T07:38:47.094993
f59ca74c307e69a0,Active,2025-01-07T23:38:30.075866
0e325f09d35c8d33,Active,2024-06-10T06:49:41.798038
829eef09688894f9,Active,2025-03-31T13:12:29.116360
ad517c5b4855b877,Active,2025-02-14T23:42:23.744915
11ab1a000e9b22f7,Active,2024-04-30T19:35:11.054586
7b261c76d5622ed5,Active,2024-08-10T16:23:59.565325
833d26411fb60135,Active,2024-05-22T00:15:56.653641
9196e9048effdbe0,Active,2024-08-28T11:40:07.077866
626c65f4d018f092,Active,2025-04-17T21:22:58.729987
46f570292e452c26,Active,2024-06-29T02:22:12.068279
fefa7fa56ae2c8e2,Active,2024-06-11T20:11:35.095951
023ecc0da3306a6a,Active,2024-05-07T17:31:16.114694
bc8beea7416dc450,Active,2025-01-13T06:18:41.310845
f8a33f5dc3389042,Active,2024-11-16T00:37:29.105264
6bc9d1eae5217db0,Active,2024-11-10T22:52:00.688784
a6b9b0acebb2e293,Active,2024-08-08T04:07:27.850975
b8067d7c12973624,Active,2025-02-09T01:53:46.272819
74d3b0ebf825c21b,Active,2024-09-23T12:37:59.336244
5ad49d04e6d9f9af,Active,2024-06-28T09:06:58.464256
d1156287216541a2,Active,2024-10-31T07:15:45.699677
eed7caa8edab9d71,Active,2025-01-23T20:35:51.183965
5e4f054dadd90583,Active,2024-05-18T19:57:28.926978
6bde0b6cf19c25bc,Active,2024-06-21T01:32:31.033421
1096fb226ec8bd57,Active,2024-08-10T23:08:44.947448
5dd5c8c7a9b4305a,Active,2025-03-30T02:41:43.039557
61998eef0c7cedde,Active,2024-12-01T13:10:12.660328
e56dc0435161d818,Active,2024-07-27T07:06:27.981598
bfdec5b185f9548e,Active,2024-10-29T07:48:27.297757
b6988d80cebf9bed,Active,2024-07-29T04:32:27.897376
d393d7e5919fda5b,Active,2024-10-01T10:05:57.415153
c0a0fe8fbe63fc58,Active,2025-01-28T22:54:04.893334
0a2edb234c34cfef,Active,2025-01-12T21:19:33.219077
dc031724e593fbd3,Active,2024-10-12T00:38:19.784533
5f4942bbcad29e56,Active,2024-08-24T03:10:08.612751
62f66c8da5646482,Active,2025-03-16T05:29:37.641665
1a0ae9e7e27b5cfe,Active,2024-09-22T20:24:18.413049
11369ad4e56aaf13,Active,2024-11-07T10:51:07.970534
f1e4d26836e0d59f,Active,2024-07-28T02:04:14.438850
dc19b4577d61d625,Active,2024-06-10T20:18:02.798025
28dc1c2d127c6668,Active,2025-01-20T01:51:45.322766
8ba87e521943f362,Active,2024-08-17T03:56:58.705079
661667488c418c7c,Active,2025-01-12T15:05:53.779487
9dd47578bc7a309e,Active,2024-09-29T10:02:04.523289
6a84628602f2ec6a,Active,2024-06-17T06:55:20.740010
4b549149ad3b094f,Active,2025-02-07T16:06:59.791700
68b068d77545d764,Active,2024-09-01T23:40:31.548800
dc1edce3281d5420,Active,2025-03-05T11:59:07.582461
47db5859b0e3f775,Active,2025-04-10T02:37:49.585285
4de0a6af6bdaa5bf,Active,2024-11-08T11:00:12.462675
a857290aa3809e07,Active,2024-10-24T10:58:05.748407
f21414cede27993a,Active,2024-12-26T01:48:41.738954
608e802851abfed5,Active,2025-04-15T23:33:12.695245
39ce56e511692afa,Active,2024-11-25T08:10:31.706718
6fb79d9874d5f54f,Active,2024-05-06T07:01:34.787803
39dd8579da7b2da7,Active,2025-04-26T16:49:40.084967
0b330c1556f6a7da,Active,2024-12-24T19:34:36.127892
ad46482e1fc6de6c,Active,2024-08-24T12:23:02.873819
c37d6d9740bc9bce,Active,2024-07-21T11:22:07.750107
446edef367563253,Active,2025-01-12T02:16:29.988657
105ef21b252ce37e,Active,2024-08-05T14:28:19.206711
108bafeae49b54f9,Active,2024-07-11T05:40:38.004143
9529849054f7e488,Active,2024-11-11T15:24:19.162944
430db2376e9ae848,Active,2024-08-31T10:16:48.600552
e8ea5f6f793b35ed,Active,2024-09-23T16:50:42.593124
02ce1f3a32724680,Active,2024-06-23T11:50:23.278465
6e8af9e6c5e12ede,Active,2024-07-10T19:17:31.650075
3c91b26e3d792f72,Active,2025-03-25T02:03:08.034695
d74c23c18dc8085a,Active,2024-12-29T19:57:31.963302
2125a926623e6f08,Active,2025-01-17T10:20:45.612319
edca987fd9bd7dfa,Active,2025-03-13T09:55:22.640028
448e321d2eda7429,Active,2025-03-12T23:08:05.802522
15c3076b17b98f95,Active,2024-06-23T15:19:43.313342
58a6b5c9cec8933c,Active,2024-10-05T06:49:50.267936
d19c8800920042af,Active,2025-03-03T23:59:51.579523
82dfa4efeaf4b2e2,Active,2024-09-20T13:33:53.948789
9c7a65d2d48c1a20,Active,2024-05-22T23:27:51.897414
4bd74e07e8e14e85,Active,2024-07-17T02:11:22.808129
874a32fcb19b830e,Active,2024-07-20T01:55:53.204446
1c6dd2f327dee5d5,Suspended,2025-02-16T18:10:21.347398
fa05468d1b36a525,Active,2024-11-26T17:38:09.200008
43e0e00066278e6b,Active,2025-04-28T13:48:16.224787
114806aca52a6477,Active,2024-05-22T01:11:42.116024
d271c9c24ad6b0aa,Active,2024-05-04T23:16:15.703420
4ffba781684557d3,Active,2024-06-06T15:41:49.196998
0b3646e5d52a6c7f,Active,2024-10-16T04:20:29.952220
0643edd1f8583111,Active,2024-08-07T20:22:43.561864
814f84f489b417b8,Active,2024-07-03T17:05:37.557607
8ac4d2b7af3f408f,Active,2025-04-23T09:16:47.000434
3eb87957961ae7d3,Active,2025-03-09T04:41:34.708390
e52dece0aebd6b2b,Active,2024-08-24T18:45:33.297095
5f5a8fe24e9f27bf,Active,2025-04-09T19:31:48.593649
9679cf096276036c,Active,2024-08-15T03:15:04.171399
ebd1f15e98dd5944,Active,2024-11-14T11:38:15.732621
b057256b5c6ce43b,Active,2025-03-26T16:57:26.328641
e0da59c63a670514,Active,2024-06-09T03:26:07.300033
c8a0096df2d20e30,Active,2024-11-07T13:11:58.147755
caf1c533f5e4f3f9,Active,2025-02-23T05:59:54.277204
1d8f2860f3fccd40,Active,2025-01-19T12:31:20.518004
36e8b4a1e78017bb,Active,2025-03-01T14:22:56.293704
20f58b2205c7cbdb,Active,2024-09-14T02:23:12.620139
6b12832206c42fcd,Active,2024-06-02T03:27:07.500678
b295a19508bf44dd,Active,2024-11-03T11:45:48.208688
31c8d3fa63f348f8,Active,2025-01-25T01:45:20.864630
d9118db524999f00,Active,2024-10-19T18:49:09.030683
84359aceec170907,Active,2024-10-27T11:04:47.131071
d0ac95d33ea82ad4,Active,2025-01-07T09:43:16.320688
a6e94bd6740419ba,Active,2025-01-18T08:26:33.941187
9b8c45e1f65d2668,Active,2025-01-13T23:04:44.344933
ac1ab08ac4758c17,Active,2024-07-15T21:37:31.960323
4a7b6d806b2a388c,Active,2024-08-10T20:59:33.245441
668ac74fd4081597,Active,2025-02-11T09:43:56.657011
cacb45e8d7f3ae89,Active,2024-09-23T02:37:13.788368
7b88ed11c9dfa94a,Active,2024-05-26T15:19:40.762559
fae52a775a857b6c,Active,2024-11-24T21:09:19.889068
d60a37130261433a,Active,2024-06-14T22:48:11.696523
ed08bbe123b3424c,Active,2024-07-20T14:01:12.521396
553688a7aa6346da,Active,2024-09-05T23:43:20.548075
402327c6296f9ff9,Active,2024-09-20T23:02:47.934941
11083da3806b390e,Active,2024-08-13T02:25:10.522913
2afede55e473164b,Active,2024-08-09T12:06:47.539614
76cc35b7fa1accb9,Active,2024-08-16T11:29:32.183498
ddb3be59089194c8,Active,2024-06-19T10:20:45.564139
4a5b092a39036167,Active,2024-05-03T07:04:33.908589
9176a575941aed3e,Active,2024-11-21T15:58:51.294848
da44e6b82211d9f8,Active,2025-04-04T23:40:27.422959
e6e8466c58ec39ef,Active,2024-05-16T20:42:42.723328
504efd463b87ac57,Active,2024-07-06T21:07:29.754133
60524fd895c47e70,Active,2025-01-24T06:43:44.967656
6a5c7b07e9e7a743,Active,2024-05-24T20:26:53.718457
d46bcf3c5dafc25c,Active,2024-12-01T12:58:55.472158
669e3f295b6bc841,Active,2024-07-03T02:57:42.007904
b6ca2301c7a37baa,Active,2024-09-08T03:43:42.474307
187e084d50986a2d,Active,2024-09-04T05:53:55.739762
5068025dd1c28fb0,Active,2024-11-15T16:45:27.878851
75788f85005a80a6,Active,2024-12-20T09:47:03.030571
1ef442ee2221bb48,Active,2024-12-27T00:58:16.378699
0f20b3370438d46e,Active,2025-02-28T08:55:24.411453
ef902b17dbb03848,Active,2024-12-16T06:10:54.228726
baa5da2b2b44c3bc,Active,2025-02-05T02:23:22.759956
d0526f2e456a260a,Active,2025-01-09T03:28:44.579540
c84849c95cb03485,Active,2024-11-01T22:13:41.367589
92165e61bedd0fdd,Active,2024-06-24T00:42:06.741646
56076bfc332ac99a,Active,2025-04-27T04:35:37.154522
cbda015619384634,Active,2024-11-23T23:14:36.038217
61d8c6f516153786,Active,2024-12-17T03:42:59.041240
1dfab25bfae7db95,Active,2025-04-22T10:09:27.652915
16a15ef1526a0081,Active,2024-06-17T23:23:11.308506
b305b82e92e7b4a3,Active,2024-07-23T19:19:13.387072
a4199dc530a0953f,Active,2025-04-27T19:22:26.471055
5809f151f02ffc40,Active,2024-12-12T06:42:48.218286
8306a188593b2ad7,Active,2025-04-03T21:03:41.301400
dedfac00b459e226,Active,2024-05-15T06:55:51.599629
7532e8ea784d9c22,Active,2024-07-04T17:00:08.655757
4127fc2c13cbea10,Active,2024-08-12T04:43:57.831707
8667baf4a6dcf03e,Active,2025-04-12T07:13:05.900055
04c2967cf119c2d5,Active,2025-02-06T13:14:02.858546
5008eacde249cadf,Active,2024-06-15T06:56:36.578159
a5fa8351a80f05a6,Active,2024-05-08T15:47:45.726154
6bd82a22678f6fa9,Active,2024-11-11T05:42:52.104931
0cf7c9a908d5fe16,Active,2025-03-09T12:29:16.307638
8f7923b9ccc2d019,Active,2024-10-17T06:47:22.869724
4f81f4156a24cec5,Active,2024-08-19T18:26:04.769873
1c4021b1456d7f93,Active,2025-03-11T18:15:21.677067
b45b466efa20ce11,Active,2025-02-08T16:50:47.373918
ea61772d0ad8a1b3,Active,2024-07-16T13:04:10.842101
79a9f913f35a329a,Active,2025-04-05T09:46:36.765727
170928ebb4028265,Active,2025-02-22T23:34:47.878785
98a2702219c42853,Active,2024-12-06T16:55:05.050418
a457e641b664b44c,Active,2024-11-18T08:46:08.269646
68b52fa270310800,Active,2024-12-28T20:35:05.534345
78bcb2183b092bfe,Active,2024-06-06T08:22:44.446786
c0d903dd6039576c,Active,2024-06-07T08:00:57.051569
2ec1dc1f11f7f9a1,Active,2024-09-18T05:21:42.036965
050e9d35750b88f5,Active,2024-08-15T23:45:47.073473
c31d71ddaf9e619c,Active,2025-01-01T14:26:00.469354
7013fa0acadd4ac5,Active,2024-08-28T18:28:18.147182
ce2790a0f27b099f,Active,2024-10-09T08:32:27.513043
ce634a91d75cf927,Active,2025-03-08T22:39:02.157910
b1a6ab072ded1943,Active,2024-09-19T00:52:54.336939
302dbca48865fff6,Active,2025-01-24T12:04:11.016733
282c2c192e2f5afd,Active,2025-01-27T23:33:25.376842
778e49a3f77a558a,Active,2024-06-09T06:41:55.780667
09c20227a5dc2264,Active,2024-09-06T07:34:01.670107
4ac59a3595876969,Active,2024-08-19T16:09:42.319453
5457ad2cb1eff40f,Active,2025-02-24T07:19:03.498123
f40612287bca651c,Active,2025-01-06T19:01:03.876461
360c8f93a829a376,Active,2025-01-29T07:59:15.456755
2015640efd0760a9,Active,2025-01-12T01:03:09.641688
0aee7f9208521b44,Active,2025-03-07T21:31:21.078061
c35ee5ea97b4b0e0,Active,2024-08-09T05:37:55.165545
48bb1c4983501870,Active,2024-11-09T12:07:32.019138
6f9404b084369c95,Active,2025-03-17T20:50:37.383569
a16f988a158396d8,Active,2024-07-07T22:09:16.105161
3ea054a3cbc3bc7d,Active,2024-12-25T06:11:55.130560
aa85c1a8ac846ccf,Active,2024-09-10T16:03:59.115196
4775a82385775730,Active,2024-09-17T03:38:13.559164
dcd8fcbf007d6e48,Active,2024-08-28T19:38:01.442922
3ac78338f547da42,Active,2024-08-05T08:00:50.943907
30e1b2659a642809,Active,2024-06-13T14:37:49.648702
a6b29dc1499091a1,Active,2024-09-26T00:38:47.872092
ff1477e0384b25ae,Active,2025-04-14T19:10:29.410449
b1ae60aa815cf486,Active,2024-12-22T22:17:08.071001
3cee61664ecbfe2b,Active,2024-10-06T21:41:49.340916
4b80c5dcc8f36022,Active,2025-01-08T19:37:20.934914
9762ccf8edccfc37,Active,2024-05-22T16:49:43.158526
9d635b330961549f,Active,2024-05-26T20:49:42.099212
a0fdcf2bf874a5b1,Active,2024-12-18T08:11:51.363429
069f9f59514f4852,Active,2025-03-21T13:28:44.003596
bdc363ad6ff82d01,Active,2025-03-24T21:05:50.868748
9906c52ab4a12520,Active,2024-05-23T03:24:49.257224
419ed974d199d204,Active,2024-06-05T01:22:25.432533
2affc34f59d5e44a,Active,2025-01-26T12:02:43.530483
48eaa3a9b2b982dd,Active,2025-01-07T16:32:56.970398
7f99ecc4bc37e128,Active,2025-01-15T17:08:15.062471
c5d2bca4dbf3c002,Active,2024-07-02T04:39:43.554912
237bfb15695b555e,Suspended,2024-11-23T18:07:09.909176
547515019b537061,Active,2024-07-04T00:35:36.179280
d1fd000382351e63,Active,2024-12-26T03:13:32.504769
5b3564f4f656c04e,Active,2024-11-07T06:38:58.862428
50bfa524523ca73d,Active,2024-05-06T03:38:21.268524
46ca93d24933404d,Active,2025-02-13T22:51:02.937064
75a77b4357b8fafb,Active,2024-10-05T14:19:10.475277
fe563129d031495b,Active,2025-02-15T17:38:07.470944
6986ed67aa9ddfe7,Active,2024-10-30T22:15:53.462686
8601779228ff3792,Active,2024-08-18T15:12:03.206580
cb3fad5474fdcaa6,Active,2025-03-29T00:17:05.180669
92997299b9cb807a,Active,2025-01-28T18:26:47.000224
ad5cf10efacd6f1a,Active,2025-01-09T20:20:13.030348
0f5c2b56f560a6af,Active,2024-12-02T05:56:10.904184
a52f73385f4bc0c5,Active,2024-05-28T16:38:25.643445
01eb1203c41077c1,Active,2024-08-01T13:05:18.961757
655661c7f4075fc6,Active,2024-08-21T03:40:17.085189
3e256ad008278229,Active,2024-06-25T08:50:40.791262
364aae9c0cafed5d,Active,2024-12-24T23:54:54.128883
8f5ad1de50764759,Active,2024-07-01T12:31:08.138770
39de4c7e147f2b1b,Active,2024-12-03T13:12:59.416480
d88cd753f812776d,Active,2024-07-10T04:19:24.709606
16f1f38416fa884e,Active,2024-10-07T12:38:44.866574
5068589035fa80b9,Active,2025-02-15T13:18:23.340692
9fd1dfcf14347f11,Active,2025-03-18T13:20:40.138111
c0282b68f52b1167,Active,2025-04-21T12:29:10.186654
8ca51977563e4b62,Active,2024-06-21T22:00:06.648357
b83556fb89599a90,Active,2025-01-07T09:23:39.418310
33c51dcacfbfb944,Active,2024-12-08T06:04:34.451536
4b10a1b97eaac763,Active,2024-12-16T07:10:50.288464
8a0e5807fb153f35,Active,2024-07-09T23:53:04.261041
412fa91867d50beb,Active,2024-11-30T19:12:58.012457
f2dc02f1a06db938,Active,2024-10-21T09:54:27.892397
0c1588ca96473d83,Active,2024-05-20T15:37:11.142356
4aac893e45544284,Closed,2024-12-27T19:14:29.007242
f27597a03cb490b4,Active,2024-09-29T13:37:30.912221
def5d99df914ddf2,Active,2024-11-29T10:23:45.981120
b826b5420d90f0bb,Active,2025-04-02T19:00:21.224870
4cd8916e28367c7d,Active,2024-12-07T06:50:29.208230
354cff77e39d774f,Active,2024-06-17T05:00:22.425032
7f4bc408c9c5ebef,Active,2025-03-03T09:50:33.631636
0bd119c02ac16e8f,Active,2025-02-16T01:52:24.983645
681c8276109c6eeb,Active,2025-04-22T19:11:49.074341
e536dc5dc48d17df,Active,2024-12-06T07:55:01.221956
95ee5b2d3a9e33d6,Active,2024-09-13T22:50:18.879343
b3c28ec824610e02,Active,2024-06-10T09:17:04.570943
3262d0c6592f70c2,Active,2024-06-08T17:59:53.556180
333cd9706bac94f8,Active,2024-05-04T15:43:56.647949
3a47f13706bb3feb,Active,2024-10-01T02:59:47.257075
f4bd6573e99d3408,Active,2025-01-01T14:45:15.276056
ce05f7d1e54a7a72,Active,2024-12-08T08:10:20.397520
47f2fa55884e9927,Active,2025-01-13T10:37:05.858258
ff4dcec06a2dd77a,Active,2025-02-02T05:32:39.376009
b14516ca4395494b,Active,2024-10-31T20:52:02.154608
b6d90fd57e420d24,Active,2025-01-17T16:00:58.764585
03c9862880733ffd,Active,2024-05-23T11:15:14.739556
656174927fa6e0da,Active,2024-09-15T21:29:37.210220
b9b69731163df0bb,Active,2024-07-12T10:39:22.505729
e32815796ec96c82,Active,2025-02-04T17:29:59.598470
ebdc38792ab3ca0f,Active,2024-05-18T05:52:39.357791
ed462071d653da90,Active,2024-08-21T20:46:51.419190
e2583c8d32d5a32a,Active,2025-03-27T09:14:00.230162
848275cbaab32a0e,Active,2024-12-04T11:23:17.122228
825f767eaa6dec6d,Active,2024-09-03T22:06:41.137018
02898cfc016823b9,Active,2024-07-24T10:55:50.192128
9806c05bc14fe131,Active,2025-03-31T17:02:27.462565
5f3e4a4c02a4a9c8,Active,2024-07-22T20:47:20.335027
8989fb39c56691bf,Active,2024-06-27T05:54:51.478873
5e904d90933c94ae,Active,2024-08-09T09:16:13.530520
70ba00d740c5b0f5,Active,2024-05-08T03:57:32.108051
7980a0a307a83178,Active,2024-09-04T23:14:54.725236
c959c72976bcc8b7,Active,2024-10-25T07:08:51.410616
7f3e0927217a74d6,Active,2024-10-31T11:33:04.596239
53ba7416cb65327b,Active,2024-08-17T00:44:32.636383
6d44090322f2a5fd,Active,2025-02-19T15:02:07.239218
ca9b48986b8bdeb6,Active,2024-06-20T15:39:42.685695
8bb0e2db75974735,Active,2024-08-15T05:55:12.961037
ee988d1fc079383a,Active,2025-03-11T16:59:51.160763
8729eedfc4494847,Active,2024-12-25T18:14:07.906644
ec2b34a1248669e0,Active,2025-03-04T04:47:09.283341
cf15431b221df722,Active,2024-05-18T15:40:14.639629
97980d2c6239a292,Active,2024-05-16T19:23:57.946796
fe5bcea7f45c6346,Active,2024-10-30T07:10:03.432363
1c949bef5543b2a2,Active,2024-06-19T22:13:23.704834
ee56962189959075,Active,2024-06-09T16:00:04.545577
d23e66ca1bffb626,Active,2024-11-17T15:36:13.708161
a5e446836ce6a178,Active,2024-10-06T14:22:17.762319
984a2092c603e089,Active,2024-05-31T10:49:04.893316
8e3ed021c9e9a06a,Active,2024-11-02T22:34:35.023572
1655b9c46275bcf1,Active,2024-08-14T04:47:23.581665
5c9f6fb2b66e48fb,Active,2024-05-23T02:23:16.239776
537eebda54f82591,Active,2025-02-08T02:10:25.993743
9ea285d523d62d5a,Active,2024-06-27T06:19:05.590234
85f061e076896b41,Active,2024-11-26T07:34:38.395988
13483dc1a050612f,Active,2024-12-15T08:46:21.463638
93bf443628f0c079,Active,2024-12-22T09:05:21.495164
d3a3dd38401dc110,Active,2025-03-06T00:33:54.860768
c19615dfba3cc840,Active,2024-05-26T16:15:35.981741
1bbf313f4b7dcc71,Active,2024-08-08T19:41:01.534526
4fe54b861729122c,Active,2024-06-13T18:35:30.949432
918a80b0d463c3f9,Active,2024-05-21T11:57:12.685890
dfe665f7aee94854,Active,2024-06-07T05:40:25.219951
e00f27fe7cb0da49,Active,2024-11-16T14:46:24.200842
ff35415c3db50824,Active,2024-06-05T13:42:24.682502
e5a785b3d393e34a,Active,2024-05-19T05:33:29.770723
3baa83ed13f9ead7,Active,2024-08-04T08:10:07.894857
e73f27137423630a,Active,2024-10-28T22:35:57.811237
c195a23e3f442807,Active,2024-09-27T03:03:00.763039
a998523a9a2746c2,Active,2024-06-24T07:24:24.391696
03a4346c6199d22d,Active,2024-09-07T12:22:04.679257
19921d86e077d6ff,Suspended,2024-11-17T13:30:24.413175
742c44b885d9608e,Active,2024-08-01T13:10:31.104312
f27d5f800f7e165e,Active,2025-02-18T17:25:57.953873
36cadcd21655b245,Active,2025-01-05T16:30:11.932007
765cb6a0b8616dcb,Active,2024-11-15T18:50:59.828527
a315982b6f4d83fa,Active,2024-06-17T20:58:58.919266
2edc3c87f8a254d8,Active,2025-01-29T23:03:04.691099
c733ec6c5ff23e74,Active,2024-09-03T07:23:34.550423
4ac075d823c06268,Active,2025-01-10T12:11:57.885705
fb7889fa87dc0dd2,Closed,2024-06-07T06:43:19.645733
89ba25075601dd78,Active,2024-11-23T01:51:16.972259
ec9b47766e0d1190,Active,2024-06-23T06:59:00.112883
8dac38db66f5df6f,Active,2024-09-27T01:30:42.839614
a579e55a0099de02,Active,2025-04-16T04:31:50.927819
2d2cf1bc272001af,Active,2024-12-20T13:43:39.286850
ffdd78c87321ce14,Active,2024-05-20T15:40:42.510678
162c16bc3de05f18,Active,2024-08-02T20:05:23.207697
983306208a8ad6db,Active,2024-10-13T14:06:31.308100
09b51560581bc172,Active,2025-04-26T07:59:59.258958
13ed5677dfedc80e,Active,2024-08-19T13:26:25.086565
c56904a061f48d3b,Active,2024-07-23T05:23:10.848212
04b3e43bd7cd83c2,Active,2024-10-15T04:15:12.225347
d9f2dafeebe2e3dd,Active,2024-06-06T08:27:46.248595
b9278de412c4885f,Active,2024-07-02T11:17:38.237208
fd28fbe845517cb4,Active,2025-02-03T18:44:39.998007
e761fb95ae404cca,Active,2024-09-14T14:03:43.854728
4e4f067d3526817d,Closed,2025-03-27T19:31:10.065776
5dd5a43dcfc3b8c3,Active,2024-07-13T18:39:46.571936
f8aac101965b4790,Active,2024-07-30T04:32:57.740504
d2b9b20c6df7c3a0,Active,2024-07-23T01:54:11.631649
d4cc0dc4359c2d7e,Closed,2024-07-02T06:02:29.120805
e130354879e8aa63,Active,2024-08-15T08:50:04.044052
50cb89d122c94137,Active,2024-05-15T06:16:52.255885
d662a417e947db74,Active,2024-06-28T02:59:28.334995
5821bf28868a2935,Active,2024-05-09T10:57:26.313165
485ee449b673d458,Active,2024-11-23T00:47:52.433654
577e9a5aeb567837,Active,2024-07-12T04:12:51.095469
61edf23249ccb32e,Active,2024-12-27T23:28:00.573532
1695611468c82d48,Active,2025-01-10T06:53:25.086913
b6178fc77e40c97e,Active,2024-08-18T05:47:07.433157
ab1bf139fd0a120e,Active,2025-03-14T13:25:50.691351
5108cc297f89d89d,Active,2024-05-15T04:50:51.197044
ff0f0ae11a9d01e9,Active,2024-12-28T13:00:32.764760
9825ce050aa6dd3b,Active,2025-04-24T23:05:08.841541
623b071aab8c84a3,Active,2024-08-20T06:16:05.753362
f3da2b3c24105e84,Active,2024-08-19T16:21:30.643698
41a7e50a8b1e45b7,Active,2025-04-04T03:35:55.008336
cd332b2cf11a8a90,Active,2024-07-18T16:16:49.100585
24629063240e99e0,Active,2024-09-18T20:20:20.341823
d4710288f8c6256f,Active,2024-07-05T07:16:15.999804
299a735b74326927,Active,2024-10-15T05:20:24.291247
491e63425db8efc5,Active,2024-08-01T14:30:45.156552
0960add18b56f30c,Active,2024-09-15T18:42:32.740654
a1a4e1389230deae,Active,2024-06-13T07:40:12.262951
87bb6b8280b9c0ed,Active,2025-02-03T21:37:36.645740
08da6e8f3924a582,Active,2024-08-29T14:30:09.439856
176beb371da10a6e,Active,2025-03-13T23:30:20.032327
3f4132c6370a786d,Closed,2024-12-24T06:04:38.866301
9aceb296fb8053bc,Active,2024-10-01T07:03:02.720783
ef1a33b6a253eda8,Active,2025-01-16T06:10:46.324956
1a59846c320f7467,Active,2024-08-23T23:32:24.351299
047c8b23168b432a,Active,2024-06-09T11:08:19.953898
e274c251e786f11f,Active,2024-08-10T17:59:44.882992
d1c75e6fe4d01b0c,Active,2025-01-30T08:19:45.479160
f709fd689d982d02,Active,2025-03-20T21:44:14.354136
0bd0e1a8b6981e6f,Active,2024-11-20T16:15:55.465015
d3a5bf853b9408a4,Suspended,2024-10-17T18:23:05.964260
0b0e609d1bf9f829,Active,2024-10-11T12:30:16.131963
15edf84503a9ea99,Active,2025-02-14T11:37:24.877359
d314c50cba155185,Active,2024-06-26T08:51:51.422682
916ff37eb99a55ab,Active,2024-09-04T17:23:13.940952
55a89bc9bfdfee03,Active,2024-05-10T20:39:11.230398
705c98fd2cd8a8b9,Active,2025-01-07T22:36:54.393205
ceb4d6baef65a509,Closed,2024-06-30T10:04:10.785922
6fe62ccdc6fa9cda,Active,2024-09-09T00:59:46.387271
dc570f6143a2facf,Active,2025-03-12T12:25:44.041831
f29e2919db09fb54,Active,2024-08-14T09:25:48.370755
8320844ae92b23a0,Active,2024-11-04T04:53:59.301722
bbcd503f886facc6,Active,2024-12-09T10:18:24.036666
5ef571c221863c67,Active,2024-12-14T18:41:50.439947
7a06fabaa120f115,Active,2024-11-07T06:18:47.211571
cb478e3acd1c54e2,Active,2024-07-27T14:54:58.537915
7b45b7351e9c570d,Active,2024-09-27T15:49:06.309765
81e32301c31759eb,Active,2024-11-21T04:23:46.509761
3b6f0cb03378a0ef,Active,2025-01-08T12:35:44.521475
19c24dfff0745a0a,Active,2024-08-31T21:53:07.925250
5e2e5c7371674cc2,Active,2024-08-30T14:24:11.072782
04016cf6f28c5fcd,Active,2025-03-12T15:37:43.162256
f63e62c2b62ca2f3,Active,2025-04-10T08:26:53.340506
b24452bbb4230fa5,Active,2025-01-02T10:37:36.610005
4041aff4bdf31b4b,Active,2025-04-22T03:40:49.078195
7197dce6857f9a2e,Active,2024-12-11T09:36:47.571458
f4a16a3618aec802,Active,2025-02-11T21:15:11.325338
d9985d6d888aac7f,Active,2025-01-20T22:28:32.832684
7e4ce6426956aee9,Active,2025-01-04T18:30:08.684772
7610da4982f7481e,Active,2024-09-10T19:01:54.896965
24e704bd40570a90,Active,2024-05-26T08:58:03.324155
3cc908ecf18bc0f2,Active,2024-11-11T17:05:12.268395
281201a7e21b55d6,Active,2024-12-14T01:51:42.943564
bdb2c0d56b8917a4,Active,2025-04-17T09:08:12.491903
3812e46ab86719bc,Active,2025-01-10T18:05:09.762217
442809ba58b7819f,Active,2025-03-08T16:51:15.110969
8c77050ab31b91b3,Active,2025-01-30T23:23:42.742427
be0711b4f76c62e0,Active,2025-03-04T12:00:50.582820
81c37c0b8c5b1092,Active,2025-02-26T07:11:05.822177
697b7bd65308d786,Active,2024-12-01T11:34:13.912963
ce7ebf505559369e,Active,2025-03-08T00:06:56.482628
92818352f092da04,Active,2025-04-05T04:10:52.151706
9f3e120f94809bb0,Active,2024-09-12T00:50:25.968972
af8b78517f685184,Active,2024-08-03T13:49:28.255814
7be500125fbda9bd,Active,2024-09-04T11:53:28.248986
549d29a2b2032505,Active,2024-12-24T12:48:46.329206
0ec26a77771f93f2,Active,2025-01-26T12:54:02.161312
52dcb9239ea8aad1,Active,2025-03-01T21:55:35.448413
fa11471cf2a14f26,Active,2024-11-16T05:00:11.433623
59a9596cd6f88aab,Active,2025-02-26T05:35:48.332891
598374c4ca1c9833,Active,2025-01-12T21:24:30.285071
a373bb83e9ee032f,Active,2025-01-21T10:57:49.552486
c211dc9a25772551,Suspended,2025-01-31T13:24:33.381593
f51c526b787bc79e,Active,2025-01-23T09:19:44.679817
5e601e02ab215e8c,Active,2025-01-25T19:33:27.310173
4231938619f8a8a1,Active,2024-08-16T00:21:27.948728
bebbed226abca1e6,Active,2025-01-01T04:20:11.496805
8dbb4a43a4290547,Active,2024-09-10T01:07:20.052802
1cd5d40038fdbc96,Active,2025-01-26T15:14:39.348070
8d08cd46e4e5df37,Active,2024-06-20T08:29:48.068800
e43d6a5a247bfc6f,Active,2024-10-14T11:29:47.576140
c7fa6cc396668e5d,Active,2024-09-25T23:37:50.364685
bd3a088baf69da34,Active,2024-07-24T06:39:58.500121
eaabd42f569fdf4f,Active,2025-03-24T01:55:38.633373
d137c8ec08980d6a,Active,2025-01-08T17:14:34.647313
60847ccc4b42147b,Active,2025-03-02T13:45:31.488317
221f4dd5d2b31871,Active,2024-07-23T09:23:44.308245
acfe676748d34815,Active,2024-11-05T02:18:30.666223
010049216daa1eaf,Active,2024-12-09T00:05:44.724661
48868a60dbc5f6d2,Active,2024-08-20T04:01:03.587104
430ca73afe65408f,Active,2025-01-06T16:47:29.021729
42112d6bb1fdfcfc,Closed,2025-01-28T07:31:11.688196
c64021d1bb632dc7,Active,2025-02-11T00:38:35.608213
22f5049535355aee,Active,2024-10-10T08:07:42.739728
db9e1c2d7ccd9d72,Active,2024-05-27T21:27:14.110178
e980aa4dd6e1b37e,Active,2024-11-09T21:42:57.905906
5fd2f3008df22535,Active,2024-10-27T12:14:18.068407
2ac75108f21f4319,Active,2024-05-03T23:45:08.361599
8750a833f8d965fc,Active,2024-08-15T07:40:12.418474
3ba114b2293759f2,Active,2024-10-17T19:28:29.836876
205fad11c49d2ad2,Active,2024-10-16T11:54:05.447839
10ef4992e9f0164f,Active,2024-06-24T05:25:17.147969
13ba50ce7d30b8f5,Active,2024-08-20T00:53:40.047916
5e2748a61ab594e8,Active,2024-09-04T21:56:10.097628
f488357d3abdf12e,Active,2024-08-25T09:42:44.630579
6aa898ad440fde33,Active,2024-08-03T01:44:15.268554
97aec0d38a6f8c8f,Active,2025-02-14T20:47:20.470950
0dd92256a277f086,Active,2024-12-17T02:57:11.307937
9ae57a7f25080e82,Active,2024-08-06T21:34:02.089102
1d9b5aa2a144292a,Active,2025-02-14T14:32:01.167266
e615d9292720aed0,Active,2024-05-28T11:15:19.382340
1042c01debddc261,Active,2025-01-04T13:00:11.066446
7e64eaf9c59b7c75,Active,2024-06-24T12:34:45.963798
a070979f7c2f41d7,Active,2024-09-29T18:50:02.714225
75f239ca7a840710,Active,2024-11-06T12:31:35.033096
61c1468fe30583b3,Active,2024-07-09T14:57:32.004080
028fe8de1e483b03,Active,2024-08-18T03:02:26.920294
235f9fd42fc0217d,Active,2025-03-20T12:23:05.485903
099aa1ccd407edb9,Active,2024-05-08T15:46:25.623224
131c2857ed0c6179,Active,2024-12-15T02:00:13.477167
0f6b82526762f940,Active,2024-11-19T01:57:38.243621
fadb993f38f5bace,Active,2024-10-05T07:07:25.812944
593c21e57d74f5f6,Active,2024-12-03T13:11:46.281487
9c2c73de5f33a53f,Active,2024-07-15T20:20:01.861837
239bcd6f70f8b9ab,Active,2025-02-14T15:37:05.098161
8959d095e8b4a18f,Active,2024-05-15T07:19:22.931187
b5bb4863d4ed5216,Active,2024-08-22T23:25:41.036774
8b8f594341227afd,Active,2024-11-29T05:49:44.234355
d2c92da9b9842a92,Active,2024-06-14T02:04:43.248129
b6ecef6c7cdec483,Suspended,2025-02-18T09:12:04.102671
932d9916d33bdfd5,Active,2024-06-20T12:20:46.489809
cede1572565cc067,Active,2025-04-03T04:36:18.356723
8e38570e5920213b,Active,2024-10-25T10:27:17.461426
e489b259bbeb7dd8,Active,2024-08-15T00:53:29.033855
cbc72d8180a8bfcf,Suspended,2024-05-08T07:24:34.988070
8494f6b69be1ab02,Active,2025-01-22T00:23:15.224664
9b8eb8167d2a0641,Active,2025-03-09T22:14:52.205841
0bde32b8f13b3eec,Active,2024-10-11T04:07:33.507410
770c390836e26101,Active,2024-12-24T04:26:35.184176
753a367cac95d8e4,Active,2025-03-17T15:09:21.590306
7022760965fefbe5,Active,2024-06-26T07:04:57.541456
f90dc9051c811ba2,Active,2024-10-13T11:25:19.505345
be700ec31a4108fe,Active,2024-11-17T20:14:30.733017
a916530722ed96b6,Active,2025-01-08T02:02:07.868562
8a26d05ee1a0a5d9,Active,2024-11-16T17:07:57.270859
e29ec9cb7c24098f,Active,2025-03-20T08:26:35.861587
00e7bccd60a900f7,Active,2024-06-20T19:31:12.576862
7179ed5e0f125fd9,Active,2024-05-23T21:33:32.417751
ebdf77a3d2affbe3,Active,2024-11-29T15:42:16.339112
37f12199f95feb50,Active,2024-11-08T15:36:45.036291
dbed38846b4820a8,Active,2025-03-18T00:34:00.022255
4d552a3147ff651a,Active,2024-10-02T23:34:46.656785
dee1ed8f2ad13284,Active,2024-07-10T10:39:46.887824
f76a282507d83328,Active,2024-07-24T17:12:16.118995
a6ee5a2256a2b7db,Active,2024-09-09T20:00:53.250416
c8cbb90bbb1fa5a8,Closed,2024-11-15T20:08:44.219458
e2a91afd151950e6,Active,2024-10-09T10:29:11.730890
0e13f7b2b3d7a6ab,Active,2024-06-25T02:24:37.678688
5ad613f8ea85f320,Active,2025-04-07T22:35:56.805187
26ef8eb733947c30,Active,2024-09-12T06:54:00.123702
c9cc66312880fac4,Active,2024-07-07T22:53:50.297183
0bf8516042445947,Active,2025-02-21T09:39:22.448881
03af5d5777515dc1,Active,2024-10-16T18:19:42.423213
f6076f2faaffa83a,Active,2024-09-17T21:52:11.464165
6ae629b3a05aeca5,Active,2024-08-22T12:49:05.821939
3e65a43b100613f2,Active,2024-09-28T00:04:52.697076
85e6e1a7cb575b79,Active,2025-04-21T11:26:53.923624
01a0e7ab07d74465,Active,2024-12-28T03:57:25.716289
504f2e4d35139fde,Active,2024-12-08T14:19:37.968243
121f8a78d2def96b,Active,2025-02-20T15:38:02.693437
15340332b987e0b8,Active,2024-10-19T08:29:32.148140
dc4b0b8bbed6fe10,Active,2025-03-14T02:21:33.666092
de14c3dd93bb3c7d,Active,2024-08-25T10:36:51.329809
cc9180f6003599fd,Active,2025-01-29T08:11:54.040285
790ca48a6e1e3e03,Active,2024-10-15T15:50:09.936424
5ffe3cab4b28008e,Active,2024-07-24T10:27:36.329844
6368a5cbe175f7ea,Active,2024-08-11T03:32:31.670811
cd88abea9b9d1d27,Active,2024-11-25T14:03:24.183039
64ce5d42d66d65f5,Active,2025-03-19T11:13:16.047643
f756655ee6532231,Active,2024-12-08T13:00:03.043271
14447e50189d27c5,Active,2024-08-12T13:46:47.454502
ff72f508724ccdac,Active,2024-08-05T00:02:21.653672
511110a6cf33b4da,Active,2024-05-03T23:25:42.228348
44a66fecce807a6a,Active,2025-02-13T08:38:24.773807
511885be2646bbb4,Active,2025-04-14T11:55:53.876102
c3bfda4cf1bd2d63,Active,2025-02-15T11:54:03.466962
1d64be213cad9554,Active,2024-05-29T03:47:25.524464
ad54d61373b02ac9,Active,2024-05-11T14:43:01.408629
9451587416d088da,Active,2024-05-23T07:29:25.296644
ed76cb4642ac3993,Active,2024-08-23T20:01:34.989980
46c286f88c74249d,Active,2024-09-08T23:23:45.629973
e9c2735343d5acb6,Active,2025-02-03T07:49:24.999671
4fb3933882d4eeff,Active,2024-07-01T18:06:15.675475
5b2ccf48a7d37f54,Active,2024-06-14T19:13:52.347842
2faf55df97e7a11f,Active,2024-06-27T13:44:19.466956
d8f5210ad385ac65,Active,2024-06-27T16:38:22.376511
e68a7fe0f71af3ba,Suspended,2024-10-09T11:13:47.256049
e22bb62f88118320,Active,2024-10-05T05:07:29.293691
51883aa15373c90a,Active,2024-12-25T05:10:32.847600
ebbf9640803866f4,Active,2024-12-13T15:48:09.688686
7db9eea9a0860141,Active,2024-12-26T08:27:13.853160
455039d6df4fc576,Active,2024-06-22T17:37:05.608862
3ddda006aec2f6d9,Active,2024-12-09T07:52:52.291139
ac222e4eb341af4f,Active,2025-04-09T13:56:03.283913
bedd932a4af2670a,Active,2025-02-21T10:50:17.729789
473dce28c7226dca,Active,2024-07-25T23:26:54.334570
0f40f7cd2f4779d7,Active,2024-10-09T01:22:02.095124
bc606467e843b144,Active,2024-12-18T10:58:19.660553
a7406a9b99e36620,Active,2024-09-09T03:52:42.550056
709cbb81a2a0649f,Active,2024-09-05T00:19:12.936826
3c9b9b383f3971a7,Active,2025-04-07T00:27:02.466315
4bd55084375b1404,Active,2024-11-24T10:45:26.706194
cd6cfc3bc8788f09,Active,2024-06-09T05:01:05.308007
5e6087e0a61c5d6b,Active,2024-07-10T12:32:28.607771
aee4a752838e521c,Active,2024-11-01T07:02:33.616717
7e38a869bae1975e,Active,2024-07-19T13:31:06.610516
07e6b13cf15139ec,Active,2024-10-14T10:12:40.999589
3ffba6ea16d87154,Active,2024-12-08T05:31:45.525143
75797860b26aba58,Active,2024-10-04T06:58:16.615294
4c4c4cb3e95ec610,Active,2024-08-12T10:16:20.604287
92af9793f958d61c,Active,2024-05-13T23:46:16.513134
58333574a12e6d3e,Active,2024-08-13T21:54:43.906648
52e56fc315ef7530,Active,2024-06-07T13:15:07.544151
9e408f35650ede7b,Active,2024-08-03T09:58:44.541457
7046591e1be46b2a,Active,2024-07-02T10:56:09.348505
69b23c5299e020c8,Active,2024-06-29T17:19:59.052173
074e0b6e3fe50781,Active,2025-03-04T05:35:10.533490
f5d6db9dabca4319,Active,2025-01-05T15:18:29.435937
92d628eade81dd1b,Suspended,2024-09-30T19:22:58.365888
ea9aa3441bcb8c29,Active,2025-03-25T13:04:20.712029
b2f8d5bdcf3a1b7a,Active,2024-06-10T19:23:29.511727
d30414c6750e00bb,Active,2025-02-15T02:19:59.796498
09ba6c298114833b,Active,2025-01-17T17:55:04.188250
3809e40dec1b00ac,Active,2024-11-24T15:56:51.444194
0c057366373c017d,Active,2025-04-06T23:38:36.650660
5127e66cba8876a7,Active,2025-04-14T22:23:14.090262
1ee987d9d2feb207,Active,2025-03-04T17:30:18.351512
d1d37223f5160aa3,Active,2025-03-16T13:50:15.159871
edc8592d961d53fe,Active,2024-08-31T14:15:22.907180
ca73fa7391da3d36,Active,2024-10-27T04:48:10.427040
2080495bcea63b4e,Active,2024-08-10T15:19:10.684847
a94875fcdabfa595,Active,2025-03-16T00:36:52.079994
48e7aa6e1df12889,Active,2024-05-06T14:54:14.112670
4d307e6d6c1642b1,Active,2024-09-15T14:21:57.672635
1e1aeb5b42309b0c,Active,2024-06-12T23:22:13.956936
84f3d21e2c608b4d,Active,2025-03-04T05:41:13.304969
f12542d8b0dd709a,Active,2024-05-30T06:20:50.823542
c80aff792ec5356a,Active,2025-01-14T09:26:09.459654
308fc66618af7e46,Active,2025-01-10T15:32:06.987241
d2438d31b6b70fc3,Active,2025-03-23T13:22:54.504297
67fd6f892ebc9d4b,Active,2025-02-18T23:33:30.780964
6ec3ca112d2afaaf,Active,2024-07-28T19:16:15.001169
a285e2a5bb560df6,Active,2024-11-24T18:19:59.895859
6a239faccb838a17,Active,2025-02-01T19:44:31.059518
8f3a54572324045a,Active,2025-02-27T06:12:53.523802
7ecaaac7e7d8550f,Active,2025-04-19T18:02:19.195125
7c605b6d7c393360,Active,2025-01-17T20:19:20.150203
c26909a421eff023,Active,2024-06-22T21:07:52.284415
fef51a1910e77915,Active,2024-12-14T00:48:12.509430
507ea65ffa66e084,Active,2024-09-26T03:08:33.865140
6fec91ec06236ab7,Active,2024-08-30T05:18:38.270632
9a1b4ed2e21dc12f,Active,2024-07-20T20:54:42.342813
884bbec21d2a86cd,Active,2025-01-23T11:47:20.155114
75f591f2206125eb,Active,2024-07-28T11:20:27.575734
0ed11d17bfb883be,Active,2025-02-04T09:11:34.543890
b55c3aa9d634b48b,Active,2024-10-04T10:53:00.853818
f6232c0b9f20349b,Active,2025-03-21T14:20:02.305664
0c19b35c368fdf9f,Active,2024-09-08T05:16:41.103995
f9713fb51715b64d,Active,2024-11-27T01:31:02.804485
ffde3f55bfa19d43,Active,2024-10-03T17:15:54.491354
0959c300c380ef60,Active,2024-09-25T00:52:59.535989
790c7880beddc884,Active,2025-03-12T17:08:13.654527
2b12bc01b12fdbc6,Active,2024-09-08T20:54:48.163377
784ee8c1dea491fe,Active,2024-10-01T19:52:38.542334
106dc2f6f4f4f608,Active,2024-07-03T16:23:29.712056
40f2de93ae623910,Active,2025-03-17T02:05:28.081365
46fdb33eb0773659,Active,2025-03-23T11:30:53.314816
cd3563ca59cf8324,Active,2025-04-03T10:37:10.887970
91fa26dd1e8c96bb,Active,2025-01-23T10:50:13.329443
ba5ae121340951f9,Active,2025-02-23T06:10:36.859161
1c9c8f52bffb6d9d,Active,2024-05-31T21:10:12.271012
6fe6dc1bd38115e2,Active,2024-05-31T13:25:31.774020
1150541c5eaa25b9,Active,2024-08-14T20:19:21.906816
b1d184f0fe9d9126,Active,2025-04-28T02:45:06.116884
0ae58628b95679a0,Active,2024-05-12T05:48:47.068511
835c5370ae4da023,Active,2024-10-16T07:03:19.227596
9174d4762d1844f9,Active,2025-02-09T19:26:22.353938
2dca4e2e44aca4bc,Active,2025-03-18T07:34:25.291892
381f3fa1a9a75d52,Active,2024-10-03T16:47:36.743436
5e3c37be55c9a8aa,Active,2024-10-16T12:28:16.110818
0b25e69da5966123,Active,2024-08-28T22:28:24.374580
e67348094b94a7e4,Active,2025-01-22T06:01:38.336689
58c9372a5ab9aee6,Active,2024-12-10T22:03:01.381606
8deb26ea2badeaae,Active,2024-08-11T22:57:00.485572
c53a06b7a06fe71b,Active,2025-04-27T00:18:34.134553
ef5b3dbecb4daac6,Active,2024-06-07T21:09:08.006169
c055c28f6e9d93df,Active,2025-01-22T13:55:14.625635
5c5363f7cd61475e,Active,2025-01-07T02:13:55.086685
9061e6f564579752,Active,2024-05-05T20:51:15.282290
c0621af5c5065845,Active,2024-09-02T03:05:48.983205
bc40a78d455cb3d5,Active,2024-11-24T00:23:38.774188
42febb42ffc3029d,Active,2024-09-12T16:12:30.134635
0ac2c44086b66670,Active,2025-02-24T06:05:09.682601
c49a2a46c271ce8a,Active,2024-10-11T03:53:40.023732
e2ab6664d9d25e9a,Active,2024-08-14T07:40:47.400461
d72ee3635133a037,Active,2025-04-25T08:45:29.524459
a59f1832e16d7166,Active,2025-01-06T13:13:34.304256
ef1d1c9e33de9e0c,Active,2024-06-21T13:56:21.339058
d70145478b744f92,Active,2024-08-06T08:12:57.239025
7acac961f655de77,Active,2025-04-19T14:02:18.564869
db67e69553a96b68,Active,2024-11-08T14:21:53.473682
004bc16f8ccf1a42,Active,2024-12-25T14:16:48.565576
e0d9f9fa450af3d9,Active,2024-10-12T18:32:33.891963
9cf6733fd2b9eb04,Active,2025-03-30T13:01:12.476152
be8a60646146b0d0,Active,2024-06-15T10:23:58.306383
bf92cfe4f9673e6e,Active,2025-04-11T13:41:02.497311
daed57e81e40b7d6,Active,2025-01-31T07:33:24.485219
a4b91a66e5b735c3,Active,2025-04-14T21:00:40.162400
39cb23d096eefb66,Active,2024-07-15T08:42:18.453927
f5a9a53b8eb56aba,Active,2024-10-08T21:58:53.528332
c7f6a3e856dc5acc,Active,2024-10-14T09:41:59.664973
b8abf39f9cda3d7e,Active,2024-09-04T09:06:33.022615
d18c8c66a3296958,Active,2024-07-17T11:05:58.240249
388269e6fc3565d6,Active,2025-01-11T00:01:22.405732
ac9b6bc680676542,Active,2024-11-26T12:37:21.934542
d3c1dd7281a5f9aa,Active,2025-04-25T23:29:17.652383
92f1a54aea32147a,Active,2025-02-02T10:24:39.602562
7e951e7049e0339e,Active,2025-04-23T16:39:11.863657
7d50ee37a46f3cce,Active,2025-03-09T04:45:50.202855
2f06fc6a8dc147db,Active,2025-01-15T19:39:46.301373
cd8826086b486ce2,Active,2025-03-03T00:21:58.081021
e347cd4ed0390e73,Active,2024-08-14T21:24:13.142042
8df1cba822d5b0d8,Active,2025-04-05T11:40:17.666392
ef88aeae25f14fcd,Active,2025-01-22T20:07:12.990895
7ca767452ceaafc3,Active,2025-03-21T21:01:05.428841
207fdb865b405577,Active,2025-01-18T12:45:43.815408
e9498d3970f77f2f,Active,2025-03-04T22:31:19.934011
ff8edf308f8bf95d,Active,2024-12-20T09:57:20.545404
27c992832feac77e,Active,2025-03-13T02:44:58.198375
d3eb6967744fd885,Active,2025-02-25T01:50:53.589137
bcc4ddf8e2139e36,Active,2024-10-02T11:26:59.951455
cd020c8e4e153228,Active,2025-03-31T22:15:59.096577
61b27295cf0aeeb3,Active,2024-09-05T07:31:54.461981
c5f6c649325e8a71,Active,2024-11-10T10:37:08.412545
fb47be59ca04bf89,Active,2025-03-30T01:08:55.334430
71b553165ccd1ff3,Active,2024-08-28T09:19:30.873852
dada9bbdc0004a4b,Active,2025-04-27T21:28:17.371340
ec40c8321acf1a15,Active,2024-04-30T13:29:10.556224
281003c09c722775,Closed,2024-05-29T05:08:41.449633
71579cf0cffa1ef1,Active,2024-05-10T10:03:07.186726
12dd5c830c94b2ef,Active,2024-12-19T08:57:35.172776
4c642a2caf25e6f4,Active,2025-03-04T10:28:13.865437
80d8e56281bfe8bb,Active,2024-09-10T13:46:42.948419
3e9b80312f19a0aa,Active,2025-04-11T03:29:08.135234
b3b08a223945e900,Active,2024-05-01T03:49:51.013989
5ae4dd2aaaa3d49c,Active,2024-08-21T09:11:50.060640
8ae7fb14f53c26ca,Active,2024-11-19T00:31:00.533811
0512af7a9b91032e,Active,2025-04-21T10:35:57.941846
47a7f82224f3728b,Active,2024-10-10T08:53:58.228102
d112bb1813290c69,Active,2025-03-25T12:03:11.774203
98c27feded8c958f,Active,2024-07-02T02:07:39.456254
69d5662407647b17,Active,2024-08-22T13:22:55.093796
f805b8a698e1a863,Active,2025-03-11T14:02:30.710886
63788086918ffd63,Active,2024-11-05T19:35:47.958382
123ec943073a90c2,Active,2025-03-12T18:54:10.897251
f9e46726b88f23a3,Active,2024-09-03T20:07:23.023752
bfdc8dde4d3e309f,Active,2025-03-29T14:01:32.478040
1bfe6b23a7247cab,Active,2024-12-23T19:59:40.530858
7c32301b9ffc8c5c,Active,2025-02-18T16:23:01.598337
a443805077eae251,Active,2024-07-05T18:51:53.355597
c5350405d3c1503d,Active,2024-11-19T16:11:20.191717
3e3178009ec97f39,Active,2024-06-16T13:15:47.199246
c16e7c5281f9b488,Active,2024-05-15T10:51:12.315388
e2633670663fe861,Active,2024-12-05T09:48:36.612267
765093f153365a1b,Active,2025-01-16T23:32:52.554652
69c019afb0dc3d29,Active,2024-11-19T23:49:10.366622
8ea327afd6375ab0,Active,2024-06-10T21:30:40.279028
01842881607f8388,Active,2024-05-29T03:53:53.348517
e36b6ed7e69ce9ee,Active,2025-01-29T14:57:48.029751
a418f432c9abe698,Active,2024-08-14T14:49:48.192360
11a99536a148abb4,Active,2024-11-24T12:36:06.231576
2880a00cd5f79dc9,Active,2025-03-27T03:06:42.849718
00c9531a7b431e07,Active,2025-03-19T22:35:34.619172
171e60a64baf3e74,Active,2024-07-02T01:31:05.552775
b959908cb48ef134,Active,2024-11-12T11:47:21.627001
d44780eb11bc2d6d,Active,2024-12-21T05:33:42.867602
e76caf522f67b99b,Active,2024-08-31T00:15:54.345315
4861d0c705d6e61c,Active,2025-03-11T11:00:55.129782
53ca639d221320fe,Active,2024-07-07T04:05:53.269603
4a6562a463f63fe7,Active,2024-11-06T03:35:13.163886
42c768a484af7e7d,Active,2024-06-07T17:46:39.216580
41a3fed5d8ad8689,Active,2025-03-18T12:53:28.696293
35e761ca3baa7c0c,Active,2025-01-02T02:40:49.948794
6253bac77bf15273,Active,2024-07-01T05:23:57.282150
0fa48f62836d86a5,Active,2025-01-17T04:34:41.858092
176d3021ada7fbf6,Active,2025-03-14T07:47:31.837126
e90c21ad26fd3fc6,Active,2025-03-31T15:55:19.747388
a1e4861607116c69,Active,2025-04-08T03:53:31.495427
ffbd385cb4a975b1,Active,2024-06-21T20:42:16.837606
ba489ff571149b9e,Active,2024-08-06T21:39:02.847615
bbeb9cf4e2e84c45,Active,2024-06-17T06:35:32.717453
6a8495f14b3b04bb,Active,2024-05-15T12:29:37.055814
fdc878613725c468,Active,2024-12-21T00:41:54.352560
8c7fed8dd40cf6b2,Active,2024-05-23T17:51:33.776592
0ff77b5c331fc939,Active,2024-10-19T14:45:47.798390
e80e7c36392931c2,Active,2025-03-31T04:30:23.097108
1c38da5578c265cb,Active,2025-04-13T19:36:42.590266
5223c5fbb9a0b032,Active,2025-04-11T19:36:30.275597
56d9666652310c87,Active,2024-12-05T18:28:42.031510
39667a179b6e8a96,Active,2024-07-02T02:25:41.050360
be50c68421c3b3a7,Active,2025-01-07T08:08:16.661405
26ec631aa1bb4cf7,Active,2024-05-02T22:48:37.395295
4b5740d8f04d87f8,Active,2024-08-31T12:04:21.839530
ee939bce6d9ef28f,Active,2025-04-09T13:03:25.496978
de01fcc11bccd605,Active,2024-11-25T19:40:58.890917
664c6cb44181168d,Active,2025-02-16T02:51:26.280636
2f691d10444ca768,Active,2025-01-21T04:02:08.938438
883d320c58f60b1c,Active,2025-01-24T19:11:45.274136
842b7022e4d271e7,Active,2025-04-14T10:04:38.299855
0689f822777b3b0f,Active,2025-02-20T00:38:50.305919
e71d0c93cb0aac9f,Active,2025-04-13T18:41:58.843973
43bf59c70c6a4640,Active,2025-04-14T15:41:44.220009
3ec128316f2cda03,Active,2024-07-13T12:39:06.547986
a72d702ab85d5a0a,Active,2024-05-12T22:53:03.460832
f51cbffd0a354905,Active,2025-01-13T14:01:36.488655
49bbd64118bdb17e,Active,2024-12-30T12:24:42.050761
fdbc44938906d19b,Active,2024-07-24T07:38:27.616022
514e96085bf162cc,Active,2025-03-19T20:58:04.842764
6b88b17d0aeafaf9,Active,2025-03-07T08:26:51.497475
4ec8f4e3f00047d8,Active,2025-03-08T04:59:18.671111
bf5348eca5b82727,Active,2024-05-16T07:13:46.744370
49b63bf732155ac8,Active,2025-04-27T21:52:00.641839
e31736a4bfa3232c,Active,2024-08-13T18:16:06.343261
d40c69553c03ebe5,Active,2024-06-17T14:35:04.327763
d81ba7994703f69d,Active,2025-04-26T00:25:08.192066
5911b7711617328c,Active,2024-09-11T12:40:16.405131
0ff7ca1ef6ce7ef3,Active,2024-11-04T11:28:49.121330
1e00d22a7c66af39,Active,2024-08-22T01:09:32.063272
a5f711c617d53100,Active,2025-02-28T07:26:06.749775
5b3c1656bf453d5c,Active,2024-06-03T17:36:44.219388
61fee67a708b0be8,Active,2025-03-12T01:51:25.534746
af3dc8a5023419ef,Active,2024-08-28T04:08:52.308385
ebe55622f4557035,Active,2024-09-11T23:31:43.172872
812c0cebb2de568d,Active,2024-09-04T00:41:34.811448
d89b2a45c754c1b5,Active,2025-01-13T12:39:40.775827
86bf9e377edd45bb,Active,2024-11-15T07:46:55.899632
b4f4935e17dc1940,Active,2025-03-27T17:36:54.814964
0bb706cb5c982aa1,Active,2025-02-24T09:17:58.223576
8a725d04c41702ce,Active,2025-04-18T18:55:18.212678
74d58c3f6a87e6af,Active,2024-08-29T07:27:40.885692
1fb9a5337fc6d205,Suspended,2024-05-14T11:57:12.348178
30deae3c5eed18c7,Active,2024-06-02T20:24:31.165651
4ac57d5e917ef045,Active,2024-12-02T07:29:12.592373
b76b8ddc325bed86,Active,2025-02-26T13:41:21.526284
1d24ac1974c85e9e,Active,2024-06-28T05:34:56.678657
b8a165eb819b4fbb,Active,2025-01-10T23:22:31.355287
3698fb98aabb5f0c,Active,2024-07-29T05:13:55.420555
19e6a34e5e63e0d1,Active,2024-05-06T11:44:08.349938
f3a65efcdce341a1,Active,2024-10-21T07:18:32.734928
902601028632b0e2,Suspended,2024-06-20T10:12:30.894238
7d9dc0dd0ffcfb37,Active,2024-11-25T12:39:32.505480
adda393479ffc9d7,Active,2025-03-26T23:16:52.125324
b1ab991d290160dd,Active,2024-08-16T02:47:02.614056
ee81168d9a0b397a,Active,2024-07-22T20:34:20.731863
3d25eedc112a8960,Active,2024-07-04T20:34:16.890025
0d05195fddcad9ab,Suspended,2025-04-04T12:15:35.712691
6aa9cd0800b6114e,Active,2025-03-27T01:12:39.134969
2e5251caa5c90cb7,Active,2024-11-08T07:48:27.048900
3c7f58dc110414da,Active,2025-02-05T15:30:15.531674
8c65699099a175f5,Active,2024-06-26T01:47:48.099176
7c5028eb99aa688b,Active,2024-10-04T19:02:41.899483
12034f8b4828770b,Active,2025-02-09T20:12:57.776024
e69ce5a4301ce59e,Active,2024-06-13T10:40:35.647129
2d6d3cd64087f986,Active,2024-10-12T19:46:04.675185
8cc9f677c6874c14,Active,2024-07-15T20:04:54.938040
7a9669a1f51fe0f1,Closed,2024-12-24T00:58:02.546345
ba655507b29cd363,Active,2024-12-07T19:47:40.017243
9aa728666852a8f8,Active,2025-03-30T22:29:52.133442
0f7b7090b7f3c31a,Active,2025-02-11T00:28:57.174881
bddbc26dcff690f6,Active,2025-03-16T09:20:56.675542
acc828f4ada20cc3,Active,2025-02-03T00:03:14.316023
7cece7926a963a45,Active,2024-10-26T13:18:17.846692
454df40ab17d521c,Active,2025-01-22T20:04:16.303460
7eecf705aaab93bd,Active,2024-10-31T20:53:45.971784
65ecabb4638a77de,Active,2025-02-05T06:37:55.029125
ab867c90ac8839df,Active,2025-03-18T15:33:27.898864
19de8ee31bc5ae9a,Suspended,2024-09-06T11:10:41.767795
a692d7ea6352fb36,Active,2024-10-17T18:23:44.478303
7c6fff304944ad1c,Active,2024-10-05T19:12:21.816432
5918ef90f2e3801c,Active,2024-06-01T02:55:14.722922
884c8e7550c411f5,Active,2025-01-14T09:50:58.533181
ba20a195b4def91d,Active,2024-12-24T16:22:11.528562
c68cc5bbf8e64cb9,Active,2024-07-11T12:18:29.771598
694a04a082d78377,Active,2025-02-26T16:21:09.150399
1d757f34cbde6644,Active,2025-02-13T05:28:33.991630
8593e2c7d3e0150d,Active,2024-05-22T08:51:11.251302
567b703f8c5d7f25,Suspended,2024-06-01T10:32:53.707517
83647a142b9190e0,Active,2025-01-15T12:31:01.730871
c1b0534f38d9cfa4,Active,2025-03-11T23:50:04.688458
4df60a4e3034a713,Active,2024-11-13T01:42:04.948638
f2df37c86b676c3a,Active,2025-02-15T04:19:56.860755
c9f4d880e0b6cff1,Active,2025-01-29T21:33:51.671450
65376718542e775e,Active,2025-02-22T13:03:24.470027
cbdba16e65e1a74b,Active,2024-10-01T16:06:37.975429
d0dbd9868dd6534f,Active,2024-07-28T10:48:09.126368
0fa40caf06785883,Active,2024-05-24T19:28:29.823783
6e1da25faf3ec9af,Active,2024-12-07T13:40:14.488616
c776072b1e8b8825,Active,2024-10-25T13:35:28.697964
028cf9c764e7719f,Active,2025-03-01T07:26:29.874977
cfa44e2bce4a38e0,Active,2024-06-02T23:43:07.623438
aaa0ef4c52d014d4,Active,2024-09-08T22:55:28.587974
7053aa8624f41b8b,Active,2025-03-13T13:41:57.626031
ae1f3e968c098821,Active,2024-10-03T20:28:59.731722
03f2bad3cded39de,Active,2024-05-30T23:59:20.309411
3dfcdf9d9ff56213,Active,2024-06-17T07:39:02.444814
fc167dbb5845cab2,Active,2024-05-19T00:13:44.773309
bd92f8525f97d3e3,Active,2025-01-16T06:13:11.597678
be1730554aafe7f3,Active,2024-07-16T14:24:06.244651
77cc9da0fe7cb8a0,Active,2024-09-25T03:30:09.187353
f45c1ff7f6e39592,Active,2024-09-07T09:58:36.436246
3d6b7d873919553f,Active,2025-02-08T01:16:43.892741
7451a11f67d85efe,Active,2025-02-05T17:36:51.466822
b7190ab1a16c0cb4,Active,2024-11-02T16:01:19.205587
b874a55e233d5cfc,Active,2025-02-03T02:21:04.051404
01c9293c70475fe6,Active,2025-01-27T09:43:52.381532
de6f801bda34f563,Active,2024-06-26T13:39:13.736203
dda270a38fd0c2a7,Active,2025-01-15T18:36:10.241014
4e469f312f8f3e4e,Active,2025-03-04T21:49:22.859857
6fb3108fc4bbcf8c,Active,2024-11-09T15:51:06.188391
5bc6fff96dfc8bcf,Active,2024-05-07T14:14:35.385764
4074e720d797cd61,Active,2024-09-03T00:18:52.396191
368c7ddcc7900275,Active,2024-12-01T13:43:03.036941
93c8f8ca63aaf92d,Active,2024-10-04T11:02:29.546016
48d12d7788ed36b7,Active,2025-04-18T08:16:30.540777
9e791df5aedc5675,Active,2024-06-16T17:00:04.694221
7365762e853708d6,Active,2024-06-14T02:36:00.041826
6af1382cfa161850,Active,2024-08-02T01:55:11.029560
ae4d7799c590dc3a,Active,2025-04-19T05:48:04.985857
7e2514496f76d18d,Active,2024-11-15T14:46:51.780836
398b0d7db31f8018,Active,2024-07-28T00:15:50.059507
cf4a1e6637f7bf27,Active,2024-05-24T05:56:20.738102
aa52f8c5374d55cb,Active,2024-08-27T16:58:08.035777
1b9f2bf0fbff7a53,Closed,2024-10-18T18:28:11.082417
e963e52ee466367c,Active,2024-08-24T02:08:43.655184
0118a0cb77ff3500,Active,2025-04-22T10:33:33.582487
2cfbc466403082a9,Active,2024-08-09T09:19:25.318690
2591ce35e772593b,Active,2025-04-05T03:08:14.358795
385e8830a63e9779,Active,2024-05-30T13:51:02.966975
718b7abf0c167fde,Active,2024-07-25T20:43:58.200100
d9e4cf22912f5af0,Active,2025-02-10T19:54:19.879593
c95ab8d2915e1a3a,Active,2024-12-13T01:36:19.219874
8112186417e8f2d7,Active,2024-06-11T16:12:31.059998
e9bd4c4c91646b3a,Active,2025-02-25T19:57:38.100970
fc9a0cce32915627,Active,2024-09-22T13:36:02.820482
988c99af85438626,Active,2025-04-27T16:46:23.799065
0571167fe6e6596f,Active,2024-06-13T07:25:24.767053
82a2fec01a38d959,Active,2024-08-27T18:03:45.481654
98436c2f10fae6e1,Active,2024-10-15T12:49:51.974431
ff7099a90c627cb2,Suspended,2024-10-13T12:16:00.707928
96eeb6781f25dac1,Active,2024-05-21T16:01:31.543217
daffc4a15c9234a9,Active,2024-10-16T05:36:54.537571
e146b2c2463dac7a,Active,2024-05-02T05:48:58.591837
3ce70822b569e595,Active,2024-06-29T10:27:00.117039
4c8f13e0729a8d78,Active,2024-09-09T03:00:51.563406
947e8e9248df19a9,Active,2025-01-26T13:20:38.193287
51b56ba066af8a2f,Active,2024-06-19T05:11:56.092224
8503cda5570f5954,Active,2024-11-14T17:55:35.141576
2fe49cd840b685f3,Active,2024-05-06T09:38:46.391671
698290486b577f27,Active,2024-09-25T10:54:37.890070
fc0e1ef8d3e96756,Active,2024-06-15T02:22:18.561125
1691684df768a609,Active,2024-10-12T08:17:36.066948
4701219ea8d95dab,Active,2025-02-13T15:36:05.277850
ae724a86c09d7e14,Active,2025-03-27T12:04:59.101866
22e2504679838089,Active,2024-09-29T21:37:49.483402
8e663758e7c886aa,Active,2024-08-06T19:47:12.390797
3ba271d445af8f85,Active,2024-08-07T16:23:20.259274
53daa88777dc864e,Active,2024-05-09T22:00:38.821634
d0e5af3d353f4bc8,Active,2024-08-12T06:33:42.484802
f4e9b80a9ae7d7b9,Active,2024-07-15T12:52:13.709971
ab238c89370a4485,Active,2024-12-14T03:30:26.585875
b6851e7feb5dbd0b,Active,2024-12-07T04:56:17.959496
fce8d28d186057dd,Active,2025-02-28T03:44:21.763846
8e252df77fc001d4,Active,2024-05-31T10:36:51.371644
badbb1056fe5b93b,Active,2024-11-15T15:05:50.197339
19eff717e86a2d3d,Active,2025-01-26T17:45:21.971272
60f388baac74a75f,Active,2024-09-29T10:55:46.774845
3aab13125cc5aa60,Active,2024-06-24T03:11:17.507852
731cf3dbd65864b5,Active,2024-12-04T12:54:18.438669
4547d939db44d82c,Active,2024-07-07T13:26:22.796598
60538a41c0899196,Active,2024-11-06T06:28:20.426460
1d7c99d0534f5022,Active,2024-11-22T14:08:25.718443
58026102b72d9c02,Active,2025-03-02T08:50:21.305431
2645090a5595e093,Active,2025-03-05T10:08:20.665875
646364dc74d710cc,Active,2024-12-05T07:32:09.212253
1727db58aa430db3,Active,2024-11-08T11:26:31.841056
eaebebe792171c9d,Active,2024-11-26T10:22:44.060047
2ef518121b8f41ff,Active,2024-07-04T13:44:20.140821
fe9c7f5e0d7852ba,Active,2024-06-15T16:49:31.741165
bf535742d1d5d350,Active,2024-05-18T13:12:43.831364
d47bec7bc74abffa,Active,2024-12-13T15:56:47.257064
6885fcbe0e7a3e40,Active,2025-03-14T11:30:57.029811
5c4f1484b786ddc0,Active,2025-03-31T06:08:13.363732
b68d13d96cfd748f,Active,2025-03-09T23:48:09.081335
81497eab6802f67b,Active,2024-11-26T10:10:36.658439
f029340a965c7bd8,Active,2024-11-23T17:19:14.167700
0b9236ad658f56b7,Active,2024-10-26T14:15:06.537397
a0f8dc413d2d8d73,Active,2025-04-07T06:45:12.200489
eb7a50691df60cb3,Active,2025-01-15T08:13:40.775229
f78be6aa735909b9,Active,2024-09-15T22:52:46.302551
e65e771d050a6d66,Active,2024-07-08T07:03:29.426277
33e690ed3f919085,Active,2024-09-23T14:15:12.768699
2bfb8cfa94841ed3,Active,2024-11-02T08:44:56.183697
b1a121d7a62c908c,Active,2025-02-07T05:08:05.366673
60fe28c9c9472496,Active,2024-08-28T02:41:54.488031
2aac304bb1674a61,Active,2024-10-19T13:33:38.267745
d54da87c347e9404,Active,2024-09-11T23:05:41.584119
6a862a9b14081e35,Active,2024-10-20T18:46:45.075767
1c9bf641f352bc25,Active,2025-02-28T06:00:41.935776
120d30caed20f195,Active,2025-03-20T10:49:41.150913
adca16aa15829db0,Active,2025-01-21T19:01:06.148395
bee420f5c4c96e81,Active,2024-06-03T02:01:25.595891
66fac1e8e3a37056,Active,2024-11-26T03:08:24.733436
40963e7ce756b6b0,Active,2025-01-11T03:43:58.973998
3c76aecbbc474982,Active,2024-10-08T20:06:02.613099
2cceeac5a768184f,Active,2024-06-08T18:09:57.453451
1f7f991d4837e24d,Active,2024-11-10T08:30:45.127755
ef84a041d4508cd3,Active,2024-09-10T12:15:31.828532
4e8ddbbc0a482ec9,Active,2025-03-03T16:12:55.609879
11821f1bfd90e53e,Active,2024-06-26T08:52:43.592606
0f1fa846e5dc6709,Active,2024-05-07T09:25:16.788118
eeaf0c711ad5e12d,Active,2024-08-09T07:18:55.712775
ffd411e69df796a5,Active,2025-01-01T12:39:26.304803
97d49e94c0e333ce,Active,2025-03-18T08:15:41.473193
9291ac7f4384b546,Active,2024-12-18T10:45:58.572333
873c664387c512e5,Active,2025-01-04T23:26:32.797446
1bb92e2c9c458900,Active,2024-09-13T11:33:48.412777
e31425f306a17477,Active,2024-07-29T04:59:04.495383
99cb8680bf492864,Closed,2025-02-06T11:43:21.145684
54693ea70da9f5e8,Active,2025-04-07T02:58:53.308304
7ff7a328c2303617,Active,2024-05-27T12:06:53.022866
8637e5299d997600,Active,2024-09-21T19:59:08.712511
e67df379c9fbd996,Active,2024-09-09T23:22:41.102596
165c672c0531f34a,Active,2024-06-04T11:03:07.289337
1baa69021e8d0f78,Active,2024-12-01T12:50:17.138072
c14111863478d2cb,Active,2024-05-07T00:47:32.855560
efd3bee0c38f0d7c,Active,2025-01-08T14:48:01.267824
b02a0de58d7f3d65,Active,2024-12-16T11:26:58.164673
d8741d5607a0f9bd,Active,2024-10-11T02:06:35.494904
40e0d26417ae42be,Active,2025-01-03T20:01:50.772206
f75ad0ae3d761033,Active,2024-11-16T04:04:26.760983
490ceec5b46687f9,Active,2024-11-20T07:23:51.527853
5db10af69fc65c4c,Active,2024-06-25T01:03:11.053225
eff9ebe390215639,Active,2024-11-06T07:11:11.756848
032cc6b7752e370b,Active,2024-08-23T07:32:11.200327
1d8baec955c26d66,Active,2024-08-27T10:35:03.364300
1d55d270ca88c7fb,Active,2024-12-02T23:50:31.630346
9290a95443eeddb8,Active,2024-08-16T12:30:55.242109
3e61b45fe00734a6,Active,2024-08-13T13:42:39.464180
edfe6da9aa5f8e6a,Active,2024-10-21T22:43:48.207741
9bfb041797d79045,Active,2024-12-15T15:26:53.912994
d2afca49993e86df,Active,2024-08-19T04:26:13.827018
31c4d56f785906f0,Active,2024-07-06T01:51:23.167150
cea490f2474ca8fa,Active,2024-09-01T07:20:42.411811
fb431dfe6e926b11,Active,2024-12-02T17:50:37.461340
83b92807506902a3,Active,2025-04-20T05:53:52.606660
cc5925db4eda8b1c,Active,2024-12-19T11:20:54.721813
dd3571b71dac207d,Active,2025-02-20T10:42:15.762813
8b662d16aa50e862,Active,2024-11-07T23:14:22.394014
12901da9225d7e92,Suspended,2024-07-26T00:22:38.221949
ed276fd80f44e754,Active,2024-09-16T16:55:54.408507
8faad3ee84a0e584,Active,2025-03-02T02:19:22.310006
b9d9a1ba51dc7672,Active,2025-01-04T06:28:55.485470
359415956d26639e,Active,2024-07-10T08:56:35.550800
8e0376d79ff638f8,Active,2025-04-09T07:01:15.717964
bc38acc060422631,Active,2025-02-15T17:29:07.381077
0669004f8165df54,Active,2024-06-23T08:48:45.489575
b03ea824602ba96d,Active,2025-01-31T16:52:01.904209
dc5982be33ab6d74,Active,2025-04-03T08:27:52.448020
a06ce3eb03ab2af7,Active,2024-08-13T07:54:48.714174
b28c962a864128e9,Closed,2025-03-23T18:35:29.694635
42ebdb4049b3d1df,Active,2024-10-16T13:42:47.435699
c3dfc084a4782b6c,Active,2025-02-02T03:59:54.191249
4e15197c1081f12d,Active,2024-11-08T03:32:16.798301
4d34c564f55b3954,Active,2024-12-05T21:59:49.792982
6ce8b36de0f94954,Active,2024-09-30T15:15:56.356844
f20d28e40525d910,Active,2024-09-27T01:13:48.222863
9e1a0f040ae087dc,Active,2024-09-07T16:28:47.135652
fcbe74b8c9d777f9,Active,2024-12-22T10:32:22.171042
b8646048381c3d5b,Active,2024-09-29T05:36:19.341645
ee3ca0d88d65c2a1,Active,2024-05-02T04:11:52.369798
6875dd4faf1c46db,Active,2024-05-27T19:46:58.702260
efed0f284de3c8d4,Active,2024-07-02T11:22:45.695538
a6b2d618f49ae71f,Active,2025-03-20T02:19:38.325478
42b0679d448e18c9,Active,2025-02-10T22:31:51.934433
04a2a4c1e97fcb9c,Active,2024-12-17T04:47:13.709677
41d64f85bfb94717,Active,2024-05-24T20:00:06.178089
88facb8887ba2451,Active,2025-02-18T14:39:45.518229
92eead6dd6dba5f6,Active,2024-07-16T05:48:30.565456
8e2c5ce1fa947e57,Active,2024-11-19T23:20:34.152878
faab62b623f47a75,Active,2024-06-27T03:56:15.718920
7de6263447e1358c,Active,2024-08-02T23:55:39.363973
0dd931bf74ad42c9,Active,2024-10-26T10:52:30.925386
8ac4bc10857c9014,Active,2024-07-12T06:45:18.692410
250c0a5e65133fd8,Active,2024-11-24T18:34:45.084475
ee491b3a8d1a652a,Active,2025-03-07T23:45:38.211112
4cdfeeb6d52462a1,Active,2024-11-24T10:38:52.693270
2837a2e3402a4715,Active,2024-05-15T19:33:24.611341
0664ac5055fc48c8,Active,2025-03-18T19:18:02.267210
7b819803bfde9e26,Active,2024-11-15T21:11:29.749395
16a07afdc4c3629c,Active,2024-05-03T09:27:31.204804
42f407f385ece659,Active,2024-11-15T18:08:11.202914
129f42bc6a614f32,Active,2024-08-21T00:57:51.091462
86aad529c8232c4f,Active,2024-11-28T05:56:00.181135
97b5774c50fd8652,Active,2025-02-28T19:01:47.245408
e38ae98953bdf59c,Active,2024-12-22T08:14:58.734196
398e5fc632ef7b30,Active,2025-04-06T17:11:46.360923
df71d07069a63455,Active,2024-08-28T15:12:58.869877
8b1986fda326769e,Closed,2024-05-11T13:01:15.107497
bf430ca6ae36364f,Active,2024-10-25T07:21:59.186649
c8c06f247e115ba3,Active,2025-04-25T19:32:20.198738
f19cdff19a378bef,Active,2024-05-12T21:16:07.927635
eef95482275890c5,Active,2024-11-19T16:20:07.106121
89074e81367f757b,Active,2024-08-12T04:15:49.750409
8539a6b060d1c276,Active,2025-01-15T20:50:01.426971
13540363fc12be92,Active,2024-12-19T13:12:11.354364
faecee9a4833a756,Active,2024-10-09T07:37:21.264775
ff7a3c360e761a43,Active,2025-03-18T05:44:50.933743
6666519ac0278d0f,Active,2024-05-28T19:17:34.782188
79a8406d736bc11f,Active,2024-12-15T04:07:56.840618
694742812eeebbdb,Active,2025-01-14T07:55:47.425956
7c23002a93bcd6c1,Active,2025-03-14T00:41:15.495506
cc6ac3fdafb91b52,Active,2025-03-27T13:57:41.134183
9c385e8eb0086773,Active,2025-01-07T20:04:19.315326
d643769bd5d01633,Active,2024-07-06T18:07:43.300208
404df178a1e68744,Active,2024-12-14T07:07:51.061869
bef486729201a1c0,Active,2025-01-28T20:19:29.942925
72788a727dde599c,Active,2024-11-12T06:57:57.275095
562828161e430741,Active,2025-03-27T13:32:57.870786
4433eda0a54b3943,Active,2024-09-13T21:12:17.125345
4f231ee8ce802dab,Active,2024-10-05T22:51:29.108293
d475bf3004b03715,Active,2025-03-13T22:16:56.926795
a134cab2b050a198,Active,2025-02-28T11:11:21.447705
03197174e0867f04,Active,2024-10-26T08:19:49.372889
e8557a52e48bc11a,Active,2024-12-02T22:24:42.147348
f7b060d168e19318,Active,2024-10-21T12:25:43.883938
b530c44004ee2217,Active,2025-04-16T05:27:51.455117
a0006a87c3dfb06e,Active,2025-04-15T09:05:22.388747
4f31772b643c1199,Active,2024-09-29T17:08:17.351329
314d6ab091fd2381,Active,2024-05-21T01:48:00.316441
7d70b43b3f31af3b,Active,2024-06-18T11:50:53.176332
5a5afe6706da7485,Active,2024-05-06T10:52:31.493387
f5503e8388a9f1f4,Active,2024-05-28T09:20:14.906589
15c88b91a5090f79,Active,2024-08-09T00:11:40.990637
b1ea892ebcbb6470,Active,2024-05-09T23:54:14.760007
36233e3a2cd5fe72,Active,2024-06-03T05:27:07.260172
b509aa26b4fbdda1,Active,2024-04-29T11:41:42.022439
738f98cbdc052588,Active,2024-08-31T08:23:19.671950
6d106e9ce1b292d0,Active,2024-09-23T12:48:04.510305
609c8d3186465f99,Active,2024-11-19T15:51:00.320803
0b2cc0896721526f,Active,2025-04-26T21:38:40.421047
4bd28f1450e4ce92,Active,2025-03-16T12:14:01.574705
2994f8a893b6e645,Active,2025-03-09T02:30:33.559629
95059449a5439969,Active,2024-08-13T06:40:23.209609
7a9f4f98272ea198,Active,2024-05-03T01:01:34.370771
793fc32fad35d68a,Active,2025-04-01T00:29:30.283108
376be4a790454a27,Active,2024-07-09T12:41:54.164720
97f04363fbedb442,Active,2024-09-29T12:05:47.620057
9d1c2fc604936776,Active,2024-08-26T15:38:32.631386
d4d736d058c65d9e,Active,2024-12-06T18:22:58.525697
6ad183eb56817c37,Active,2025-02-11T01:03:27.415244
4ec1f8df47710b98,Active,2024-07-01T16:09:50.658713
4f4f4bd2d094406b,Active,2024-06-30T19:08:16.977445
3c5cc75e4795dc19,Active,2024-12-01T07:04:08.984004
4b548d0b1587bf1e,Active,2024-09-22T16:42:34.814267
9dd1b1881ce5285c,Active,2024-08-27T22:58:25.591878
edad5d8e9c4c881d,Active,2024-09-06T10:07:02.612309
599a6adc2a91c3f5,Active,2024-12-01T11:22:33.100845
cffc404b00a354ea,Active,2024-10-25T19:17:22.190133
50bd2c4864009f5f,Active,2024-05-16T14:00:31.467189
34e5ce17a7473052,Active,2024-05-04T10:30:23.173309
7ab631a34dff8c5e,Active,2024-07-29T16:31:57.060916
ab7f6da11747febf,Active,2024-07-03T09:08:50.158542
bbff7b0d28b1de68,Active,2024-12-29T10:45:24.861477
9fd03c3ee8145176,Active,2025-01-10T07:51:06.052376
59a6e35e0bb60f89,Active,2025-02-06T02:47:01.261959
ea5e7bd72e2838c9,Active,2024-11-25T06:15:14.220556
e6865385246de793,Suspended,2024-11-10T09:19:04.123383
356668de3611d2b3,Active,2024-11-23T10:58:50.985538
98bc7252cd0b3e0c,Active,2024-05-20T07:08:02.878785
9ec721aeaf331353,Active,2024-05-21T17:09:30.542189
2ae06a8506929178,Active,2025-03-18T05:56:50.191627
0453d173baa74ff8,Active,2025-04-05T01:48:27.502772
b612bcd84e46921a,Active,2025-01-29T19:26:25.411502
3e0f0df2dcda9f74,Active,2024-09-17T07:59:53.003079
bff885e31ea5641f,Active,2024-11-23T09:51:42.794265
68976d230fdcc16f,Active,2024-08-27T01:45:37.869825
92d36b569e921090,Active,2024-10-05T09:18:28.202085
d4ebbbbb8ca5f834,Active,2024-09-18T04:47:32.533701
85f8112b04643912,Active,2024-10-14T03:50:40.673626
d2ca3905ae216dff,Active,2025-03-05T09:43:26.723172
45013598022974b0,Active,2024-08-14T23:58:36.598848
46af66063cbd1a17,Active,2024-08-06T05:15:30.438820
3f38888145500e49,Active,2024-05-29T12:17:35.411900
180f60ccbc3fbe9c,Active,2025-01-10T13:27:41.173788
7490f4897c7c60b1,Active,2025-01-17T10:42:39.451090
91087920230c26c6,Active,2024-10-05T17:56:14.877409
29ffc7323966cf9e,Active,2024-10-01T22:34:25.494734
795a2dc6755534f6,Active,2024-08-28T09:06:44.166761
7c36efcf57af73a9,Active,2024-10-12T13:53:29.695019
2e667a0583386647,Active,2024-07-24T18:52:15.371166
2cab5c6f6372b0bb,Active,2024-12-21T02:05:20.756058
3b16c310d1917087,Active,2024-11-16T13:57:57.967249
8c540cab6b5185f5,Active,2025-04-21T02:50:37.812326
463076f629d0e281,Active,2024-07-07T23:50:34.649657
893ad973f4389af3,Active,2024-12-25T19:08:59.443687
a11a8b8c307d6a53,Active,2024-07-14T23:30:15.498405
60cad3e1d2706abc,Active,2024-08-27T21:23:29.338052
9e2c05302c5d2bf1,Active,2024-12-25T23:19:21.641274
52a7e93ded8dc5c8,Active,2024-10-17T20:28:45.449790
3e9bc66cbb961751,Active,2025-01-15T13:06:04.186108
3587653691de458a,Active,2024-09-28T10:10:56.075186
f134f2a9a55af1bd,Active,2025-01-31T10:40:14.509284
ba144b77fb8e3c05,Active,2025-01-26T18:03:38.546918
e67a316f933f9b3f,Active,2024-08-16T23:14:56.346850
3957e6a5d2f6f13b,Active,2024-05-27T19:16:14.505576
db79973ba1614359,Active,2025-02-14T08:51:08.401289
9b0cf30f8b761607,Active,2024-08-26T15:15:06.348850
fb8e911336a5e3f2,Active,2024-09-01T15:04:05.787202
05caecd887d20f4e,Active,2024-10-29T04:47:27.139614
678d9b5762646093,Active,2025-04-11T01:40:57.887723
c960f1debf5a3c84,Active,2025-04-25T10:57:24.061618
599699bed993351a,Active,2025-01-05T09:55:57.385587
2ccdf82d9863a797,Active,2025-03-23T04:43:13.506137
2d1ff9a5e0b67baa,Active,2025-01-19T11:55:09.120001
f3fa58bf680b1556,Active,2024-10-13T16:17:06.654770
a3d61447fdc443b3,Active,2024-06-26T01:57:55.797374
a8f7a45357965329,Active,2024-09-04T05:41:05.021190
3ea35630f0274413,Active,2024-08-03T18:49:30.164038
baf11085c83e0e2a,Active,2024-07-21T00:56:24.342931
865b9ce94e652c77,Active,2024-12-07T06:02:49.801334
e3d64038447dd772,Active,2024-07-08T19:39:29.742871
040a4c7baa43be8c,Active,2025-04-06T06:09:50.474732
580e9866fc88b7f9,Active,2024-10-20T11:33:25.852353
e499631e32deae83,Active,2024-05-25T14:51:12.199279
6c96166d6b597440,Active,2024-12-28T15:12:06.081395
73bac9ed8a7ce2ae,Active,2024-11-17T02:25:53.251615
416ce8e5c58dd655,Active,2024-11-13T11:29:34.858429
bbde852c6b671e69,Active,2024-12-07T03:23:36.942705
1ddee018dde7dcab,Active,2025-03-31T06:29:10.687284
402e32926d5b8f3b,Active,2025-01-16T09:58:59.058429
1fb29c2d10efe04b,Active,2024-12-13T07:17:50.105541
686846355a932a20,Active,2024-08-07T05:44:12.789976
89320a87a8b5851a,Active,2025-04-16T02:04:55.299093
cefc6bd63063751d,Active,2024-12-05T05:26:09.725718
f3214e25a2ab4d0f,Active,2024-04-29T12:10:14.181025
f43f7f0857a2e08c,Active,2024-12-15T23:15:39.930656
036629124434c87d,Active,2025-04-27T20:37:15.745113
d7034f3dc1690dad,Active,2024-06-18T17:24:30.821015
dcae1f07cdd9af93,Active,2024-11-20T04:11:54.966025
8d0ad4824c468aae,Active,2025-04-01T09:28:16.073438
1b441d37fc7bffc0,Active,2024-10-03T07:23:35.450869
919cd702d162c729,Active,2025-02-17T03:44:57.720534
dc8bf8e9e2e77ae1,Active,2024-12-03T16:53:52.350230
0c616164fe18130b,Active,2025-01-04T16:41:41.087946
8d89b74793536220,Active,2024-11-26T12:10:36.254673
217ffb9a9e442731,Active,2024-09-21T07:06:07.863426
b435e38b4c9fa5d0,Active,2024-05-08T16:03:00.109648
28f0922ddbd9618c,Active,2024-12-01T11:51:39.776158
ee3d8193a3c44607,Active,2024-06-24T15:46:35.494781
bc761ed5213ffb34,Active,2024-04-29T01:12:01.174926
26774a430abbed61,Active,2024-12-12T23:51:46.085953
00be96ef519db563,Active,2024-07-20T08:07:22.966866
d43d9cd4acdc8b1e,Active,2025-04-18T17:29:30.365045
2472f68a6f460897,Active,2025-01-28T10:21:52.523035
f71cf009f52ec8e5,Active,2024-05-18T10:14:56.310149
8218637ab5e370e8,Active,2025-03-09T08:18:43.152978
daa76053b2fae6eb,Active,2024-11-16T18:30:33.138406
c13bbd647d4e1904,Active,2024-09-25T01:59:03.420943
0323050d5bcb0c69,Active,2024-08-03T03:28:48.412070
4383f078ef5f4293,Active,2024-07-13T22:21:33.378050
45fa5cbea6f2d375,Active,2024-12-10T13:58:56.540548
37e3104ee3d3da30,Active,2025-01-28T15:59:46.083681
b41242877ec0affa,Active,2024-11-17T02:12:55.474120
cc8db43d3fbb802a,Active,2024-07-01T07:38:54.174395
9be643432562a966,Active,2024-12-23T15:59:00.330035
cedb3ed566af68af,Active,2024-10-02T19:01:20.660720
02709e312c6c2c31,Active,2024-08-17T09:21:14.066535
039299ede4dc58c6,Active,2024-05-19T04:20:23.724989
62a036d4f9b68847,Active,2024-11-15T04:37:05.772718
ee4730104dee44ef,Active,2025-03-31T04:16:46.466628
3bbca4cecee1f39a,Active,2024-08-23T17:58:54.220000
646d9af0780c0ef6,Active,2025-03-27T17:02:37.199358
f068b6902c2fdfbd,Active,2024-10-30T04:26:53.988134
5d84c04e596b63df,Active,2024-06-18T17:57:09.759015
0b320fa06e2dc2b4,Active,2024-08-09T06:59:21.316615
3e5fa61acd62382c,Active,2025-02-28T23:01:00.741973
bfa3d154cf6bf90a,Active,2024-07-26T15:46:01.902817
b5da52aa6c83edbd,Active,2024-08-02T20:28:18.533812
707f61ca8baa8626,Active,2024-05-01T17:30:40.895308
915258910e263b94,Active,2024-11-16T17:11:51.621592
697f5edacfffd2eb,Active,2025-03-28T01:16:12.255156
04a9f212b88a7b41,Suspended,2025-02-01T01:44:49.992923
83585480402f99a1,Active,2024-11-28T02:18:54.505487
d38370ded0899325,Active,2025-03-16T15:46:29.552066
7da5a92e650c1a99,Active,2024-10-22T23:11:20.480288
14c949be3b2ac1f5,Active,2024-08-11T01:39:53.230623
de58056176c2188c,Active,2024-06-22T22:32:59.056789
40db15fd1680b8f5,Active,2024-07-04T12:27:42.179358
4eac5ed0a6c31f52,Active,2024-05-13T00:35:56.834749
601146cfee1bf074,Active,2024-09-24T06:37:59.552857
69fa247c49059618,Active,2024-08-07T12:35:31.515764
2fb8cff9d478b71a,Active,2024-07-04T04:14:49.277310
0fbcf66c1ceda2c6,Active,2025-01-23T04:23:26.634909
c75f0fa1a5a52bd9,Active,2025-03-29T17:09:23.898176
5da28e6cd5878e84,Active,2024-12-12T06:58:28.463267
d73351a307844137,Active,2025-03-30T04:35:20.032711
31f616fc460e9d0f,Active,2024-07-14T10:26:27.321975
1baa30d4043bee74,Active,2024-10-22T11:34:16.821035
7dad1b42a1910407,Active,2024-09-02T05:42:15.900813
8e77fd7d6a083fe0,Active,2025-02-18T13:30:42.646672
0d0fde74568a829b,Active,2024-11-12T21:29:02.739930
dff419267b1d36a0,Active,2025-01-27T13:27:43.503508
c06509ee2fa5cc08,Active,2025-02-28T04:46:34.425623
dae624ef93181128,Active,2025-02-02T03:37:49.328600
2ade24e1777f44ed,Active,2024-05-19T08:58:28.542243
3d145c57c01d0ca5,Active,2024-07-15T10:28:04.392195
963a3d181260b02f,Active,2024-05-20T22:49:17.254071
51dbb0f3f49fca2c,Active,2024-12-23T21:01:53.257510
cf864d567270ee29,Active,2024-09-10T02:46:10.761968
684c1259965411c5,Active,2024-09-03T03:20:32.701459
8687caa527679ef2,Active,2024-10-07T05:13:43.452551
3cab20fc63cd9988,Active,2025-02-03T16:21:29.451605
97c80790ad5f3da7,Active,2024-06-22T00:40:23.675842
5b1b95b5aedfae93,Active,2025-01-05T17:24:43.628034
622c907b0f535f50,Active,2025-01-02T17:05:33.238066
b6ac2c5ed1a7381a,Active,2024-11-30T08:01:43.050021
173d84f346a72b64,Active,2025-02-26T23:52:41.013357
343a484cc66f9516,Active,2025-02-28T01:42:51.185902
75cc48d6d0947629,Active,2024-06-30T17:16:50.747311
5b02b0f2f9d2f98d,Active,2025-01-24T08:43:46.219960
3e3eec58637999bf,Active,2025-02-08T07:09:09.583879
85d132551fc2fe57,Active,2024-05-12T10:50:18.486481
6a02b1487534b023,Active,2025-03-17T13:58:24.785557
24d13daccf4b8461,Active,2024-09-05T14:29:11.189227
be07ccefe58bbfb9,Active,2025-01-04T14:17:24.288440
69f6e2f6c9b9c33e,Active,2025-04-25T13:17:56.543730
3e8213e5062a30f6,Active,2025-03-09T19:09:01.664924
9380149115efa0e5,Active,2024-09-12T13:02:19.656976
b263e0cf4cd126cc,Suspended,2024-10-30T23:25:54.516395
29ac35d2e15d9e16,Active,2025-02-19T03:00:25.441531
99f95262a2b1e296,Active,2025-03-23T15:57:01.033903
dfe663c9930ff65d,Active,2024-06-05T10:33:12.653488
e29c8840d9980bee,Active,2025-01-21T20:32:38.969748
9d780decda4efaa4,Active,2024-08-07T02:32:16.540560
36cefb5d54088db0,Active,2024-11-03T11:21:13.660416
a8032727b8a7fc97,Active,2025-01-30T10:35:01.252347
f647e0f40371d4d0,Active,2025-04-02T01:28:51.175188
0f5f7762bc67107e,Active,2024-07-03T09:58:11.617811
8756143a03836d18,Active,2024-12-28T10:33:28.272969
e4bfebf371fe652b,Active,2024-05-08T22:06:41.276860
7e69e15e17416c37,Active,2025-03-12T16:20:55.585693
e65575410c341799,Active,2025-01-28T04:01:03.355181
a8a3dd1f4a67a415,Active,2024-05-03T07:16:23.029001
54a91a9596b1a50e,Active,2024-11-21T15:21:55.379981
dcb0f1a886afa37d,Active,2025-02-16T08:46:40.547458
9e959ecf40280dfb,Active,2024-11-05T00:02:55.598371
dbd405a7cd0fb651,Active,2024-04-28T21:51:59.897014
13849b5fc6f09771,Active,2024-08-24T22:43:11.783705
3535a5d19aaf8e53,Active,2025-01-08T09:51:49.770278
2aa8811b4e78d1ae,Active,2024-09-25T10:37:49.452369
de189e2838159ebb,Active,2025-04-24T15:25:33.607729
d92b5fe2ce3a3107,Active,2024-09-11T23:50:22.402528
a919d42030d145cc,Active,2024-06-03T15:45:02.024020
7e8eaf62fdd252de,Active,2024-10-27T04:48:23.760149
350c5b0bd2df0683,Active,2025-04-02T05:34:02.345830
2205949c396e6c9e,Active,2024-12-17T00:26:30.442059
d22beb6941821317,Active,2025-03-29T20:20:00.263728
8578b1a3d3e59853,Active,2024-09-20T07:53:01.383501
5e85ac51a7e905f0,Active,2025-04-19T18:26:43.352429
99d4c69274dab080,Active,2024-05-19T03:28:30.521016
3f3a45f790be7024,Active,2024-09-08T23:47:13.749812
238c1fd557650fbf,Suspended,2024-07-10T22:20:52.271940
182b6553d9c0e43d,Active,2024-06-27T14:35:09.861674
428016a62b37e31a,Active,2024-05-27T06:27:46.822644
ac659accf52dd78d,Active,2025-01-06T20:35:40.861964
f44943c364fb2e87,Suspended,2024-11-22T13:06:05.554094
5b2d73357ec11691,Active,2025-03-16T01:13:28.021800
de7acd5333217a42,Active,2024-10-28T09:52:29.059331
d3671d3497c50231,Active,2025-04-11T18:06:43.461832
1cfe1b60f44ba1d1,Active,2024-07-20T13:45:56.930826
20b04746b5adf46d,Active,2024-12-11T03:34:15.108475
39f8169a5d4d7f55,Active,2025-04-05T04:05:06.136364
4b9bfd40cd76f4a3,Active,2025-03-14T07:27:58.878259
6f19ae64448bbf37,Suspended,2024-04-29T16:11:27.877370
e847a6307c3bddd2,Active,2024-06-23T15:56:32.985603
c666af9bc35580ed,Active,2025-04-28T14:07:56.304921
a4a0a5db1a019afd,Active,2024-08-31T17:05:13.275758
09b25ca878ecfa0c,Active,2024-12-02T15:29:56.285179
e7e5d25b1e35dbf8,Active,2025-04-28T20:43:45.128343
5fce8bd1586afeea,Active,2024-05-20T06:12:44.966397
0685c9cf429cf303,Active,2025-04-15T01:11:22.078249
be780c6081181026,Active,2025-03-25T09:38:22.740665
f676f6b9b57b8910,Active,2025-04-20T22:39:27.906658
dd21b96f1e78a21f,Active,2024-07-18T00:06:18.247844
81eba3fc57d5ed77,Active,2024-08-23T16:37:02.684235
dc9089a1e38690fa,Active,2024-06-06T16:01:17.833101
79cc6fb5744b3933,Active,2025-02-04T16:19:38.250441
b3778ca4de04733f,Active,2025-01-13T12:22:33.397187
72e2897aca3709a2,Active,2025-04-02T09:52:05.763749
e0787d848327804d,Active,2024-08-12T14:38:03.552086
7f2a48134432383e,Active,2024-05-15T17:37:56.634737
14be8bbab10e710e,Active,2024-10-25T12:31:22.872487
686acd02fd75f57b,Active,2024-12-15T14:12:19.982750
8a004abe0a631406,Active,2024-10-02T15:04:58.888957
1c71b9b83db02dde,Active,2025-02-27T03:32:33.567428
2ce639518e816447,Active,2024-10-27T08:10:39.694833
25503e204abf92ea,Active,2025-04-22T19:33:15.561111
261cfa60ad890632,Active,2025-02-26T11:22:14.691618
d9af33c9319e03d5,Active,2024-05-22T03:33:46.150130
06c687df07bb5cc9,Active,2024-11-09T12:32:23.114511
bffa7d4198cdfc4b,Active,2024-09-24T11:40:49.013704
5b39d402d4039889,Active,2024-12-09T09:07:53.172369
1c78b51ca4aedadc,Active,2024-11-15T06:29:45.315757
61424b986add8f0c,Active,2024-11-08T16:37:12.290502
3f29a91d60492c9f,Active,2025-04-12T06:39:40.299167
cecf885301c8afe2,Active,2024-05-14T05:46:25.753993
f274603992cd4786,Active,2024-05-02T20:52:15.741809
a2e72d3be356fea1,Active,2024-10-01T16:42:37.559171
fa411fab72bb0929,Active,2024-06-18T16:35:42.360159
2f1a95c3ced04ad1,Active,2025-03-16T22:51:49.988084
d3e11fc1be452bdc,Active,2024-08-27T07:40:54.040899
a82264ce55293746,Active,2025-02-18T08:32:51.538480
610113fba79515d6,Active,2025-01-17T19:22:07.073575
ff9d70be10d8b46d,Active,2024-05-29T01:21:25.451091
04027bf669098ad0,Active,2025-02-07T09:09:05.090520
54b570774774fe97,Active,2024-06-27T20:40:07.364992
61911d78fb6c6d4f,Active,2025-02-27T09:44:22.552950
537b32c8b794d112,Active,2024-08-15T03:26:40.742163
eb36dd96e8a029f9,Active,2025-04-13T01:56:35.519298
1c3f93ab9f1ee536,Active,2025-04-18T12:45:47.560014
8aa9e33b3041ee02,Active,2025-03-02T02:11:45.969187
931396f53109ac80,Active,2024-05-20T09:57:14.051998
07acd9d4a5c8f078,Active,2024-08-15T03:47:20.663715
5efd459beff50839,Active,2024-11-08T10:13:47.631263
616a4da27f69cda0,Active,2024-08-22T02:20:36.335098
d5fb4ac9cb05dd7f,Active,2024-05-12T21:27:03.931478
ecde9145d3d247bb,Active,2024-10-24T20:31:26.573805
7d675da21001519f,Active,2024-09-05T08:01:49.541784
725253e66516bedf,Active,2024-05-10T01:53:14.437532
f3413b0d26bc3993,Suspended,2024-12-13T16:47:21.891843
a0265e1990c6dbd2,Active,2024-04-30T00:01:05.640866
8953f68a4b24cd6e,Active,2024-11-06T05:47:00.505867
36c7eaf7ee3d555b,Active,2025-01-02T09:41:36.420668
315afce36fbdde40,Active,2024-05-20T20:09:42.821605
038c11ce26d13859,Active,2024-11-17T15:46:30.044085
54462c07d2c76761,Active,2025-04-25T02:29:05.258662
8598b988e1d2a0f6,Active,2024-06-25T14:08:18.822788
48ed0382095679f5,Active,2025-03-11T23:15:23.776840
0f55e848c104ff5f,Active,2024-09-29T03:38:30.116421
bed6b7870baa9ddf,Active,2024-10-02T00:25:20.174495
f7505a1baa8bf347,Active,2025-03-29T18:07:41.327708
d8166815fbb2a01e,Active,2024-10-22T04:43:20.250624
0c1675a9acf082de,Active,2024-11-19T08:29:21.356844
a663a4f33dc37a0d,Active,2025-01-28T11:11:10.630320
fe537c0e842459be,Active,2025-03-11T01:17:04.092412
d5431bfedbad2250,Active,2024-04-28T16:45:06.043835
a48c27b8dba38cd5,Active,2024-07-15T12:36:18.727905
4d6cb3c09e69eedf,Active,2024-08-10T03:10:40.259908
7b8afca2fe65649f,Active,2024-06-24T08:22:29.898087
8a4adc2a13d743ec,Active,2025-01-28T21:18:03.687951
5ad9d8dfc98828a9,Active,2024-07-07T05:18:52.526124
6aac9034d5d6bb15,Active,2024-12-04T12:22:06.055668
2ddbfa4418488559,Suspended,2025-02-01T19:01:09.342480
3323fd9b0e8174c4,Closed,2024-08-19T11:19:48.670198
a678a6caac014d44,Active,2024-09-18T06:01:57.589818
6e6ab2c33c8e7605,Active,2025-04-10T02:56:53.916876
95785ca1790a32d0,Active,2024-12-27T04:05:37.294748
894078d3714a2d7f,Active,2024-09-30T05:54:15.313863
427c5ad88b19ba00,Active,2024-12-13T22:40:31.201630
7f5e7266b89b1729,Active,2024-07-26T21:50:15.634661
cf00cd32749fb804,Active,2024-07-31T20:27:50.146949
5f1e0e431250313e,Active,2025-02-04T23:25:29.488233
8fc41e779baeb3ec,Active,2024-09-05T19:23:15.873509
b958480aa4fc2f95,Active,2024-09-08T09:21:00.793699
b430d117ca3b6ba9,Active,2024-11-25T03:31:19.869191
ae7e52fae2c96713,Active,2025-02-17T09:46:15.901446
47bb4233235344d8,Active,2024-06-01T05:07:41.087727
6effc3c981d38631,Active,2025-03-01T13:30:23.312714
fa8e3d4b50e70fdd,Active,2025-01-08T08:24:50.957371
88c00b6c18029d77,Active,2025-04-13T17:51:23.408960
d00c54a7a2c16165,Active,2025-03-08T05:59:53.232327
d630924424b96e9f,Active,2025-03-06T01:15:34.131358
ea1c750e7871786e,Active,2024-08-26T16:13:53.032249
c7554774060eb266,Active,2024-09-17T17:40:25.197366
4ab2edbfceca7d85,Active,2024-05-18T00:57:04.313503
eb2077b36c69cedb,Active,2025-02-13T17:26:43.372353
c48e80f58f38cbed,Active,2024-08-25T05:40:00.706158
edbfb480934a52ff,Active,2024-08-23T04:48:01.779656
dc43f480ea03a9d4,Active,2024-07-05T11:47:04.394719
cb34f7fb15da6079,Active,2025-03-30T20:12:40.379071
feb52ba76ce569bb,Active,2024-07-24T16:56:33.147895
102512c46ea6df26,Active,2025-03-23T09:32:34.196701
15ba2779f19d44ba,Active,2024-05-27T03:10:20.653434
43404494f65f1f88,Active,2024-07-13T18:03:09.266299
f244dc0321ffe019,Active,2025-01-08T19:58:14.954886
40ddec3ba01c2d5f,Active,2025-04-19T14:27:22.055493
5c51892cf26ea92e,Active,2024-06-10T21:17:19.980558
d495219a35d90437,Active,2024-08-01T15:22:46.261365
ee34b54cfe707dde,Active,2024-05-28T19:43:40.377830
58f558789503228c,Active,2024-12-31T22:19:05.125030
66b239eff9531e9a,Active,2024-11-20T01:58:11.305858
35b4cd22c2ec2f23,Active,2024-10-22T11:49:03.913473
4bc5e9873588840a,Active,2024-05-30T09:19:05.845669
b508c8201bb2d480,Active,2025-01-17T00:04:52.792859
dd3849c74ff27c56,Active,2024-06-26T23:28:55.321114
8753dac6cbf445bf,Active,2024-06-12T18:00:29.224846
89e530e5fd5ca173,Active,2024-09-29T18:18:16.604099
c203876784308b87,Active,2025-03-04T00:38:23.386665
42b278b7539daee9,Active,2024-11-20T23:31:45.127172
7ac55424e5e82582,Suspended,2024-12-27T07:12:22.827663
2ea31360ecd85450,Active,2024-11-20T08:00:27.563221
501c27fb5ca7496d,Active,2025-03-15T15:12:04.595303
98581cd1c70c0487,Active,2025-01-30T22:32:04.113297
978ff7d9ac045bc4,Active,2024-09-15T10:12:42.773360
35fe74115cb4d21d,Active,2024-06-22T20:14:11.510108
fd35d4b4ca68ebcf,Active,2024-08-20T07:26:41.210484
9666b185eb0a3e60,Active,2024-06-13T11:40:29.569772
7b0299ca4b93731f,Active,2024-05-25T13:11:06.531625
bc1ac932c3a5020b,Active,2024-09-16T01:21:38.878583
6fc3ccfadf6cc2bb,Active,2024-07-27T01:29:49.226784
58cc0ea8cb41b6c5,Active,2025-02-19T01:33:09.744445
34c55b58b486dfad,Active,2025-04-22T13:07:10.964470
d4747d626264c82b,Active,2024-08-31T22:08:48.943907
e38f3f25db0c76e3,Active,2025-04-08T01:00:49.303725
5a6e65fd1e46f8a5,Active,2024-05-28T06:16:06.517196
bf3bd9161685960b,Active,2024-10-21T12:35:29.152280
b797893547abe15a,Active,2024-09-17T18:33:58.093403
7b6153032304e104,Active,2025-01-03T15:46:29.937147
4c380e5b2638d14f,Active,2024-08-21T08:14:55.337578
ef55a47233d0d397,Active,2024-08-17T22:02:55.671695
6ce7944126011cf8,Active,2025-01-18T20:19:53.257652
9fc63337c8000d4a,Active,2025-02-19T05:09:20.558205
3f2826247b207e06,Active,2024-08-01T06:40:22.545978
0c50bc4a7f516b44,Active,2024-08-05T21:41:15.903340
a678a3c74dc03777,Active,2024-09-30T01:14:36.783677
bf4fd3b22353afb2,Active,2025-04-20T08:31:24.041334
92ecae24d12bb4c6,Active,2024-09-13T12:01:08.884839
2243f6b6e17a6831,Active,2024-10-05T12:21:08.347043
ffde9f77650c9499,Active,2025-03-28T19:38:10.975574
958301711e5f22ae,Active,2024-10-05T04:55:59.012621
8c545661a9af18ea,Active,2024-08-16T07:12:12.137903
e94795b318bbdde7,Active,2024-12-02T19:20:37.878602
4f52d258a77a9722,Active,2024-05-07T06:03:35.603610
5ee1a7aafecc32ac,Active,2025-01-04T11:45:50.915875
c83a455f02336900,Active,2024-10-06T12:38:56.012758
611acfd86ee9dbb5,Active,2025-01-28T23:28:30.074300
c4deae48fb9e511f,Active,2024-11-02T22:05:40.067079
63b98f326ebe4ff4,Active,2024-08-12T01:42:59.776973
0fc9d4bf4bb8566b,Active,2025-02-10T03:07:23.218168
873304fb65180fbf,Active,2025-03-09T13:09:55.473857
37447950c73e3767,Active,2024-07-28T03:57:37.301821
465e996d2a5d4d90,Active,2024-08-07T07:18:24.232348
2b41c16926f0bc98,Active,2025-03-11T05:30:55.850681
24c751a3d8daf014,Active,2024-06-24T07:49:47.538067
74a8dc5bfa66d136,Active,2024-12-26T02:47:03.869041
3edde285e9722b7f,Active,2024-05-11T10:28:28.068160
029620a9c4a43e13,Active,2025-03-26T06:42:22.455642
fcbd711bfdb870dd,Active,2025-01-23T22:06:50.435488
5a432f6b5c6a3d98,Active,2024-09-11T16:12:28.080588
e585905f201eb999,Active,2024-09-01T17:25:31.743593
72ec9a8065d0d5df,Active,2024-08-10T03:54:17.479680
f6e1dd921186e637,Active,2024-09-01T10:45:28.875634
cfeeb278da64d5ac,Suspended,2024-09-19T20:32:12.499695
af37693052408078,Active,2024-12-12T14:41:45.513571
4fdb3878eafa3063,Active,2024-06-07T04:21:36.460711
7ec0564dcbe3d3f9,Active,2024-11-18T22:38:15.445547
28f06b4eea34af2b,Active,2024-06-28T14:57:23.275472
de956312e0ddd062,Active,2025-04-09T21:48:30.343036
7b7ca527fc56081d,Active,2024-09-28T06:57:14.751489
a72b467812c28437,Active,2024-05-20T20:06:01.406064
1b3c69d0c23d09ed,Active,2024-06-14T22:32:13.831095
5a91b821b63000eb,Active,2025-02-25T21:48:45.111037
0e9afd18ddaf5a20,Active,2024-11-04T09:33:05.758883
7359e65533ff723f,Active,2024-07-01T03:45:49.153349
bbb77493ea375182,Active,2024-12-29T21:22:03.144510
fb629a6a1fb6e15b,Active,2025-01-10T09:27:00.569265
0968fffaa6911116,Active,2024-12-08T03:31:29.733693
a191d552ab0c3381,Active,2025-02-22T20:48:58.594772
390175b43376262f,Active,2024-07-15T09:43:49.876822
fc696d45f55bbe94,Active,2024-06-11T04:13:40.473758
524262bf22e62976,Active,2024-11-07T19:30:22.694327
3ff7b97f6a77ea49,Active,2024-05-30T16:27:33.335121
ae07ae9293a3d041,Active,2024-11-27T14:19:44.590565
2ebea930015395da,Active,2024-07-26T19:42:13.681697
51b2f9d5a6d8bf80,Active,2025-04-11T16:40:16.386450
7c5b8e54281759f8,Active,2024-05-06T11:31:44.698404
64ba95a94b726ad1,Active,2024-07-19T17:33:33.703031
099ff870fc57aaf5,Active,2024-07-14T07:31:26.074085
ccc1187ae2b26fdd,Active,2025-01-20T17:30:47.718427
209fc2f31103fcfa,Active,2025-04-13T05:52:02.747541
a8b4b69422f41eae,Active,2025-02-22T22:29:11.966302
cef940903b521531,Active,2024-12-16T09:05:23.082315
3674783e9031a510,Active,2024-06-20T04:29:08.660658
e9adb0d760212685,Active,2024-11-07T10:08:02.880127
bac42cec02aab85f,Active,2024-07-25T23:36:23.560737
ca9b47054972948c,Suspended,2025-02-02T13:18:52.656223
4e2d2362beef2ab1,Active,2024-05-14T11:46:31.706408
2c152ceeca4d237f,Active,2024-10-22T23:01:09.582618
116ce23219e8efa3,Active,2025-01-21T02:23:41.415864
c43cf878ba5d37db,Active,2024-05-11T23:36:25.153285
4a0687c75bc4aed4,Active,2024-12-03T00:27:25.362165
9d3274b48f8b2204,Active,2024-11-01T19:43:08.155978
513cc66a010974f2,Active,2024-07-10T09:27:37.909360
2e61fb9a5150a934,Active,2024-08-02T13:37:46.777966
b42a94ce2269a9be,Active,2024-07-22T16:44:34.541562
259a8f7bbcbf03a9,Active,2025-01-24T20:35:28.015133
846c99038f158316,Active,2024-07-06T10:44:23.263095
9417016d65fe0d0a,Active,2025-03-31T22:08:58.926156
e59068ebf877305c,Active,2024-09-28T01:30:44.033841
dab78f5257675586,Active,2024-10-02T20:42:10.867999
5068342a680d15cf,Active,2025-01-26T18:48:32.247658
ef51dad26e44bf96,Active,2024-06-23T08:37:43.764550
f2b87b4957962fb7,Active,2024-10-09T16:12:01.483346
45ccdd7518673929,Active,2025-03-08T01:29:44.718527
d7e1381f594952ab,Active,2024-07-03T22:48:39.887465
ffd61524da304ce8,Active,2024-05-11T02:56:41.471682
8fbf9155d0feca56,Active,2024-06-09T15:06:35.883179
58ecb85d5b7c130b,Active,2024-12-30T15:36:03.402857
0a9b23b838ee51d6,Active,2024-07-09T01:52:08.112638
8fefded35c6e6067,Active,2024-10-04T21:34:51.033524
48df60a8e0dbdae0,Active,2024-07-10T18:48:27.080846
23681763e0530f36,Active,2025-04-10T07:01:00.984760
0f20885bf7f1aa37,Active,2024-08-17T09:49:11.442730
e98172d08a4063de,Active,2024-10-20T19:35:27.336163
2227f74f2db745eb,Active,2025-04-01T20:32:08.902529
89e1ce6904bb8cc5,Active,2025-02-14T18:39:47.809375
3f316fa56e1eea26,Active,2024-08-20T18:22:30.407985
dd0ed93df81587c3,Active,2025-04-11T10:05:07.617263
7a5216b07ceb17e6,Closed,2024-06-05T13:51:47.873808
c28dfeaa73d4442f,Active,2024-11-30T01:50:10.315722
7351f88da8fb5893,Active,2024-10-01T17:43:23.352264
54a58b13c6b03e40,Active,2025-01-26T17:28:54.244285
5fc2b6fbab6d887b,Active,2024-05-26T15:23:14.813725
6cecbb4909339bfd,Active,2025-02-28T21:49:57.245098
0228d58e14957fb9,Active,2024-09-24T22:00:04.264350
c917785dd58ea529,Active,2024-09-18T15:02:05.999985
efa489ff260fb292,Active,2024-09-01T01:18:03.484603
e66034d1742b3984,Active,2025-04-17T16:33:00.576713
f7d65ae34693d576,Active,2025-03-04T23:21:18.861424
46947b3f6032ada8,Suspended,2024-06-13T07:10:55.017290
935aed43eab38326,Active,2024-07-14T06:51:42.367882
fb78df3f752aedc1,Active,2025-01-08T10:38:45.451380
2366cc2e5b186d40,Active,2024-08-22T11:59:52.673980
e2aed35ab971fb25,Active,2024-08-29T08:27:41.111628
4d19bd7543576728,Active,2025-04-20T06:21:46.679291
17fb63c8102fa144,Active,2025-03-11T11:44:35.613225
9e869c22ed08a83c,Suspended,2024-09-20T10:29:21.294100
87d768e041b0293e,Active,2024-07-11T07:14:21.775554
f231ccb23da398be,Active,2024-11-19T22:02:46.067864
75ce560d11a14d7b,Active,2025-02-15T06:34:35.344074
252b3e7d1fc7e0d6,Active,2024-05-12T23:57:00.710960
7dc707dd04cf6958,Active,2024-08-18T19:01:16.379078
0fc4befb3e2a7ec0,Active,2024-09-09T03:32:59.059628
54564c4e5f8fef99,Active,2025-03-13T09:02:18.971189
72c7f9494e0d541f,Active,2025-04-11T21:55:51.568257
0c3199f154c7df7e,Active,2025-03-01T01:03:44.643184
bed163990cfb7ed5,Active,2025-02-07T01:32:11.070177
7b276bac25a3407f,Active,2024-12-05T02:56:58.520849
43dcbd6cc1dce034,Active,2024-06-26T11:29:05.283379
d3d6337d26f5b091,Active,2024-06-29T13:03:50.319601
fbb6a35f01993055,Active,2024-10-02T12:41:07.636600
171b826137fc23f2,Active,2024-08-22T13:59:20.939764
08055fd4173f33ee,Active,2024-06-26T05:53:38.269361
e040a61aaa3ce29a,Active,2025-03-02T23:15:53.324360
6bf40318883bdee3,Active,2025-02-24T06:43:46.171156
0f3912c24027303c,Active,2024-05-09T04:45:53.719894
9e6dfb4f04452d80,Suspended,2024-12-23T12:08:31.184901
419d4cae70fda888,Active,2024-12-06T17:39:51.013224
c1d8dd17fd201c14,Suspended,2025-04-17T14:43:59.304117
e4258c986021b1dc,Active,2024-07-08T04:40:47.191896
b7cb49648ad45186,Active,2025-04-23T17:13:09.318873
b5dc10742f5ead56,Active,2024-06-06T13:18:43.604423
6f9b1c3b569c2529,Active,2024-11-14T09:46:29.861567
90538bdb5be72100,Active,2025-01-27T10:04:10.776381
739881e94de328b2,Active,2025-02-09T00:50:18.916868
fcd52e5883c130ef,Active,2025-04-26T03:38:20.539334
9bbc881ed943fd64,Active,2024-09-10T08:03:39.239184
a94b74fb54133e6e,Active,2024-11-07T12:04:30.354290
653c3cdae724957e,Active,2024-05-11T23:40:09.488059
12b376482a1ef298,Active,2025-01-07T00:03:22.387589
f08ed3fd8c149dd0,Active,2025-01-10T20:18:58.439773
363c69dc8b237410,Active,2025-04-06T11:16:00.619699
e489e92b4122929c,Active,2024-06-26T18:14:02.519280
13a22584e10249de,Active,2025-01-02T15:40:10.861631
5d5adec7038d33a2,Active,2024-12-06T22:11:56.600477
bdbfd3cbbbe141bb,Active,2025-03-20T07:59:57.361203
d2551375e2ff8502,Active,2024-08-19T01:56:09.439361
0f684db7fe37ee46,Active,2024-06-05T13:19:32.773073
d3f67b1a46f6d78d,Active,2024-11-26T23:06:35.707682
d5b5348cfe6018f4,Active,2025-01-13T15:40:22.768903
7de6f319a8159d21,Active,2024-11-09T18:18:48.818072
128bce79ead63c98,Active,2024-07-02T22:27:06.311034
22df94e03378bcda,Active,2024-07-06T16:16:20.663638
328a586b084e0986,Active,2025-01-31T08:18:04.575520
dd1c18acf74df092,Active,2024-12-06T01:14:03.619408
28d6b182509923f7,Active,2024-05-18T06:08:37.680544
3e7c0990267caae5,Active,2024-07-04T04:48:06.402045
1c6557a54c22b22c,Active,2024-12-16T22:05:05.603468
04fa4469c0ce83f5,Active,2024-06-22T19:23:05.417670
8f226da22c148bab,Active,2025-03-04T19:51:20.559969
5ca6482d03ac7961,Active,2024-07-22T16:05:40.651436
c4508c1c3e46d548,Active,2025-03-09T15:01:51.902941
78ceafa5000380fc,Active,2024-11-04T14:00:42.196170
7b244e9e3fb19f52,Active,2024-07-18T15:38:09.087804
14a9fe11d297e0f2,Active,2024-07-06T23:49:04.759061
90cac69cfc669e1d,Active,2024-07-04T23:54:10.546774
16a7e14d443cd242,Active,2025-01-01T15:46:02.124165
58e79a277114cf79,Active,2024-08-11T06:56:41.241297
fb43d8dac5f65b9f,Active,2025-01-27T02:51:07.129797
43e81932891429bf,Active,2025-02-21T03:01:49.525114
3b60ee7a97c8b6a1,Active,2024-11-06T22:09:01.878816
14eb12b72613ee0f,Active,2025-03-18T13:41:19.865551
d732217a25a3fd6c,Active,2025-04-08T09:30:08.965730
a00a2e7cc5a4ef30,Active,2024-12-18T16:50:45.171967
755e43beed403ba5,Active,2024-11-02T22:25:44.095157
e6e015cb0044821d,Active,2024-12-06T12:23:34.370968
1426f482d7111229,Active,2025-04-15T01:59:48.876495
1068616f24186102,Active,2024-11-20T08:16:04.599195
53577e784cb3d035,Active,2025-01-05T04:05:59.112961
a4ad8adecaa587a2,Active,2024-10-07T15:32:24.496203
20e83f33c0c1ec56,Active,2024-07-26T22:30:06.963137
173050730253884f,Active,2024-09-27T02:30:27.145543
1c4f2929352ba13e,Active,2024-05-03T16:05:40.214497
1ac8b0d40e564782,Active,2024-10-05T04:42:46.765282
6db888e1919bbd5e,Active,2025-04-06T17:37:16.283399
132a3dcf6f527a97,Active,2025-02-04T11:45:39.698313
30e013fa56fa93ea,Active,2024-06-11T11:24:00.390938
8018e9a6572c5386,Active,2024-06-01T04:42:12.158509
a02940977cdab7c5,Active,2024-09-02T20:33:22.557631
e826b23e419d1102,Active,2025-04-25T10:37:12.742097
428b0a0af5c3c5d6,Active,2024-12-24T19:45:05.758250
4d86f8db73f49d69,Active,2025-04-07T10:46:50.503901
cafd791eaa3e3269,Active,2024-10-25T09:30:01.274503
eed72042882d682c,Active,2024-10-05T21:24:18.585468
60678029e0095197,Active,2024-12-07T09:02:46.419240
7511e6ca52125964,Active,2024-06-09T12:23:53.857246
97ad3b75a6b0d4d0,Active,2024-05-23T16:38:52.305015
9bbffc19e1056cca,Active,2024-04-29T07:33:02.593769
8f7aec6ea2059dec,Active,2024-07-06T14:53:51.394972
a0356a76d67ef17a,Active,2025-03-30T09:15:19.628016
6d3526a30fec95f1,Active,2025-02-14T05:50:03.905833
6cbc18bd74235b6f,Active,2024-05-26T18:32:56.973202
533b4fe7aa5f5ee0,Active,2024-12-02T02:40:13.274394
ba935acecc053cb0,Active,2025-03-23T16:59:04.005883
9514ff48608dfe22,Active,2024-07-31T04:32:49.570906
8ead0c72b60ab252,Active,2024-11-15T15:34:20.868532
5a2b5ed378b29175,Active,2024-05-04T20:40:21.721574
a4ded80b8ace21bd,Active,2024-12-11T06:26:05.200696
7f86331b2aaddfe3,Active,2024-10-17T04:41:57.239649
47e3f2bb0baaff2e,Active,2024-06-07T01:36:20.775753
fab849cc8131a3ac,Active,2024-08-10T22:35:49.832741
f2123fa3fc6bb113,Active,2024-06-04T07:25:31.713381
df44c837793dd75c,Active,2024-05-19T20:01:55.355337
9bd098ec84287a37,Active,2024-07-02T08:15:00.325777
ed63660b3064c4fe,Active,2025-02-20T07:09:52.398577
a5dffbf472707954,Active,2024-11-06T21:40:16.783193
cc5286fac37effd4,Active,2025-04-16T21:06:52.957739
04fd7dbf4e3cf435,Active,2024-12-08T01:45:24.676048
22f1d0dee8773f34,Active,2024-11-23T11:50:56.912096
4ae945aae15c0670,Active,2024-09-10T15:43:19.557685
b86fd0eeec08806a,Active,2024-09-19T06:45:56.525027
3f971c4c3ae960a8,Active,2025-02-19T04:33:40.725842
58aec207c205bdea,Active,2024-05-04T10:22:23.063516
c467c80af0d292c9,Active,2025-04-11T10:13:09.708947
bef7d63a4d06d31e,Active,2025-01-24T14:03:23.474704
f9e086aca13fb3bc,Active,2025-02-18T17:32:09.906362
3d3ec342aaec4b95,Active,2024-10-20T12:48:17.810768
fc2c10e71c142f2b,Active,2024-09-17T04:14:25.738763
01a09baea27cbf22,Active,2025-04-18T20:16:21.739403
58d6433509faaed2,Active,2024-12-31T23:58:28.660656
c3f2bb9b9abe7f14,Active,2025-04-20T06:02:58.939236
af7a088469fe0c3e,Active,2024-09-07T14:21:25.932621
4bcef9cb251c43be,Active,2024-10-07T16:47:43.580655
4727498445abdda9,Active,2025-01-24T12:13:28.462601
15c703437a751659,Active,2024-08-04T13:12:07.349114
00d7d4705cf46846,Active,2024-07-10T02:50:41.175312
5de71603cb721b9b,Active,2024-05-31T10:59:30.544673
3c98a8b1f8c75c03,Active,2024-08-25T06:39:37.908992
b081d152079454ea,Active,2024-12-16T10:18:30.719725
9aa0ba4fd213345e,Active,2024-10-09T11:29:32.276395
fd1a6ff63d1aa83a,Active,2024-07-28T16:53:44.829196
4dcb00494f90aaf1,Closed,2024-07-17T00:58:35.824809
24d3663bb27025e8,Active,2024-07-21T17:29:20.301890
7f51b3d24b356959,Active,2025-03-10T02:27:20.574439
5c2d8067009dff98,Active,2024-10-23T04:25:53.411014
f884f7d05680ef10,Active,2025-01-24T02:03:23.637630
51736986cf01dc05,Active,2025-01-10T18:36:58.940043
52e911aab5013cd7,Active,2024-11-30T22:13:19.586345
79645f1ca5de9f73,Closed,2024-11-22T21:18:56.242149
c4b156ab22b95c7a,Active,2025-01-15T10:55:20.665511
2ed47af5ed6d40df,Active,2024-08-08T13:23:33.623065
0f67cef2f81c884f,Active,2024-11-30T13:59:59.841293
3170c25d2eabbb9d,Active,2024-05-22T01:25:17.451866
7b0ccaad2d4ad758,Active,2024-05-30T20:33:18.580044
95b71f0d298a427a,Active,2024-06-20T19:36:55.168144
af4dd5810216b3f0,Active,2025-01-20T08:39:38.575137
8e45de0dcc43583e,Active,2024-10-23T23:13:21.361662
15cc1f4e5464eb0b,Active,2024-08-06T18:41:02.784618
f0960191b024cc34,Active,2025-01-14T23:42:21.691206
cee0fc51d13bf71c,Active,2024-10-20T03:30:17.158937
3a32e2b8339795cf,Active,2024-04-30T06:13:35.859480
981d1040519502e1,Active,2024-09-09T23:46:38.016033
a5c03c3d6924619f,Active,2025-01-20T23:54:46.539852
fe201c2ea52874dd,Active,2024-07-27T19:50:17.783921
b5287cf9f75feeb8,Active,2024-05-28T06:37:21.784668
d93498707e8594ee,Active,2024-07-18T08:23:32.541516
1330fb756b6834d8,Active,2024-06-12T09:50:10.259382
5213307ea748f16f,Active,2024-12-24T23:06:15.762964
6accc781f8661188,Active,2024-09-07T23:04:18.196207
1e5174c895cc21d3,Active,2024-05-11T08:11:29.440551
f27f868d8ea8bacb,Active,2024-07-17T12:33:16.355574
389688b63cf511c1,Active,2024-06-28T22:15:29.500833
768f36f0b9581d07,Active,2024-06-13T03:40:59.079220
74031a17ca5139f9,Active,2025-04-17T19:06:34.516830
022bd7d422ea8b62,Active,2024-10-05T02:56:38.967350
e50ce239b565b72b,Suspended,2024-09-13T23:28:33.709254
d3f9cb641b804230,Active,2024-09-15T00:01:59.141793
55424519f8314d4e,Active,2024-07-29T06:08:16.884785
74d897d06045974b,Active,2024-10-19T15:24:23.150096
02991e5e327f8542,Active,2024-11-14T03:41:38.293077
6da5b980e9f3dec3,Active,2025-03-02T12:09:54.426541
ef60571f7e6d374b,Active,2024-06-24T04:24:44.507954
2f64b231371e92a3,Active,2024-04-29T08:45:11.263616
9c8b3360dde20e37,Active,2024-05-24T07:14:08.895242
33f2c7cc87f3e914,Active,2024-12-05T09:05:40.583623
6f38ee0ab6f28bbd,Active,2024-11-23T22:24:37.194106
6415700bc6805f5c,Active,2025-01-07T22:55:02.426624
0ceb8657802b93de,Active,2024-10-03T02:32:33.908579
e74c9233a1f74632,Active,2024-12-02T01:30:19.870329
08a8f441645560fa,Active,2025-04-28T09:43:19.424822
8bb432e5a16ff5ad,Active,2024-05-22T20:18:14.215902
32afc3619f46add9,Active,2025-01-17T03:06:06.136796
c3e04bebb62c1242,Active,2024-11-30T17:20:27.006047
0a9cd7c35d825faa,Active,2024-10-05T09:32:01.749959
510efdace45de48a,Active,2024-11-05T23:47:42.156493
e93d37e4d49a89f6,Active,2025-04-01T23:33:09.755545
921362e5ce8c9340,Active,2024-05-23T23:19:33.919153
584cbfda212eebea,Active,2025-03-18T01:35:48.278793
20c6f2a2fbf5d17f,Active,2025-04-24T19:00:59.689843
8a7b84c9f3a9f0da,Active,2024-12-14T18:41:26.981807
c48c0c0df7506993,Active,2025-03-31T09:49:18.921088
8866445c859b3a3a,Active,2024-10-24T10:06:14.989029
e2d2f1e16a86ce44,Active,2025-02-06T16:57:58.971335
dedbc9b5fc1bb096,Active,2024-10-07T03:51:31.833277
78af180b0f4a0302,Active,2024-07-09T05:11:39.575032
2a3dd256d9bec8af,Active,2024-06-26T17:03:04.280920
ce63a8963a6c3ea0,Active,2024-12-03T18:09:19.239690
e5f10867d051ed07,Active,2024-12-27T14:57:29.278146
bc7660383fb9c343,Active,2025-02-06T10:13:33.549650
7ba127b3e176afbc,Active,2024-05-10T23:19:22.594493
e0d43552a17ce896,Active,2024-12-05T18:42:52.974277
d019434e7bdbf36c,Active,2024-12-18T22:00:54.550452
34729ec2183b5b13,Active,2024-05-20T05:45:35.489218
4610a2664a5b7e82,Active,2024-11-07T09:58:48.823258
c31568af3ab1c71d,Active,2024-11-11T12:25:03.739936
1c45787c292c4ede,Active,2024-11-04T07:27:11.135405
f10ced1904772a3e,Active,2024-09-28T15:09:56.818941
1356f8c2b2ffe672,Active,2025-01-20T05:08:55.174113
ee46b46af2c0e42d,Active,2024-05-08T02:50:55.285834
5985604617c9657f,Active,2025-03-14T01:56:33.062971
8c98795feafab91b,Active,2024-06-28T11:07:48.979209
dcd3b7df892e677a,Active,2024-12-25T04:29:40.937479
f2501072e1a7ac2e,Closed,2024-09-09T13:34:07.645756
b148bcfdf20211a2,Active,2025-01-26T01:17:41.914168
c88173b30a9d9a1a,Active,2024-09-27T22:01:49.136190
6b5611084be14eff,Active,2024-06-07T20:00:36.777057
324dffa71610d180,Active,2024-08-22T22:19:54.057579
29c867aa478fdd42,Active,2025-04-26T07:57:37.969961
eeaa647b21f24cd3,Active,2025-04-06T22:19:38.441187
07822ca5a0e199d1,Active,2024-07-12T13:55:10.432553
00f812735c7b4e8f,Active,2024-11-17T13:58:47.280358
05339786aec3566d,Active,2024-12-25T13:19:52.172754
11dfe355100d06bc,Active,2025-02-19T06:48:38.688031
bc40c89bdbf336d4,Active,2024-10-02T01:17:35.370305
bf7c90cd703afa17,Active,2024-09-18T00:39:11.842284
0f383be5f782c46b,Active,2025-02-15T20:38:08.880949
d85de173e13a431c,Active,2024-08-19T01:11:12.694722
ede24dbfb437da8b,Active,2024-08-30T02:36:40.327519
6ab81f83cdddbbda,Active,2024-10-19T18:26:14.796503
9bcd972c2172aaeb,Active,2024-06-25T22:41:55.547629
3270fca0de2b2fd3,Active,2025-01-30T11:23:09.434052
d720229410dd04d1,Active,2024-10-24T04:34:26.864255
bb12a94d3687ee31,Active,2024-05-05T18:06:17.382147
04b19c6bede63fb0,Active,2024-09-01T17:29:52.097084
3b31d67fc4b14b5e,Active,2024-08-31T20:42:20.900177
ae674f603ed4ce43,Active,2025-01-14T13:19:35.445428
e0e929e02e24c820,Active,2024-05-21T13:35:43.624084
476babaeb38307ef,Active,2024-07-16T00:43:41.009009
128c98aa6dad89b2,Active,2024-09-01T04:07:05.659748
4f8d543c14a22243,Active,2024-10-23T20:50:08.392865
7f0a40d687cf8ce8,Active,2024-09-10T04:06:49.265604
af27da1026e1dc5e,Active,2024-10-26T12:45:57.113763
7525fd021fd8be5c,Active,2024-12-26T22:50:15.500206
e1d382c2112caac9,Active,2024-08-07T16:56:38.191756
2dc462ba1384cdd3,Active,2024-07-06T21:54:50.096858
b91b5a41a977c0aa,Active,2024-05-21T00:48:17.990015
ad5a18e776416ad8,Active,2025-03-03T01:00:53.402292
ba8068fb334aa303,Active,2024-10-25T06:57:19.207110
e695ee6679c9ad12,Active,2025-03-15T15:11:08.082999
73d1371a3e6ae169,Active,2024-07-19T02:08:09.853431
1f172ee8a94d322c,Active,2024-11-26T02:57:14.683532
35c7343021901462,Active,2024-05-31T15:12:09.776220
47b8fd7529982527,Active,2025-01-16T11:51:50.808865
fc97cd6c72f8ab9e,Active,2025-02-14T00:48:57.809227
153378cacb847eb3,Active,2024-05-13T17:59:26.409762
e43a11329e9b3bac,Active,2025-01-31T18:33:26.428178
20a258f7f437903d,Active,2024-12-05T11:10:58.601839
b27b1417c0c62cf6,Active,2024-12-17T12:34:20.481839
3ecf2dcc92d1f3d2,Active,2025-01-02T10:16:39.498787
932120c2aa7b8905,Active,2025-02-03T07:36:03.337734
1b38b843151c5b52,Closed,2024-08-31T10:32:11.037262
9180537ca1181a13,Active,2024-08-01T00:14:08.546981
5f7986825e4c2c70,Active,2024-08-15T12:32:27.559152
8a869458e34716b0,Closed,2024-06-29T09:16:29.780442
02a0ce7cf24bdaad,Active,2024-12-24T18:09:48.086454
2d81889eed556c95,Active,2025-01-11T01:36:27.477480
09112a84d69aee62,Active,2024-06-29T06:04:47.485869
ad8320a1758f4db6,Active,2024-06-02T21:52:40.522291
b93c640dcde6482c,Active,2024-06-06T23:24:51.869962
70ddcf86d7e4e9d7,Active,2025-04-27T11:00:35.634356
42b952f39b9f3e79,Active,2024-12-06T20:24:24.442475
35607c50018e89b2,Active,2024-10-10T14:29:14.553656
35024d41b8a1bcc0,Active,2025-02-13T12:49:54.903846
48d150880e2ce804,Active,2024-07-11T19:18:02.680712
887da5c6bc9d2c19,Active,2025-03-30T03:31:20.587390
b0d577461a736223,Active,2024-12-16T18:26:53.680793
6f98bbeef1b97abd,Active,2024-11-11T02:29:35.304040
c2db6f5a8fc0e2d1,Active,2024-08-26T15:13:13.744558
89e296b6b38be14f,Active,2025-02-22T13:49:23.641027
7b4ba539dcff396d,Active,2025-03-10T18:44:51.494495
1f7c0227975a308c,Active,2024-08-27T02:06:45.806390
e3534c5c63f11cf7,Active,2024-12-14T04:22:02.794232
b7e74405a0eb1745,Active,2024-09-13T17:24:42.366923
726d566d407031c1,Active,2024-08-26T09:39:06.336789
e59ef819153348d7,Active,2024-12-21T12:08:50.335907
7db550b926b49e30,Active,2025-02-01T02:04:53.557380
de95e97c8964feb4,Active,2024-08-25T11:07:44.329248
4f555f24ba8cb602,Active,2024-08-30T19:06:32.063869
c2c61331c510f31a,Active,2024-06-18T15:32:42.951718
bd50fd51ab21d727,Active,2024-11-03T01:17:06.928122
ccd957aa54308ba7,Active,2024-06-21T12:31:39.758379
592795b1c18ee368,Active,2024-06-17T11:48:32.120698
d5da74e9bf00d610,Active,2024-06-03T16:34:43.009574
cfef8bb2b02ec6dc,Active,2025-02-13T06:37:59.809480
213a4c53f2e31214,Active,2024-09-09T09:35:24.560925
74cdea8ee4263e8c,Active,2024-08-04T14:37:47.605997
b85f394b1d1a185a,Active,2025-03-15T21:14:46.299938
d300968429829687,Active,2025-02-25T17:25:48.763411
7e2d5300c7bd1087,Active,2025-02-15T12:07:59.613666
43f2a9eddc22a199,Active,2025-03-23T03:57:06.703474
3101c0f8712f56eb,Active,2025-01-21T14:58:04.565356
c44ef2bd64de599c,Active,2025-01-17T02:44:55.372689
e54d86a4fa4fb652,Active,2024-07-23T17:58:29.200081
1167849963fcdc9a,Active,2024-05-24T23:31:42.277246
51f3ef8165cb0a7f,Closed,2024-06-15T17:57:54.036697
51b9d0f00843343c,Active,2024-07-11T04:06:53.141975
ce6b2a5a84655f75,Active,2025-01-13T13:44:28.894077
30ffe3a3c226f088,Active,2024-10-17T07:41:45.618277
ab6f187c0b6fdece,Active,2025-01-25T21:04:56.057507
b7e64558a1e80efe,Active,2025-03-17T09:18:02.458951
8afff131bad3bf8f,Active,2024-10-26T15:01:35.282467
7c573b5ef0b78381,Active,2024-09-06T06:20:33.445726
4f9c0a50ed5fc870,Active,2024-11-27T08:32:31.903855
ca85a92c95c11c2d,Active,2025-03-28T05:30:44.306519
581dff409703f2e5,Active,2024-05-25T12:33:45.554934
20a1383b8c998317,Active,2024-12-06T15:36:29.038713
7a572bbadca9732c,Active,2024-10-15T02:20:02.517991
48f1ac5adadbbc48,Active,2024-07-13T17:03:41.945680
e73c0390c5e30075,Active,2024-07-09T12:46:52.841658
348da36cd503e262,Active,2025-02-07T19:57:26.668091
33ec5a5d69f7f9b5,Active,2024-09-13T03:44:04.862337
8a3dec00fd85faba,Active,2024-08-16T08:41:04.926008
73ea5c9ed424b422,Active,2024-10-06T19:23:43.999639
18055e4bc98b14b8,Active,2025-02-09T03:17:00.953765
a9a04c20820dd728,Active,2024-07-18T13:30:43.722348
95465f02eb4fa6e0,Active,2024-11-08T23:32:36.384466
64dac427ac85fd6b,Active,2024-05-07T21:57:56.195334
7fdbbe13dab04a2f,Active,2025-04-12T05:46:06.137578
56bec02a6c512ab1,Active,2024-06-25T21:00:18.948857
803e57ae72a9af97,Active,2024-11-17T22:16:35.548811
1f3a23482436e12c,Active,2024-08-06T14:32:23.184753
770add4a076f7402,Active,2025-01-18T00:04:03.466490
dac74b2108a6b7b5,Active,2024-05-18T14:34:10.181773
fc6cf8422d29f6fb,Active,2024-11-11T18:27:52.381977
b55deb62230cfef1,Active,2025-04-12T19:50:05.480452
161f8756d67f1262,Active,2024-11-06T00:08:57.443283
960bae926cd48f7d,Active,2024-09-18T17:41:01.326740
b69174419f0f0fdb,Active,2025-01-22T02:18:02.258175
743c3c21d045418c,Active,2024-05-02T08:01:23.520260
8f297c2b9a472c4b,Active,2025-01-01T21:55:50.605065
0e5b86be6e99bf89,Active,2025-03-08T07:02:54.428625
b13cd38cb6a5ce5e,Active,2024-10-31T15:36:43.667126
8640505db0520eb3,Active,2024-07-24T11:12:30.903438
2301f7ee84373adc,Active,2024-05-23T22:45:29.024867
00ccbbf381874b06,Active,2024-10-23T03:26:58.818119
572ca47fd91864d3,Suspended,2024-08-06T14:34:57.488870
54adb287cc14273b,Active,2024-07-30T14:42:41.225366
678df25515886e5d,Active,2025-03-08T21:27:11.210502
f9eb17b9b4f57a7b,Active,2024-09-13T05:48:18.529197
04969eb61aafac0f,Active,2024-09-12T21:01:23.986732
7d9f57f30d609375,Active,2025-03-04T10:56:11.539772
b8fcbcac581ddf43,Active,2025-04-25T20:07:01.999503
2d5c9912df87c1df,Active,2025-04-22T05:47:03.922895
327418727f6949b5,Active,2024-08-15T03:05:49.384939
d31097b624cfd1e5,Active,2024-05-23T16:32:12.592165
d4f0b9e7cdc5dadb,Active,2024-10-18T06:17:14.899511
d2cb8aa774222d65,Active,2025-01-04T02:30:41.460167
dd727fe20ec1ab75,Active,2024-08-14T21:41:01.321512
c01e5ff4e0e972fc,Active,2024-12-22T00:10:12.097983
519b8b22b002e749,Active,2024-06-28T04:29:41.841757
879ee98ed5981e95,Active,2025-01-24T17:30:42.048074
799e46a88e316ec2,Active,2024-10-08T05:54:10.797779
51eb36fb39bf8a5a,Active,2025-04-08T20:38:06.822157
28f499eae46827bf,Active,2024-07-07T10:16:47.661312
4222709602a414b2,Active,2024-06-03T14:25:17.476644
b54801895576ac84,Active,2024-09-20T23:25:33.642989
22256fc797787c82,Active,2024-08-02T22:56:20.925898
bec6123f75b3fdf5,Active,2024-07-12T00:45:06.371536
c27236de29d80f44,Active,2024-05-02T02:46:51.707471
929d7677e13e7376,Active,2025-02-16T17:04:03.079920
2bb6e4d76cd934c6,Active,2025-02-19T16:51:39.952321
359c8a720749e35a,Active,2025-04-13T20:55:33.648603
33337fbd8e7d94c0,Active,2025-02-07T14:44:44.562537
471d7dddb02eee6e,Active,2024-05-19T07:25:25.813927
1f077291ef96213a,Active,2024-07-22T21:48:29.623567
5d06051c3c013590,Active,2024-08-24T12:41:02.311520
f81e568d76176ba0,Active,2024-11-16T23:29:48.680772
0a34fff2b793c8b7,Active,2025-03-04T09:52:27.575732
2a48cb4bad823f5d,Active,2025-02-28T23:11:39.073333
75d95ccb704fb054,Active,2024-09-14T12:37:39.788823
b866c134357585a4,Active,2024-10-11T12:33:48.694951
48cced4f4edb6cd8,Active,2024-10-13T09:15:00.211858
98d5480f62ee056e,Active,2024-08-25T08:46:35.286636
d39f2401c988c36b,Active,2024-09-23T16:23:12.966707
e45811c76cf31fc5,Active,2024-08-21T23:17:34.102820
719902d2be31e1e0,Active,2024-11-20T07:02:21.969060
78435c15d6bfac33,Active,2024-10-18T18:09:39.729862
1ada641cfa9b0474,Active,2024-07-05T07:50:47.659881
e7a583c5a82c7e92,Active,2025-04-10T15:31:05.832319
63033dda6bafba1b,Active,2025-02-09T07:56:12.030710
7eded52e07d11f0d,Active,2025-02-16T07:38:36.961581
e8223801d86aff99,Active,2025-01-04T00:56:36.319961
d4077a9a565606c2,Active,2024-07-15T23:19:41.390807
12398c3098261a0b,Active,2025-04-15T00:41:38.124107
ff828c4deb383c70,Active,2025-01-20T01:42:28.241471
ba7c63dc284b0416,Active,2024-04-29T03:28:38.015534
9b43ffc10746bb84,Active,2024-09-03T19:13:21.090482
ca7238deae815723,Active,2024-10-20T03:22:39.397262
6a1aca8ad17e038d,Active,2024-05-18T02:58:33.344321
3b8e46949633e873,Active,2024-05-12T18:55:21.724911
c92bca5ed918a147,Active,2025-01-08T21:02:57.735848
e38d8973921c2c9b,Active,2024-12-21T09:41:53.459183
640ed0f72c96ae83,Active,2024-05-29T08:54:43.590364
4bcb89d74d222c7f,Active,2025-02-05T12:44:03.400761
7f900d67b3a5ac42,Suspended,2024-11-01T03:24:52.920409
4bed35c299a36281,Suspended,2024-05-08T15:46:05.035483
90031887d9822c5f,Closed,2024-10-05T19:59:00.450384
bb2c39aa16a7a73a,Active,2024-06-30T19:37:43.516458
22a4584a714f80b4,Active,2025-01-16T10:54:48.096921
57cd76c6f4175140,Active,2024-05-27T13:51:09.332924
1dfe4a1dcde898ea,Active,2025-01-29T00:27:15.151835
90c4c9b6ebd777f1,Active,2025-03-02T16:01:20.200426
e2d23da95a91b6d0,Active,2024-08-06T06:50:17.439661
aed01c4e290db0ba,Active,2024-07-31T10:02:31.383056
542124129bffba30,Active,2025-04-01T01:39:58.636552
4a7690041d1c4999,Active,2025-01-03T12:52:50.665104
e3a9489e1db2c53f,Active,2024-09-18T17:54:29.644948
e8628b07bf4ed3d5,Active,2025-02-12T09:59:37.665174
f646ed40ed9b2f6d,Active,2024-05-08T13:22:17.271457
e98d332930b342c4,Active,2024-12-22T17:04:40.212965
2e9c1272f7c5eb94,Active,2025-03-03T12:35:47.451964
453f09d6389afec1,Active,2024-05-18T11:46:30.357041
0110090d8f34631b,Active,2024-12-29T04:45:32.033650
753e5c80d007b491,Active,2024-11-15T09:16:13.872392
f4cb722f7b3c52a0,Active,2024-05-02T00:28:33.146466
65506f3032b9968e,Active,2025-03-15T20:02:13.075855
0dcb3992acfb9fb3,Active,2025-02-24T06:18:49.349813
af4c5c1882063df4,Active,2024-11-16T21:29:38.469000
e67833bf91ba3553,Active,2024-07-31T13:14:58.334439
384bd7c0e45bcd0c,Active,2024-05-17T22:08:14.441548
47ad2bbf47a9f92b,Active,2024-07-16T22:45:15.788393
e8c86cf9dead131a,Active,2025-01-24T04:40:08.104595
866e6db262790b29,Active,2025-03-21T09:50:37.627958
b28ed498ef1c03b8,Active,2024-10-10T18:28:21.800106
f1bb3b4ebbd85329,Active,2024-12-24T00:03:05.702043
25ce9161f39b8858,Active,2024-12-21T18:28:25.850506
5a4f04097d156c7f,Active,2024-10-30T00:15:22.434219
3a847fdee9bb12de,Active,2024-08-11T19:32:01.012830
3240b7295070ddf8,Active,2024-12-28T06:19:42.416625
0c56bf686b7c873f,Active,2024-09-25T06:29:12.551686
0a610087373a09f7,Active,2024-08-27T09:03:34.665941
427ac75e9022f369,Active,2024-09-25T07:29:46.122266
4ce45fc1d4a6637a,Active,2025-04-04T20:25:52.308464
cb39f4599bf4532e,Active,2025-02-08T06:10:58.660515
97e81ce77bff0e63,Active,2025-01-04T16:25:37.797366
24868341abd5b615,Active,2024-08-03T22:35:12.458050
0620afa1c449985f,Closed,2024-06-27T18:25:29.732038
2041ac845fae6ec9,Active,2024-06-28T20:36:20.779852
e188c25a91777c56,Active,2025-01-19T03:30:44.195268
d164a110bfc01821,Active,2024-10-03T17:47:55.397881
3a2749f193fdb313,Active,2024-09-07T10:17:56.212354
2e8a412ccdb6ff88,Active,2024-07-23T16:52:12.238659
584032d9d2487ec6,Active,2024-12-02T09:51:44.283429
5883830b01414f83,Active,2025-04-17T23:46:38.438518
e09f0ac1dc78ecad,Active,2024-06-05T20:49:41.985890
cb619332338b53cc,Active,2025-01-11T21:07:18.885272
d999f72817014175,Active,2025-04-20T13:45:10.005482
bb434840e1d56911,Suspended,2025-02-23T23:57:49.018625
fed95a465019f2bc,Active,2024-05-22T01:55:33.193388
2c6871cdd659da47,Active,2024-06-25T17:04:07.368639
f0f98259d08cf330,Active,2024-06-25T19:05:26.125079
ed36e2e10f03a72b,Active,2025-02-22T20:15:01.426649
0c8a99f79d6f468c,Active,2024-06-12T22:37:48.264787
32d0b68a846eeab2,Active,2024-07-19T05:26:02.568641
e80c1dc903740650,Active,2025-02-14T10:05:30.702260
0a3187c48b01239d,Active,2024-10-14T08:05:18.828362
5372f6a81137fcc1,Active,2024-07-02T08:50:50.090161
0d2c205028576aa0,Active,2024-08-11T23:53:18.840039
bb55efe8aebdc0f8,Active,2024-10-20T06:29:57.125069
91e3a06c41d50d75,Active,2024-10-31T09:42:16.863834
d658a8c7d6351445,Active,2024-09-09T18:35:57.968933
4da2d7ecbb14a10b,Active,2025-03-20T01:01:10.171726
236fdc18363db1a2,Active,2025-04-13T10:59:49.433113
72ba181fe54968c8,Active,2024-09-07T05:10:15.354963
9f042671f5586a50,Active,2024-12-06T13:39:49.642310
275d76f481d2699f,Active,2024-12-26T20:28:55.126443
52e401032c9bf5a7,Active,2024-12-14T09:24:36.087420
6da90f3195ae94c1,Active,2024-05-24T02:10:06.125108
ee2eb78f774f6da8,Active,2025-04-15T12:09:37.566535
533863d62ff4bdc5,Active,2024-12-27T06:14:34.452078
7e63e05008f704ae,Active,2024-07-31T02:02:03.739294
104d8351c7616422,Active,2025-03-12T04:13:32.377734
77c37022c6ed591a,Active,2024-05-18T21:29:28.112938
03f17eca18a3caf9,Active,2024-12-21T14:04:39.796599
3b61ae18333d0ade,Active,2024-10-06T13:10:25.502855
4e4dac38122ad08f,Active,2025-04-03T02:29:06.751101
2f5b5f1b51a2ded9,Closed,2024-09-12T09:37:05.208398
dd82f708116f9ae5,Active,2024-06-18T23:39:26.818498
a3993c37ae41da1e,Active,2024-07-26T16:06:46.832523
5c5b73e72ce2e4bc,Active,2024-08-07T01:42:22.929066
19de94eacf78d536,Active,2025-03-23T06:27:12.144482
10e3107caf59f0cf,Active,2024-05-29T05:08:10.263458
a8dbe706c157f150,Active,2024-07-03T22:39:32.537022
ce787f346d2afa5b,Active,2025-03-20T03:30:09.340603
8911cfd8c4c15024,Active,2024-08-01T10:56:26.454873
06e36555db368aa0,Active,2024-05-20T14:53:40.296330
0c0bdb167d875295,Active,2024-08-08T20:40:50.778170
4cb57ef03fcb269d,Active,2024-11-18T00:43:05.444302
a8c08126de292a0f,Active,2024-11-23T18:56:09.680529
e1f37b70f4e338a8,Active,2024-11-08T08:04:10.020713
b3f0428c89c39aec,Active,2024-08-02T08:10:12.292926
ff24a94249e33b38,Active,2024-12-20T16:56:02.663285
8a54de79d5b11bcb,Active,2025-03-22T20:21:17.627436
1612ab9df9d034c5,Active,2024-08-20T15:48:57.800702
04ff0aec0dba7e9a,Active,2025-03-06T01:25:07.303554
d6e05c6a4ced072f,Active,2025-03-28T21:24:43.570874
55cb43f8cfcdf91d,Active,2025-04-28T12:39:32.570091
81277359315b8ffe,Active,2024-08-15T04:07:32.887162
843e63c86568f1b5,Active,2024-12-26T22:06:13.696781
1e2a5ded91f74d63,Active,2024-11-05T15:42:25.619579
097af5405302d52b,Active,2024-06-18T00:59:36.953727
ecd454690ded3239,Active,2024-12-06T06:59:57.035507
770ef53d2bfc9abd,Active,2025-01-20T12:57:32.922311
432b19a09d1749e0,Active,2024-05-11T13:05:45.898500
c39c677fe16fbaed,Active,2024-08-07T10:04:04.140988
14e65b2f99f19c63,Active,2024-07-30T16:16:28.713754
ee233534c02aaf6d,Active,2024-11-07T22:22:42.865590
415d5cd2cfb12adf,Active,2025-04-18T08:06:21.085019
b7cfc2d49c790329,Active,2025-01-05T08:07:45.938371
cb64a9e7bfd0e4f0,Active,2025-04-08T02:31:06.080874
a3c15be548b5d283,Active,2024-10-28T01:14:11.971334
45943616a4db3fcc,Active,2024-08-24T14:03:10.908838
47d7c4ab8e0dcf0f,Suspended,2025-03-03T09:09:28.734969
44c2acea4c8559cb,Active,2024-07-11T19:11:55.205817
b380f761a56275a4,Active,2024-07-29T14:54:53.911205
fd126428d6adb5fe,Active,2024-12-18T08:31:16.993708
933577a3d6ba4e50,Active,2025-04-18T09:35:48.462453
617c219cd280f157,Active,2024-06-04T23:13:56.654820
fd2bf59bea0ae31a,Active,2024-11-04T08:06:47.969275
fffd44b1c617d453,Active,2025-01-06T19:04:26.818723
ce4dd2ebe9a479cf,Active,2024-11-18T12:25:05.755251
3cf79a54c5651a1f,Active,2024-08-06T04:36:14.248803
34919a79942478c5,Active,2024-10-23T04:05:59.635120
fc741becd8b22aaa,Active,2024-06-15T05:44:12.703691
dbff1f498b32342f,Active,2024-05-20T14:57:56.007064
f34a0c6b2b1d7aa0,Active,2025-01-06T01:18:43.174791
84180956810eeb71,Active,2025-03-11T03:02:27.640152
dc1d881c6cd2e222,Active,2025-03-04T00:36:28.605495
c8a48a53343d3e46,Active,2025-03-06T12:57:26.811013
7308c7bfdf5e4274,Active,2025-04-05T12:12:14.486182
dbf5ec01a95a4a1f,Suspended,2024-11-22T13:29:09.239032
8857c3154ba574df,Active,2024-08-14T06:27:46.678248
b078013e729fc9c2,Active,2025-04-19T13:03:38.590290
4f9effaf23099fdb,Active,2024-10-28T16:26:46.095164
6578b996fe6a4507,Active,2024-06-20T22:42:09.324352
4a0ee6ab33a83fd0,Active,2025-03-20T11:44:29.342803
367370c78358fade,Active,2024-08-28T08:53:20.942171
c73ebba3531ea89c,Active,2024-10-31T08:32:24.632202
2e626e7526982c2f,Active,2024-07-15T09:25:45.418271
19a16473d1faf178,Active,2025-02-15T05:44:44.449165
b2ed12554da01ca1,Active,2024-12-17T06:39:21.290924
ccad3f2583f9b2b3,Closed,2024-09-12T14:57:50.663316
6b1a671f587d8d7f,Active,2025-04-21T16:20:55.596261
d01a4c631019d90e,Active,2024-04-28T19:29:07.720007
945749cd7e2479c0,Active,2025-01-06T16:06:42.484803
ecb7ce9d9667ca0e,Active,2024-06-18T18:38:48.889804
c5b86f5d964367aa,Active,2024-12-28T22:39:56.991954
86fc2083c359b7b0,Suspended,2024-06-14T07:14:58.381648
031596edc656f9fb,Active,2024-10-01T04:16:17.390300
b1cb37c0354b0b02,Active,2024-06-08T13:01:56.634378
fee7b0079b30e441,Active,2024-11-24T14:05:09.765446
c667749d3d4a8434,Active,2025-04-27T08:16:06.936284
5c8111bc86bf16c6,Active,2025-02-01T03:53:47.662183
54acc46f5a7d2a94,Active,2025-04-16T09:33:22.812677
11bf0dd3dc644aac,Active,2024-07-18T22:14:06.938456
b7254d719c8849bf,Active,2024-11-19T16:27:49.263232
0734fe557aeb9bbf,Active,2024-08-26T21:02:01.610802
0a223425746e83cc,Active,2024-09-10T16:23:45.518078
e04fccef3b6003a1,Active,2024-06-25T12:39:23.644115
7bb9259c2c031e0f,Active,2025-01-20T19:21:39.404907
a608cc8e8588e7b0,Active,2024-12-24T07:02:55.076021
d17028ac8192c81b,Active,2025-03-25T01:07:00.970280
b9031f0584342186,Active,2024-11-02T17:57:03.017793
626e11561bb076b2,Active,2024-11-13T13:22:52.598114
6a97c27c7b04e78b,Active,2024-08-12T01:13:39.940744
349542d2039ff8b2,Active,2024-05-12T03:51:05.787465
b601c095a8877e55,Active,2025-01-17T03:23:31.496714
3ff6e71f36e750fd,Active,2024-11-06T08:55:37.547955
1ac96035ba9bf5ef,Active,2025-02-09T11:56:06.043557
e3f0a656720c7a3c,Active,2024-09-08T16:58:02.892244
87c77a7ac55c9df0,Active,2024-04-29T02:36:32.815997
4c6aa80b9184707d,Suspended,2025-02-14T18:09:39.358309
4cfad6895cb2c756,Active,2025-03-10T08:59:25.705220
f225d4afbc4d03ff,Active,2025-03-19T06:54:35.421368
aaff3c4c3ffe10ba,Active,2024-07-02T12:45:10.275934
38307eaeb159f525,Active,2025-03-25T00:11:13.971865
004bd9196786124d,Active,2025-04-10T17:36:34.905856
4e876556677e5e65,Active,2024-08-23T05:23:10.221752
36e84d852c3b99c2,Active,2024-06-17T23:46:56.197045
cf6bbe14eb6c7785,Active,2024-06-17T01:55:11.057409
ec7993a9b01de274,Active,2025-02-07T23:57:27.439919
75dfc03a5f59886e,Active,2024-10-15T05:49:33.833721
7a06a25539ac5415,Active,2024-11-03T02:52:56.409547
d54b550273c02b55,Active,2024-12-21T04:34:33.585453
d849016b5bdcc293,Active,2024-05-09T01:31:49.804764
277f7264e4fc7bc6,Active,2024-10-08T13:16:17.339199
2dbc12c3905591fb,Active,2024-07-10T06:29:34.073016
c90f52cd51bc40f3,Active,2025-02-06T10:33:29.147910
fd7b2d9aed53b9ef,Active,2024-10-21T11:34:13.821999
660f0bb85290b62a,Active,2025-04-14T12:24:40.110846
deda00be6f5daa6c,Active,2025-01-28T23:42:19.998320
6fdbdac72adda92e,Active,2024-06-23T04:04:29.378259
181bd11fce1a5796,Active,2024-08-17T15:59:12.322198
6c807ef44c87a1fc,Active,2025-01-10T17:16:42.873912
25b04dce9da6f4c7,Active,2024-05-07T00:27:57.646864
59c7962a335d41f5,Closed,2025-04-26T23:21:48.374597
ea0ab0fd333c6aed,Active,2025-04-18T23:12:20.229341
9b357a47fab4eac6,Active,2024-05-29T19:11:38.353812
45556f5bd7f8f101,Active,2024-09-14T20:27:14.264980
330fede2ad939457,Active,2025-04-09T22:05:15.203664
077e8e5932b4b105,Active,2024-10-03T02:37:26.591068
bc4f9d8ac1644d91,Active,2024-12-17T19:22:20.549097
2fd16a0a560ab870,Active,2024-11-19T03:43:13.718455
44b7bfd92971635c,Active,2024-12-17T18:46:52.579886
ad9d501809257280,Active,2024-06-28T00:24:02.803090
16b7ec84d676fe57,Active,2025-01-10T05:32:57.020242
de28096d1b4cf521,Active,2024-09-05T16:34:22.445060
aa6c917e0431a6e4,Active,2024-05-25T21:19:32.731932
b6b02297c621f9aa,Active,2024-12-30T06:39:44.280517
20022e2ecf47a6e7,Active,2024-11-24T10:07:32.719195
cc4236adbf71aa7c,Active,2024-09-08T01:41:48.455278
12010a11ce07f9b1,Active,2024-05-11T06:35:17.480309
e71f5f31a6f080b3,Active,2024-09-04T18:59:15.245857
d8247a14e5f96b6a,Active,2024-11-02T05:49:11.647976
76ee76a0ea262579,Active,2024-07-02T15:11:23.522326
9a3b59c0df149063,Active,2025-02-28T19:34:26.853318
1b8645c28a65ebbf,Active,2024-09-20T03:52:37.771427
ea1bd120964c2906,Active,2024-07-29T02:05:17.636521
1853d2b73c7bf7a0,Active,2024-05-28T13:07:13.266887
db05548df2a0365b,Active,2025-02-14T03:26:52.990339
70167c4d69120634,Active,2024-12-16T07:39:50.576730
e884e1325dd30651,Active,2024-08-19T00:49:40.702174
8ddfc39788f996a6,Active,2025-02-06T04:55:08.521424
cb74e67d5f567d4d,Active,2024-07-21T01:42:49.848248
213c9dc929631460,Closed,2024-08-29T14:57:58.258483
0011a97d1d615263,Active,2024-11-11T20:13:07.516218
4a5569a05e5e1082,Active,2025-01-16T21:55:34.016165
9a494dbbadea95bc,Active,2024-05-18T01:02:02.900444
3a8f3abbedfaeff4,Active,2025-02-02T18:31:01.585655
fc244244a7691a24,Active,2024-06-18T06:48:00.174298
2d22fc5418dfd3c0,Active,2025-01-26T00:34:49.207133
a2feb9f7e21dffc3,Active,2024-10-19T17:19:57.504006
a5f627b87af01e7f,Active,2024-05-26T23:25:20.372572
9747cda97f059b4a,Active,2024-05-27T16:53:00.800673
fe5a2814fbd82364,Active,2024-10-27T23:32:58.149058
266c61b49fa0684e,Active,2024-12-20T20:57:24.804458
42b7fff4b47f5860,Active,2024-08-25T11:57:14.504867
c4a7529d6bc17aa1,Active,2024-07-16T20:37:31.597956
1178408a21fb4781,Active,2025-02-08T05:21:11.216730
474e7c10bfe117d8,Active,2025-01-13T10:08:55.694977
b342080d1a0e9a80,Suspended,2024-08-03T00:10:59.232845
92837da47476bffa,Active,2025-04-23T02:56:38.858303
0f03f692186f48b2,Active,2025-04-03T01:25:55.432654
8abeb22cee4af1d7,Active,2025-04-04T13:54:48.069937
0fa57eaf16bee130,Active,2025-01-08T15:55:28.691521
90e569b023889cda,Active,2024-05-02T20:32:54.924756
736e2e4d11978cfb,Active,2024-06-19T13:52:34.617725
1705696612897fab,Active,2024-11-06T09:44:43.674801
817a342b13ce4004,Active,2024-11-26T09:02:23.522702
b88b271e58ff8b35,Active,2024-11-25T08:11:50.300080
6e77e087f440b883,Active,2024-11-08T18:56:16.068652
d9335ef253f6f264,Active,2024-09-13T01:14:49.028469
3f918ebd3e750a74,Active,2024-12-29T00:18:49.171370
5059d362e9cecd0d,Active,2024-06-04T17:54:38.940095
0faf40b72bfefbf3,Active,2025-03-31T22:49:01.856746
f9e21b1e1e7d63c8,Active,2024-11-01T21:05:05.872525
b043487e9406c57a,Suspended,2025-02-01T21:10:54.123962
1c90685f03ee1f51,Active,2024-06-15T10:21:20.148915
82928709c3c2ece5,Active,2025-03-14T16:10:58.280094
abf24ad77e3514ec,Active,2024-10-13T11:00:43.322265
95465d4f70f40fff,Active,2024-07-27T04:59:08.782899
74e5c23b303648d0,Active,2024-10-02T20:11:28.022008
a62292ee97d24553,Active,2024-07-06T15:43:57.202718
39a36daee7533f43,Active,2024-12-25T12:37:45.425229
b4bf4235e977cd56,Active,2024-05-06T11:54:20.268220
62419ff0ee9e63f7,Active,2024-12-25T04:28:44.441057
950a6e9125f2e45b,Active,2024-10-07T03:05:00.105801
08cc6a11f94b896e,Active,2025-03-18T14:33:24.214317
d22492feec4df692,Active,2025-01-23T16:39:29.902986
c37fdcf0f940e789,Active,2024-09-20T16:36:46.881335
9f6ba3b3238f79ff,Active,2024-06-19T15:20:30.035304
4fde9cd633d4c126,Active,2024-12-08T21:40:42.784389
1f627a362df0e5ea,Active,2024-08-07T12:49:43.217177
234d0518cb4d4383,Active,2024-05-23T05:09:48.839609
1a3ecad3b712745a,Active,2025-01-18T02:40:45.526359
1c0b039b55d1d640,Suspended,2024-10-24T05:25:35.901542
4cd46d2d11922b8f,Active,2024-05-16T10:37:14.534005
ddb4b73991798dcf,Active,2025-04-09T01:15:28.612780
004211567c812d4f,Active,2024-06-10T19:46:45.077886
dcb7b820516815b2,Active,2024-11-24T18:01:09.905756
62f23050c9b696db,Active,2024-06-08T08:22:20.758589
9514a7b9b77668e4,Active,2025-04-07T15:28:10.733101
5ef9622a4b9eb9a9,Active,2025-04-11T10:13:46.252470
113fc971da124037,Active,2025-01-20T15:16:25.777914
84dcd6536205d35d,Active,2025-01-29T08:45:52.852411
a97036b91cdcc35e,Active,2025-01-31T22:44:52.345361
400a017675c54441,Active,2024-05-10T11:55:48.039398
d8f82c9ca26da60a,Active,2024-05-30T15:15:04.263279
38b0d2f713be544f,Active,2024-12-12T07:06:42.874453
aad5cc8d6c8499ee,Active,2025-04-19T23:27:25.658793
010a4d3171c9008e,Active,2024-07-17T21:25:45.849048
f8b128bdc4deac10,Active,2025-03-07T03:02:36.544947
f7b730814d193124,Active,2024-09-26T06:36:09.168054
8c9e1eb3190866e4,Active,2024-09-12T06:28:25.108259
330bbd1400e6b19d,Active,2024-09-01T02:38:13.590799
9bebf79d1da44532,Active,2024-11-06T10:16:19.244775
d3fc5a9195cf61b3,Active,2025-04-19T04:56:24.629610
9d786b4eeb4c6bad,Active,2024-12-11T15:41:04.027785
ac812f14a357effc,Active,2024-06-17T19:49:15.349312
34e608c2a3de9170,Active,2024-08-30T08:49:52.025326
19934106ae7412da,Active,2024-06-04T02:37:33.781351
762282194acb765f,Active,2025-01-09T19:08:32.183612
ef9f1573973e8e49,Active,2025-02-19T17:28:32.140067
80681a55f0226e9f,Active,2024-05-11T19:04:22.072316
61559c508a2355f4,Suspended,2024-09-10T07:24:38.645102
f7c6c8082998755a,Active,2024-05-23T12:59:33.181886
33f5194e597f9614,Active,2025-01-05T17:29:43.704262
dab4fb79d92e6a8e,Active,2025-02-22T18:59:46.440739
f581868a6391c842,Active,2024-12-27T01:38:30.926514
ccd1f22881eda083,Active,2025-01-08T15:44:39.567959
36f0cc0851a0d173,Active,2024-08-04T13:20:09.813124
f7450c885ef42abd,Active,2025-03-12T15:34:16.155410
eeca078d174128a1,Active,2024-10-27T01:52:57.468413
f679b258ba2e0725,Active,2024-06-14T04:38:53.945665
b9025bb8233e1f2c,Active,2024-05-14T14:00:39.311078
9f5c8c7fbc5b9372,Active,2025-02-21T03:45:22.499340
6a740aefab37ec17,Active,2024-10-23T16:39:44.645148
82883c09e5dc6c26,Active,2024-09-15T21:37:21.401792
04e23b33df41a5d3,Active,2024-06-10T04:53:59.850256
ee51f4e62687a57b,Active,2024-10-23T14:00:25.171048
82bc74ce12fc7596,Active,2025-02-18T03:17:20.891261
5cf96bccbffb7e8b,Active,2025-04-18T03:01:24.177142
de9e0ca9f8e69488,Active,2024-10-08T05:18:12.668247
6eb1360cf8e79993,Active,2024-07-06T10:30:32.499168
f4a5a9f75b96563f,Active,2025-04-13T04:33:59.986835
486e3608ca131551,Active,2024-12-07T09:06:12.660998
890f36f91e4e3f6f,Active,2024-10-23T00:07:26.495703
3bfb36d9fbc5e229,Suspended,2024-05-11T01:31:09.289929
d8abf0cd06e5f886,Active,2024-08-09T08:08:04.046536
e0c537b11e6ce3c5,Active,2024-07-02T17:53:19.564392
787bd084d852cc83,Active,2024-12-10T04:03:22.425037
ee087adc030ae416,Active,2024-09-15T19:01:32.032147
5a30c4ff6e8c0189,Active,2024-07-28T18:50:17.272397
3c18df388a47076d,Active,2024-10-26T05:13:20.503506
976603cd192be98c,Active,2024-09-27T21:02:22.575353
3d164c176f59ed92,Active,2024-06-27T12:45:37.265208
e92e7d4a7d6cf09e,Active,2024-09-11T14:33:03.064098
2e79b04821d1ac9a,Active,2024-04-30T14:51:43.084852
a36dbb467e46dfb1,Active,2025-03-11T21:47:08.978333
d9b14d2aa7d83380,Active,2024-06-14T06:02:19.051023
4437c99cbdbb5c8a,Active,2025-02-19T12:48:06.937029
a8fd9538a8fb4dbc,Active,2025-01-27T01:19:18.527717
9e7cf4d32fd210c1,Active,2024-08-06T17:28:05.887631
3150a7ba853b3d63,Active,2024-05-26T22:25:57.250922
5d52423b1be6608c,Active,2024-09-13T02:52:18.705825
4ea3576d7ea6b7b5,Active,2025-04-19T20:41:51.445261
ebab7734c223b6e8,Active,2025-04-20T00:20:55.795396
27aff39473e48a44,Active,2024-08-04T04:16:36.275270
67adbb2fd9807bb2,Active,2024-06-05T22:25:46.361929
87db71d1c19cff85,Active,2024-12-08T03:02:11.751679
23baa83e9f59dcf8,Active,2025-03-13T01:10:52.623903
10b99647020214d4,Active,2025-04-24T10:56:18.084364
c0a16f15baeec8d4,Active,2025-03-14T15:12:59.827897
a388e8280c795307,Active,2025-03-14T00:13:22.919925
4991807570c1ac8c,Active,2024-10-11T08:30:26.208152
9789b714c868710d,Active,2025-04-20T03:20:33.618159
68317fcd12edbeb2,Active,2025-02-25T14:07:46.749964
871b044646554576,Active,2024-06-06T01:32:05.886246
c09d7587da6563fd,Active,2024-11-29T11:33:51.550535
907ac87c929c63f3,Active,2024-08-21T16:52:14.832962
9225f940fa9f6ed7,Active,2025-01-11T07:48:47.296900
ad487801fb8b90aa,Active,2024-10-02T03:27:16.099062
96eb2704fca3a1fc,Active,2025-01-14T15:29:23.054211
6314a40f77387362,Active,2024-05-23T15:36:16.231703
380d68a533a41f89,Active,2024-07-26T08:33:08.921456
95768300706d1105,Active,2025-03-26T14:34:37.933984
abbc70df188cfc17,Active,2024-11-15T18:23:25.920429
a6d52a8b6f40aa1c,Active,2024-12-25T23:42:58.294767
11d16c395817a6a6,Active,2024-07-30T11:51:29.631673
a234d0e46b2a57c8,Active,2025-01-30T07:59:46.129464
869f5d73a8e536d5,Active,2024-11-27T02:27:08.338313
0c6d3d5adec7e1da,Active,2025-01-11T18:16:18.912037
fa302e2025e312e8,Active,2024-08-14T09:59:13.578071
3eb2a31d0fa30de9,Active,2024-05-27T20:49:52.143293
5f510275600e6766,Active,2024-05-08T09:29:17.438385
b48b0fb0c71069c5,Active,2024-12-25T19:00:04.791683
d642c4cb7f4d8e74,Active,2024-09-17T00:55:52.375310
1c34f784d776b455,Active,2025-04-18T04:21:20.096813
420e6c7e7f9c184b,Active,2024-11-14T13:20:30.806692
e205c7152f113593,Active,2024-12-10T03:07:14.229022
98a3aa4d5c5b980c,Active,2025-03-15T03:05:27.556349
9b2128b49d7cdd3c,Active,2024-08-05T22:41:00.212429
5627c0ac9e8bf8ff,Active,2024-08-19T13:57:10.538895
ef364f8f2c7a32fc,Closed,2024-12-29T16:14:29.044668
a4ef7620a4613ce8,Active,2024-10-19T13:11:50.019412
9dc08cde3c522654,Active,2025-03-19T00:33:18.306908
62b4bd82852d73ef,Suspended,2024-10-30T11:53:35.081085
2d1b8e1cbcad9045,Active,2024-07-07T15:21:35.215657
30ba7feab6202d18,Active,2025-02-08T15:49:47.130972
547b9a9add1be858,Active,2025-03-05T03:04:05.188365
b45c2e5df90cd54b,Active,2024-06-11T11:39:22.574221
6e74169bf022e54c,Suspended,2024-11-25T04:44:45.959453
b3b375a7b26b26d8,Active,2025-01-06T00:22:10.809353
0729e10b09eb947a,Active,2024-07-16T10:18:21.374320
9fa82b86eb826c45,Active,2025-02-01T23:58:17.385234
9e88416919f04b64,Active,2024-12-13T20:04:36.266842
29b644eeefefd276,Active,2024-11-13T17:46:37.602100
56888ae491ed5300,Active,2024-04-29T00:59:21.225535
015b3d86235fd6e8,Active,2025-02-14T02:15:04.313555
e51faceaaf0e9280,Active,2024-06-23T19:34:36.018299
c586b7e0aa8b0824,Active,2025-02-24T12:39:05.353020
7015100a482f62b9,Active,2024-10-03T14:44:22.072039
0eaa52e4e6995363,Active,2024-12-03T19:45:52.979591
089928f607a44c34,Active,2024-10-26T16:33:56.792616
be11d2e8cd387cae,Active,2025-01-18T16:50:38.095503
979b216635b638a7,Active,2024-11-01T06:10:58.729713
dd2f6a64e2e90f9c,Active,2024-07-25T22:21:10.977905
d02ceac4b3c0ce95,Active,2024-11-18T17:38:23.340772
2ed5c8fd2e94f2fc,Active,2024-09-07T22:39:44.029437
5bbe8bd5d8094a22,Active,2024-11-23T04:42:04.807389
3032d4f4e47c8fd9,Active,2024-08-07T14:25:34.314452
08933e517110a949,Active,2024-07-09T04:49:20.685539
bf83fd8660119393,Suspended,2024-07-08T07:38:24.914782
e33355f38ab54d7b,Active,2024-12-21T05:14:22.918410
7915de07b1a723e6,Active,2024-10-02T17:03:26.476258
ad3dbf4fb6045094,Active,2024-11-24T13:02:27.269404
f280ffaa3db1133e,Active,2024-07-08T02:22:15.192155
af7d95aad9e95d9d,Active,2024-11-01T06:08:41.854752
54106b559555c23d,Active,2025-03-10T03:35:55.640172
449f0d12d50b43e2,Active,2025-04-25T19:33:06.204563
154d330cc826b6b8,Active,2024-08-09T15:24:30.372624
49eda81a3e040e24,Active,2024-09-18T09:28:53.199321
941c28842d57d008,Active,2024-12-04T11:45:45.229776
24fa11ba7f36e52c,Active,2025-04-16T02:20:04.595941
49c93b00373b45af,Active,2024-06-30T19:19:38.658014
ae66a270d5aa2a48,Active,2024-08-04T12:05:26.092673
401229388e4a88f7,Active,2024-05-14T14:39:56.996689
74dbb1bcd4e16ecc,Active,2024-07-25T17:17:56.408059
1cf733fd544f9d9b,Active,2024-11-26T05:20:52.865988
5592490f23dc1558,Active,2024-06-13T12:54:49.335862
7948319f68323edb,Active,2024-10-19T23:46:57.995980
f9584ad9993453b7,Active,2024-09-09T18:09:08.965013
7ebff883c49c8e96,Suspended,2024-07-27T00:37:53.771663
bb461f24fcc445d1,Active,2025-04-17T05:11:20.216503
15f7514442d9793a,Active,2024-11-03T23:08:20.943739
d486531a4b29af08,Active,2024-06-17T23:55:01.378071
93219027c3c543b8,Active,2025-02-17T12:05:45.459977
1ae232cf6f259cef,Active,2024-05-23T12:04:35.884992
421da6805f794725,Active,2024-08-12T14:18:23.111769
450ec7f00032ba69,Active,2024-07-25T18:01:38.921487
03a9caf873d8e5a3,Active,2024-07-26T12:33:26.671459
46ff81614d43b61e,Active,2025-02-18T10:02:34.420949
77af49ddc5801b29,Active,2024-07-12T21:34:54.016287
5210ed5cc093964a,Active,2025-03-23T03:15:30.054575
f4eae6d8811762e2,Active,2024-07-08T06:21:47.717807
c2475d2aca154bf9,Active,2024-08-18T17:52:14.736344
9c82c1bcb2f7a2f3,Active,2024-10-01T08:11:56.533431
27e3269454393baa,Active,2024-12-30T18:05:40.039422
05ff9c0d78218dab,Suspended,2025-03-14T06:14:46.334886
e2f091a5835ff5ad,Active,2025-01-28T22:36:54.499638
4585c33d688805d1,Active,2025-03-20T03:58:07.060487
35f244c77de20cab,Active,2024-08-16T21:24:33.339482
b2b81d0b897d16a9,Active,2024-05-21T03:43:49.432201
f8ea95648a8551cc,Active,2024-07-25T10:25:05.701620
8316a93028d29eb3,Active,2025-02-01T12:16:54.543292
9c65296ffd17c096,Active,2025-04-24T16:43:20.107515
3053203870ed3dcc,Active,2024-08-09T01:27:29.134243
a5003f5e3d8c6437,Active,2024-08-31T18:52:13.333799
5b0176443e224408,Closed,2024-06-09T12:03:51.085490
dfbb1a01bd077278,Active,2024-10-15T01:15:55.411937
45e3b826c74d2a0b,Active,2024-11-06T16:24:49.687085
692d06495420ab8f,Active,2024-08-07T01:18:55.199103
9ea1ea03e830c4d6,Active,2025-01-12T17:51:41.524259
ff391b696b15db27,Active,2024-06-06T20:07:50.372615
30f1203c6c0d3aa2,Active,2024-08-13T01:29:14.035711
133d52d7ca1d6a11,Active,2024-08-13T11:28:19.945656
92151254b94187f0,Active,2025-03-13T18:30:24.394790
24bcf439e3375871,Active,2024-08-14T09:26:10.599483
c76114c9fe5af69c,Active,2024-12-15T15:14:43.977447
21ff76a6a7e3804a,Active,2024-10-04T00:45:47.520577
9a5eb5a7695afca5,Active,2024-10-11T22:12:38.643307
de9c37e0b4356673,Suspended,2025-04-02T16:37:15.572566
c62589139b82bd39,Active,2024-11-15T22:39:46.403173
68a67d17272a7e3e,Active,2024-12-17T17:13:36.867593
28bd944069f0e581,Active,2024-07-26T09:24:25.903204
868444b3613ed999,Active,2024-06-27T01:38:11.275168
ad086b01f3bc092a,Suspended,2025-03-17T19:08:04.209738
fcdde934ab7320fb,Active,2025-04-21T01:30:51.511889
59a9fe97f6c4d872,Suspended,2025-02-25T22:44:24.379730
ff0d05502c7f1a6f,Active,2024-12-04T07:31:33.951892
842278d4232d0fe2,Active,2024-09-28T03:41:17.316886
409217b7d4a901da,Active,2024-08-14T12:50:35.099454
065e4c3b7ff93905,Active,2024-09-28T22:06:59.390418
87e8e23a0ac89e91,Active,2024-07-28T20:20:32.139148
10a3edfaab0bd659,Active,2024-06-07T06:32:36.494181
d57707b3ab26db39,Active,2024-10-21T07:43:29.771423
cf650629dce6bd5b,Active,2025-01-09T03:27:51.289653
29703ecef66cbe16,Active,2024-09-30T03:19:21.170178
9eb74caa00cdf1eb,Active,2024-08-19T16:27:54.152367
754558f73a805f25,Active,2024-04-29T04:31:24.805010
16ab33a7a71784c6,Active,2024-07-10T20:04:39.713749
bb4445c6ae66a207,Active,2024-11-29T10:27:58.593923
6a9200621fc84ffa,Active,2024-08-15T10:47:18.333803
856df9a71df1c44f,Active,2024-12-31T18:50:58.889920
6169966e2e1c3efd,Active,2024-06-29T09:36:32.838685
0427d057fdefd2d7,Active,2025-03-12T05:53:15.797739
3921b0e91957b6f7,Active,2025-04-17T03:21:51.264391
c78dae250d590f91,Closed,2025-01-17T00:29:08.147537
ae5a42372b789fad,Active,2024-10-29T21:49:58.018559
3578b9bbe7b8cfbd,Active,2024-08-14T21:14:15.595782
163480c5e9168a9b,Active,2024-11-28T21:33:48.910875
6f85acd059e93c99,Active,2024-05-24T19:40:48.938862
26f863a0474f0a1b,Active,2024-05-26T19:10:42.146580
79a927a4055c5c8c,Active,2024-11-18T12:27:23.122503
4d0e3439937dc13d,Active,2024-05-29T13:15:21.567777
c40636a920906d21,Active,2025-02-14T14:24:15.997376
c27334c8ad8845d2,Closed,2025-02-25T06:34:59.640264
6406547d0df8cea6,Active,2024-11-11T12:48:29.650160
26ebb7020284a7f3,Active,2025-03-05T08:15:19.382636
797ff2101709ef19,Active,2024-08-11T15:08:12.290258
85c465e36392330d,Active,2024-07-10T09:10:37.847185
3dd04364c245314c,Active,2025-01-05T05:42:10.437840
00ea54feafd8409d,Active,2025-04-19T03:02:04.240954
8ee0d0ee6af4a67b,Active,2025-01-21T09:49:13.780946
1fab2cbcab211aa7,Active,2024-06-20T09:09:25.857394
d4cf0e2a0408a43d,Active,2025-01-02T07:00:48.160117
788ffade3c2cb6a0,Active,2024-12-24T05:00:05.754004
1f6b991ec3996772,Active,2025-04-05T07:34:36.523255
cc5e8d379d58c49e,Active,2025-04-22T01:18:22.640224
ed6ca03e2eb883a1,Active,2024-09-16T11:06:18.286516
00086e4cd9de1256,Active,2025-01-07T05:40:24.209993
9ad32cfe8115c58a,Active,2024-12-11T21:03:11.438984
94b44923b2fb7ee0,Active,2024-12-27T01:48:49.220862
3cf535e1c7ca308d,Active,2024-08-25T16:28:41.418522
8f9a58494cf220a5,Active,2025-02-14T08:13:39.229714
448d746dddc308e2,Active,2024-12-25T14:50:38.200797
b804ce5b728ce30d,Active,2024-09-03T17:45:22.292910
17f5b14b41f253e7,Active,2024-11-16T07:23:50.947868
d6908a4a2c90782d,Active,2024-11-11T23:30:34.837096
05f48c6a34f0d7e7,Active,2024-09-15T09:36:02.288520
b31429cdf72a9054,Active,2024-12-04T13:28:55.230332
b849e56d5500eb89,Active,2025-04-23T16:09:32.245154
be05fad9181436cf,Active,2025-04-19T12:51:57.793486
8be49c4af3a9fb8f,Active,2024-11-03T01:08:43.230553
0d9160fcc0cfb75a,Active,2024-09-05T10:31:41.485195
d94328c00310f062,Active,2025-02-25T05:04:00.784634
082d5424d821d668,Active,2024-05-13T11:47:00.139315
7f89f14b4783e755,Active,2024-12-01T08:51:42.404808
4c9fe73603d6c592,Active,2025-04-26T17:46:59.619514
10618f273ea23283,Active,2024-06-24T13:23:27.929511
03ef2a7a6f631110,Active,2025-01-13T20:50:49.322644
f7ad75ad432672ad,Active,2025-01-30T12:03:48.833388
efe393ecb013d67c,Active,2024-09-04T11:51:28.372569
f591edb616c7a233,Active,2025-03-27T00:49:18.386018
265964e2d94a2508,Active,2025-03-13T09:31:41.690454
aa0941f2c8059d35,Active,2024-10-06T06:05:00.488698
1fb049b51d6c71c1,Active,2024-10-30T01:29:52.985653
2f1f41c98d628ea3,Active,2024-09-29T20:29:46.343817
64a1f27726b02452,Active,2024-09-23T12:30:07.916104
2be8d82536cb693e,Active,2024-05-04T11:52:47.900828
0f971ca69d44a1b2,Active,2024-08-18T21:05:47.931874
f40b46c4fe125aab,Active,2024-09-11T11:04:57.226893
d704bcb1167daf2d,Active,2024-10-20T18:22:00.223874
0c8e07ff8d5efe79,Active,2024-11-12T09:16:08.233854
c7f1088570555cfe,Active,2024-06-24T16:21:40.843534
c368a475c96ffbac,Active,2024-11-15T15:47:10.713760
753bbd6ff441bffd,Active,2025-02-20T09:37:00.578014
def8eb6e3f0a457c,Active,2024-06-06T00:25:22.269937
66ceb314dbe385f3,Active,2025-04-12T13:47:13.867077
583bc7cef47710cc,Active,2024-12-24T17:25:12.829882
e6c19df0d79b0602,Active,2024-08-21T08:08:09.709005
3da8347e1204532f,Active,2024-10-12T23:13:27.495816
cda0704e510fabfd,Active,2025-01-25T08:38:34.341875
42b1c6cb100ff1ae,Active,2024-05-02T13:33:45.337158
8162724f5972a6c3,Active,2025-01-18T01:51:42.584232
67b6a7e74f62e304,Active,2024-06-10T13:55:10.271519
9b9c01c1b02f4e2f,Active,2025-04-26T02:43:43.414646
5decd6515852bcbc,Active,2024-08-04T12:29:53.485367
620be6dbf61d9434,Active,2024-08-25T12:05:34.360465
0f9cfb8c5ce822c4,Active,2024-10-25T19:12:18.262863
30471a9413c1e3a1,Active,2024-08-24T12:05:21.657870
1b082935a9597931,Active,2024-12-11T22:21:44.308550
a21cc1a048d8c292,Active,2024-10-31T06:39:54.370509
44c54d251cfe75a7,Active,2025-01-18T17:52:50.868729
9c8a2a6389cca60d,Active,2024-10-18T01:30:36.031111
220ae8bf57d0e363,Active,2024-07-30T11:42:55.972276
4947763ac22aa65c,Active,2025-03-06T16:02:51.161061
5929f7bfba0359e0,Active,2025-01-28T10:06:55.558596
e13e117f7c9f6c15,Active,2024-05-21T16:27:50.169972
e13ea753c933d75a,Active,2025-04-06T09:19:29.528675
a51a3787613c13a1,Active,2024-05-31T09:12:25.341331
a95cecebd66dc583,Active,2024-07-07T23:25:24.849414
77a3b8efabde26b3,Active,2024-09-23T12:55:32.826877
dad5273aecb6dbfd,Active,2024-07-14T15:15:58.992193
a1024a04d32784a2,Active,2024-11-09T01:49:21.378696
6d73f594099cc3a3,Active,2024-11-17T00:39:10.145914
6ac80d4d5c919260,Active,2024-12-26T07:36:45.286390
00180444599aa974,Active,2024-06-20T10:55:16.961711
0f12874e3d9d9a46,Active,2024-07-16T07:24:03.493084
3a631267678ae231,Active,2025-03-20T21:45:47.921720
35f01397e3861c62,Active,2024-05-27T17:55:05.800963
1e967cf86ed54e4e,Active,2024-06-30T17:36:52.906392
964773edb19b2459,Active,2024-07-25T06:06:07.416791
4f0f6786d4b2b1c5,Active,2024-12-26T10:37:40.300720
c07f2da0e628f68f,Active,2024-09-09T20:18:14.183863
9939eaaa96defdca,Active,2025-03-03T05:26:04.222500
889070a602722d67,Active,2024-07-26T08:08:56.729901
bd836183e70646b7,Active,2024-06-15T08:02:16.678873
6f63e4e8b5425feb,Active,2024-05-05T21:29:11.946959
1149c884d2b3a549,Active,2024-08-28T22:47:09.911767
1d170f6f1cfd8f41,Active,2024-08-05T06:04:15.387911
77eec6c4bfe0fe41,Active,2025-01-30T05:46:12.799231
888cca74f3c3456a,Active,2024-05-17T03:05:02.477602
10f45525331b3a88,Active,2024-08-16T14:28:34.561147
b07ed26eb810d66e,Active,2025-01-15T14:26:55.272191
233537b3ff34509c,Active,2025-02-16T09:55:41.346889
1dd88480796247e3,Active,2024-04-29T07:51:47.048321
324a7d3801bc02d2,Active,2024-08-08T07:53:12.246540
9728a604bc65812a,Active,2024-07-22T11:27:34.582814
2c6f07e010b25841,Active,2024-11-23T22:34:03.425766
7e5e8a7009f29bb4,Active,2025-03-25T02:15:00.329186
7367b82573100fde,Active,2024-09-23T12:05:24.882915
fd396386d5349294,Active,2024-10-29T01:33:18.590366
d326df2b8412a235,Active,2024-12-31T21:22:32.056479
22673f94f193a906,Active,2024-05-16T20:47:10.582712
cbed8d0f921be458,Active,2024-07-18T17:28:12.291637
3b19ae159c82e3eb,Active,2025-03-10T23:40:00.139281
0f4600c9f0ffcb09,Active,2025-03-08T16:48:42.589478
a26395b06aae18d7,Active,2024-06-26T05:21:52.779000
38e71524d0952f62,Active,2024-09-09T23:27:04.195572
4d006a5e4e57ac5a,Active,2024-11-27T00:39:36.100724
9726e3c304033196,Active,2025-02-25T19:53:04.262969
52865e226351dc79,Active,2024-06-04T17:03:13.925906
09841ca63dd13ece,Active,2024-12-02T03:07:16.207074
3493db3cd833ade3,Active,2024-10-12T23:08:02.827108
c37924ee776c2637,Active,2024-09-15T03:22:02.087874
6bd4f8a56e3ae15f,Active,2024-08-01T20:27:14.037095
c7d0c6ea18a316e3,Active,2024-09-11T02:41:04.496269
e6731b2f0a2827ac,Active,2025-04-14T12:04:45.861459
c1488ef87c0c5ce7,Active,2025-01-13T21:20:52.796720
68af05dfa62f085d,Active,2024-09-05T07:21:12.811430
7a49c6bcd0d8b2f3,Active,2024-11-27T11:49:10.781830
4b710574cc718fbc,Active,2024-12-05T20:55:55.488041
772c2b4a21211a92,Active,2025-04-21T11:00:11.185310
9c67092a4ec9e857,Active,2024-05-10T06:11:30.456514
53b6fc6b56a6109d,Active,2024-12-12T15:57:57.458709
1237ace762e4637f,Active,2024-06-15T00:41:49.788862
505eaf47e36bad27,Active,2025-01-01T02:13:57.876254
8eeb9958edd6f234,Active,2024-11-20T00:21:24.362651
a9586eec8497d786,Active,2024-12-28T04:26:29.621969
61ee3ff4c2cf6200,Active,2024-09-16T08:57:45.685940
030a27451c3c03cc,Active,2024-11-29T04:15:20.544295
302586e7515e686c,Active,2024-12-28T07:07:45.049442
8f30f7450e3702c4,Active,2025-04-13T08:28:44.521732
8484eba91497ee22,Active,2025-02-12T15:36:44.487678
81ec9435f24f908f,Active,2025-02-27T13:54:08.553065
17685135bc98a283,Active,2025-03-24T22:33:09.581461
47ab5d2fb55df16c,Active,2024-09-24T00:12:15.473514
2dc483f55f9aa87b,Active,2025-02-01T16:39:06.659433
259408b7cd3b7f71,Active,2024-09-11T18:34:21.231517
10896e782c23aa5d,Active,2025-02-07T16:16:39.207797
389f910846dbde0f,Active,2024-11-16T10:36:59.309617
30fba5e63d2e6d30,Active,2024-08-31T03:16:28.977017
a00674f954da9721,Active,2025-04-28T02:55:22.448071
2585ae3f1b0873fb,Active,2025-03-25T23:56:21.321799
7b36d9062561f916,Active,2024-12-11T17:23:29.245285
60de60f26a7b2224,Active,2024-11-16T11:32:50.714367
6b62c2d969081648,Active,2024-10-17T06:35:51.711291
cc528139f717c830,Active,2024-06-23T18:37:54.757207
52637910bfe230a9,Active,2024-12-14T14:34:54.456412
767099ee4a93b3ae,Active,2024-09-03T23:10:25.213686
e64e4e516d16ecfb,Active,2025-02-18T09:50:22.778333
7a175e1579998c19,Active,2024-07-24T06:49:14.910988
76be3c038c6b7f83,Active,2025-01-02T02:56:37.040714
85e7b4391f846679,Active,2024-11-15T06:58:15.293824
3887b2f5fb4fa989,Active,2024-05-04T12:19:14.466033
db5fc3a477645136,Active,2025-04-16T19:37:30.958919
36fb1a82888dd495,Active,2024-05-04T01:51:43.409659
7c6d91b408414f89,Active,2024-05-02T12:57:23.400103
6ade41b72da19ca2,Active,2025-02-02T00:29:26.904012
98c11a4f5618cce5,Active,2024-12-16T00:56:18.363956
c8a3eafacf060a34,Active,2024-11-15T10:40:26.930226
0567b02d9ed8de25,Active,2024-08-29T23:48:06.700200
c579005c7aec6beb,Active,2025-01-19T23:02:56.660074
2b9b84b3257e1e2f,Active,2024-08-12T14:45:51.801731
2dc839f87f8ad91b,Active,2024-07-15T22:22:10.989729
6ab037f7f5c50e5b,Active,2024-12-29T14:47:34.955637
a2827148df577fb0,Suspended,2024-06-20T09:15:48.636398
c8c7c0d1d4c308d4,Active,2025-04-15T11:41:27.923003
d7b580a335c16c70,Active,2024-09-29T17:34:18.278286
fc144a87534dff2c,Active,2025-01-17T12:43:40.779204
7df876f60f6c58ab,Active,2024-09-08T04:03:47.561227
afdae254b96dea15,Active,2024-11-06T16:12:00.611614
515f6f820446afec,Active,2024-05-31T05:31:45.108905
70c828d1a0546d34,Active,2024-09-07T20:02:09.624177
7003cbeb5b25683e,Active,2024-11-27T21:19:42.232010
3672e33e8691757f,Active,2025-04-08T15:23:38.193117
b6fa46f8eab9ee2a,Active,2025-02-18T08:26:31.951168
f929528124a4533c,Active,2024-12-25T22:38:31.440801
935108a147d3ff13,Active,2024-05-29T06:30:12.081609
c83cb1930f410132,Active,2025-04-15T08:24:32.200482
e5c42768f7b59cf3,Active,2025-03-07T04:05:48.236619
28fd58e0ef77a063,Active,2025-01-04T19:12:49.950267
887b07fb04b40cd3,Active,2024-07-25T14:34:05.434142
ba11288374df34ba,Active,2024-06-03T18:16:33.807194
244bfe4e3692fc6b,Active,2024-11-04T15:40:29.093891
6a2c04d22b898664,Active,2024-12-16T17:20:48.681207
d2d3a1858525dc8c,Active,2024-05-15T19:15:11.599745
dc3565a38ded9b5b,Active,2025-02-13T09:27:52.560567
b709076307b9f854,Active,2024-11-17T16:01:27.638054
e56cc1423fb33bd6,Active,2024-10-02T01:01:45.589260
0b6990709033ded9,Active,2024-10-25T11:48:34.388294
f2c9c0b550c01dc0,Active,2025-04-17T23:15:34.107686
cd1bb8fceb03737d,Active,2024-11-15T00:24:57.779620
a30afec780b926c7,Active,2024-09-27T22:04:44.741941
b02c467a8193922d,Active,2024-05-15T14:29:00.372294
80a66745d9e35695,Active,2025-01-02T19:21:33.436675
e9376ac4603ced00,Active,2024-05-22T22:16:35.551760
eefda4b81d258691,Active,2024-04-29T00:48:10.684234
97946c54b4e71129,Active,2025-04-11T04:52:15.166074
95c69102e1e5edf5,Active,2025-04-12T11:45:37.002192
153664a51e1decf0,Active,2024-08-23T13:23:10.171204
c00d75c6408aa0c8,Active,2025-04-05T14:42:07.015477
b541c77d207587b8,Active,2025-01-05T17:47:58.758142
4f21a0cc470ed8de,Suspended,2024-07-26T16:12:40.798290
5c4fb928b6aa4ff7,Active,2024-07-05T02:22:51.247136
7eee9f4234ec6f04,Active,2024-09-20T08:05:39.359638
7af6ec13bf9d7e71,Active,2025-04-21T20:11:51.722526
2a45224b8affbada,Active,2025-02-22T03:56:46.467887
b0f00cdfd5b8bb32,Active,2024-05-05T07:17:13.377317
17b41300a5592e05,Active,2024-08-24T00:29:13.751433
87adf90192aee04a,Active,2024-10-31T16:17:29.074350
f39df0fc5185d4e9,Active,2024-05-31T17:23:02.105142
0c2276d6125f7724,Active,2024-08-01T00:39:39.712656
271335624df7ff7e,Active,2025-04-13T02:14:15.735236
dbed3abbcace7bcd,Active,2025-04-14T01:01:34.126277
b2616103f7d25b5d,Active,2024-06-02T09:33:20.272065
43fa24a93cf6cf5e,Active,2024-08-27T16:07:12.854194
2a830c6acd252971,Active,2025-04-07T21:06:59.017582
4a27a7a7fd929120,Active,2024-05-16T13:15:06.036048
00ebc3f3920fa4f1,Active,2025-04-13T07:24:23.987101
78cfc29ca9c56e5b,Active,2024-04-30T19:57:48.423709
5116aa62cb513547,Active,2025-04-24T00:06:28.906952
fe3d172d1a60dccb,Active,2024-06-20T00:43:02.819116
b5500e00f002bc19,Active,2024-05-08T13:33:40.638417
904fc0d0bcd97bb6,Active,2024-05-22T06:14:11.966557
d12b94ff9fbcd67d,Active,2024-07-19T23:41:13.578207
2a3347968f1c7666,Active,2024-08-08T18:46:35.141766
23b1064424d85779,Active,2024-12-26T17:16:00.267653
cca9337267250199,Active,2024-12-22T15:01:18.572129
42886de75a5ab974,Active,2025-03-24T16:39:59.410560
d10a61fc48bcc576,Active,2025-04-26T05:47:59.695528
2fb4789a9d8cdc11,Active,2025-03-08T16:10:49.151629
d4170550280e51d4,Active,2024-11-02T23:04:27.136464
10507b73abd27f5c,Active,2025-03-24T16:09:13.416283
b77f60ffb2edd0d4,Active,2024-09-19T23:28:15.759639
73b3567834e34a0a,Active,2024-07-21T22:54:33.658826
cb94ba6c06c91f89,Active,2024-08-05T02:04:45.234115
2d357fabe38027e7,Active,2025-01-02T17:11:53.387547
9266f5f8bd9a7034,Active,2025-01-28T18:25:30.928509
845ad5bb9a0f4c42,Active,2025-03-12T10:05:29.141300
3dfc7901e7d917ec,Active,2024-07-10T09:22:59.327956
251bec6c53ca6c2a,Active,2025-02-05T16:00:39.291317
8bc1e7d81df5dee3,Active,2024-11-01T14:18:43.245963
7ec983e7190926d1,Active,2025-01-20T05:13:22.156533
3d5b2366cf2758e5,Active,2025-04-21T16:20:01.310939
df12eabca3d106ae,Active,2025-04-21T10:03:11.099394
5281a7fd95d664fb,Suspended,2024-05-04T00:06:55.241720
189a162ce8b6e7a6,Active,2024-12-13T18:55:22.172986
445bdab65137a7f9,Active,2024-09-02T14:20:55.525063
9005bda0a0b622aa,Active,2025-01-20T05:09:48.946491
6b7d647f63431235,Active,2024-07-21T15:00:46.517683
4750107d4148d926,Active,2024-10-25T21:57:56.234691
f9b3d69ac9738701,Active,2025-04-23T06:29:18.070775
3f1820806b0766f2,Active,2024-07-01T21:23:15.485430
542428774fdb0b9e,Active,2024-11-15T19:18:25.130809
a86eb03e4f0e6ea2,Active,2024-11-13T04:34:13.047420
2eb2e9ad92577dae,Active,2024-06-29T17:05:14.131179
9e07a337ea556159,Active,2024-06-01T16:35:11.480822
a6d846adeebfa3c7,Active,2024-12-17T22:46:59.684784
df1d03c8189129cc,Active,2024-09-03T05:27:55.226495
9f11f9c35715e352,Active,2024-11-24T02:55:48.034947
b0cdc0f29722209c,Active,2024-11-13T18:10:29.603091
391bec738f8e78fa,Active,2024-09-12T03:07:55.193206
0dbe8e2a568b7325,Suspended,2024-11-18T19:33:03.561422
8ee80dc69ebfbc0c,Suspended,2025-02-08T12:52:01.707323
4952c76e895e4923,Active,2025-01-23T16:16:15.388550
1b9ca804dd31e962,Active,2024-11-23T02:26:30.003288
d7eb45452b33b79f,Active,2024-09-27T03:37:42.250372
5b778115a9bda7b5,Active,2024-11-18T00:48:06.192922
e98a014956a59c67,Active,2024-10-02T03:31:17.615883
57886ae75268f1ca,Active,2024-12-23T21:16:37.171604
b6e40c5b34fe3659,Active,2024-11-11T19:06:49.798306
f99a5e4f8843c0a8,Active,2024-08-23T22:22:33.872370
92da8e7c6d8fc8ff,Active,2024-07-19T07:03:20.922437
de1971fd33ac7ed5,Active,2025-03-15T19:38:59.849693
7ea03b76f83c344d,Active,2025-03-15T00:23:56.491151
f19a949f08e0b206,Active,2025-03-24T15:26:37.725263
0ed320f9c03f90d1,Active,2025-02-01T06:05:27.437882
fab9365efe759fc8,Active,2025-03-27T03:52:51.204787
1a70fe886b3ac52e,Active,2025-03-21T02:52:48.534595
63070c856f82c7a7,Active,2024-10-01T10:47:51.200088
90ef2e6d31ae1f7e,Active,2025-02-09T07:16:07.745682
6c5e2662710fd851,Active,2024-08-29T03:32:53.673767
17a37c5e7c73624d,Active,2024-12-06T03:55:54.364806
32255750cac57500,Active,2024-12-04T17:51:39.278304
93c1b53673b150c2,Active,2024-06-07T12:07:44.516898
82dfc491ad3f50e0,Active,2024-11-10T13:28:13.447358
d52d9c053cbe7610,Active,2024-12-30T04:07:21.538159
c866425fd84527fd,Active,2024-10-24T08:48:41.502457
48c02d5f0cad1d60,Active,2024-09-16T23:30:02.085617
36d8af3b85e484c3,Active,2024-05-22T19:39:54.417610
ece785f66401d287,Active,2025-02-12T07:13:50.863184
75c3fda10efe7a42,Active,2024-11-19T13:37:52.587810
d44b387842513e76,Active,2024-11-11T13:17:24.015655
5da1b04a3479ace1,Active,2024-12-12T20:39:04.801932
6df4fe112df8f666,Active,2024-09-23T19:08:50.480663
2d4a07f9ac653469,Active,2024-08-23T20:27:19.786136
6d058b1ad0ce164b,Active,2025-04-06T11:18:35.825300
9c53011a7d63803a,Active,2024-11-08T16:08:48.208993
41436f1154b10fa5,Active,2024-05-30T16:58:11.299785
9461d65307ca0fd1,Active,2025-03-27T07:36:52.190183
be1606d27cf843eb,Active,2024-06-12T22:58:11.793074
bb23dcd186533be4,Active,2024-05-19T11:49:03.804119
14c8d65f2d141103,Active,2024-10-29T14:39:35.601089
8703ddb1763d99cb,Active,2024-05-12T04:45:22.033447
76267148b897785e,Closed,2024-10-19T23:52:03.087141
39e97366afa07aa2,Active,2024-08-11T22:31:00.519031
96b7f3cca0d6c449,Active,2025-02-04T01:35:42.585193
b0d79eb1d3801186,Active,2024-05-21T12:22:28.126026
23a4b798270b3271,Active,2025-04-23T07:10:40.543291
80924f98827bf946,Active,2024-06-14T06:07:18.140431
e3a0a26c54c6519f,Active,2025-02-15T11:02:49.416990
ac802281463a3341,Active,2024-10-26T17:21:51.569998
c7f3c57cff7aacdc,Active,2024-10-07T21:42:14.678252
1f6a1d51e60ef46e,Active,2025-04-06T14:13:43.689536
c4deb7e15c7d145e,Active,2024-06-17T02:01:54.234173
5db0590b1614aac4,Active,2024-07-20T20:19:13.394660
c92a05973dbc3def,Active,2024-06-23T21:43:50.160749
d6f73f201ce4763e,Active,2024-07-07T06:05:52.995946
26b3156afd017866,Active,2025-04-02T23:10:35.954166
d300024af75cb27b,Active,2024-10-16T01:11:20.859286
dfb83bd9cd36e1b8,Active,2025-01-17T22:58:18.662089
3b2aecc7254857d0,Active,2024-09-07T00:14:30.437783
495804582ed3c15a,Active,2024-07-20T18:45:23.198413
3fd34ebec0df02be,Active,2024-07-23T11:23:19.005965
4906432a127385ab,Active,2024-10-28T12:37:30.157319
14ece7d276cbcc74,Active,2024-12-09T18:21:26.495900
c7374f5d03e487df,Active,2025-04-03T17:41:29.238373
0c56e69ae02da713,Active,2024-06-11T12:23:59.661567
55a8958be000a8ab,Active,2025-04-05T18:00:56.211342
1473eacfad7fff9e,Active,2025-01-12T20:05:52.154053
91a097d501838ff0,Active,2024-11-13T08:13:10.491919
334e6c8f77a89f56,Active,2025-02-13T07:37:23.632809
329af135d2cbccbe,Active,2025-02-08T08:57:53.312749
d0fbb945fdc4448b,Active,2024-09-03T05:01:29.671363
93cceff4786c5f59,Active,2025-02-07T08:09:16.569646
428ac2321898b0a6,Active,2025-03-23T01:25:34.766782
bf83e427fc87d113,Active,2024-11-26T19:36:19.775240
92342104269c57ac,Active,2024-07-06T03:45:54.640149
3f5e8e9e632fb435,Active,2024-07-22T00:46:45.382243
678aaf1b872124ab,Active,2025-04-19T18:48:21.974778
e3a9cf4e4c8cce9a,Active,2025-04-17T09:08:05.358019
6bd7cdbbb798a459,Active,2024-10-28T14:41:44.573364
be5865848efec8b9,Active,2024-12-24T17:27:33.775046
84de7f3029430964,Active,2024-05-14T12:25:37.581753
503db3d7e7700472,Active,2024-10-15T07:06:53.627000
b0edc7a95432c1da,Active,2024-05-30T19:43:44.347419
2c27373597b4c04f,Active,2024-10-29T18:04:18.914764
66cbfbde762be4b8,Active,2025-04-20T09:17:01.130936
cd01f5060b78e9d2,Active,2025-03-19T18:39:05.265136
408c8ef04a0e22b9,Active,2024-07-05T05:02:46.615456
3489dc8f49743003,Active,2024-10-12T10:14:30.612108
27d60b4b2d856bee,Active,2024-07-13T18:14:29.058181
29e2c24140dc367f,Active,2025-04-12T12:00:21.475109
d2909e919aac4b5b,Active,2025-02-25T23:30:21.634302
dfb9cafbd7077454,Active,2024-05-24T02:40:32.837315
a99fa966978e042f,Suspended,2024-06-17T22:53:23.134457
656ba6d9c02c7770,Active,2024-04-29T03:28:10.807671
77b9aa52c8bdc681,Active,2025-01-26T22:12:38.156966
112cc42d1ca0a542,Active,2024-12-23T09:21:18.095247
90de744c16ad3ca6,Active,2024-12-28T04:28:18.149042
29edf7bf68354769,Active,2024-06-16T10:08:27.899613
2f9c9c7fdb9c3079,Active,2024-11-18T22:13:37.757127
1a90b5489ae23647,Active,2024-05-26T11:29:51.566666
63d58761b9466f3f,Active,2025-02-20T20:56:24.047368
b0bab663534c18fa,Active,2024-06-11T04:38:22.221989
d7a6fb11509229d9,Active,2025-01-16T22:20:39.459570
32a3f8c716aaffe0,Active,2024-12-24T20:37:18.172193
f1faa2ca697924a6,Active,2025-01-28T15:16:32.590895
47516d1acdbe33b6,Active,2024-10-01T06:04:35.222549
4fb050bc03d3b88f,Active,2024-11-05T12:42:10.525450
83d427264fe007ea,Active,2025-02-02T12:03:00.631015
a6baaeb5224f3034,Active,2024-11-08T07:06:31.800070
3700a48aa5fbe969,Active,2024-06-02T22:38:27.787009
b281fb92a18ca145,Active,2025-03-01T06:19:10.262414
69624d8faaa5ba92,Active,2025-04-11T05:41:13.728971
43a5efd756594d7a,Active,2025-03-26T11:48:24.071810
4ae7288bd257dac8,Active,2024-06-19T07:57:28.457891
b100be106300841a,Active,2025-01-09T04:06:41.059694
4e6d321f7e30302a,Active,2025-02-15T06:35:57.938035
8df6261f4dfe33a7,Suspended,2024-05-12T01:45:19.355824
04164dc2b1ffd7c3,Active,2025-04-12T21:24:50.019078
bbc33be178af2794,Active,2024-10-13T22:37:04.556424
c8c39ddac62f6fb5,Active,2024-04-29T03:00:58.359298
e731f69be9adcc4b,Active,2025-03-22T08:37:39.625437
6e1a67ddbef7f7ef,Active,2024-11-24T03:03:27.833684
fef98052464d6eb9,Active,2024-07-14T21:30:57.640159
775ecfcc60d450f3,Active,2024-08-27T04:06:31.958369
b7cff5f41f52be9c,Suspended,2024-11-27T15:41:19.101459
512376fd7feb1616,Active,2024-12-25T12:36:42.963235
c8c4a7c7df6d5dab,Active,2024-12-26T18:32:43.713663
47d0f55344918a34,Active,2024-12-29T11:28:36.971981
240500b18b9e1267,Active,2025-04-26T13:11:53.277238
28016483dbe6a8ee,Active,2024-11-02T22:53:32.225307
1bd94270786fdeb8,Active,2024-10-06T00:54:39.115733
a097472d1410cb8f,Active,2024-09-25T10:10:36.186755
9eddeb1c4cc9d065,Active,2025-03-05T14:39:20.705386
74030424232decba,Active,2024-08-20T19:43:28.691636
b00f04f990788b10,Active,2024-09-12T10:10:20.811675
ba9ed913d4585c79,Active,2024-09-28T03:21:41.034435
e822dfd3461b0b52,Active,2025-04-15T22:34:03.242373
1cbeb343fdf3f25d,Active,2024-05-08T12:25:45.885203
eead78b3d26a3734,Active,2024-08-05T08:36:48.532522
dada8dbc856b3921,Active,2024-10-11T19:12:44.493955
2222ae4f5ab4145a,Active,2024-12-23T04:48:52.544839
bbf4758d9c584d3d,Active,2024-06-29T02:19:52.044330
f7b95c7a9d23501a,Active,2025-03-30T23:58:25.192260
c7776ee157eee7e2,Active,2024-09-13T06:19:43.334806
7bee533ee6170a6c,Active,2024-07-08T08:34:07.549525
f8e2d58aee50a7a2,Active,2024-09-16T15:14:40.935185
137b51574f54d558,Active,2025-01-08T01:56:09.688038
9c17d0bd1972d801,Active,2025-04-08T07:45:03.028271
2b9f12fdb240dd05,Active,2025-03-14T10:05:34.348836
cdfc25a20ec4e387,Active,2024-09-24T18:36:46.526849
585f8eada68fb880,Active,2024-07-12T16:46:17.782215
b47a14ca5fe61681,Active,2025-04-06T19:19:54.785807
cb542cb7aa4a4b12,Active,2025-02-28T02:40:12.585915
ecf4b2f8d578ad64,Active,2025-01-24T08:36:19.480843
e384bb5b6d070e55,Active,2024-09-13T16:57:14.425253
f7a1e2c18d81ebce,Active,2024-10-24T09:13:30.303226
7eed53e29aa8bbeb,Active,2024-07-02T22:01:35.706099
bdfc5730b250cf10,Active,2025-02-16T08:07:36.097090
bf50c016c54c9484,Active,2024-11-16T03:05:15.632878
45a7229b5921862f,Active,2024-11-23T19:08:58.598122
5e302bdcbd2e006c,Active,2025-03-26T00:16:44.996280
17d559067c291618,Active,2024-11-26T13:43:17.850885
80f1afed68168684,Active,2025-03-17T21:46:32.280107
ab1df45c5877d3df,Active,2025-02-25T22:09:36.273330
a715f0740e5b9a86,Active,2024-12-09T09:50:40.910632
5d5f90fb36c53443,Active,2025-02-27T04:45:13.940117
5b653fa7d84be790,Active,2025-01-02T01:43:38.411847
b004d2f1eed92504,Active,2024-09-06T03:21:40.877829
0c822c1e435a0b1f,Active,2024-08-17T17:10:32.306145
8bbfeadc7676857d,Active,2024-11-25T18:58:33.644460
9fbe87a6a531fdc6,Active,2024-08-20T18:39:39.961628
ad14072edc9cf46f,Active,2024-10-02T17:17:46.643402
8cd53b025af16314,Active,2025-02-27T01:45:19.498646
36086fc5d8caa4d1,Active,2024-05-01T09:34:56.040313
3c26a1d0d813dd04,Active,2024-04-29T08:11:15.850456
c78526231f48d466,Active,2025-01-30T17:45:55.460907
6aa05af161ddc8bf,Active,2025-04-23T01:25:56.557810
67faaaad0366d1ef,Suspended,2024-08-13T20:20:18.073700
668b402d36ab27ca,Active,2024-10-25T07:41:23.348432
91542111f94745a5,Active,2024-05-15T22:14:10.413207
94bde57bad6d7c13,Active,2024-12-29T02:25:36.585196
e9906c532323509f,Active,2024-10-10T21:56:35.155971
43a08457f532ef57,Active,2024-07-15T17:43:06.927295
08acaa8a676a9456,Active,2025-01-12T18:01:22.957523
60695ae5b9762b2a,Active,2024-08-11T11:38:20.093496
6a8488b0f80ba7fc,Active,2024-05-14T19:19:09.856141
378be1b47f84fbde,Active,2025-04-16T06:02:53.360051
7fb630119b5a24ce,Active,2024-06-08T10:54:19.114403
c4f0e15011d2a966,Active,2025-01-11T14:42:42.462781
e67b0f34377d9811,Active,2024-12-21T10:09:43.032964
25d8ff491898bb4c,Active,2025-03-25T16:49:05.629191
443ccfd76a8a3863,Active,2025-04-15T09:01:24.478381
1245a06cb32e1a97,Active,2024-11-26T08:11:52.141980
ab5c309a5d7f2f47,Active,2024-05-11T16:16:30.951029
400078e3cca7cb72,Active,2024-09-09T23:24:12.909776
940cc3e32a0697d3,Active,2024-09-17T09:18:02.765404
720d3fa33496028b,Active,2025-01-29T19:39:08.687308
2ac8b74d268737f6,Active,2024-09-16T22:48:18.931879
567fd644ec164cb1,Active,2024-12-07T03:54:25.269535
9b5f1776a2a54846,Active,2024-08-24T18:29:49.389007
ecdad6fbb3455279,Active,2025-04-10T01:35:10.632771
4ab4817fe4e642c7,Active,2024-05-21T04:31:27.576782
9b4fd8169005713e,Active,2024-11-15T20:17:04.437102
b96b9d5c37d8f7d9,Active,2025-01-07T08:01:22.734587
2689b9368b471bbf,Active,2024-05-03T18:51:10.175855
a4e39f5801995e36,Active,2024-10-14T20:54:00.165657
2004c7303499c249,Active,2024-09-20T20:49:34.899152
11063436c3b82d23,Active,2025-01-03T13:40:44.667885
a777f960df74c8c2,Active,2024-10-27T18:51:48.809489
b114066231c8974e,Active,2025-01-18T16:34:35.762153
48e614c2db5b3f9d,Active,2025-03-20T01:16:35.089151
2ed3629412c77211,Active,2025-02-15T18:12:49.076824
d721e88a1c63805e,Active,2024-07-01T23:08:58.083208
0ab9b6d8d34e26bb,Active,2024-05-06T23:43:07.001571
002c0fe2a193e45b,Active,2024-05-11T02:42:53.391569
8a83e407c32723f2,Suspended,2025-02-14T09:49:30.098900
2dce4de17ed541c3,Active,2024-06-07T12:10:59.196944
9d1966e9df6f96c4,Active,2024-05-08T05:42:46.461609
b4954df012a5063f,Active,2024-12-14T03:54:39.538204
6ae6d370d515f81f,Active,2024-05-26T12:35:01.133414
09a1f0f05d543904,Active,2024-05-31T16:30:10.457008
b4696f7dc1cc4baa,Active,2025-02-13T08:08:02.164220
1a32dd605449df95,Active,2024-06-01T05:03:36.687605
796be23ebd14f4f5,Suspended,2024-10-14T08:06:24.408596
dc9ccdb8d7a0acc7,Suspended,2024-08-22T14:15:40.873970
afae549676e7e1d5,Active,2024-12-11T09:21:58.637315
1afce03138df68fe,Active,2025-02-28T08:52:59.010181
28a77c47431a037a,Active,2024-11-11T10:36:55.858824
70a42b4f5d3f4bb7,Active,2025-01-21T04:56:52.870234
407f18a3c192beef,Active,2024-11-05T17:23:12.195257
c6ceac501d4af02e,Active,2025-02-01T08:59:22.382380
1d59a560895475f2,Active,2024-09-24T13:08:06.416289
68fd3da70733380e,Active,2024-10-09T20:01:55.819965
b46e0ff876e83021,Active,2024-12-26T21:49:11.936375
8612ed7f1c0a40d1,Active,2025-01-29T07:10:41.646151
f6e6b5fa314f99f3,Suspended,2025-01-09T10:01:16.578593
9ec3e5ffc08e25fc,Active,2025-04-14T07:48:13.610986
37224cee4060a515,Active,2025-03-05T23:38:01.947997
627badef5150e332,Active,2024-08-08T13:21:01.279950
2d2b3e0c34c8cc7e,Active,2025-03-07T20:17:20.495891
a91838fc53623f6d,Active,2024-12-31T15:47:56.189306
9ef32e9e5259e659,Active,2024-12-13T06:28:18.262375
392bec38739b372a,Active,2024-07-11T04:16:10.596519
9c95dbdfce0baa95,Active,2024-06-18T23:10:02.293369
8f6ca604ca97c8a0,Active,2024-05-22T03:31:13.705887
3d4d0d74d7b7e0cf,Active,2024-10-03T14:50:44.931970
3897e678ddf04b8f,Active,2024-12-28T04:51:15.154752
c09b7e86600afbec,Active,2024-09-04T00:50:07.043946
5148f4d76d9acfb5,Active,2024-06-19T00:10:52.458053
3dbdfcdf72caa9bc,Active,2025-03-20T00:20:13.834749
7c89661d03661315,Active,2024-07-12T07:04:55.107530
6c1a678ac0d31c64,Active,2024-11-27T11:23:39.055619
6356b746bfdd5229,Active,2024-07-11T16:05:47.265092
7d0c173609fa2e26,Active,2024-07-25T14:42:46.104579
fde12bbfb361d309,Active,2025-01-31T18:27:45.819112
45911c5b6d9a842c,Active,2024-07-14T16:52:20.801548
f35a6df59217f1dd,Active,2024-09-19T00:26:02.017737
7fc3c17e226bb86b,Active,2025-04-18T10:28:46.769982
a799691c208ed2de,Active,2024-08-13T00:36:31.514082
46f226a1b020b9d7,Active,2024-09-02T03:15:00.541755
c8b050797a321874,Active,2024-08-22T07:50:34.239995
691a496e66fc5ea6,Active,2024-07-18T09:46:07.720268
faee197f7a3a9f02,Active,2024-07-30T15:44:23.594574
8a3b1adf54e720e0,Active,2024-06-22T02:18:55.209247
09a1f69cb2c2ce17,Active,2024-09-15T09:54:26.887827
0dc4e40b24bac710,Active,2025-01-02T11:05:54.063158
ad47292fd8628c3c,Active,2025-01-17T02:22:01.245317
bf2dd0aa73aabffa,Active,2025-01-10T17:53:02.188247
b8a49e1862053050,Active,2024-10-01T05:34:06.568106
97ce33b81303a48c,Active,2024-06-26T22:05:30.118777
d7aebffa39a1a41a,Active,2024-12-12T14:11:06.735011
41c70f1afe3a1db2,Active,2024-06-15T13:25:37.822556
4fdcfa33bfbe5453,Active,2024-12-31T08:28:49.784331
199f1e7dc1bae7ce,Active,2024-07-17T23:26:58.363813
3ba0236463c719c0,Active,2024-08-25T11:57:20.092788
4ae165b7cc254144,Active,2024-12-19T20:06:57.443335
bd50df4eef7323a6,Active,2024-06-11T21:48:35.916378
e9f83f531e813e81,Active,2024-11-23T06:00:03.431513
9e58d8f880cb65ba,Active,2024-12-03T23:12:15.516625
68f3370f554087ec,Active,2024-09-30T00:37:51.013528
ba6effbffd8501c0,Active,2024-07-01T10:05:59.723768
cd81311663b901db,Active,2024-09-13T04:51:50.377094
888057be469788a5,Active,2024-07-24T04:41:51.157885
3df04dcbc550c5a6,Active,2024-10-04T05:18:27.297844
d4c7825a25b0a127,Active,2024-10-01T08:51:34.713156
874e141f213aa9d1,Active,2025-02-03T03:16:59.263632
bfcc62ea9bb6f42b,Active,2024-07-26T11:38:49.675685
289bdf198c54ece0,Active,2025-01-23T04:19:25.981643
70401aaf45461270,Active,2024-11-01T21:02:31.609375
0b975301a186e77f,Active,2024-05-29T21:28:18.245339
7ca18ee17df6851a,Active,2024-10-28T23:02:11.580899
86282d2f4a2b28f2,Active,2024-07-09T06:23:10.562533
8548edba0ffe1eed,Active,2024-09-30T19:21:16.057487
b0059bf4551819bf,Active,2024-12-03T01:07:35.900144
36a0163bf034761e,Active,2024-07-13T10:09:57.769677
e3f0177f7967ecfc,Active,2024-10-10T11:51:03.573257
6ed827319ffc6bc5,Active,2024-12-23T15:49:00.954712
0f40a64479e1e366,Active,2024-08-31T08:48:16.422018
d4bd0c7d21c3ef94,Active,2024-11-10T22:08:44.501735
ea0425fcee3ac22b,Active,2024-12-31T22:45:20.074501
8f4bcb45cce5fdde,Active,2024-09-11T04:33:30.542568
7c2c72b03348c7a5,Active,2024-11-26T13:57:02.350777
3be9f8fa5a5ff6af,Active,2024-07-29T00:53:22.118593
8ea7ac634a04028d,Active,2024-07-15T15:21:00.678025
ea1edad84230eff9,Active,2024-06-30T02:15:35.087064
d21fe38973920038,Active,2024-11-13T04:35:05.182550
d970262c71e2dd6c,Active,2025-02-28T21:53:46.291677
4ebb5c6c7c777458,Active,2024-11-20T02:20:48.835467
9d9c3ea68479d0df,Active,2025-01-13T15:33:09.527739
b187eb57c29015f2,Active,2024-10-26T15:17:36.485942
fd5640ccf3e8f3b1,Active,2024-07-29T20:52:28.279585
4a99edb503032f15,Active,2024-11-21T12:09:47.701593
f6d46560c977e3e0,Active,2024-07-22T15:41:02.960564
18368888ef974a37,Active,2025-04-06T02:49:30.792785
254087dce449c7fc,Active,2024-05-27T14:40:38.187240
80901a5b11e44ae4,Active,2024-09-24T05:32:48.186241
d1c050499ff264c1,Active,2024-09-29T20:20:09.883184
663e7411ea657916,Active,2024-07-16T06:03:48.505570
ac20881b6183bc15,Active,2024-08-04T23:02:39.308614
88ad25368b9ea688,Active,2024-08-27T19:57:10.660460
b3327604c4d2d672,Active,2024-07-15T03:41:47.335670
eac31c7e6e1e53a2,Active,2024-09-13T10:21:11.037006
d9b6e435e593de61,Active,2024-12-06T12:25:48.311346
723fa92d391cd09a,Active,2024-09-15T16:36:06.147652
f9c8669bd1e17de0,Active,2025-03-12T00:47:13.290712
fd9e2ddcc65a9792,Active,2024-11-09T09:04:45.855417
f1d29921d132a185,Active,2024-12-30T16:47:53.729192
5a8e651da7e20943,Active,2024-11-21T16:35:12.402121
31cc7fdf3428a599,Active,2025-04-05T22:33:54.266183
35f3c368d99d2f29,Active,2024-12-11T11:36:38.872787
94eea73b88175659,Active,2024-12-18T13:23:09.419066
d85404c9320a92e8,Active,2024-11-25T14:18:49.767664
68ae26553c835f76,Active,2024-06-04T16:08:22.714570
8e8cd32b8f99dbcf,Active,2024-07-04T07:11:22.471604
ec1f82032d977311,Active,2025-03-13T01:16:03.665039
cec8a5fdd51695b4,Active,2024-10-02T19:44:17.532497
3cb85b1ad6c1bb28,Active,2024-08-18T05:42:13.087512
f92ffdabdabeceb4,Active,2024-07-07T00:10:22.302421
5160d0f893e9b763,Active,2025-04-09T16:17:03.761801
dfd56c64c6ca2105,Active,2024-12-25T09:35:30.278262
881e373a3f6caabc,Active,2024-07-13T22:51:52.517308
ca9d74ac9666631f,Active,2025-01-17T11:56:46.114309
3367f51526d8c4a8,Active,2024-08-16T00:50:02.329410
37c067a331af6d8d,Active,2025-04-16T19:56:27.522810
96c8f36e53d0f8a6,Active,2024-10-28T19:23:34.187272
d694bb5dca49aa87,Active,2024-10-19T17:54:47.037428
027b386709effe66,Active,2024-11-25T08:53:29.837336
91afceb1a9293556,Active,2024-05-02T15:09:21.229071
997fc822d13f8b04,Active,2024-06-30T12:53:30.106230
6ae27ee7c21d8e19,Active,2025-01-09T15:41:08.056676
40ce490e0a87321f,Active,2025-04-11T17:50:58.767459
95848d4355e3a9fa,Active,2024-06-21T19:48:22.849731
ef4b7e31074fe525,Active,2025-03-20T01:46:43.611933
251ba6dd4adc4caa,Active,2024-09-15T14:12:54.365097
55671f79693b6410,Active,2024-11-15T13:22:22.509767
fd44aefb5b3aa797,Active,2024-05-21T12:49:00.659087
73707a09a93f7b3b,Active,2025-01-14T03:24:15.760949
db138844c5059afe,Active,2024-08-30T17:28:44.262976
cca3bcb5e113d1af,Active,2025-02-10T00:00:04.013816
ddec85b193025fc9,Active,2025-03-04T00:56:24.444781
917d1fac92d031f3,Active,2024-09-05T04:34:40.309265
03eb31dca95a2a5c,Active,2024-11-22T01:41:48.217498
9626f6a136883a3f,Active,2025-04-02T23:39:10.267522
c8046dff74832d1c,Active,2024-07-31T10:40:14.311954
701eecb9a2e930a9,Active,2024-09-09T13:57:41.824187
5a7b3d7b609b3a6f,Active,2025-02-25T11:53:19.438463
89007fbd2cb4404f,Active,2024-11-03T17:06:25.543756
4592b8d56896668c,Active,2024-12-17T11:41:50.868921
031395f98eae83fd,Active,2024-06-29T06:12:39.188816
4e55a570042c0891,Active,2024-10-16T16:06:39.775291
e4f791685d92ab3a,Active,2024-11-21T16:15:23.084137
6b4f05d057c1c109,Active,2025-01-03T23:39:31.803780
9f9cf0279bd6377d,Active,2024-11-13T00:55:32.386909
d7ddf0fb734c675b,Active,2024-10-20T03:12:38.329358
f1df2f07c60012c3,Active,2024-11-27T11:38:34.623523
3e2848c6e2281330,Active,2024-07-26T00:47:19.653999
c678640f22a1c9a3,Active,2025-04-07T03:26:53.554917
2ecbba4575471997,Active,2024-10-15T08:09:27.576430
03d242cb62dee22f,Active,2025-04-24T15:41:22.303848
fb551069f47083f7,Active,2024-07-29T22:01:18.953183
3ea3242ce3b2dc7a,Active,2025-04-01T09:26:54.780013
897908a14c5548aa,Active,2024-07-05T19:34:57.676129
171939e13ab24560,Active,2024-08-31T14:47:28.778382
69fcdabf0cd170ac,Active,2024-07-07T05:29:47.519922
afd10863f8f90890,Active,2024-11-05T11:25:07.960335
17704d89cd9ec285,Active,2024-10-10T02:39:29.908931
f35ffab9ef702fe9,Active,2025-02-04T05:38:02.254323
c3b140a8ee2648bc,Active,2024-05-30T15:59:41.482791
9a01c55b6bbd993d,Active,2024-07-13T04:56:21.889291
6fc07f3f6c2337cb,Active,2025-01-15T08:56:17.867339
1cd306b2005957ab,Active,2025-01-28T04:23:42.786083
a8091ac3d1850591,Active,2024-09-10T11:05:45.107920
da79792f4c5caa7d,Active,2024-10-07T01:16:37.773613
d03d04f73997741b,Active,2024-12-14T08:35:40.066225
c361824c45899d7c,Active,2025-03-17T22:42:05.149695
8f0c3517cedf8f07,Active,2024-11-08T15:47:59.633911
bd9182b150ef6bbb,Active,2024-05-11T13:01:16.342170
fbcf252877817fda,Active,2025-03-02T20:50:35.773170
cde7496a491762ff,Active,2024-11-06T21:10:36.996837
37a3f70ec4856e6f,Active,2025-04-09T13:37:49.082445
435757f6c46670c6,Active,2024-12-05T23:36:55.157489
60b6aff2863414ff,Active,2024-11-27T09:47:10.058527
021f248d14e69c67,Active,2025-01-07T00:46:18.911558
5ee5c8a29adfdbaf,Active,2024-10-29T21:52:33.137436
f275d39dfc378094,Active,2025-03-21T16:14:57.238277
db0047687cb3cc05,Active,2024-08-03T00:52:58.241777
617274e02188db8c,Active,2024-10-19T01:54:22.841273
5d0c3229120bfc10,Active,2025-02-11T18:02:22.412655
329e8f6da7fe55bd,Active,2024-08-13T11:44:49.153863
0449b464d585e97c,Active,2025-02-06T22:50:19.800031
4c76bd50c6a04957,Active,2024-11-11T05:48:06.303839
ef3d3387786cc404,Active,2024-10-27T00:14:55.963170
bc0b379b3c86639d,Active,2025-02-02T04:58:16.727866
336883a60388505b,Active,2024-11-04T12:52:21.082682
e80a527a34107e01,Active,2024-08-06T05:44:10.989168
19c6cfc90c05c6cc,Active,2024-09-29T02:27:17.017205
79621c2b54ea464f,Active,2025-03-30T23:53:48.128631
152d6e076b71ed17,Active,2024-08-28T20:49:08.315124
c9a29cd9de9ddcd7,Active,2024-05-16T05:29:53.387836
2765549daf96561d,Active,2024-05-26T03:05:48.495649
bec79692340bb37a,Active,2024-09-22T12:32:56.361355
9d45eb7f643642dc,Active,2025-02-03T07:55:00.279972
ab1d4560eab5aacb,Active,2024-07-30T20:31:37.089408
b17324e1042a8341,Active,2024-10-17T14:31:45.030552
772bb846fda2f1e0,Active,2024-07-20T10:04:10.350676
0dc418e091aeade2,Active,2024-11-13T12:13:55.707426
302b2484155cac7f,Active,2024-11-29T20:10:15.246113
30759dd6477bfb90,Active,2024-06-22T09:43:51.459925
06b108275cad612f,Active,2025-02-27T20:37:57.094656
b7864904ab5e8aff,Active,2025-01-26T03:32:16.026658
9783bb1ffb4a6ed8,Active,2024-08-11T06:34:17.341048
7db8f079d90acc23,Active,2025-04-28T19:22:22.680526
af6c7948c02d4a38,Active,2025-01-10T02:01:41.453467
df496a66b2b238b6,Active,2024-05-04T14:51:42.639656
b39d7d2200b43a80,Active,2024-07-09T20:08:30.384790
7902098e82c362c3,Active,2024-09-08T15:10:53.450605
09d8110f131967a5,Active,2024-08-16T06:27:42.240072
1ecc71ca75b7df13,Closed,2025-03-23T00:31:21.650097
3dd80f59070aa263,Active,2025-02-28T23:48:29.142492
63e0f3810b45b2df,Active,2025-02-05T01:05:28.937705
3cdad6e948bb4e33,Active,2025-01-25T06:10:27.137947
845e3159d313f8a7,Active,2025-01-28T18:23:57.386299
844b72aea9f9c254,Active,2024-08-26T08:13:19.867969
7911ea3ea574f5fd,Suspended,2024-08-21T08:12:22.961385
58e2555b4082592a,Active,2024-05-13T18:37:40.997170
ea70278406861b22,Active,2025-04-11T11:01:56.707956
386d5e5aa04fa996,Active,2024-10-23T20:45:11.763903
3bb7aadb24d17d6f,Active,2025-01-21T07:39:09.828238
6f487a0630c44f4b,Active,2024-09-06T08:02:42.063948
162d69cb6deca1e3,Active,2024-10-20T21:40:15.832637
47e0a3d1e5f66007,Active,2025-01-23T03:03:21.457748
74a476d7aa62595a,Active,2025-03-04T21:58:37.357078
9b54de2c16e90672,Active,2024-12-17T16:13:12.140480
e589d2260ec80f98,Active,2024-10-01T00:35:50.930169
17d86c46cca42739,Active,2024-10-14T07:37:41.088222
2f6231390f990f3a,Active,2025-02-16T11:13:12.638524
62b6efdfd7a852b7,Active,2024-08-26T17:51:18.727979
fa8bf75efd4754d1,Active,2024-08-12T23:25:21.004915
62588733d98197ad,Active,2025-01-04T23:45:05.056412
5208ded42fd168e5,Active,2024-05-31T19:02:24.184890
f7d4388013d40d3f,Active,2025-02-27T02:18:03.066648
e3203413d8aa7b6b,Active,2024-10-25T04:06:43.328120
cabecfc5a4aec0f0,Active,2024-05-06T13:00:42.620537
86f9440a525f01db,Active,2025-02-10T11:29:26.825498
a92e93d18ad02d59,Active,2024-10-28T22:16:28.111140
12c75767a4d80aa2,Active,2024-07-07T01:53:59.445978
06b3d2536b077a62,Active,2025-04-14T03:36:00.014796
3cfa6652e2f5c6d9,Suspended,2024-06-08T17:13:46.359512
75bfb2ccb6e46c03,Active,2025-03-10T07:47:54.523760
06db6ce5fb6a89ce,Active,2024-07-14T22:25:03.047523
13cf0f1d04ea2e38,Active,2025-03-12T12:29:50.986384
f8b3042930eb9dc9,Active,2025-03-01T13:15:53.204987
f24382a55f1835c7,Active,2024-07-27T12:17:27.156545
d08aee6e8ca6244e,Active,2025-01-18T15:35:02.481529
075692c84a80182d,Active,2024-10-18T05:07:04.646450
e7b6bdf2fec50b26,Active,2024-07-03T11:36:46.068344
fe791eee404066a5,Active,2024-10-24T10:29:14.749222
42b8f83fee196dea,Active,2024-10-14T08:52:06.648156
ab52828f521a1fac,Active,2025-01-26T02:55:52.095083
64257c1d01dd6925,Active,2025-01-29T05:20:51.875649
227688fa49e38561,Active,2024-05-05T03:50:34.994467
0fee438b7ba4620f,Active,2024-08-20T06:42:03.267904
f10697dacf0f2a10,Active,2024-11-26T18:22:39.653699
5dd707416cc7d700,Active,2024-11-30T01:50:06.565533
bd60773cb10cf12c,Active,2024-07-08T18:52:40.366758
d0ef6afe4e13f8db,Active,2024-10-06T04:07:49.724921
630f482776051625,Active,2024-05-24T19:13:18.442832
d5e4833d1fa40d30,Active,2025-01-27T03:49:37.624838
b98c341a604b8df5,Active,2025-04-24T09:59:38.442816
888afee381d1c985,Active,2024-11-25T22:11:14.846367
e8964908a282382f,Active,2025-02-12T14:16:05.879447
b97bb1f590d59718,Active,2025-04-24T04:55:55.501147
a607ec22c11f064b,Suspended,2025-01-17T22:57:16.870110
35f811e59fd1cd63,Active,2024-05-17T22:09:17.528542
e63da5eefcc8aac6,Active,2024-08-02T13:59:03.703100
e27f9b94e7ccf31e,Active,2024-06-24T21:21:22.107075
eeca75b8df1cf1d7,Active,2024-12-23T01:45:00.757589
45f97721d4d9a832,Active,2025-04-24T06:47:50.803504
9ce1e0eb22e4cdad,Active,2024-10-26T00:08:11.088975
319f3f57a6f804a3,Active,2024-06-11T08:22:31.838143
d35cb976334de2a4,Active,2025-02-05T05:56:38.770565
2d125cb9c2529cd2,Active,2025-02-17T07:49:28.060809
9b8d103820f8b574,Active,2024-09-07T13:51:54.810003
9f09d967bf84293a,Active,2024-08-30T10:46:28.661891
3ce781a66a0577ff,Active,2025-01-30T06:55:24.849694
aab42ca3f0778f79,Active,2024-05-14T10:40:28.890687
146d664081c69428,Active,2025-04-23T02:52:43.332197
42667bcd825206dd,Active,2025-04-17T09:07:58.531240
1270ece1f25e83ce,Active,2024-05-10T06:37:59.919023
439e640a1ab85fb3,Active,2024-10-21T11:57:53.698384
a36b41dc506a14c8,Active,2024-08-15T09:20:01.333007
60dc9335f73ff538,Suspended,2024-08-10T02:13:51.235176
f4d3f8f805ba6714,Suspended,2024-05-20T23:34:30.080454
5f190de204d3b837,Active,2024-10-27T23:46:15.843266
be7a0714950e4d57,Active,2024-05-16T02:39:26.681191
ff11ed0541d50300,Active,2025-02-08T01:37:17.069530
388e9adb63f89d70,Active,2024-07-21T18:41:56.031852
5c092adfe2960b75,Active,2025-02-08T04:36:49.036553
641a091b28b18a91,Active,2024-09-09T03:33:27.681737
51b4c9e59a4abe34,Active,2025-03-23T20:59:17.596606
422da8089576d186,Active,2024-08-18T21:45:48.621790
2d0b58c3be0831f5,Active,2024-05-22T17:15:43.005558
7db9186eccf1f452,Active,2025-02-21T10:24:58.412981
ee706ffaf35b4693,Active,2024-07-28T13:02:17.046719
f4675526d2aa0247,Active,2025-02-13T23:29:26.048388
1484a29d48681a69,Active,2024-07-17T04:48:35.563525
9d37d683f75c60a8,Active,2024-12-09T17:17:01.766923
ea13b4d4b4ed3b9e,Active,2024-07-16T02:35:25.102263
2401a51d679e13d5,Active,2024-10-20T01:08:36.148065
9289d02c2907c4ef,Active,2025-01-10T02:30:23.946102
ab2264376b9a7dcb,Active,2024-05-07T20:23:58.224522
0a5485ea5c2b1a75,Active,2024-05-02T02:02:44.516296
8ce97b47a8e0bcb2,Active,2024-10-22T13:55:31.080344
c77d762d1f509877,Active,2024-07-03T14:33:47.610780
ade71d87a776bdb2,Active,2024-07-02T04:41:49.666056
e1c42ea6e1d2f3f9,Active,2024-11-04T08:55:18.915181
3635db344d82062c,Active,2024-06-21T13:37:54.848171
3766b07016e99d56,Active,2024-11-01T05:56:06.938073
3109a5f0fc86ee63,Active,2024-10-16T14:41:15.798975
3d2f0afc52567563,Active,2024-06-02T14:19:51.710780
b1d6ec6d07d46bf4,Active,2025-02-20T02:08:39.149576
7d1d6b1e3859a1e7,Active,2024-08-28T17:26:09.945170
5df2e6e22f4152b0,Active,2024-08-05T01:50:52.052245
b530cf3ec5e454d2,Active,2025-01-11T17:26:42.583150
b483f77a99b96040,Active,2024-06-25T13:33:57.054826
67180bc7cc306b24,Active,2025-02-06T21:44:38.239264
3235eb9a5efcc648,Active,2024-10-12T15:20:53.078048
c0a452dd05c4da41,Active,2025-03-08T14:50:29.849946
9624c8226ac25cfe,Active,2025-04-10T21:46:31.036435
832f5e0171f115bd,Active,2025-02-07T09:18:58.368200
d95bf87dddd7b28e,Active,2024-09-06T09:51:49.455546
4bfd9948049ac49d,Active,2025-02-05T20:53:10.011987
b67231d7594a36a5,Active,2025-02-07T15:45:28.372989
08b33043476dfa06,Active,2024-10-23T09:53:56.087409
afd04f825a15d3aa,Active,2025-01-09T16:36:59.568079
df338da879c6f0c3,Active,2024-09-23T14:19:45.971319
fe61afc92cc70e09,Active,2024-12-14T07:27:58.025146
ad9bc79340595a2f,Active,2024-05-21T13:11:04.914125
8f23bcced8d72d9d,Active,2024-10-17T21:48:35.115782
543ac065e5f90277,Active,2024-07-05T03:46:25.206432
3b8ec49d3c540c6d,Active,2024-09-26T11:38:28.461756
7e0b40ef876a9b72,Active,2025-02-06T12:26:07.813220
09da6512e88ec690,Active,2025-01-20T15:13:44.723057
b3961d92c86626f7,Active,2025-02-09T17:34:03.538619
b9d1b5e10b5487be,Active,2024-06-15T03:12:55.217713
6b2809bbd34da1f8,Active,2024-07-13T10:13:26.243374
97899d2c0372e8a4,Active,2025-01-18T21:26:03.231420
e6b28b8806637cd2,Active,2024-06-17T14:45:50.562076
16f0138a1111880b,Active,2024-05-05T16:30:56.923824
4ebe149ad5a1132c,Active,2025-03-27T15:40:37.426309
9c684b745d73bf55,Active,2025-04-26T20:04:46.524236
a08056470c5d307c,Active,2024-12-22T01:10:11.728300
95a6735834e875cb,Active,2025-03-04T04:15:02.054659
690825d6b409ba13,Active,2025-04-03T08:22:06.537022
140cbabe341d2289,Active,2024-06-26T14:19:04.554201
f81f0dd8a8e08312,Active,2025-04-17T22:14:52.959372
d1a2ba21116e689c,Active,2025-03-21T07:26:44.974850
f633c275584d6f55,Active,2024-12-28T00:55:47.567073
ab68b6d23d0beba3,Active,2024-10-23T01:23:04.603422
4c8974e8a6505524,Active,2024-11-15T13:38:46.110062
0286e316346ffe8c,Active,2024-08-20T22:56:14.303449
8ca5b358185dc72b,Active,2024-12-18T16:56:19.177585
713f14159c0349d2,Active,2024-09-16T21:21:23.765597
ef6b44a9c78af9ad,Active,2024-12-07T20:30:37.715691
1315287eadd1b2da,Active,2025-04-21T00:38:42.301410
1e1e923b275ac24f,Active,2025-04-13T07:04:30.818652
d1ce4837f3d0a0a0,Active,2025-04-11T05:18:11.155504
e85c71db7d2b7e4b,Active,2025-04-26T22:41:02.895236
039bc6714f380410,Active,2024-11-22T12:12:37.597492
32e1f3994011d644,Active,2024-07-11T14:15:55.267137
f0a2c620b221888d,Active,2024-05-24T14:32:41.246053
840759d03e62d166,Active,2025-01-05T13:48:10.940785
d6cba4a1c6f62f86,Active,2024-11-16T05:20:38.937681
cc50d691b802790c,Active,2024-09-13T10:38:59.852894
d630361e2888d9a3,Active,2024-12-24T07:42:31.634590
2fab8da953c924b3,Active,2024-08-23T04:40:10.866920
723d2c29857e266b,Active,2025-04-25T10:49:37.120415
0550c2955aafc341,Active,2024-09-01T18:45:44.742807
11625eb409286ae6,Active,2024-12-01T13:09:40.432765
15ded06eaf9550f4,Active,2024-06-04T07:06:23.552282
c15fa2c5554ac251,Active,2024-11-12T08:12:03.048671
f348c0ee544a259b,Active,2025-03-29T14:49:19.716775
ccc1b47a50f161e1,Active,2024-10-08T12:43:16.069216
d8a2dcb0d084cad4,Active,2025-01-08T11:34:26.924274
15027e0d8de637cb,Active,2024-09-27T14:45:20.299793
5d54ea44fdc7e176,Active,2024-12-03T13:31:42.549157
1a9fa4d897be12f5,Active,2025-02-04T15:49:00.719823
bab18e33fda39e37,Suspended,2024-05-10T11:50:06.454536
e42098a994bc7974,Active,2024-06-26T11:31:07.210629
70bcd2ec53c03a24,Active,2025-02-27T12:20:59.276978
31e555d53481b0b9,Active,2024-12-03T13:22:12.288216
6a4a200296f478f5,Active,2025-01-14T00:05:19.330224
88eb2f00a810cf3c,Active,2024-08-29T15:25:31.406089
4d30bc6230d535bd,Active,2024-07-23T07:48:01.812377
7b2f57b122d57bb9,Active,2024-06-08T11:39:42.125742
901fe84ad0b178a2,Active,2024-06-07T22:57:59.240135
b82c104207c7c1f2,Active,2024-06-17T20:01:59.209615
82e97bb818a1a9dd,Active,2024-11-18T21:39:54.805797
8853a6ded59f41d2,Suspended,2025-04-16T17:37:19.982621
333a859aa352307a,Active,2024-05-06T07:54:31.530076
fb76d09e9d883bcd,Active,2024-06-09T02:14:47.807818
f0df37701b0e6689,Suspended,2024-08-17T12:38:56.114719
6efb40cbfc6aca68,Active,2024-06-27T15:23:05.022552
195886e661c127bd,Active,2024-07-13T15:53:06.347828
f5a98d54f0c2757f,Active,2024-08-12T20:07:50.602185
9695fea5a7b34f2c,Active,2024-12-16T19:42:27.201200
f1260a8b0f36b59e,Active,2024-10-13T06:35:03.556148
09116e263b46b79c,Active,2024-07-14T18:00:08.685565
32ca60652295a03d,Active,2024-12-10T06:35:27.321925
c7e807a0aea4d8a5,Active,2025-02-05T06:56:16.402585
31d044722fdb548d,Active,2024-08-21T01:40:45.899596
dfdae7dd9402456c,Active,2024-07-08T03:00:59.741345
45c2ee2abf34a877,Active,2024-07-20T12:53:22.863740
a083f2408b0b5e23,Active,2024-12-21T05:27:57.736547
c6d41e79c326bd88,Active,2024-07-30T05:34:16.531626
533f8c2afe55e48d,Active,2024-09-29T16:38:54.338190
d209d1f537760bf6,Active,2025-04-14T15:32:21.307853
16ac29b4aa38e2b8,Active,2024-10-20T04:40:42.025272
fe105c648ac7b396,Active,2024-08-06T21:41:53.264614
519392d13dfb1fb7,Active,2025-03-07T11:42:10.297961
ba3332608ee94cc6,Active,2024-12-02T19:20:08.630307
256d1c9bb495f1e1,Active,2025-01-22T00:33:18.069728
9815f259a30a0b87,Active,2024-09-03T01:48:40.916805
f54c4adf39307035,Active,2024-12-21T11:47:06.829960
6d4dcd8530295c25,Active,2024-06-26T08:06:26.700329
5f0fb6f84baac725,Active,2025-03-07T04:20:56.314151
c30fdaa669e1d0ff,Active,2024-08-29T23:46:25.626883
c58583a7011e7153,Active,2024-08-05T00:54:51.407851
f2ffcbc60d681b21,Active,2025-04-05T21:30:26.655200
3a777c8f73c2b545,Active,2024-09-01T10:35:33.729086
bbd853d986455345,Active,2024-09-03T02:15:40.345083
becdda54b5d02bcb,Active,2024-10-24T10:15:08.997946
c2a9261d6605e45f,Active,2024-08-11T03:41:09.550297
ade75c11b440f28a,Active,2024-11-21T23:44:59.008010
5abbc4518b5254ef,Active,2024-11-04T00:34:34.268736
a9c10aed1f8ce3e6,Active,2025-03-28T03:21:25.366780
3865483039f23608,Active,2024-05-21T12:04:35.922318
ec35b3cadc154f9e,Active,2024-09-09T00:31:19.965693
7c327df757854376,Active,2024-06-25T12:27:00.644536
cd3943294836a2a4,Active,2024-09-28T03:55:29.713837
c26006e0a3ac635a,Active,2025-03-04T09:23:32.602580
7b23370d4d5714b4,Active,2024-05-03T08:48:56.887893
91b7f0397b7e5292,Active,2025-02-26T18:02:45.879022
457d24ab4621afa3,Active,2024-07-16T21:53:57.702548
18c99c6f30240dc5,Active,2024-08-06T13:49:18.664975
869d0132fcee11c5,Active,2024-09-15T13:51:00.081255
7987fe7b805d9fe8,Active,2025-01-30T08:44:56.398033
1ad689e3bc71d9a6,Active,2025-04-05T07:01:18.343308
e28ba6a14d4042bb,Active,2024-12-25T12:43:53.316335
ad8cb81d1d405196,Active,2024-09-28T09:05:20.498286
f81f243dc39072fe,Active,2025-01-04T17:19:54.432058
bc7e40d66ff0bfd7,Active,2024-05-03T16:09:17.490797
235dab3d5a739b08,Active,2024-07-02T19:33:35.795292
93e7936c9d81fa1e,Active,2024-10-01T10:50:51.126951
07d0f365cf7a3b8b,Active,2025-04-03T02:24:41.698744
13d3fb3ca8157c12,Active,2024-07-06T11:18:21.034343
4a7992b36df15b20,Active,2024-05-30T00:35:54.861250
7899ce662759659f,Active,2025-03-17T16:45:07.130953
b50b035a0b577c94,Active,2025-01-03T10:55:46.910541
265577af126b18a6,Active,2025-04-27T21:16:19.396747
d836d3160105da07,Active,2025-02-25T21:09:06.950926
8c7f09db2011d56c,Active,2025-03-15T14:45:29.648911
a05e7657aad0080f,Active,2024-08-18T10:24:31.581152
f5f6370a41dd81ca,Active,2024-05-24T08:41:58.754286
1b4afd867ef8e459,Active,2025-03-19T18:39:25.829745
8627303587015edd,Active,2025-03-13T06:08:57.094259
30587513487eef5f,Active,2025-04-11T05:10:36.498461
81b218baadfac7ce,Active,2024-06-09T12:25:59.321971
c07d22ae60bf694a,Active,2024-08-05T18:54:32.034260
2ee0f21df39a9fb6,Active,2025-03-16T12:50:05.083419
6e8a4dea569e2eea,Active,2024-05-25T06:25:42.190538
29b76b4f5cd026b3,Active,2024-05-03T17:00:00.922269
d8d7fa255d8fcb82,Active,2024-08-23T09:09:11.545169
15ab4fefa72e14ae,Active,2024-05-29T17:08:47.088355
5c59eac44134e014,Active,2024-12-11T01:03:40.177253
c93ad3a78e9d8be6,Active,2025-03-20T00:40:23.017320
fc7077cf7046539b,Active,2025-03-24T19:18:48.472190
fc7ed6f13bf988e4,Active,2024-07-19T15:14:46.801360
759a3e5cfa8f2796,Active,2025-03-12T10:38:41.905904
bc3a217e76c83089,Active,2024-10-21T23:02:23.639347
b18575b9ea86fa65,Active,2024-10-13T20:31:16.808750
d162475a5ca52ee7,Active,2024-06-05T08:52:12.616044
f3f6c8d663a4e93a,Active,2025-03-13T02:57:00.973379
08f76ab0262a5ed7,Active,2024-10-30T22:29:35.098594
e82ba51a8b6c70fa,Active,2025-01-13T08:47:22.508662
5ab7ede71bd76c4d,Active,2025-01-28T20:58:32.696790
69b55f301f0a373a,Active,2025-02-27T01:54:56.382313
a8bf99a2dc842d88,Active,2025-01-26T07:01:13.455460
b06ed8876a6f7219,Active,2025-02-02T22:38:46.810271
09c807225e2b76ad,Active,2024-12-25T11:14:51.355498
7f89b945d276d64a,Active,2024-10-24T05:06:02.078883
2e0ca7dfea82dca3,Active,2025-03-02T08:45:49.571937
27c76cc22291e4b6,Active,2024-11-18T12:31:06.865596
6d920239c6574591,Active,2024-12-09T03:17:30.522980
74f6b54794c30f8f,Active,2024-07-20T18:13:00.843020
cff7e888f078ce2a,Active,2024-11-04T07:51:11.240918
9cccf77860790616,Active,2024-11-25T16:47:56.888705
169f6630c02054f8,Active,2025-01-17T15:13:14.376842
99d128fdce66d354,Active,2025-03-27T11:26:08.818644
2aa63a8b4a29dfe5,Active,2025-01-12T02:10:11.650652
eb0537334c41faff,Active,2024-06-07T01:21:53.572377
83110a1b36c1b39b,Active,2025-04-12T13:26:16.314928
cb7c7a36c287e3c2,Active,2024-10-08T14:37:37.040155
9f6f46ed31d68020,Active,2024-07-03T22:19:36.756774
e08397f60e3e033d,Closed,2024-12-23T07:35:27.396510
ddb8dd94cb77288e,Active,2025-02-01T06:20:14.121283
9956947043d70276,Active,2025-01-18T07:56:59.729702
13623a20842dae37,Active,2024-08-14T03:19:56.991899
9094dc52e0612dd7,Active,2024-09-17T18:18:31.012666
0643df51c6019304,Active,2024-07-22T18:27:19.995388
f7b59d3d3fab930a,Active,2024-06-26T08:59:30.828184
07f0abfdaf1cce58,Active,2025-03-07T04:12:04.073095
0d2b6f1ef49f10bb,Active,2025-02-04T11:29:46.762917
78b5eec8bd750396,Active,2024-08-06T03:19:24.547649
4cd0b013d3b92835,Closed,2025-04-11T05:14:23.817126
a7ba6ef08d74fda3,Active,2024-12-18T16:27:39.366804
1e2c9de2f55d007d,Active,2024-12-16T00:57:57.491563
7686aa5792ddb94e,Closed,2025-01-25T23:37:14.943665
eb3e8c3ea0f03de5,Active,2025-01-05T14:57:20.994474
164d0aefeb7608ea,Active,2024-11-23T22:49:04.038505
ad766052866c4eed,Active,2024-12-04T18:35:06.362316
d249108476acf291,Active,2025-02-05T23:13:38.349024
38bd8a31159fe506,Active,2024-11-22T01:00:49.086878
8ad8a6c48eb34a24,Active,2025-04-17T18:27:27.285778
bf0c76d80a41d756,Active,2024-12-16T04:50:19.087231
b5947aefaead3e05,Active,2024-07-17T20:23:43.349475
f1ae4a2ad638d415,Active,2025-03-17T13:00:09.670813
32c465dd43335b96,Active,2024-10-29T00:20:28.572461
c7f593ad9f0f6fe3,Active,2024-12-22T07:07:38.496090
e0471df322527f8b,Active,2025-02-28T19:38:10.647047
474e18a2a39b0e25,Active,2024-08-17T13:54:10.805030
ba9874921e00611e,Active,2024-10-16T05:42:50.911548
85a71ef119b167b3,Active,2024-05-20T07:21:56.509362
cb74c055b453a3f8,Active,2024-11-30T01:32:09.702590
6a0a2a6ac6bbf78c,Active,2024-11-07T15:44:35.677595
3cd13d8948651b47,Active,2024-11-17T04:37:47.132525
db2b39c6dbb17a59,Active,2024-11-26T08:27:48.869838
4897e29246ef6fe0,Active,2024-10-12T09:13:56.164911
9cfefe255aa1d095,Active,2024-12-10T21:31:48.340414
0e1131b415d28d2e,Active,2024-06-28T23:20:57.485272
533d8d468c053abe,Active,2024-07-24T01:21:50.895095
153f6717a8d2fa08,Active,2024-11-29T02:02:45.276445
5659a6f05faee85b,Active,2024-05-20T23:32:11.351265
e53f933a74ece903,Active,2024-10-08T14:15:45.518231
4f307966f4cfa318,Active,2024-12-03T21:43:29.672431
06a5592edd2d7a8d,Active,2024-11-11T05:04:58.567379
ed31728d79210ea8,Active,2024-07-25T00:33:18.564347
67658c9c925558e2,Active,2024-06-06T18:58:16.570097
aa648bf40dc1675e,Active,2024-10-23T00:09:51.734790
49eab65b5a198b08,Active,2024-12-11T09:30:08.356663
a2705bd517eafb83,Active,2024-05-29T19:07:27.224309
48e93e73e2d4dc85,Active,2024-07-22T01:38:52.323650
d70d65937507a040,Active,2025-02-03T13:02:27.337416
2c527762dde87933,Active,2025-02-12T06:03:17.536621
8c27f6ace9951289,Active,2024-05-12T07:47:53.948515
f81e83390a41dcba,Active,2024-11-04T13:40:31.703159
42fa4c600a6fd562,Active,2024-07-21T08:52:43.547089
e334e36d59092826,Active,2024-11-12T13:57:33.814655
53d566b7ac452183,Active,2024-09-22T06:52:54.434705
9e3df4eb18205988,Active,2025-01-27T02:24:03.125866
850b1f46532f511e,Active,2024-07-05T22:56:47.437669
cc34a3da64328280,Active,2024-09-28T04:15:43.834244
3d69adadd8ed4f0a,Active,2025-03-23T13:57:06.002505
0f855415fefbc064,Active,2024-09-22T17:49:14.586844
6676b9d372896352,Active,2024-06-07T20:19:50.131681
06d15c7b66cb299a,Active,2025-03-02T07:31:54.087127
8065220040a34cd0,Active,2024-06-19T17:33:31.038643
f78252bc90578ebb,Active,2025-02-21T22:19:58.401952
0e41b7798aa88a12,Active,2024-06-23T06:05:37.882322
6df9112b0f4d2742,Active,2024-11-19T02:35:14.026972
3a49c4cb417d6e94,Active,2024-10-23T01:29:25.559054
cf1c2e06d348d241,Suspended,2025-02-06T14:39:22.574777
59fb6a8d34cceac2,Active,2024-10-27T05:14:20.602780
2ef0a55a95ac8cbe,Active,2024-07-19T20:11:50.877286
88286469eacba58f,Active,2025-01-02T09:46:08.676555
0ed41feaeb14a6df,Active,2024-07-24T10:20:54.719799
a61c9e7a5ff35fab,Active,2025-04-06T05:05:36.340987
816348e4011ec894,Active,2024-09-20T12:45:44.036100
2765c5af77183e6f,Active,2024-09-13T15:31:07.158145
1b451810b16e9ebd,Active,2025-04-17T12:43:02.655358
326f15f260b2884a,Active,2024-10-22T07:46:43.714541
59947475c51b2091,Active,2024-09-22T06:06:40.322513
a5603702d3c117b9,Active,2024-12-04T21:04:00.503663
d900aee97be87f08,Active,2024-11-19T07:53:54.723568
6151c340bcfc7032,Active,2025-01-08T01:19:54.549661
0daf81fe6ff28f26,Active,2024-08-16T21:26:10.069171
e18aedcb745af1d0,Active,2025-04-18T09:09:24.218775
86928ba11829155e,Active,2024-10-23T16:19:43.967248
bc6820da456b9f87,Active,2024-12-31T21:54:22.230436
40b7ac80bce99326,Active,2025-02-12T21:35:19.742836
b4b2421ece84fe4d,Active,2024-05-07T17:08:07.354410
0a661cabb43c9a3a,Active,2024-09-15T21:56:51.386639
63c0ae09783e7d79,Active,2024-09-06T12:52:56.123805
bcbda2cf98fe9282,Active,2024-08-15T23:06:25.293788
dfc3419c071ba861,Active,2024-10-07T12:36:26.012608
020b60e69ec30f2f,Active,2024-05-22T03:58:16.984354
01c6eefb96cd24a7,Active,2024-08-01T16:44:48.257414
e0999d494f0f3a23,Active,2024-06-02T15:08:13.562401
c9b8dee55dc21053,Active,2025-04-13T05:33:34.012378
96390b07ff3c2b63,Active,2024-08-05T19:46:09.737565
be73f1aa97f3217b,Active,2025-04-17T00:28:18.019724
1bec19bc55130289,Active,2025-01-15T04:09:14.400645
720fa8d01287fd0c,Active,2025-01-16T20:22:23.050228
26195c99cd1e044c,Active,2025-01-23T17:50:11.206187
a5ee3cce3da8b7e5,Active,2025-03-08T09:11:45.027202
2e25b9a8bb83b54f,Active,2025-03-19T17:22:32.619799
98a009af7189201a,Active,2024-12-01T13:21:36.897910
78f66424877cad31,Active,2025-03-02T08:03:15.253173
598b8b0585372440,Active,2024-05-02T22:42:05.030210
bdfee941d87f56f9,Active,2024-11-27T15:00:48.830933
109998493b06ff9c,Active,2024-04-30T05:56:34.384910
6b794170d231764b,Active,2024-07-09T12:35:44.275208
9d98f9e98e33e2db,Active,2025-01-31T20:52:17.163634
d7267eeddfa2a910,Active,2024-07-04T20:26:03.126149
964c8f642fc2f054,Active,2024-12-19T04:22:42.265905
1510608b1f314d4d,Active,2024-09-12T21:53:14.019200
c1de6589d64da567,Active,2025-02-20T02:25:31.351501
fb9825b8b593509f,Active,2025-04-12T04:39:35.517163
c8ccafa7d8917ce5,Active,2024-09-15T13:01:39.859043
75898ab5ad23a90c,Active,2024-10-08T21:34:47.099617
24990d8d997a29be,Active,2025-02-28T19:16:07.306403
5ae3c02b271cf6c9,Active,2024-06-19T00:02:18.745259
015c11c19f5afc3a,Active,2024-07-10T08:13:01.605783
d3d456aef50b76e1,Active,2024-07-19T08:24:14.451770
859a4b4ec8413f4e,Active,2024-12-21T07:59:02.159519
514e17d3d69dfc48,Active,2024-08-10T16:10:46.481022
bead3d084b5c2f55,Active,2024-06-21T16:27:45.415361
8553116b1d3de79c,Active,2024-12-21T02:30:31.068206
674da89b87e3386f,Active,2024-06-17T13:02:29.697106
f08919854d92067c,Active,2024-07-08T19:10:01.520052
7a10dcff7e5e79ea,Active,2025-01-28T18:22:55.200314
d2f5f4477afaa520,Active,2024-05-27T00:16:53.273924
d008d76ec85ad598,Active,2024-07-01T09:39:41.806630
29aefca5db13932c,Active,2025-03-21T23:46:38.493160
18c9d8174e28d61b,Active,2025-02-15T00:21:48.870786
65d0cd8f3cbfbe38,Active,2024-12-11T04:46:34.647602
dd2da07cc1999b6a,Active,2025-02-21T01:29:13.044428
3cf59ab8d2f5e38f,Active,2024-10-25T04:34:20.603846
15957082a8834275,Active,2024-08-21T03:54:32.797230
622970a082f99ac2,Active,2024-11-17T08:02:44.307822
d098315e6e3045b6,Active,2025-03-13T11:19:41.379579
1a9e7ccb8718f072,Active,2024-08-28T09:45:49.255545
440e8c6dc6d40abc,Active,2024-06-09T11:14:09.634754
14d406d1ab655bcd,Active,2024-09-05T16:12:36.205167
ee032a930c363da0,Active,2024-11-01T07:54:12.171304
7757c0df01b37d24,Active,2024-09-18T00:20:56.096164
bc0b17b30b6d8003,Active,2025-04-18T16:33:51.319118
9d78a388fa9ebc95,Active,2024-10-21T17:28:46.559505
86c9d46cfb9cef59,Active,2025-02-25T23:44:35.373741
de2a82d7a7983f6c,Active,2024-09-02T22:08:31.725764
58d39a0d445a7791,Active,2025-03-05T09:46:19.357626
848f69b955e77676,Active,2025-03-01T20:24:39.456544
8589d3c88b722fe2,Active,2024-05-16T09:22:06.085937
1dfc128281adef63,Active,2024-12-29T18:39:08.198896
792521a6b0d724dc,Active,2024-12-28T21:17:22.441358
b7467274a7a8e44a,Active,2025-04-23T23:09:18.059204
545fb6d6b5b3516c,Active,2025-01-29T01:42:22.880469
fd70ff7953184824,Active,2024-11-02T19:56:29.414092
803194603a8d9e4e,Active,2024-05-23T08:19:48.320130
aaf91e72a23caf68,Active,2024-06-08T17:22:58.577720
837a8faa285e7c0d,Active,2025-03-18T06:51:33.302746
a4fb2e8f13eb88e5,Active,2024-09-27T22:18:40.993767
7a38349558b4ef86,Active,2024-05-21T06:20:35.464977
c1e61dcb974b6575,Active,2025-01-21T00:48:46.116326
885deb233a6deba8,Active,2024-06-10T09:10:20.821561
13bfce500677c74c,Active,2024-11-21T04:41:20.033916
ca44c3b89e88148b,Active,2024-09-07T23:45:14.904688
cd691f1ddaf6948a,Active,2024-10-18T01:47:54.698984
ff5fdfe30e6d0b8d,Active,2024-08-19T00:12:23.358707
b7a1ef3f17e1640c,Active,2024-05-25T02:16:19.840676
48ae51d4c363151c,Active,2024-08-06T15:59:19.020765
cab7dd279df5347f,Active,2024-06-25T22:18:45.869248
8a00237bbf65c596,Suspended,2024-08-27T11:38:32.381069
f6ef77aafcf6627a,Active,2025-01-10T06:25:52.133718
24440177d6ecae18,Active,2025-01-20T21:45:32.346252
5ec2123ddaf517d7,Active,2025-01-31T10:13:33.158433
09b02e193ed0b74e,Active,2024-06-02T08:44:09.832338
f946ff0a18cb0352,Active,2024-10-15T18:04:34.706532
be79f532a1a12a44,Active,2024-09-01T10:41:36.443537
96efefe23517b823,Active,2024-07-31T12:43:29.456733
3ce85d474fd22a81,Active,2024-12-18T12:56:15.750687
c852f5956692cc89,Active,2025-02-19T11:31:01.907290
7d3eb35a106b73cb,Active,2024-05-30T12:35:12.526985
388e7dee2df63f5a,Active,2025-01-02T16:58:19.602264
888c8d00cc82ba87,Active,2024-06-19T11:00:20.179112
459606d4d467cebb,Active,2025-01-04T04:48:19.252562
675a32319b0febe8,Active,2024-06-25T23:07:09.238447
969b2e303793610d,Active,2024-10-12T17:39:19.246967
9f27126e9c6102bd,Active,2024-06-20T21:33:57.139692
bf49a1246673a909,Active,2025-04-25T01:57:35.360800
05ffb7b811b5ff2e,Active,2025-03-17T06:03:29.954346
2a7ea951bd747f48,Active,2025-03-23T11:37:38.013027
de71ea03d9fd5106,Active,2024-08-31T15:56:30.705327
1e8007b0856032b4,Active,2024-12-15T16:03:37.728635
57e4317694ad52ff,Active,2024-12-07T03:03:05.378478
d310da50672a3326,Active,2025-03-30T00:15:42.600913
0ee659ab521d6e9a,Active,2024-07-10T12:52:35.078618
1eb0ee39ee995966,Active,2024-05-19T13:09:54.644771
854d86332c4c4298,Active,2024-10-24T03:23:13.387907
be27072232ca6357,Active,2025-01-22T00:29:03.800972
d31d904cffddbe30,Active,2024-09-19T12:29:51.000678
1f5b07311c1aa081,Active,2024-07-04T05:33:41.459984
bae88952542683cf,Active,2025-01-12T10:24:03.906783
5e6760a6930885e9,Active,2024-06-09T19:43:30.281333
ed54fd654edb75a0,Active,2024-09-13T12:09:24.405263
bcb821e366942abe,Active,2025-04-03T02:36:33.008424
88fe258d1d2aa2b6,Active,2024-11-02T22:25:30.689885
8a1697ae11da831a,Active,2024-08-09T23:30:18.884593
2765bfad6f411f1a,Active,2024-07-08T04:44:33.429362
fa440319243865f8,Active,2025-04-07T13:40:12.564443
a3227baada8ecd94,Active,2025-04-07T02:21:53.987505
6cb815104d192a0c,Active,2024-12-13T22:04:37.783295
c5588dc3cf435d59,Active,2024-07-24T18:03:24.128068
178208865a22a254,Active,2024-10-12T17:07:01.463874
2b63ef86396c5f55,Active,2024-12-07T11:03:31.526485
e92af03da87b3c46,Active,2024-07-21T01:18:35.767934
225fc914f3b510e8,Active,2025-02-10T13:28:17.255780
86810e2fecbfe693,Active,2024-12-10T19:41:57.870645
1c5c90b0bec83c00,Active,2025-01-03T17:31:11.154874
0de31854a4bfa094,Active,2024-09-21T01:23:38.462655
ac3db242436b6eed,Active,2024-09-24T21:03:25.377155
3b86e8791737dd76,Active,2024-06-22T18:04:24.171407
fb844952a312f3c2,Active,2024-09-26T15:07:49.340961
ba3a45d4883b8fc5,Active,2025-04-16T20:28:40.805757
c98a5fe014fd2c2e,Active,2024-07-02T12:07:00.829825
138379485eaaaa6c,Active,2025-02-03T10:58:09.903921
90163c8b95d4cbd0,Active,2025-04-12T05:44:59.760052
2cff7b94b5fa5817,Active,2025-02-01T18:24:37.812597
24ff8d0045f1e0bd,Active,2024-06-23T01:40:47.470675
b049881d17b87d42,Active,2024-12-03T19:03:03.560623
3cba81679f28d94f,Active,2024-09-07T21:31:22.008681
e4210edf1ea3b27f,Active,2025-01-23T00:04:12.848377
6adb4eea123a0329,Active,2025-01-15T05:43:00.061010
056636ac88558147,Active,2024-11-11T10:21:04.804939
27db6ff16934e160,Active,2024-10-25T20:36:52.388128
117a15f074868b62,Active,2024-07-02T15:17:37.263621
1c63a5754afe41d9,Active,2024-05-29T01:52:26.977683
c68d84c58d44f9a4,Active,2025-02-08T02:37:51.602777
fa998076e200d660,Active,2025-02-03T06:25:03.276891
3c6c3d2f5da1938a,Active,2024-08-20T02:21:30.541185
95838bded2723de5,Active,2024-08-28T12:49:12.307790
649ef45c9b922157,Active,2025-04-05T07:43:11.185932
594ed6eab1fc8616,Active,2024-05-02T08:56:32.076411
befa57be4ffb17ed,Active,2024-06-08T11:25:06.895390
c71c08a692e0438c,Active,2024-07-05T21:43:25.984198
4bacff1af12c5d63,Active,2024-09-21T01:44:20.125841
780962fddc400006,Active,2024-11-01T22:24:29.974307
6ad3e6def4d21d53,Active,2024-10-04T21:53:06.084641
2ef32c135bfefa26,Active,2024-06-24T04:45:04.888477
40abad20da43526a,Active,2025-03-26T01:54:40.217320
9c14919a608d11e0,Active,2024-07-27T20:03:50.188895
a34c472abd4aafec,Active,2024-09-02T14:18:46.047299
13ec85be95d67398,Active,2024-05-03T00:46:30.544143
f42b914a1dbf64a5,Active,2024-06-11T09:38:00.202502
824fa01f8818bb81,Active,2024-10-01T13:21:51.274583
b1b495f2284f2a68,Active,2025-01-09T10:20:55.899009
49f50338331972bc,Active,2024-10-05T15:56:01.368704
17be56f22cf237ed,Active,2025-02-26T13:07:48.369352
f5da54dc0d598f23,Active,2024-09-13T17:37:59.160488
01384047311f3ae6,Active,2024-05-12T23:26:59.784366
50335c3848ffaea3,Active,2024-10-29T01:40:29.655262
11fb40b2b16ee68a,Active,2024-12-18T11:33:34.637353
7a0e7e1c32eda1e8,Active,2025-03-31T05:30:27.559565
6eebbaaa689835c0,Active,2024-10-03T05:54:08.083743
487ba32897361ddd,Active,2025-03-01T01:21:09.898700
4e81268c1edab61b,Active,2025-04-20T07:13:33.367541
fee88c2b3ddb6bb9,Active,2024-06-01T06:52:24.649738
87cfbc98fad4a0e2,Active,2024-06-21T23:49:48.160624
e16dfe13ff22e730,Active,2024-05-24T13:04:14.303272
fec5dbc19ed3d1a0,Active,2024-08-24T23:12:21.007169
a61e9295959af10a,Active,2024-05-26T23:56:36.277684
c62e342a9171f8fe,Active,2024-07-26T02:13:18.828160
ace7a8513bc41015,Active,2024-11-04T02:05:54.368451
f1cb928ca4f07b9c,Active,2024-07-22T02:15:17.926498
fa39447314bb31c4,Active,2025-01-03T19:35:12.435551
07ce935519545a64,Active,2024-07-29T02:45:16.941871
46b05862836d0900,Active,2024-09-20T23:27:48.585533
8c1f3bf5c1650a17,Closed,2024-10-23T15:14:12.835832
37db5b8ef61acb6f,Closed,2025-02-28T18:42:53.489872
527bf53b25847f46,Active,2024-10-07T18:16:26.998220
2d7ee4c6a18d2085,Active,2024-05-24T14:29:44.258701
4f7e3f2bfce9145e,Active,2025-03-20T00:29:59.029333
c6b789bf392f03f8,Active,2025-01-13T14:03:17.804892
5ddc2b9b28d8973d,Active,2024-07-10T18:07:38.914723
2ed12885c70f2bea,Active,2025-04-02T04:58:43.401794
ed705310cb8d075c,Active,2024-10-06T19:15:59.257264
c5eb4e3aa02a797e,Active,2024-12-20T01:23:52.947923
46a9ce6579ff330d,Active,2024-12-27T05:20:58.620370
12314c8d73aa9631,Active,2025-04-14T17:25:35.481822
db223977255c51e3,Active,2024-11-09T01:14:44.415252
3e3d649def50ef5e,Active,2024-11-17T20:37:18.948241
a6153a86054e1cd7,Active,2024-07-15T23:21:45.566235
7b1bada96cc20f4a,Active,2024-12-17T19:10:46.470369
2a9a21df77c5530c,Active,2024-07-28T22:38:48.828436
dcdc2788ced844fc,Active,2024-09-15T15:15:19.166210
2cd5b02039900f90,Active,2024-10-04T19:25:35.855362
25a0d0b059e7ce44,Active,2024-12-15T04:01:43.280540
bd04ff9bf5ab0e8b,Active,2024-08-11T13:35:23.559472
fcf67b7f1050d5c4,Active,2025-04-24T05:47:30.595669
2269a3f9f9cacef9,Active,2025-03-23T18:01:59.019019
e523526338e0361f,Active,2025-02-01T21:16:34.891479
b5661f0316291a6b,Active,2025-01-12T00:01:54.056281
70724cfc0091943e,Active,2024-10-06T20:38:32.495332
19f61d04befabef0,Active,2024-08-04T15:47:25.755027
301b80ffc8405bca,Active,2024-11-22T06:55:24.085844
d114c6eb0b199cb5,Active,2024-12-24T19:55:18.983726
a8c13c580a480dd0,Active,2025-03-29T21:18:09.183357
a0d8fc5ffbed0e46,Active,2024-10-20T02:20:39.135175
e997bc9e95aca0d9,Active,2024-08-14T01:17:45.485532
c1540cfb4104398a,Active,2025-01-12T16:35:24.935112
eaea47e90ac84bf4,Active,2025-02-09T16:46:51.081080
70b44e112e227230,Active,2024-12-17T08:24:03.021357
ada0d2a920117177,Active,2025-01-24T02:47:26.841021
948317c767097e17,Active,2024-05-28T05:04:09.215339
f213eee11f13861c,Active,2024-12-07T00:12:59.076334
4056a1b10aafaac3,Active,2025-04-10T02:36:45.181925
40d4096662e4ed41,Active,2025-01-27T09:07:37.244547
ed771628628c3ef9,Active,2025-03-28T06:13:41.536914
7f4da04aa6aa9339,Active,2024-05-17T09:19:02.303324
fb5e091c3330a253,Active,2024-07-16T08:02:30.141848
d13d3353cfcc7d1b,Active,2025-03-21T02:52:03.150582
671853f46a4d2d9b,Active,2024-07-17T05:47:40.410098
b06a93766b01dcbb,Active,2024-09-05T15:35:15.946507
96157d2e49768578,Active,2024-09-20T11:55:41.870697
d8d0bbf8859de643,Active,2025-01-11T01:39:19.538416
cc17f4ae3fb54421,Active,2024-09-10T17:09:04.975521
e4b4f0d6893c6066,Active,2024-06-05T00:35:55.310950
33e33850b03f68ea,Active,2024-12-09T04:49:56.537547
ac95e96a963d5a83,Active,2025-03-22T20:23:31.149713
b76f383e41e4b02a,Active,2024-08-19T02:00:22.700553
9a961ac52767c74e,Active,2024-12-06T05:01:02.343484
bdb85a52f6221aab,Active,2025-01-15T15:49:46.324225
48cb64067a39b243,Active,2024-05-15T07:32:41.205898
97dbfedf1a7b5a3d,Active,2024-08-25T02:57:59.665536
f6bdebaf3f494b5f,Active,2024-11-02T22:58:14.436418
8d5f73560fda0738,Active,2024-08-18T08:12:24.825887
4316c8dd782d297c,Suspended,2024-08-24T18:09:21.565895
715941172399976e,Active,2024-10-09T11:38:27.706430
5ea3e52b5a7556aa,Active,2025-03-04T05:50:16.671317
3e4158039cc35140,Active,2024-08-16T07:14:59.359507
15d366fc24741d05,Active,2024-05-15T04:24:55.652983
97248e6e31cbb1f5,Active,2024-11-16T22:27:22.945781
5e6007ab5966bc00,Active,2024-05-04T09:15:56.467501
e0a809f2a1c83c55,Active,2025-01-16T00:41:03.550203
d3e1bfebb03a1acd,Active,2024-08-02T06:02:20.115920
18ea5ff0de905fc7,Active,2025-02-09T10:40:11.361356
286d44adc957dcd8,Active,2024-06-03T13:45:57.143917
b957d2af97b8a0dd,Active,2025-04-23T02:04:28.276952
3a37d937be90a39f,Active,2025-04-19T02:55:56.901308
93145c1cb1deca2e,Active,2025-04-12T13:17:15.539558
ad11ee7133872fbb,Active,2024-05-09T13:13:02.655755
1b0f5890bb56b140,Active,2025-01-27T15:29:39.173700
57462b7f99d95f4f,Active,2024-12-31T06:52:31.703129
213ed2657e6aa2b3,Active,2024-06-21T03:34:31.338770
36cb9e51d0902329,Active,2024-12-08T09:19:05.872410
d6fc6c79a49b49b1,Active,2025-03-27T16:05:17.330379
32bb13bebbf73e06,Active,2024-11-18T18:55:47.892342
cea449a7c10dec2c,Active,2024-08-25T23:15:29.297390
a1244971d50c11db,Active,2025-01-18T19:45:47.641484
e52333c271d8e74e,Active,2024-08-26T21:51:16.122137
2f7ccc37411d4c94,Active,2024-09-25T06:11:12.673036
e24314c19d133221,Active,2024-05-11T17:31:02.088412
722895b3da3c8bca,Active,2024-08-05T01:09:03.132420
22417cc0f7a52037,Active,2024-11-17T12:31:21.275007
76a5357ffcece458,Active,2024-05-27T18:39:37.469415
8bb84f585a8cc1d9,Active,2024-12-05T20:30:21.451355
f842c639085be8cc,Active,2025-03-01T22:10:55.621741
f14f41f4c22ae1eb,Active,2024-12-29T23:30:17.368804
d06cf15f4c71924a,Active,2025-03-28T02:44:42.381413
0480ac02ded6e0d6,Active,2025-01-23T23:02:02.421805
57ac191ae2a0dc56,Active,2025-01-15T14:14:44.661267
048532ec7f966f1a,Active,2024-08-30T01:17:05.076196
6c9e12ee695a3c97,Active,2025-02-01T07:12:51.851167
36ee91958456c9bd,Active,2024-07-08T06:23:34.040591
0751006a5769e83b,Active,2025-01-18T05:34:10.803779
3867897f18424648,Active,2024-09-25T13:00:53.244138
7e77c9f93e8dcfdf,Active,2025-04-20T18:24:48.538392
d562cda9a1119171,Active,2025-04-15T19:43:11.772494
f3d0522aa4973f01,Active,2025-01-29T04:20:36.939857
f93eca90bae9c786,Active,2025-04-18T17:24:41.857744
bc48859ad5c2ef74,Active,2024-09-24T19:49:34.559148
105d0270fd0788c6,Active,2024-06-04T20:21:07.974846
72c7d602d8bfea91,Active,2025-02-03T10:28:42.324491
a934eaf931449eb2,Active,2024-07-19T09:03:17.105390
d9812b9d52d7f1f9,Active,2025-03-18T10:22:26.864516
43f1d6d452ab5852,Active,2024-11-07T03:36:36.841267
91a216f2c497a537,Active,2025-02-01T07:52:41.655100
61c2fddea4e285ed,Active,2024-09-27T02:51:47.010173
5cca496e51aba9b6,Active,2024-06-23T23:54:11.748397
e9e23661239a588b,Active,2024-08-06T14:28:21.353994
3cce484abe401a3e,Active,2024-06-15T19:06:57.775666
2eb2dbfd6f895a36,Active,2025-03-15T04:01:24.663917
87d0d614c7081597,Active,2024-11-16T12:33:09.731995
9423ea835623f3af,Active,2024-11-20T06:11:53.017418
a9fcce9f7244cd20,Active,2025-04-17T22:59:38.065437
fe0c36db4dd4fd2e,Active,2025-02-18T13:20:31.524306
e6f32bd9247c2347,Active,2025-04-28T18:14:17.496068
170abfaf04e31829,Active,2024-10-24T02:31:57.147345
6006718ecf399d54,Active,2024-05-08T06:52:40.089773
7c40f8d3a9a7b145,Active,2025-03-08T06:23:30.835953
14ecc9686099e47e,Active,2024-12-08T23:25:53.172048
f5e4adb1afd7f77e,Suspended,2024-11-02T09:54:38.982509
524439e76aaca95c,Active,2024-08-31T23:00:26.636521
9e47f8f290c7f5b6,Active,2024-05-08T11:32:16.205089
51663b52c233beac,Active,2024-05-21T09:49:00.245641
96975bdada514ccd,Active,2024-08-22T18:21:56.412130
19afcc05bf8c5992,Active,2024-06-21T20:08:51.104628
9aeb3e913863db14,Active,2025-02-26T01:43:58.169505
079418048fe9f069,Active,2024-11-16T12:16:26.203130
82eb64b9b0ec1949,Active,2024-05-06T11:53:17.567588
c5daafec0b493b1a,Active,2024-09-03T20:28:51.350939
934b3a0085b8fb78,Active,2024-06-27T22:32:37.362825
0b1f294fae5b73b8,Active,2025-04-13T19:06:17.977278
f7f61624ca28b690,Active,2024-05-24T16:15:44.516026
d6a04ceaf48bc3a2,Active,2024-07-26T10:09:18.922097
52b71ab37875466c,Active,2024-05-06T06:03:33.121007
13c05c0051f434e4,Active,2025-03-15T18:43:28.852638
15e55bbff0fb9c3e,Active,2025-04-16T13:00:27.657573
fbdcb9cfb5b3c898,Active,2024-07-11T06:29:26.117739
7474222049499b7c,Active,2024-05-31T07:52:35.767138
ac45fb451830fdec,Active,2025-04-12T18:43:19.756012
480780febcfee056,Active,2024-10-10T21:24:08.584559
23b87b42baf5cf2c,Active,2025-04-03T15:08:25.147800
4475df2fd8cb2605,Active,2024-10-08T15:49:28.584321
4455d593f1fb9904,Active,2024-06-03T02:05:59.227590
28e48f12d8e6f476,Active,2025-03-28T02:48:00.300976
0f035da77f885bf4,Active,2024-05-09T05:06:33.313008
b1d724c275ad3a73,Active,2024-07-29T08:39:12.641680
e4653ec7e52e10bc,Active,2025-03-24T07:33:27.818845
5c25a1a7d5d9452b,Active,2025-03-21T07:38:51.237153
1f98c0fb1a97ce94,Active,2024-08-09T05:02:01.513607
d68d2fb9eff937d8,Active,2024-12-03T08:07:00.001156
22d8ba1230e9168d,Active,2024-08-12T20:25:44.465399
e7bb188284be93cb,Active,2024-04-30T17:43:31.192554
53566ad9bbbe01ff,Active,2024-12-21T11:03:27.246995
1b649148a4e7d1ea,Active,2024-09-07T10:57:28.803235
86fb7233260a7ea2,Suspended,2024-07-06T15:34:50.513187
ee15055dbc392a12,Active,2025-02-23T14:24:01.181280
87527850a9bf895a,Active,2025-03-18T23:45:55.951821
06f849ad35f25317,Active,2024-09-10T11:13:38.462208
1a059541a3015d3d,Active,2024-05-02T22:26:47.460852
766f7a27a6b6c37e,Active,2025-01-09T22:33:43.555502
335d7987a359123d,Active,2024-06-07T20:35:59.294873
e5a32d37e34d37ef,Active,2025-04-03T04:47:10.517082
a3ffee59213034be,Active,2024-07-23T05:21:30.178256
b7398717f2d19b91,Active,2024-12-06T19:04:04.738307
286be13b7de8053e,Active,2024-08-06T20:11:24.499356
7ee14ef2006b0cbe,Active,2024-08-06T05:24:14.941874
3393b93f4658caa0,Active,2024-08-13T03:11:56.139712
eb739c1f11438934,Active,2024-12-23T15:16:18.844763
48157f1ec49342bf,Closed,2024-06-26T11:39:21.275439
4fed40382d450cdc,Active,2025-03-27T20:16:05.580899
4638d28f53a42867,Active,2024-12-29T14:34:49.585681
f941dee4458dad82,Active,2024-05-16T12:19:23.753399
cc15f929512c0357,Active,2024-08-12T09:18:33.415161
44faa5cd15833a38,Active,2025-04-19T13:57:29.566104
3f4968faef8724a1,Active,2024-06-23T11:17:39.678743
ccd8c0e8fe2cb6db,Active,2025-04-02T11:14:12.170315
98a77f753d592666,Active,2024-10-11T07:07:04.303892
08eb78ec19527234,Active,2024-12-22T13:33:17.268804
4a190b5372ab3bd6,Active,2024-07-29T19:14:26.045064
fa1c83d2290d2294,Active,2025-03-08T05:35:02.366475
5878dd72c1b892fa,Active,2024-06-27T11:29:49.892380
8132d7368caa1942,Active,2024-11-02T21:19:08.050992
8518ce152f7a11c3,Active,2024-12-02T02:15:01.817029
e1caad913f682e82,Active,2024-11-07T02:28:31.624468
6ca37c9194fbe629,Active,2025-03-08T22:41:12.098624
348a15b79a5a22d5,Active,2024-08-10T02:52:52.502515
7e72cf2b5ce26733,Active,2025-04-08T01:53:55.655903
cd139a9e0640026d,Active,2025-02-02T23:21:01.426119
916d9cbf1ec76d8d,Active,2025-02-09T07:53:55.334507
b70eb4ecec93500e,Active,2024-05-21T15:51:30.326300
4fd4ce43b7f6f456,Active,2024-11-17T05:33:42.016637
21c48a8d982d37f0,Active,2024-10-13T22:06:33.292767
7179aa14fe322fe5,Active,2025-03-25T09:13:29.189675
bccf604b49e602ce,Active,2025-01-07T14:42:09.164326
d86bc71f53ee847b,Active,2024-12-13T21:56:45.267985
36b96fee96b97291,Active,2024-12-15T20:12:54.383148
612bba8ce8e8083d,Active,2025-04-11T06:03:39.635175
1e409f819378f00b,Active,2024-09-05T12:20:57.323317
11371bc64ddbd618,Active,2024-10-12T09:04:00.940748
ce0d0eec19bf6bcd,Active,2024-10-21T08:44:53.399210
761d773041e2d12f,Active,2024-12-27T01:38:29.921403
a9d12166cde5408a,Active,2024-07-25T14:56:04.396123
b6f7208573cbc303,Active,2024-08-24T08:42:19.892285
2beb94ec63c97503,Active,2024-05-22T21:48:15.970517
58786825ef01d3b4,Active,2025-02-08T22:49:22.217643
1af4861c598c1cd5,Active,2024-05-15T20:12:37.265448
6e1614b583095d23,Active,2025-02-08T20:25:55.270179
bede9fe160235787,Active,2024-10-27T16:59:17.299142
7dea7ac74865e164,Active,2024-04-30T01:12:45.800080
a8570acf067a0263,Active,2025-04-27T15:51:46.704515
ff0db73103c842b1,Active,2024-12-26T10:21:26.011286
c3b36798490aa04d,Active,2025-04-21T02:32:32.088703
98a7a58b75f05458,Active,2025-02-05T18:06:16.943013
9d0a09f125a84ac4,Active,2024-10-07T08:18:06.526679
4fed77846439c917,Active,2024-09-08T06:24:27.122793
35fe2db74ebe8545,Active,2024-12-19T04:54:59.767540
6bae8a94fc015ce6,Active,2024-12-06T08:08:41.835223
cccd8a3e1332beed,Active,2024-11-01T15:55:23.753052
115a5763cf7ae93d,Active,2025-02-22T18:14:57.710161
684c1f7308401fc6,Active,2024-05-16T22:58:11.713330
6c42940f14c2e0d4,Active,2024-08-12T20:25:06.459776
2597d3f6ff14c89d,Active,2024-09-15T01:37:03.387386
8cd06e9d315b3d36,Active,2025-01-13T14:07:49.041764
9b7656bfa3a693ca,Active,2024-08-25T16:35:47.206479
e79a8c44ed7b2032,Active,2025-01-18T18:12:23.993799
e913f20fe82f83ce,Active,2024-05-25T17:55:55.689887
22e0e350b1214436,Active,2024-10-19T07:06:58.572318
7d08b7fec1b839f9,Active,2024-11-02T14:03:21.119286
289fbf87ebcc6339,Active,2024-09-21T22:37:19.630646
5bd62d1892ed5558,Active,2025-01-12T11:45:09.280543
33693851f82b5fe6,Active,2024-12-14T05:38:54.529689
e425afd658c8d8ba,Active,2025-04-19T19:56:13.000767
cf1faabb4befc4e4,Active,2025-02-28T11:10:51.866313
1fcfc8000653688b,Active,2024-09-30T08:39:02.884277
64b5f5a52bc19abb,Active,2025-04-24T02:51:59.891412
eb2b286029bdb3e9,Active,2024-04-30T21:12:18.496302
1bb72c0db5caf867,Active,2025-03-24T22:58:48.211569
2d37410d45f90c73,Active,2024-09-20T11:12:17.255372
3a2ca8dfcb11cdaa,Active,2024-12-14T00:33:30.221472
483c74a1622d63e7,Active,2024-05-28T07:27:06.380030
ae376a27d4f249f8,Active,2024-05-22T05:05:25.368069
71bd29780ac5e8ae,Active,2024-12-06T17:45:16.814497
a1bc82e92ea60dd7,Active,2025-04-02T16:21:19.261740
4cfd00b22ad59cdb,Active,2025-03-14T00:11:04.137262
130127a95f2601dc,Active,2024-08-13T09:01:07.730271
52e281fc56faf57d,Active,2024-06-22T16:05:39.528429
9b3371bd32267b44,Active,2025-03-10T01:14:47.495799
0bff60cbe0e87842,Active,2024-11-08T14:21:29.289160
8445718ac5d3cafd,Active,2024-07-01T19:31:16.773393
f912da0931bf9f15,Active,2024-10-09T19:14:36.081941
8c9d33b18c9d1df0,Active,2024-11-21T18:45:36.220600
fb0c49faef1cf7c9,Active,2024-05-22T09:51:39.706065
0349b1477b13a378,Active,2024-12-19T17:30:57.079320
148c5189ec97ade4,Active,2024-12-21T04:49:08.731018
ef4afcdcc307d2eb,Active,2024-09-05T18:04:22.178205
c85c9ec4ed9787d5,Active,2025-03-02T17:54:04.923390
f62601666062db8e,Active,2025-04-27T23:40:46.983932
cc1adf0ea143475d,Active,2025-03-06T11:39:42.056283
dab3214ecb8c2a0e,Active,2024-05-29T12:32:48.884624
34268c736741f5bd,Active,2024-06-12T00:18:08.999703
129960f78b7da5fc,Active,2024-08-30T10:45:47.414328
903f9b3657d8c261,Active,2024-09-06T16:55:13.753457
642d53e9bd604fd0,Active,2025-04-23T17:48:13.918951
7a094f2ecb74cff6,Active,2024-06-03T17:44:50.265373
afc85b44ef79d674,Active,2024-09-07T20:03:22.423327
b9a8ab4db8220e7d,Active,2024-07-01T09:57:36.232180
267fc824229e6a0f,Active,2024-11-18T10:20:01.292860
bf7068149b28a15c,Active,2024-12-12T19:04:30.854996
e7d9d74f14ffc5bb,Active,2024-05-23T11:21:47.754797
9df457b6186d56df,Active,2024-10-02T00:02:51.604876
8c35c2ccdf9cc218,Active,2024-07-04T22:59:49.334421
6eb009af435f48aa,Active,2024-07-02T00:15:51.689622
3fb5f9aad598820c,Suspended,2024-06-16T03:20:54.200409
3095ffa16b23242e,Active,2024-10-26T13:18:43.101406
16c3abff783e34b5,Active,2024-12-24T18:04:51.652622
d2e52bdf2ffbc9e2,Active,2024-11-16T23:01:59.109044
6214921fa04c957d,Active,2024-06-16T12:43:17.713040
1c033d5552ac70f7,Active,2024-10-20T03:26:41.124643
150064b0a9a65eb1,Active,2024-10-26T19:06:13.108179
dafb2ccf1e86f40c,Active,2024-12-13T07:42:58.572622
20bf0116af65c258,Active,2025-01-17T10:02:59.375238
ad35f664f6187bce,Active,2024-12-31T16:04:46.557482
acfb42cf81d67360,Active,2024-06-19T21:04:17.823523
5993a8a4d7c360fe,Active,2024-11-17T06:48:51.223401
486e4a940f75d611,Active,2024-07-01T16:09:47.790921
5010e1dbd6c351e4,Active,2024-11-01T06:03:09.358437
f50bb4aea721ff91,Active,2025-01-19T01:17:17.547186
dbb2a6b4c78424d1,Suspended,2024-08-21T11:13:41.495354
d695670fc163bc28,Active,2025-02-05T16:07:11.476902
efe8efff7abbdf36,Active,2024-12-27T19:10:37.811066
5b7502283d0c86b7,Active,2024-10-21T05:31:44.024971
ce3e7181af40f71a,Active,2024-08-15T22:17:27.143512
5d2b053ee4066712,Active,2024-06-22T00:58:25.153905
64e85fa66b106117,Active,2025-01-06T05:15:22.639838
c43907fb07b8eacb,Active,2024-06-02T09:31:17.463749
b3fd68f927e6ef39,Active,2024-11-30T13:36:11.107725
6b2ff3ce44cbe9e3,Active,2024-12-01T09:43:06.864838
55eb987a98605a28,Active,2024-08-29T06:35:24.304837
7dd5f8cc7c133da4,Active,2024-11-20T07:33:25.269312
9036248b0c09a140,Active,2024-06-21T22:05:47.930001
3e212bf2ff7080c9,Active,2024-12-30T18:08:57.743691
2027cdac80dc50ed,Active,2024-09-28T05:52:06.387666
54b652cfef1a3e5c,Active,2024-11-16T05:01:39.265828
7e1151af5754ea82,Active,2025-03-25T07:23:13.451910
191bec54055ab44a,Active,2024-11-21T05:07:08.917362
d21b051251d96fb6,Active,2024-12-22T04:54:58.857898
1ba8cd40f28821b6,Active,2024-05-04T10:43:36.637472
7c9051c48ad601ef,Active,2025-02-12T09:38:48.286649
845e286667a3ec13,Active,2025-02-01T11:34:00.378624
74ac7569d46d83dc,Closed,2025-01-31T04:48:52.655030
3ed3f9a6cf1b1f50,Active,2024-09-27T15:04:56.398806
f9bcd7a3af440a02,Active,2025-03-08T20:23:55.730098
6603726393cef6e0,Active,2024-09-26T10:14:11.437685
b754ec6760352b53,Active,2024-11-04T09:21:13.265766
99494d82701b63ec,Active,2025-03-11T04:36:44.105322
e1ece6f902905a12,Active,2025-01-22T22:12:21.653402
6f6552664648df3a,Active,2024-06-19T12:11:09.255106
c6c1ae76793c4e80,Active,2024-10-15T06:46:19.832083
28460b16281f9895,Active,2024-11-29T15:50:53.072740
83d06cfc28312283,Active,2024-12-25T10:00:59.645103
ec7d51092ec90c62,Active,2024-11-22T05:22:59.845986
09407f00b645653a,Suspended,2024-05-24T05:53:06.898242
19ac862ade841ea8,Active,2025-01-09T06:36:28.291938
3284be9ddc82adea,Active,2024-09-19T18:15:47.929756
7ef3a913ae5d0720,Active,2024-07-05T00:13:55.803331
0747c6a11acf9ee3,Active,2024-11-29T03:27:12.203590
1c97e984b5b616c8,Active,2025-03-05T01:36:49.344140
f5abe697a390f1d1,Active,2025-02-25T03:39:57.873369
8999b91d215a9a60,Active,2025-01-28T19:21:31.887952
6941d7fc421a8b8c,Active,2025-01-20T17:44:02.477388
afcc6376f0313304,Active,2024-12-08T14:32:49.462911
3c13195170a9548e,Active,2025-02-12T23:12:49.530620
c2ae99a4cebe81da,Active,2024-08-16T02:11:59.817490
ea2232952dff718e,Active,2024-10-13T01:12:56.814654
8d5ce4047d198541,Active,2025-04-09T03:21:49.209854
5ee02b204f066b87,Active,2024-11-09T08:53:54.972651
b7f861e5066c30cc,Active,2024-09-12T16:41:46.784881
2c581d8dcc3e9741,Active,2024-09-29T09:43:21.993579
2641b5ff986a9f2f,Active,2024-05-06T20:29:06.373290
185e06478d9c4191,Active,2024-06-26T01:38:32.952269
e407e6db1ae70e85,Active,2025-01-08T07:45:56.437620
735307ba375d3429,Active,2024-07-30T20:08:37.059302
5bcb5ee9c53448e0,Active,2024-09-13T17:25:01.668898
64b14c6a41f34cf0,Active,2024-12-26T04:12:52.581538
b4cdb944d9b9f50e,Active,2024-09-24T13:37:10.502882
3ccbaa23c87c438b,Active,2024-11-16T15:25:38.744793
464c5237251769c0,Active,2025-03-24T18:51:24.664084
86c046bf705f9e05,Active,2025-03-24T21:25:45.396702
325c34855ba12103,Active,2025-04-16T15:04:25.327903
28682281367a408f,Active,2024-12-23T19:48:59.479705
f818201884db41b3,Active,2024-08-15T22:10:47.177952
ca45d36c54037553,Closed,2024-08-04T13:16:22.131509
9e5fa2bf3742a70d,Active,2025-01-17T07:58:23.499280
ba0e70f6cadd5872,Active,2024-08-30T20:34:17.815811
7e06a197982074a5,Active,2024-07-15T13:01:40.134535
79d0a93f40ffa153,Active,2024-12-27T11:17:27.035090
ebadbde3a1951151,Active,2024-05-06T02:32:58.599823
398c62e1b9f57f60,Active,2024-08-16T07:42:42.353338
fb0dab5aeca0ef81,Active,2024-04-30T14:21:34.174392
a5abb43b5869f79e,Active,2025-04-05T06:58:45.623077
d8a9ab51cfab7a58,Active,2025-01-09T21:27:37.154236
8270b632a8b3baa5,Active,2025-04-22T15:36:27.975238
dde9256023da8cda,Active,2024-05-23T14:29:16.668473
a7b20b8cbf2796fb,Active,2024-09-04T14:59:49.703756
f8a3ba22c081b289,Active,2024-05-27T20:55:38.895764
203e804e08eb48fe,Active,2024-08-16T00:27:09.562135
879333e9c7768186,Active,2024-11-09T19:08:52.017913
59c7c534468bdb14,Active,2024-10-12T21:31:39.081728
e68394b6915a85f6,Active,2024-04-28T17:50:26.943570
512d4b30447e68fa,Active,2024-11-29T22:47:21.677757
6fddb5521d852cf4,Active,2025-01-23T02:18:19.192015
d54658801923270e,Active,2024-08-29T06:32:28.939107
ab4d98652ddcded8,Active,2024-08-10T12:03:12.913421
4c563895a05a7953,Active,2024-07-19T22:32:58.146726
7346a308f3cd7256,Active,2025-03-24T22:36:28.491338
4a3dd462bdb5ce0d,Active,2024-05-11T13:06:28.432075
610d7a88d55bbdd0,Active,2025-01-17T23:58:26.402769
6cc30e8a37a085aa,Active,2024-08-03T20:44:54.390440
9c07827109576eec,Active,2025-04-04T23:19:04.290308
3540935fb5c6eb85,Active,2024-05-15T05:21:45.036908
18a135e371a72de7,Active,2024-05-11T15:03:39.857415
94cf1ed9197fb3fc,Active,2024-06-28T13:19:01.590687
72219e516b82d4af,Active,2024-11-26T02:43:46.480008
851ad8d987742a2f,Active,2024-08-01T05:12:10.011793
bfdfac4ec89e5a2b,Active,2024-11-05T20:04:17.291099
e2a77f412a25a00b,Active,2024-08-07T12:41:51.337828
80c3c81dab1a5978,Active,2025-02-02T17:28:06.592619
d379da0bb81e5880,Active,2024-07-07T18:00:55.422348
aad947c3064bc86e,Active,2024-05-15T20:58:08.436363
a321aad0c5ee5f4a,Active,2024-11-04T11:51:38.676934
fb91d7458c4b76f5,Active,2025-03-25T09:00:20.681235
99754f2accd741e9,Active,2024-10-05T18:15:28.471652
4d2c9cc5fd8fc689,Active,2024-06-24T17:04:07.473264
05a4c6ce9ab8b054,Active,2024-11-11T03:15:15.959197
0dbbebf685c9e09a,Active,2024-05-13T16:36:25.701188
cd740a1a47825421,Active,2024-08-09T05:14:05.567690
a03b6bced126f7e3,Active,2025-04-10T18:22:24.522569
27a0d25a5dc88595,Active,2024-08-02T03:45:43.206355
b48ff3b0c69ec973,Active,2025-02-14T12:48:19.239159
8563e51dc5d887ce,Active,2024-08-14T11:03:51.044501
ee18e47237b53ce5,Suspended,2024-10-09T07:31:03.394728
2b6d6a1b0680b926,Active,2025-02-08T05:17:24.464920
2b89c8b38c5735e7,Active,2024-05-21T09:28:04.360126
0d9c7d91ea5aecbc,Active,2025-03-01T06:23:29.591473
00ba9c963038dea7,Active,2024-07-19T00:53:23.618393
55b55eb1dc37f74b,Active,2024-12-11T19:45:43.151520
0bd9c10a56d9702f,Active,2024-11-11T01:51:16.190482
53df828884df0c69,Active,2024-09-26T05:20:50.034455
e1642abf381ce9c1,Active,2024-11-11T18:40:06.162011
c3827dee88e4ef52,Active,2024-06-16T22:30:48.765659
7eceba278a565215,Active,2024-12-16T05:43:22.853481
ea188fbe189acaca,Active,2025-04-17T10:22:00.580040
a0908b1332391b12,Active,2024-06-23T21:21:56.228169
78fd5bd8bf7ce123,Active,2025-04-13T09:44:50.638644
4bba38cd31560ec5,Active,2025-02-16T08:32:28.555261
7edb0df27d55b3d7,Closed,2024-08-18T10:50:26.350354
7a8769224ba3eac4,Active,2024-10-22T14:27:16.970280
6da21761402229c2,Active,2024-12-04T07:39:13.732874
a706e7bf3f8d989c,Active,2025-03-17T13:34:53.172459
5ec873a2c1dc12ba,Closed,2024-11-17T02:56:21.884684
e3a1c05379efd2a0,Active,2024-09-03T23:32:28.222437
d07f0683515d25c8,Active,2025-03-17T17:02:10.339421
8e0544be3132861d,Active,2024-11-08T16:50:57.070734
f188ce802f154356,Active,2024-09-15T22:27:22.601489
4dac08a0436ff740,Active,2025-04-01T16:39:28.644299
45138e5bc2cb5fe8,Active,2025-01-30T17:14:23.065702
b42bc51fe35eb5b2,Active,2024-05-02T13:25:02.218642
1ec09e2e9fe065d3,Active,2024-12-09T20:15:19.800942
d169db0d6a078830,Active,2024-05-22T08:12:02.145297
588d61b2565bbff4,Active,2024-06-30T15:59:25.594706
224f96816268582e,Active,2025-02-21T12:46:21.674112
39401512c451b1fa,Active,2024-08-31T22:36:15.720751
a1133b000d1cf88c,Active,2025-04-25T17:35:27.212119
426dcdf32d893fcf,Active,2024-09-03T05:24:16.600236
c55b54d7c5d95bbb,Active,2024-10-06T16:33:54.809562
9be767b3ac01d95f,Active,2024-10-18T23:06:29.319288
ca434718da6e979a,Active,2024-10-08T09:47:07.261513
e6d34851f8410892,Active,2024-12-16T01:47:23.129028
5434b88a4ca34838,Active,2025-01-16T02:22:10.982509
c0e152efca68c8be,Active,2024-10-08T06:50:26.677848
7e0ca73140c19751,Active,2024-05-27T23:33:42.063536
784c314483c7ef5f,Active,2025-04-28T09:14:31.412705
b4870def16834332,Active,2024-08-18T12:27:04.060117
83a4baf465bc1dd5,Active,2024-06-30T04:14:26.336026
885f7e73549e22a4,Active,2024-05-16T09:53:49.136569
d169ca4002a7ca4c,Active,2025-02-07T00:29:44.089019
ccb09f02c7e9a27b,Closed,2025-04-13T03:11:54.595922
fe25b0205b30a4d1,Active,2025-01-25T01:15:28.808594
a41aad969302ce74,Active,2024-09-22T13:05:32.555084
c593225bd8bfbf1e,Active,2024-10-27T13:56:09.211483
99980deb90e9b1fb,Active,2024-10-16T03:21:23.565446
6d3093f19510a6dc,Active,2024-10-25T12:54:38.243156
c9ebbe480662a1ac,Active,2025-03-20T22:48:23.470201
3f4985b813ac63ad,Active,2024-12-07T14:07:56.984065
16567db082ace056,Active,2024-06-10T05:25:34.856265
3161c8c85d4ff3fd,Active,2024-05-02T16:40:55.343158
7dfa6c467bc42b88,Active,2024-07-09T13:54:31.868423
ddcf3b7772c55b78,Active,2024-12-04T01:16:30.892473
c0acc3db96258b7b,Active,2024-05-31T11:54:02.665675
f7edf2a3c784f293,Active,2024-11-22T19:22:00.980717
fb288f6d5d2ff785,Active,2024-11-08T11:30:52.236161
2759eadae3871210,Active,2024-06-01T01:41:53.105890
08a24971fdf9faec,Active,2025-01-30T07:13:52.374661
f06f68faf929ffeb,Active,2024-06-30T23:30:36.350535
fac2e854b619c8f3,Active,2024-07-09T06:58:43.945852
a6cdc705ff9e7707,Active,2025-02-26T07:13:53.160921
4b5963dad3617a7a,Active,2024-09-22T18:01:33.321858
2783e0471e40d164,Active,2024-09-03T10:44:29.876640
6b5595fdb5f45739,Active,2024-11-19T00:57:02.649292
e6b21d1f19e61ce2,Active,2024-12-26T16:26:11.392262
7ae1f845f34c2bfd,Active,2024-05-15T19:40:27.263378
a672b88984e50f39,Active,2024-08-14T21:10:32.241475
4865e710d7bf2e51,Active,2024-05-31T00:23:08.133579
265a2ee9807f6404,Active,2024-12-17T06:23:13.896066
6750dcf1918de677,Active,2024-10-21T10:33:24.590264
795c5cba8faae3bb,Active,2024-06-28T09:49:31.054931
a8575e3eefd8b000,Active,2024-05-02T04:24:10.801425
5cc038bff4b81191,Active,2025-01-02T09:36:27.074675
853068f768c9baa1,Active,2024-06-10T02:27:04.353429
59997ee1e96143c4,Active,2024-11-14T21:45:27.138061
e5f9065d0acc41fd,Active,2024-08-20T18:11:52.590184
baf4e28a583817ac,Active,2024-09-03T10:39:53.621581
386170fc57679b5e,Active,2025-01-06T08:29:51.463281
068a88daaf328813,Active,2024-12-13T06:33:51.929703
507da67955c00f77,Active,2025-01-16T02:02:08.264020
2dc8d4ccacfc71b2,Active,2025-03-11T14:55:58.814908
a9ad08ee44bc3fd5,Active,2024-08-04T15:48:37.727157
db617b4421d988ba,Active,2024-10-12T15:51:59.694044
d7e4a265fc6c02fb,Active,2025-03-05T06:37:33.287934
d856130fa4476692,Suspended,2025-02-11T04:47:38.384336
a90e1ee0915b8b64,Suspended,2024-05-28T10:37:16.322400
db8ce3c521030194,Active,2024-12-29T12:56:43.582372
b02891e4b1dc28a0,Active,2024-12-11T18:40:48.855892
92df17af31788c1d,Active,2025-03-21T04:13:54.651889
b5ab13ad86dabaeb,Active,2024-09-21T16:14:32.686231
71253adf2720f2e8,Active,2024-12-11T08:41:07.015832
86e742785be80ecd,Active,2024-06-15T18:02:16.723514
cdce97f000feda5b,Active,2024-07-24T03:01:57.914999
e3185fd0a934841d,Active,2024-06-27T17:51:52.946445
80cd1bccdca71138,Active,2024-05-01T17:14:39.743702
a96bf92dc25289fd,Active,2025-04-01T05:16:35.695637
a8dfceac7268e33b,Active,2024-07-22T16:27:14.982425
f94eeba56a8c235d,Active,2024-07-07T22:22:58.079621
d419997398aaf64a,Active,2025-01-15T18:45:12.545345
d005fdfb7c062a7e,Active,2024-08-09T19:07:14.707113
64b3675e8ff65dbb,Active,2025-01-02T08:16:12.031529
c404e7efca90a9a5,Active,2024-06-05T06:42:02.447531
cf985ddde39c356b,Active,2025-01-25T22:33:52.614149
11666c165da67237,Active,2024-10-16T17:53:57.669428
f9aa1fdd49ea70af,Active,2025-03-23T23:34:43.324363
4d67b567050db402,Active,2025-04-16T20:22:34.246616
9237dd9a58c6a584,Active,2024-07-30T18:49:06.071944
f18a64d6f98b1def,Active,2024-07-09T19:36:18.320293
bdebe6e8fefcb00a,Active,2024-06-20T09:24:42.624767
cc8fa544e026d889,Active,2024-12-19T11:55:15.205857
48356753990e219c,Active,2025-01-12T17:43:14.597673
bd456073a2d6b5c1,Active,2025-02-03T18:26:47.574424
4c1ae4d6399e0f3c,Active,2024-09-07T20:11:06.212450
93a3f2734c4b4903,Active,2024-09-02T01:06:19.507597
e70a5ad014b3a740,Active,2024-12-07T17:22:12.192935
046df89fec548d89,Active,2024-11-20T23:03:06.049296
60c015ac7a5f53d5,Active,2025-04-08T08:45:05.256146
43a468bee3316ec7,Active,2025-04-23T00:54:11.473538
81d51168815a73cd,Active,2024-05-15T21:31:28.073803
77cc510ff227a612,Active,2024-06-14T16:03:48.838280
ee27a4cb676652eb,Active,2025-04-06T05:22:28.146023
c2ab115f29874e8d,Active,2024-12-25T05:32:33.488031
0c889029525bb9e8,Active,2024-10-18T01:46:03.552041
55409506da88b840,Active,2024-07-14T23:59:43.076020
f813ee7cfe56b653,Active,2025-03-13T04:28:54.382485
d8467594e5f80792,Active,2024-12-31T03:56:49.800840
8c9c0b996e87bd71,Active,2024-05-16T03:01:12.182069
f05dbbce92940afb,Active,2024-10-27T01:42:01.766477
3adcdcc36038d625,Active,2024-12-02T18:13:01.029404
a1d7a7223420ca9f,Active,2024-11-27T06:26:33.054129
12b7bda83a91b989,Active,2024-08-21T18:59:54.307203
84716022f3ecc6eb,Active,2024-12-14T02:38:19.444859
f0a193a742c4dc0a,Active,2024-05-24T07:54:11.356301
4496e97ad0c1b4e2,Active,2024-06-17T23:04:59.934245
97286cb90c290c1e,Active,2024-06-18T22:34:45.513076
5ccb491bd32562cf,Active,2024-07-21T09:15:58.074818
6de4a99b1df961b9,Active,2024-12-11T20:13:54.510257
b0eb3bbd30173d92,Suspended,2024-11-21T00:27:15.594776
c4c550749f83d5a7,Active,2025-01-12T22:04:12.080372
1e45df06dbda7589,Active,2024-09-22T23:15:07.731304
8ec19bcbbc975de8,Active,2024-08-03T15:32:46.972678
27e09c6d08212b62,Active,2024-11-11T05:11:32.224503
abed0820b06639f1,Active,2024-05-20T22:46:07.481595
fe75bfb85af213ce,Active,2024-12-24T06:12:08.482699
23ffef34997bcdf5,Active,2024-05-03T04:01:57.301567
e0a7b35c376b2474,Active,2024-10-13T17:51:28.303512
dcecb68be63ed000,Active,2024-11-10T07:24:30.965343
99c126efdf657d23,Active,2024-12-16T16:57:31.283720
cbfd57d889b1ec8c,Active,2024-08-10T11:35:06.209704
4e9218089b8d82d3,Active,2024-12-14T17:53:57.529842
eb4cdb00827d67ee,Active,2024-05-29T22:14:50.405148
057bc748b1f4fcf9,Active,2025-04-11T12:06:29.031527
b4f654e73bbeac27,Active,2024-05-03T04:25:56.292902
cfdd35c988ca6c5b,Active,2024-08-01T17:17:37.707736
825cdee0da7ab1e8,Active,2024-07-14T11:15:07.628041
72bca0d5f92d7c1f,Active,2024-05-19T23:14:03.574495
4744b441cfef3443,Active,2024-08-28T07:01:52.363271
5f68ec4758a11704,Active,2025-01-17T12:22:53.367219
7d618a2ead5c7acd,Active,2024-07-25T18:50:43.062781
91c19615eff6dd45,Active,2024-08-30T18:45:31.384436
62b982c6c55dfff7,Active,2024-07-30T23:12:33.187127
f26f508dd5f60409,Active,2025-02-14T01:02:27.698643
2ccb038afb2bb1e9,Active,2024-12-10T06:56:50.115319
15d54c3127fe387d,Active,2025-02-07T23:58:10.239091
2cf26d050cae4419,Active,2025-02-17T12:26:28.301327
5a42166f8b0151ae,Active,2024-10-10T16:14:35.073008
bdf199c3e440a4ec,Active,2024-07-28T18:47:47.817164
7d2fb1d58fe6bdde,Active,2024-06-28T22:24:59.607296
c0bc44424f5fb380,Active,2024-12-30T19:57:08.104025
bd682f86c7676d2f,Active,2025-02-25T03:37:43.071678
d70e22374a19693d,Active,2024-10-27T08:30:10.039514
6374e52144f0124e,Active,2025-03-19T16:43:11.475806
4429a0854fa5b8b5,Active,2024-12-05T04:58:31.967696
4407c1d850cd26ce,Active,2025-04-03T21:26:49.800589
57254215a09c6330,Suspended,2025-04-08T07:21:36.459686
dfbfc2b0e784f9e1,Active,2024-09-21T00:10:25.681753
1954cba2c32045a6,Active,2024-06-09T18:32:05.976842
bb6ce4ae0bcb1104,Active,2024-09-13T08:55:01.771787
3131bb8f73a1ee5b,Active,2025-03-27T03:03:02.905772
5988c692d74f77d8,Active,2025-03-03T20:42:32.273814
9db10a7c4adb1e3f,Suspended,2024-07-02T15:41:09.894648
89a638d4dedf87c9,Active,2024-12-09T15:41:53.163095
1f550f77fb69bd18,Active,2025-01-25T18:14:57.260443
1270c8627e081f29,Active,2024-08-11T06:33:20.281214
88133ad3978ace3f,Active,2025-04-28T10:31:04.735794
6bf12a998077ec06,Active,2024-12-23T21:23:21.695142
4b593fab5a950b22,Active,2024-12-04T17:43:07.499796
145770b0ffe82e34,Active,2024-06-15T09:33:37.041578
ab96e23e36b242de,Active,2024-11-26T02:09:42.257529
4cf232f74fee2b0c,Active,2024-07-29T01:20:30.780625
93b47854c7627dea,Active,2025-01-20T09:40:28.386667
b725f7fb61b2ed5a,Active,2025-01-11T04:49:35.852934
e2269f647ff7dcf5,Suspended,2024-09-18T17:54:47.855987
7eff6c9bbc74ca17,Active,2025-02-17T07:38:17.711101
ff9d4ea295d687c2,Active,2024-09-01T16:36:29.747511
2c58731fb3b576ff,Active,2024-12-10T15:45:17.447589
2d512833b5071e46,Suspended,2024-12-27T10:50:14.123209
5512c73a759c8a64,Active,2024-08-28T11:18:40.347122
aff5d4c626f9cee3,Active,2024-10-25T14:51:01.295655
5d0e371ad0545491,Active,2024-12-27T09:07:35.420661
12fa33416f7bd6aa,Active,2024-07-13T22:40:33.850676
1ef69a875483b8dc,Active,2024-11-19T07:54:23.844272
fa2c0737d31737eb,Active,2024-05-31T08:31:27.332686
8613046d5a39ba37,Active,2024-10-16T09:28:48.746751
53ff6bea85d38295,Active,2025-01-14T19:42:09.304581
8e6ed8d13e30e9da,Active,2025-02-22T06:13:48.085398
c476bd815eed66a6,Active,2024-11-14T11:48:08.459792
1169f0d38ed15513,Active,2024-09-30T09:55:14.241684
a934e872909a3912,Active,2025-01-23T09:43:25.236330
cc1c5c27a2449958,Active,2024-09-20T02:28:17.092713
9c50c7077b91288d,Active,2025-02-07T00:34:03.010089
28164d19f557fa61,Active,2024-08-02T19:02:34.314564
5e25633d0567b0ed,Active,2024-04-29T00:47:32.642660
4ea175c149a7a8ba,Active,2024-05-01T06:24:47.730959
83f2e34d9c0ff67d,Active,2025-03-12T18:16:51.778923
82a497c4b6fe75c2,Active,2024-08-08T00:49:13.440987
befcd68cadddba8a,Active,2024-10-06T02:24:51.434243
a51896b256be6848,Active,2024-10-13T00:16:00.260826
e7c27b764d80b3d9,Active,2025-04-23T05:14:44.635490
f814b86c1c398676,Active,2024-10-24T17:09:50.167247
23fe30af45d4687b,Active,2024-08-31T12:39:45.024906
4cad730179a211aa,Active,2024-04-29T04:53:00.852623
b7bfb78fdf0268f3,Active,2024-09-08T21:50:01.437419
f9637b4334b593ff,Active,2025-04-15T23:42:22.869831
38422089d86c238c,Active,2025-02-21T07:20:05.618471
7a83dd9dd69dd1dc,Active,2024-11-09T19:36:17.025773
739ef61fc7ff2d4d,Active,2025-01-07T23:55:33.235453
7f16c027355689e6,Active,2024-09-12T02:55:56.901229
f798b721baf16b92,Active,2025-02-11T05:14:30.110756
0c7131b75219d46d,Active,2024-05-22T19:00:12.859448
e56d59fe9b22086e,Active,2024-10-30T15:41:51.882399
f12b57471d744075,Active,2024-11-04T19:06:25.207869
5bd49f8085314518,Active,2025-02-10T21:46:20.238467
829686ee15d4ff5a,Active,2024-07-23T10:41:41.165220
8c2bed14c663f950,Active,2024-06-02T15:47:02.191393
b0a16d502a5ad222,Active,2024-07-04T07:01:03.325644
65e35e52d9487f27,Active,2025-01-10T22:31:15.211989
7c9926e2c741bbac,Active,2025-01-09T14:00:45.119068
6cb16315b9e4d68a,Active,2025-01-20T11:04:57.678226
83788193192348b2,Active,2025-01-16T17:12:57.825551
875e081bb5b7ac17,Active,2025-02-01T19:33:29.891860
f3d51701b288a880,Active,2024-08-14T19:45:50.444497
14f7cfc71e2c7589,Active,2024-11-03T22:54:27.851491
cb0970dbbfad4dc2,Active,2024-09-01T23:28:38.832252
4b190bf424b93f5a,Active,2024-12-03T00:04:32.445997
061f936429b0e0fa,Active,2025-03-21T06:52:53.175169
f8eb723905f617f4,Active,2024-10-15T06:01:07.913662
c70f3d07d64f2540,Active,2024-07-13T04:42:12.680921
166a284bd2e2f65c,Active,2024-05-04T04:40:03.253818
c53df03aec131c5f,Active,2024-07-09T16:07:55.919705
fe09e6f512b8975a,Active,2024-12-30T03:53:51.352400
4aa260ad1eddc578,Active,2024-10-19T08:48:41.240636
a1ff4a394c5256d0,Active,2024-05-28T19:10:19.310282
965566a83a51427c,Active,2024-12-08T14:22:47.594651
d5af195cdbf0f7af,Active,2025-02-17T07:18:15.751112
3dcea3bff4761fef,Active,2024-09-01T08:13:50.292871
1a2c34db6da18531,Active,2024-06-21T09:15:46.710350
e1d9619de8848d7d,Active,2025-04-01T06:58:45.742481
713e303cd3e07c7e,Active,2024-11-12T04:46:36.881014
f26487c6a6a48867,Active,2024-07-22T12:01:25.068149
065d3ed74ed638a1,Active,2025-01-14T10:19:09.627591
020397980e05583a,Active,2024-05-14T12:58:02.316046
a06d0b695025e5dc,Active,2025-04-11T17:53:14.809525
e6dafd1a2ac9fd1f,Active,2025-01-13T16:28:05.712859
956b17451f7d1c14,Active,2024-05-23T15:48:04.791268
602de6f9d83b518e,Active,2025-01-17T05:21:17.010338
47c0d220d0b1b389,Active,2024-07-16T09:13:20.403219
a7ffb30d8f02d780,Active,2024-06-06T15:54:36.261468
0ab4efc4b2716b24,Active,2025-03-02T02:34:17.286213
74362e845ecd6c3a,Active,2024-05-25T16:03:57.505489
7b232e4b1663616f,Active,2024-08-17T21:08:49.002775
1413b213b5e9d5e0,Suspended,2024-08-07T21:48:23.420873
2fcd9f01d26a7ef0,Active,2024-06-01T05:41:05.214359
019b6be92ab1fc51,Active,2024-07-10T22:02:54.476528
2bac651048caf3bc,Active,2024-07-09T04:32:36.130788
c9d12e62e3090eb4,Active,2024-12-18T10:58:35.596795
bd93a8bd718c80d9,Active,2024-11-23T21:48:44.944804
a17443ec29b917f4,Active,2024-12-28T22:52:29.657403
8322e176aa532990,Active,2024-07-12T19:50:40.874036
27c453d6ddcdb07e,Active,2024-12-31T05:24:59.541872
fa8a9835e1538017,Suspended,2024-08-20T15:36:52.356428
adfca74c87d56629,Active,2024-10-24T05:18:57.051889
ac4e92a4ee485d29,Active,2025-01-04T07:17:41.717782
d7b17f5b372bdf1d,Active,2025-04-10T06:36:41.322534
7c9fa4a56b1ade50,Active,2024-05-19T11:41:24.114368
32b65884f9ee87f1,Active,2025-02-24T02:10:43.287211
6fa1e01843110e65,Active,2024-11-10T14:23:36.769408
771a1f22f5906863,Active,2025-03-21T09:53:08.897710
4580febcd292d5cc,Active,2025-03-24T02:33:24.912915
c5c89e40bfb25431,Active,2024-11-07T14:00:35.064284
843c878713d6a790,Active,2025-04-06T09:02:56.541674
b3c7cc3c1a3af371,Active,2024-08-20T01:20:40.508878
3511b635dcef09d4,Active,2024-12-13T20:06:36.705870
35bf92e0a892aaab,Active,2024-10-30T06:01:15.776013
4de8863dd8f3b8b0,Active,2025-02-23T02:57:18.208668
0c9a394b98dcb27d,Active,2024-09-12T11:48:00.178807
2d0cc9f3d64863e8,Active,2024-07-03T07:10:54.163470
39bc98a90fe4cf5e,Active,2025-01-07T03:26:11.323966
b5e2a513e1d33f99,Active,2024-05-03T12:16:24.292910
796ab718ee5dfda5,Active,2025-04-06T19:49:40.862656
d507097940c5c1ce,Active,2024-07-05T18:37:09.766280
a3710be24fc4e884,Active,2025-03-22T23:23:52.688330
cad5c9a440389173,Active,2024-12-19T09:57:06.765787
e2352455851eefaa,Active,2025-03-14T21:26:05.836784
6efaaf858a3dc733,Active,2024-11-03T14:12:42.084339
90b392f8d2f5549e,Active,2024-07-08T04:00:43.609893
8debbba130e70bd1,Active,2024-10-04T08:41:02.812094
d184ca2ba61ce71f,Active,2024-05-21T02:24:51.248556
4ad588941fe8d722,Active,2024-09-24T15:46:18.680485
ab43fb912fd244d0,Active,2025-01-04T03:38:41.795679
4eb9d2d6d9ab90d8,Active,2024-11-23T14:20:04.044184
22f1a2e1eb3edce5,Active,2024-11-30T22:47:49.013749
d027af8b2b55b4c3,Active,2025-03-22T19:30:42.971655
4ea338795f5d66a3,Active,2024-07-13T13:56:49.253441
8cb78b135d8aeb86,Active,2024-09-10T19:19:29.102323
702487dc650c80cf,Active,2025-04-04T16:56:47.336528
55c90f65c518fa1f,Active,2024-07-08T08:00:10.997836
351752a8011aba6d,Active,2024-09-30T08:50:24.428894
bc358f6ecf609d13,Active,2024-12-25T13:59:21.818608
f5867be2db97c8c6,Active,2024-12-12T18:06:50.119050
146ed7722040120a,Active,2024-11-20T10:58:18.160834
54ca85e4507df915,Active,2025-03-14T02:58:49.367202
1aaa0bde58d9bd68,Active,2024-07-21T21:29:39.429941
40a2ba74490f7475,Active,2025-01-23T22:35:03.365111
50d658a98cd7a6b2,Active,2024-10-21T03:38:59.717390
c7b0ab2f9fc4bd06,Active,2024-07-30T10:11:41.095576
108287f0ccf16c3b,Active,2024-11-01T04:53:45.804186
881fa9701d7bb95c,Active,2024-08-31T02:03:20.786522
1a4e26d0e33418e6,Active,2024-11-01T16:17:22.967410
6343869c9e60581d,Active,2024-10-29T06:24:59.909055
32db97e82a181cf0,Active,2025-03-10T22:25:15.077676
20c1f025a03b817c,Active,2024-08-10T12:13:12.699164
0210225e6034a583,Active,2025-04-04T20:20:27.240629
926c1f166afe8329,Active,2024-11-09T01:45:38.341072
14215b02bd07c02d,Active,2024-06-22T07:27:55.439185
d9c6ff4764cc9e3e,Active,2024-05-10T09:01:26.482660
c85a7224294db06d,Closed,2024-11-09T05:28:54.235072
2a8b23ddb29c9808,Active,2024-05-15T16:29:41.247674
c22990da73433cfa,Active,2025-03-31T01:36:14.888799
d358e74753d5549e,Active,2024-05-07T07:13:32.205570
81b2776342574a3a,Active,2024-08-21T05:10:13.047387
4b98dc6ae37bdeab,Active,2024-10-20T09:41:23.700650
27f9f4e384b44fd2,Active,2024-08-07T05:56:22.511414
0bdbf0df56fd7314,Active,2025-01-11T11:51:03.243593
e36f056d9249e680,Active,2024-07-30T06:02:20.059832
57b86b4879c1f7e4,Active,2024-09-02T19:25:55.395593
6ab826dff8a458fc,Active,2025-04-15T08:58:25.191174
d7969597735234c2,Active,2024-11-23T08:07:53.623490
8fb434d5cfb13856,Active,2024-07-31T05:35:08.365500
f2ffcfd54f9109ab,Active,2024-06-07T15:17:45.225815
d123dd531569253f,Active,2024-08-25T11:45:54.617112
a59336e61fcb0b06,Active,2025-02-15T20:26:07.122662
0c7867d63828039f,Active,2025-03-09T00:59:52.832324
7ec7f5e5ac794cb4,Active,2024-11-17T02:03:12.465611
99c59e46ef9f66ba,Active,2024-09-05T15:22:26.449215
4292174481126bfe,Active,2024-05-22T01:13:59.250665
4625743d37dcfc96,Active,2024-11-14T08:35:57.762063
2e33b6ed8c68bf08,Active,2024-10-21T14:28:21.457587
f54a5a0fa41ecccb,Active,2024-07-07T19:00:08.912718
ab3ffd53c7210b0b,Active,2024-10-29T10:38:41.219013
33fe517bafb17af7,Active,2025-03-25T16:55:06.420416
dfca7058e4e32ddf,Active,2024-08-24T02:15:29.670963
5b7f135a2ce5301f,Suspended,2024-09-05T17:33:22.841051
046c4f1432c50eff,Active,2024-05-22T23:35:23.130298
86cc687f3f72565e,Active,2024-10-17T03:44:44.017181
3f36d574462cd6d2,Active,2024-12-30T13:21:10.462993
0807537f596d65ec,Active,2024-07-20T15:15:41.554419
04e4fbe777ac6eee,Suspended,2024-06-02T10:26:28.963975
4b6e3d342919dd8d,Active,2024-08-02T07:12:26.415823
94a90f62b85b7eba,Active,2024-06-06T03:55:19.126882
971a813f20a92591,Active,2024-12-08T00:45:10.010217
a1cdca0b1f24531c,Suspended,2025-03-16T01:34:17.802504
7ceeae76a35cfc1b,Active,2024-11-02T09:15:58.113680
e50c7dd895f0cfa9,Active,2024-07-16T16:52:46.675790
87f8859fb28f5340,Active,2024-12-12T23:19:49.623520
6926c4de6474bb0e,Active,2024-07-08T08:48:06.064860
814cfd2a1af0d6f3,Active,2024-08-23T08:37:25.184302
7a63cb8222df66b1,Active,2025-03-24T05:42:06.852362
f4b1c7b959e65e54,Suspended,2024-10-04T05:43:18.093605
0e27993243db4262,Active,2025-04-23T01:29:40.948280
834ef596d31079e6,Active,2024-05-15T09:01:39.188870
bb04e04052fb662c,Active,2025-01-24T03:28:22.135230
8475aed4b05df588,Active,2025-04-08T13:29:27.106835
27ae9e11d8aeab65,Active,2024-08-01T13:21:59.311282
3ac72bc4626fb347,Active,2024-10-29T08:59:12.435431
651bb4a0002aba28,Active,2025-02-23T19:55:12.337667
811dbb4ad9d607e5,Active,2024-12-26T21:29:40.301938
35b23a7064d84129,Active,2025-04-26T23:28:10.948245
7092431b268d0b8a,Active,2024-05-07T05:48:09.090592
c696955fdb16b09f,Active,2025-01-24T04:36:24.152545
728e5da89f12a477,Active,2024-06-02T22:51:41.807028
48d75eeafc3cd0a4,Active,2025-03-07T14:36:40.330677
964f6351324f93e0,Active,2024-08-25T20:14:26.999050
81c7c9b3c29205ff,Active,2024-07-27T19:06:37.402643
5b1eb24fc3b98039,Active,2024-11-10T16:16:27.982353
01f83a6120854f06,Active,2025-01-03T18:06:40.812322
fe10a7bc8e52f4b3,Active,2024-07-08T04:44:05.935057
1a3dad634a725ea4,Active,2024-07-25T00:08:42.979137
6c94c3c5bf16b85a,Active,2025-03-12T20:07:20.891438
793d435c0d328456,Active,2024-07-06T03:03:55.257902
cc8e3f0c6788c073,Active,2024-08-14T09:56:30.010097
c5dc84c6a5463028,Active,2025-01-15T11:04:22.235546
25ee3b1e80f06306,Active,2024-06-14T01:17:00.732795
ff48d2cfdc5fa56e,Active,2025-04-07T22:13:49.303033
da7f66712c503fde,Active,2024-12-10T15:53:11.199444
e713005f13167a50,Active,2025-04-28T01:18:05.302104
2fdd2e8e7736c72e,Active,2024-06-04T07:51:58.285903
954a94fafc3481e9,Active,2024-07-16T00:38:06.163741
ee2a5b4866191b35,Active,2024-10-27T02:03:24.916213
46358ab4449e3f03,Active,2024-05-04T08:18:29.459113
c1b7b2d99d4cd06e,Active,2025-04-17T18:19:50.142372
809d071cf93220b3,Active,2025-03-04T11:45:45.568748
8e891b1b89b781a7,Active,2024-06-27T22:49:13.677683
69c2b2efadd9c793,Active,2024-07-14T16:45:31.230321
8f905c9f5a223821,Active,2025-02-23T16:00:39.213508
20394bada3f74e14,Active,2025-01-10T13:13:12.682306
0894f3038297bcb0,Active,2024-10-22T05:27:24.595143
bbc0bde1c7db5fb0,Active,2024-11-01T05:42:37.799043
37a36bd32d5c2879,Active,2024-12-21T01:34:36.681283
86455baea0cdf0e6,Active,2025-02-01T11:36:09.476815
4e6d4d947fe6e7b7,Active,2025-03-10T00:58:53.031467
4cf54b4089eb79cf,Active,2025-01-28T10:57:44.643586
3fcf2a43fd3a8ee9,Active,2025-02-07T17:32:02.152825
198af5e4364e0773,Suspended,2024-11-17T08:31:56.375241
deba97a062d014bb,Active,2024-05-15T17:36:56.423908
88e4d4a063904dad,Active,2025-03-12T12:40:14.972456
69b9f3320f4b82fd,Active,2024-06-29T17:19:44.772463
fa5b41e032ca917f,Active,2024-09-01T11:18:17.553912
315d7f80d6d70bcc,Active,2024-11-02T18:11:13.292915
efc1f041b2c440ac,Active,2024-06-07T01:34:17.594308
c711e46bdfc50171,Active,2024-11-11T10:20:50.499076
8e6c7d8534fbdce6,Active,2024-09-07T14:19:17.111164
844b1106416b6b69,Active,2025-02-27T11:52:15.799734
b51ec16571b94b98,Active,2025-02-22T07:09:44.705375
e6547d97499a5e8b,Active,2024-10-25T02:43:41.775320
1f93baa61bf2b1bb,Active,2025-04-19T11:34:35.373240
c565e670aab5f504,Active,2024-05-09T21:13:24.189968
17e2aa6ae50448c9,Active,2024-09-15T12:19:26.185172
e2a500a6be2be644,Active,2025-02-19T20:25:54.819427
cf720ab02f3e16f6,Active,2024-05-08T14:11:11.889784
b7ff1d533a377642,Active,2025-01-30T19:42:36.051829
d42cd8d275e2776d,Active,2024-12-11T19:23:27.895214
72319c0b51e8ac0b,Active,2024-08-03T22:19:19.657683
27b2f0b959fbf1a5,Active,2024-09-03T05:16:44.314836
e4ec1091b1c2ddab,Active,2024-07-23T04:45:02.282611
e019b292f1039c5f,Active,2024-05-02T03:57:38.374494
1f8d58381e091863,Active,2024-07-07T12:02:05.787318
ec879d0f12feaff0,Active,2025-01-13T05:03:24.490248
981682c094f7e579,Active,2024-09-14T01:01:17.223846
1aad0767ca1eec37,Active,2024-11-19T17:54:59.332624
bcad138f4e32d3a9,Active,2024-09-25T02:11:34.656553
2d89ac43fb3c51a6,Active,2025-01-20T17:43:29.533032
563c457442d9edaa,Active,2024-11-19T18:46:08.250987
7f40fa7b61f70424,Active,2024-09-29T13:09:55.792275
be1fcb161cd5363b,Active,2024-07-29T12:45:15.421660
c470dbaf240f0556,Active,2024-10-02T06:46:37.877762
6ec10f13af33d463,Active,2024-08-22T15:52:05.861197
5945dcd79b6cf515,Active,2024-05-04T22:19:19.847996
2557581c08addbad,Suspended,2025-04-07T19:29:42.550670
ce9aedec8bd5e96c,Active,2025-01-28T18:11:01.750973
3766e87b8f4e24a8,Active,2024-05-16T00:58:33.367362
0c62a4ebdd6c1a83,Active,2024-10-30T11:18:39.856657
7fadca3a9c76646c,Active,2025-01-16T00:17:01.569662
89b28a51bf1f75f6,Active,2024-12-30T07:52:13.135330
8162df1754ade53f,Active,2024-09-12T16:37:45.861427
3091707cfe10cc3b,Active,2024-08-13T23:28:27.149879
5c7aa25b958fb6dd,Active,2024-11-07T09:35:23.525625
f287603605d04d16,Active,2024-12-17T07:31:25.607233
7e126ae77b3360cb,Active,2024-09-15T13:01:42.292204
51541985f23c9d25,Active,2024-09-26T11:56:22.585719
dfbe2cf0f0c7579f,Active,2025-01-23T04:43:32.336816
e744fa060278f653,Closed,2025-03-23T06:20:25.234437
571af17cedca8ab6,Active,2025-04-09T03:20:01.533303
8f7a4ed023594b50,Active,2024-12-25T10:02:38.267033
335e71641ffe9068,Active,2025-04-08T20:42:04.297455
995568aadfe3dbe1,Active,2024-12-05T06:30:22.584136
1637138ff274ca2c,Active,2024-12-20T13:47:56.153965
b61d6c8a1180d797,Active,2024-05-23T22:16:40.968229
9f947cc218b2ed47,Active,2024-09-10T13:01:15.150125
3c67a82b34dd8ba4,Active,2024-11-30T17:16:46.164528
949f171c767735b9,Active,2024-07-14T19:28:25.434388
c5a54e321cce35b1,Active,2024-05-22T15:05:02.584531
e8ab040967d8a575,Active,2024-08-24T15:59:57.286130
8f418feb728837c2,Active,2024-07-23T20:56:46.259071
5a1767aa12224357,Active,2024-11-08T01:40:01.826657
39f4eeb5b3f40feb,Active,2025-03-31T20:18:04.717184
1c495ad4bdd999fa,Active,2024-07-28T05:27:01.490567
aace004b5623eb1b,Active,2024-10-15T17:01:27.899158
30de2daa62cf370b,Active,2024-07-29T00:46:56.014207
3036d8f5926ff7fb,Active,2024-10-19T12:48:41.871706
375f0895fbcce563,Active,2025-03-15T04:58:52.430109
2dbe224e2c18883d,Active,2024-06-08T11:54:04.650598
1cbb52aa36e9736e,Active,2024-08-08T19:33:19.169750
b90905feb916a55e,Active,2025-02-18T03:01:58.748287
e9cfea4244d7c0a6,Active,2024-07-24T20:37:02.834830
6de3562b96965b3a,Active,2025-01-15T18:43:35.385105
d848b60b95d74f9b,Active,2024-09-04T23:30:23.930801
165bc583433045b3,Active,2025-01-09T17:58:00.850930
95f5f40398a9acf7,Active,2025-02-12T01:21:06.137295
19de03b4bcd82391,Active,2024-10-08T07:33:04.723441
9fa5376d2a2ed9da,Active,2025-03-29T09:47:29.998681
8612eb10fcecd2dc,Active,2024-06-14T09:47:46.824135
87bbc810ecebfd86,Suspended,2024-09-04T14:13:47.108454
bd03f76d234bca3a,Active,2025-01-27T15:18:48.791547
0a4ff6af8f9a312d,Active,2025-04-20T00:01:01.885443
96fb13470319ae70,Active,2024-11-17T08:56:48.866610
b9f5573eb61b77c5,Active,2024-06-10T06:54:50.940958
ada38368e0ab562b,Active,2024-05-09T21:19:52.339728
e6d3170e49ac50bf,Active,2024-08-18T14:12:50.817665
3a206a82e8b6ab26,Active,2024-11-03T07:06:15.513133
36c1f2bcd5129ac3,Active,2024-12-03T21:49:05.291542
07cd1f08762d1957,Active,2024-08-04T20:01:12.382922
5fa76de9945c0b15,Active,2025-03-31T01:25:22.376766
1da4f8a904e135b3,Active,2024-08-10T21:32:37.596761
7d2e6989d28d9a01,Active,2024-06-01T11:01:13.904663
48643cbb203339d0,Active,2025-03-04T06:20:32.275141
1703f578f78777c9,Active,2024-08-09T12:18:10.372435
1284712362678c8c,Active,2024-07-23T02:28:59.466632
6db73c613e8957f0,Active,2024-11-01T03:30:43.533105
b8ee404dde86dda4,Active,2025-02-11T22:58:34.372127
2700f3269bae8a88,Active,2024-07-11T22:38:38.940524
4bd24cd7664659d9,Active,2024-05-22T12:32:01.025556
88c15613ba34785e,Active,2024-09-11T09:55:46.174937
f07be9ba6657c1ee,Active,2024-06-24T17:46:17.203334
588e365b0151cb76,Active,2024-05-25T09:53:10.866589
cf4ab03e89011517,Active,2024-09-02T21:43:39.491308
eccc45aefd5f0435,Active,2025-02-03T21:37:26.376296
29bacc8366aab946,Active,2025-02-02T02:41:38.500973
607bcf38d805ddb4,Active,2024-08-19T20:07:08.140737
a857cd4b571f24cd,Active,2024-10-09T22:20:40.382228
4e604cb38f9a0533,Active,2024-05-04T17:02:00.259789
9ed6a4abb227963c,Active,2024-10-31T02:16:04.442639
e0d8f5bc8a41104a,Active,2024-12-28T19:05:22.350069
0ac91b6588e3099d,Active,2024-10-14T22:59:26.010005
d05f1e1a23301995,Active,2024-12-25T06:06:51.889660
c3e4ece4b4d599c3,Active,2024-11-01T05:34:04.425122
977b2ce3769634dc,Closed,2024-06-08T05:19:46.882438
53331be7553b61a3,Active,2024-06-23T21:44:42.149948
4894c44d1824762d,Active,2024-05-30T23:42:05.321087
e2659cf0bd9b1f52,Active,2024-06-24T08:33:45.602308
fd2c55aa9dac7b29,Active,2025-03-10T00:09:51.991899
b51fe7a5419ac200,Active,2024-10-08T15:42:18.646030
da7b1d70f024f88b,Active,2025-03-31T08:47:08.460274
877a2db32efca91e,Active,2025-02-10T07:42:29.974680
11454895841baee9,Active,2025-03-18T14:43:37.188096
89bb9f96085262dc,Active,2025-03-10T03:13:08.769872
edf50839b38e686c,Active,2024-10-13T09:48:21.476978
ebcf95f8b82f29cc,Active,2024-07-14T08:07:52.738518
982122b0252e96e3,Active,2024-10-12T22:22:43.982826
f5e4ff4d9c35c642,Active,2025-04-02T14:59:10.724391
67e60992935c8463,Active,2024-08-23T19:04:01.620170
18ccefa929e5544e,Active,2024-05-20T13:53:10.469368
e0b301395259ed78,Active,2025-04-11T13:49:04.667158
8bb2dd313821a166,Active,2024-06-16T20:12:19.372893
3615862e3b4b7c52,Active,2025-04-02T18:36:48.498672
008581538f3f6ae5,Active,2024-06-05T22:32:59.715273
27737841e057a05d,Active,2025-01-03T01:41:56.842054
0ed5480483b6106e,Active,2024-10-13T09:03:15.039364
bbb9ef94372dc63d,Active,2024-09-24T17:57:48.167386
ae653e45239cf94a,Active,2025-03-19T14:46:40.895761
446dbd249e8b4534,Active,2024-05-26T23:20:37.918028
029e3b5f61168903,Active,2025-03-10T18:11:58.125887
a08927fbc504591b,Active,2025-02-04T06:04:29.054780
28c47b193b17b620,Active,2024-08-24T11:53:00.565829
fa2b3c5ef6012f03,Suspended,2025-03-25T01:11:32.556268
ff129cc671a1f097,Active,2025-03-13T20:42:38.907305
b65a71e902356614,Active,2024-09-28T16:36:00.438424
76161424ff867e50,Active,2025-02-18T00:14:03.792093
ad6c38bcef8fed2b,Active,2024-10-22T18:51:26.227752
815bf684f31b58d4,Active,2025-04-17T21:29:57.662323
cb2959016a48dff9,Active,2025-02-28T13:10:17.911555
0fe289eb5ed42ffc,Active,2024-06-13T19:22:09.203331
d65ab281b01a0b6e,Closed,2024-09-28T15:59:41.129421
9172c0e93b311cbf,Active,2025-02-16T16:10:20.165770
1f0c4db5cca74b64,Active,2024-10-25T23:27:05.066065
72800c06e343f538,Active,2024-11-07T17:54:54.981238
dde0fefeda9a91c8,Active,2024-09-24T12:38:27.675230
e9d890262449eb33,Active,2024-05-13T12:06:32.782746
025e77f0e26274e5,Active,2024-11-17T05:30:06.662019
0f3d677a5d4adea3,Active,2024-05-01T11:07:28.528347
6625c46cff568a17,Active,2025-03-11T09:34:33.887282
854441df6c484c5c,Active,2024-06-09T02:30:49.010979
2c204f2b17496495,Active,2024-09-23T03:06:09.911963
338077869ea752a8,Active,2025-01-12T11:27:27.712722
da575870f0a4366f,Active,2025-01-04T03:49:19.694479
3fa98b95b2ac61ae,Active,2024-11-08T14:33:05.592954
607cdb317085f2eb,Active,2025-02-12T06:12:56.647175
70fd31a45a78e6e3,Active,2024-05-03T10:14:31.671313
c7ec28114c526cc4,Active,2025-04-15T10:47:47.162884
548865d581d61141,Active,2024-05-22T04:07:36.800290
210de095f3d7fe4a,Active,2024-06-23T00:07:54.125811
2abf220f5b1d964b,Active,2024-07-10T01:45:59.679279
552467783c705d6b,Active,2024-05-20T05:33:37.158933
60b781dcba3fdb7f,Active,2025-03-02T13:46:43.230966
6018659dc50bcbe0,Active,2024-07-11T12:35:02.968477
018c01329fe6da07,Active,2025-02-23T00:15:10.847817
f6648ac966965c1e,Active,2024-07-17T09:21:31.034072
b473339537d2aa70,Active,2025-03-13T14:44:15.935837
980ac483d09639b9,Active,2024-12-04T01:41:04.599144
c39a64b18226891c,Active,2025-02-17T19:54:47.263206
5e408a3b2ca770cd,Active,2025-03-29T20:02:12.353148
e48fc1b3c765a34c,Active,2024-05-24T18:58:08.953096
3db8100a8f47ee9f,Active,2025-02-19T04:57:40.207707
798ebf3cc277e5cc,Active,2024-12-09T21:44:18.723545
998db1da96c6580b,Active,2024-11-19T05:01:51.660969
243b41e49b277755,Active,2024-08-24T09:36:43.456112
954a1a8c1991afa8,Active,2024-12-12T10:14:37.909628
5cc88df25493ee57,Active,2025-03-01T21:58:25.540615
b0159fb7cb95929b,Active,2024-05-22T06:45:17.095531
d827836c131c23fe,Active,2024-07-12T03:05:02.504433
ea7fe6f18da38f60,Active,2024-05-21T02:46:26.274629
53bc432bb1c3b569,Active,2024-10-14T20:23:49.890026
f544e4207a57bbba,Active,2024-10-29T05:52:31.640639
b1cb38d37595a040,Active,2025-01-04T20:44:30.283052
c282b8f7c3398ac1,Active,2024-12-27T10:21:34.339206
2efd176bda92cbe9,Active,2024-12-03T16:09:33.221635
76794901f9bb3dd3,Active,2024-06-14T01:24:11.415985
ff01aa4ac3bde92a,Active,2024-12-19T01:58:21.306666
7e5e01b45a1f4286,Active,2024-05-12T05:30:25.938579
bd4ffe8ba62bb3d1,Active,2024-12-22T16:17:18.660738
b9838edfa2c2afe1,Active,2025-04-09T06:57:26.751517
3f971b28f6a7db2f,Active,2024-08-19T14:01:15.277356
439abe814e8cef84,Active,2025-01-05T10:47:34.358075
707c93d900e0951d,Active,2024-06-02T18:19:30.760267
26f73bbbc5225d73,Active,2024-07-08T07:12:09.007444
33d9b3e440534738,Active,2024-05-07T01:43:46.931639
6429f0bf3a23ec12,Active,2024-12-02T20:02:58.134821
fcf91436070b3ff7,Active,2025-01-17T07:34:08.911711
d5b132eda102140b,Active,2025-02-23T16:14:29.679821
1e4bcb8cd32f33ee,Active,2024-06-05T16:47:29.040090
3c5dde5507ea33b1,Active,2025-02-09T02:24:04.953845
b207c701fdd68697,Active,2024-07-10T18:27:53.663409
24184ad461c24b34,Closed,2024-12-14T01:04:16.380304
54c3fa8f74f1dfd5,Active,2024-09-28T12:06:55.199681
633955f6590543c6,Active,2025-01-01T06:38:46.315554
2a5aa0a0ca085bc1,Active,2024-05-20T01:09:49.045967
bc6f90cbc0845456,Active,2024-11-19T20:40:29.284017
f2d8ebac32317339,Active,2024-07-12T03:11:32.711833
eb5ef541c18d17b0,Suspended,2025-04-20T18:49:38.898993
da48e84587fb3c9c,Active,2024-10-22T00:32:20.219425
af6134c860a6018f,Closed,2024-08-14T14:42:07.515378
995f89ff1e45cb86,Active,2025-03-24T21:14:34.426757
3f0cf541b81a699f,Active,2024-07-01T07:09:25.326912
2bc239159fd5cece,Active,2025-02-02T03:33:38.490443
5df2fab6727c21f6,Active,2024-09-29T12:15:23.860106
687f22a18b3b9db4,Active,2024-07-09T02:37:43.594753
a5a7e35e4a5b5c87,Active,2025-01-09T14:23:51.542226
54151356729ccf8a,Active,2024-08-28T07:09:03.741198
b0770903dd356dcb,Active,2024-07-16T03:10:03.707802
2008c686e76203e0,Active,2025-02-27T09:44:14.929035
b9596a299066acff,Active,2024-09-18T10:00:23.336862
36e402c62b28a2ec,Active,2025-01-27T23:58:46.358992
127d91e3ced90fb2,Suspended,2024-10-18T01:58:20.246986
06eee8ee787ab5e1,Active,2025-03-04T09:39:38.530088
85a0658c2aad5746,Active,2025-03-11T16:53:45.092289
d70b063f97718227,Active,2025-04-27T20:25:27.606201
066cd28e354696e6,Active,2025-04-26T17:40:00.872081
dafefc7a09e98e36,Active,2024-10-28T16:25:30.336505
d95c33a59ddcacb1,Active,2024-10-01T11:07:19.938207
e2c60af739df661b,Active,2024-09-11T03:26:28.798666
e1b075e338fde1e5,Active,2024-07-29T12:36:10.522176
42367f3299563c1a,Suspended,2024-09-01T16:09:15.685422
2c0cf52f5612ea20,Active,2025-01-03T00:33:39.937653
cd5c1ef07c9c2f9e,Active,2024-07-10T11:53:28.471028
8d67484cd38ebd77,Active,2024-11-04T05:53:39.705037
15f1356727104859,Active,2025-02-06T16:11:20.437703
442ff0d12caa2646,Active,2024-06-15T01:18:36.311754
a6290aa6b171c928,Active,2025-03-16T02:16:16.767466
c7529423bdd5bdd0,Active,2024-07-16T18:09:51.397682
abedca80648714dc,Active,2024-09-26T06:54:50.071572
f4ab6a9578a45f65,Active,2024-05-23T07:10:17.658976
a7ea5568d4ff6a4b,Active,2024-10-04T18:39:39.934285
de53558eb1c02368,Active,2024-05-28T00:38:23.672523
fafa13c17b314912,Active,2024-08-29T01:42:47.627864
e8047a59d8ff23a8,Active,2024-10-13T15:50:04.305495
3bee0d00678c7f1e,Active,2024-09-24T19:45:27.823339
b0b822c7484a5feb,Active,2024-10-08T14:33:32.671920
5a27eb8845eb5ed1,Active,2025-01-23T02:13:31.924948
48eb6ea40c0f3fdc,Active,2024-07-30T11:34:18.864630
a8c15055bf330c84,Active,2024-07-18T14:32:59.718470
2ebae97c880b6b34,Active,2025-01-26T21:12:55.238418
b27b375a4e5d0180,Active,2025-04-05T01:06:09.425403
7690b2fb84dd11c5,Active,2025-01-14T02:20:13.162748
c1c8eb8038665769,Active,2024-07-10T16:37:31.978205
07feae5603b45ac0,Active,2024-12-31T01:38:57.136322
6d3642e2dfa81956,Active,2024-12-30T22:33:03.503872
22d2782ad2a5cc04,Active,2024-09-16T05:19:44.132645
7a13f67e9f2595c8,Active,2025-02-17T13:40:54.254363
2bae352bb0996c5a,Active,2025-04-11T17:48:29.675075
0f93836c9b2f897a,Active,2025-01-06T03:35:16.542031
befd37c52948f1a4,Active,2024-06-22T02:45:32.028266
44d7a2373330e4ba,Active,2024-09-08T16:38:59.048068
f534c91c191a97a2,Active,2025-03-27T05:05:43.976898
93e83c06a94b9734,Active,2024-12-21T21:44:19.521735
c43a5ba69e593c9c,Active,2024-09-27T04:59:34.664469
57bac2bef1df7023,Active,2024-08-04T04:26:25.586417
71f44527f477ba07,Active,2024-12-06T22:30:06.768769
7bc622e6d021f208,Active,2025-04-16T02:36:57.156651
fc8244293966a565,Active,2025-02-01T15:39:44.775115
82b41effd18f9944,Active,2025-04-03T21:01:21.497180
0f24cfb26426fe65,Active,2025-04-12T17:11:14.650909
45b25ec2f1f4130f,Active,2024-06-13T12:46:01.759072
47aca402c365764b,Active,2024-06-15T00:34:37.285925
d144908fda0a3b84,Active,2024-06-28T01:42:08.082229
60a5d633d30bbd1d,Active,2024-10-28T12:46:33.354776
00369bf526d3ed5c,Active,2024-10-18T22:36:39.714415
ea0a31d47cabb037,Active,2025-01-11T07:50:21.182488
f9f079b9f8d6fa9e,Active,2024-06-25T11:59:21.306731
a54bb4ca7625321f,Active,2024-11-12T09:08:05.164598
c5ad5b5f75666663,Active,2024-09-14T16:11:26.757040
dfb0e37d7828f88a,Active,2025-01-01T06:02:41.512374
1c1cc8d50998467c,Active,2024-08-07T11:08:50.775759
c2ca27a751e89dfe,Active,2025-01-22T11:17:42.602111
9c77aed975a8ccef,Active,2024-11-18T12:50:15.327254
26aa9c807c00249d,Active,2024-12-17T07:51:25.350298
d5fe17e78eb7b1f6,Active,2025-02-24T02:51:31.257945
f4d2dfeacb413243,Active,2024-06-04T14:18:52.518549
193296f8b625092e,Active,2024-09-19T23:23:52.269834
bda5a7d67b0ad0d5,Active,2024-09-04T14:48:07.757681
cd1175c60a1f8d9d,Active,2024-11-03T23:58:59.770539
cedb3e919c8c4520,Active,2025-01-11T07:27:31.986837
a0f0d6a61a324e90,Active,2025-01-17T10:48:25.053331
fc23d84595a0bd5c,Active,2024-05-16T11:52:57.708226
2a69d151fc486a6f,Active,2025-01-05T18:32:18.875286
f37244856810a8b3,Active,2025-03-29T17:50:51.266703
5da9bcc1673fda48,Active,2024-08-05T22:40:42.009446
76159e7cab2f8567,Active,2024-07-31T18:47:31.892801
8d07d4fd97328a7a,Active,2025-03-15T19:20:46.470371
2a0683893a0dfbc0,Active,2024-07-10T11:41:39.890290
5772351ec5a42a03,Active,2024-10-13T01:28:29.087917
5b9984d98e0ac84f,Active,2024-08-04T16:22:37.804490
a0bcc7900e28e187,Active,2024-10-23T22:45:01.929637
37e0d2948923a520,Active,2024-12-22T15:33:03.321303
d803e61b9ae41470,Active,2024-05-09T19:32:54.739996
3501d30bf9508d7a,Active,2024-12-11T14:14:18.962916
8d63d1676f78d4f8,Active,2025-01-09T00:32:30.686425
0ee312341e80ef91,Active,2025-04-17T19:57:32.821177
1856a799b25468d5,Active,2024-10-26T22:44:00.211873
1bbf76b5d3aafbbd,Active,2024-08-22T21:55:37.069998
8842b54b7737514d,Active,2024-05-27T09:19:34.861103
9a9116ec2e3520cc,Active,2024-11-30T22:43:41.492323
85cfd52e9f224181,Suspended,2025-04-08T15:03:25.929287
480fa1e2a9c10064,Active,2025-01-01T21:43:36.869729
efbfdeb5d0750832,Active,2024-12-01T09:54:03.112559
08e5a052745649f5,Active,2025-02-16T22:49:36.926705
4fffc3666f1fd748,Active,2024-07-12T02:51:26.207887
158c75b3bb240de2,Active,2024-05-07T22:22:55.616107
6b15ee837ec98c16,Active,2025-04-07T08:32:53.027001
0b146414dcf56a8e,Active,2025-01-28T17:34:18.197553
cb90f810f249b178,Active,2025-01-05T22:09:05.177689
95151cc567019718,Suspended,2025-01-14T15:11:41.131322
9671a0646cab02ff,Active,2024-04-29T17:40:28.069947
321970191ef52b03,Active,2024-07-18T03:11:56.978699
18de1e3c350890d7,Active,2024-09-07T14:42:57.608038
88b48d52714dc066,Active,2025-02-21T20:23:39.711730
7a1e566f9dc7b3e6,Active,2024-08-18T01:08:03.292093
553ec93c7710c958,Closed,2025-01-29T19:32:13.984082
2494be1beaec2718,Closed,2025-01-13T10:38:04.853472
fd152e0fbcdb42cb,Active,2025-02-28T10:40:27.272202
d0e2d08c14bb7062,Active,2024-10-21T14:31:07.308073
7ffc1817ccc456ac,Active,2025-03-11T11:53:08.170889
b25e1c1656ab271b,Active,2025-04-23T13:34:42.005772
aff1fcee5f01439f,Active,2025-03-31T03:41:33.588369
7131a98ed51f0907,Active,2024-08-07T05:01:52.127631
f9eb90e1b1d3d1fe,Active,2025-02-21T22:08:52.653296
e647dcbcc1d43b7c,Active,2024-12-12T17:41:37.480870
bf41133b7ad76b9a,Active,2025-02-12T18:57:13.074890
43693b79b86cb186,Active,2025-04-17T03:54:31.057611
e5179f958151b539,Active,2025-04-09T16:49:32.514466
a18d616b5d4cb9b2,Active,2025-01-23T14:58:04.428206
049cf37da9a63731,Active,2024-07-28T04:01:07.416986
c7f15a731e01e75a,Active,2024-12-06T07:13:35.580195
05dcf81423ed26ed,Active,2024-07-28T18:44:25.837898
8b855e7ab03c5bf6,Active,2024-12-08T03:02:00.145990
32d522cd6be437e9,Active,2024-09-12T05:06:40.263701
1a06cf4233725ce6,Active,2024-10-20T17:20:35.141214
1074a2561f499c7b,Active,2024-08-30T07:58:18.834591
353c9457300cc938,Active,2024-10-04T00:40:35.701721
6438d1beb6438310,Active,2025-04-04T03:20:59.920177
90093fceaf7dbe35,Active,2024-09-26T09:55:26.617385
6ce7bb5cd12036f4,Active,2024-06-22T01:10:40.755563
624d8e3649c22881,Active,2024-09-21T16:31:50.218614
9ecb93813df20b2d,Active,2024-10-28T02:15:50.202911
a2bbd96656c8e780,Suspended,2025-04-07T06:11:33.554652
d09479f32199fe24,Active,2024-11-01T18:02:40.190177
68a2747664cb5f5e,Active,2024-07-24T15:30:59.475126
1143796f3985f14d,Active,2024-08-16T15:40:03.224317
d8ec63cc9854eb2b,Active,2025-01-18T05:13:42.046044
6e09e09bf07e1e30,Active,2024-12-14T23:55:24.509002
42a6e469233757c6,Active,2024-08-20T10:29:05.285199
334f33d5e99d5116,Active,2024-09-06T02:15:15.963212
7e907065745a7098,Active,2024-11-19T21:05:06.735946
4c67b11fd1e9d4da,Active,2024-09-13T06:43:21.551848
292b0ee6f6a98e7e,Active,2024-08-31T09:49:25.187099
6b3125fa555ee6ba,Active,2024-12-10T14:36:39.976004
0ab8eb91b7fb7724,Active,2025-04-26T06:25:11.490194
f219d5aa103092ca,Active,2025-01-17T09:51:15.241114
12ecd1a356d1e37c,Active,2025-03-03T14:19:45.184003
0ccb9c546b37f2d0,Active,2024-12-12T17:56:12.011004
787b221347ff9027,Active,2024-05-16T12:33:58.156650
dd8523dd2fa99961,Active,2024-10-08T09:33:16.725698
2256c6695f3b177a,Active,2024-08-16T21:43:34.008615
e835f752fae4d6d2,Active,2025-02-22T22:22:09.192688
214c338787e2001a,Active,2024-08-02T20:05:20.950271
6137e7f0f36e7fec,Active,2025-04-23T21:56:03.909346
e552520d95b1a058,Active,2024-07-26T02:27:04.078836
9e56fc8ca3eb6e8b,Active,2024-07-05T09:12:08.684039
a6069dd8686166e6,Active,2024-08-05T11:35:13.719359
8e76d39e19aff1a0,Active,2024-12-27T06:41:20.537391
d13f87c2f3071fee,Active,2025-01-25T06:25:23.821058
563543ce973c8117,Active,2025-04-24T09:50:28.179777
361565990ef6c620,Active,2024-10-16T03:40:29.199457
4d5fac8993eb146d,Active,2024-05-22T06:43:54.289165
0469baccec879fd6,Active,2025-02-17T19:53:39.123008
7f2aadff24702467,Active,2025-03-14T03:08:53.911680
3c5c3f59e3119dde,Active,2024-10-11T05:30:20.359680
3b5492f16396daab,Active,2025-03-04T19:47:18.042369
f365898baef9d25f,Active,2024-09-09T00:04:03.420477
d4ce4a0ebcd060ac,Active,2024-04-30T21:32:28.591502
d5406f60c733fdb6,Active,2024-10-17T14:31:32.137709
6ab66317906eba96,Active,2025-04-15T17:24:11.963799
cce07cf82092f9b7,Active,2024-10-23T12:59:37.007075
53b34c496c1019e1,Active,2024-04-30T04:06:22.130533
e64fabd28a5dc2da,Active,2024-07-11T22:12:37.659453
7fcd947f85ed6e1c,Active,2024-10-29T20:39:24.065433
749086c530d41ac1,Active,2024-08-31T02:33:33.787137
fb7cf3e794655760,Active,2025-04-21T08:11:34.516895
9449f1519286852c,Active,2024-11-04T03:21:09.364372
0ed2acb65bfb25cb,Active,2025-03-04T15:06:02.170492
0a095a779b1b12db,Active,2025-01-30T03:51:46.850797
a2e97c60964e0617,Active,2024-12-31T06:41:22.087122
7abebb761b39caa4,Active,2024-05-23T01:06:27.100728
c734cdec5a615c26,Closed,2024-04-30T14:59:40.679225
f4a6d88df36c9104,Active,2024-05-11T18:53:07.807502
22bc995af827892a,Active,2024-10-19T15:51:53.362466
82b7043adeffabe0,Active,2025-02-17T06:12:30.548488
5d94958e9b5cab24,Active,2024-11-28T05:02:54.253295
f11802a63e21524a,Closed,2024-07-04T15:32:18.319990
469899445444635f,Active,2025-01-16T11:41:51.562823
d225bf334edc1975,Active,2025-01-02T22:48:25.605828
f58997fb661048dc,Active,2024-05-01T13:35:16.475635
4d3a61bebef386e8,Active,2024-12-20T21:22:39.673434
ffd4ff5c5a4d567e,Active,2024-05-07T16:04:22.816263
45a23dd63b292448,Active,2024-07-19T21:15:27.628119
73eb195d4a4336da,Active,2024-06-12T07:12:30.261705
88fae2a9561b5554,Active,2024-11-14T17:43:35.556683
66c739cd55974d6d,Active,2025-02-12T12:48:02.064809
e3371aa927b74496,Active,2024-11-05T00:01:07.457411
f5b20bb646815ada,Active,2024-12-01T19:44:46.851453
dfa7969ddae1ea74,Active,2024-11-06T03:19:34.068114
16d8ea62ff5c25ca,Active,2024-08-31T16:49:22.872746
abf140a01df1109d,Active,2024-08-15T04:55:44.091221
3d1593a5a2b14abb,Active,2024-09-26T10:57:43.787635
2b39d1c180680fdd,Active,2025-04-15T16:33:43.201847
471858a0f6a48853,Active,2024-06-18T13:48:43.088608
14bd4ebdd913b7d7,Active,2024-12-10T20:26:49.193122
35efebe84d4b506b,Active,2024-09-29T22:44:55.199619
2dba2ba4aed174fa,Active,2025-04-07T02:24:32.525626
25f8cf0c4bd54518,Active,2024-04-29T08:26:39.052752
8969682b33873d92,Active,2025-01-01T17:14:44.290926
41501cf346531b20,Active,2024-10-13T23:39:49.521831
79c0ddf602cc0a34,Active,2024-11-17T11:06:37.954073
49c0837a0ccdde41,Active,2024-11-06T13:33:57.024500
484c2a7b299c2960,Active,2025-04-18T13:58:43.040476
df688087b27eaedd,Active,2024-07-19T02:06:45.324342
2ccb2872eb09135f,Active,2025-02-15T12:40:35.788204
3000a56f48c6297b,Active,2025-03-07T21:42:21.507568
42c6e7f9e4dd0f6d,Active,2024-10-18T23:18:09.193549
1ad893e17c9fe1f8,Active,2024-05-04T13:45:21.264110
7adbb5cab5bc221f,Active,2024-08-21T22:31:59.263272
85c5e7b2dad0d47e,Active,2024-11-06T17:57:37.060270
3590960b00f46c54,Active,2025-03-29T11:03:27.316821
95c602f7cc9342e0,Active,2024-11-09T22:01:34.076809
66b8fc166cab0698,Active,2024-08-22T07:03:12.467888
6946880dffd193ea,Active,2025-03-27T00:05:02.158225
05cb1455dad17c41,Active,2025-04-21T18:19:26.448307
3249edce26ac4a98,Active,2024-06-14T17:11:07.585836
6dd17623d7b6d555,Active,2024-05-03T00:59:36.504644
dfcb43fd1023e9c7,Active,2024-06-02T06:33:42.181026
7cb25885586e8695,Active,2024-07-11T15:29:27.774228
9cfb3a7d323a6f15,Active,2024-12-15T14:29:26.619473
8878ee43595528dc,Active,2025-02-02T01:25:43.855721
10a8f0ed33ab9538,Closed,2024-10-27T05:01:07.079208
4b15f99c57cc77c9,Active,2024-09-16T11:08:11.988027
abf9ec9459eb965b,Active,2025-04-19T07:20:11.957344
b3c4bc37da9eda9e,Active,2024-06-23T01:40:19.783650
b17280f448660077,Active,2025-02-21T15:32:26.628238
7f108549289a8a81,Active,2025-04-02T22:31:38.753084
fb804a39649afd64,Active,2024-12-25T11:15:30.879263
8597dd8f56d734d7,Active,2024-05-11T20:22:29.276601
b3ffb4175a389199,Active,2025-02-23T23:41:09.010023
1c83667fd21299d0,Active,2024-06-17T22:05:05.395922
d58067498af8f10c,Active,2024-05-05T23:27:09.801018
cdc36f87b96d6de1,Closed,2024-06-10T09:43:17.654472
810a671a2fe083cf,Active,2025-04-09T20:08:14.165244
d1d256110b5d86a4,Active,2025-01-29T16:51:32.964171
a9cfe15de2518f5e,Active,2024-10-06T00:13:43.079498
86e7d1d0b49e8f0c,Active,2024-08-23T13:34:02.628424
81561d8cc6739290,Active,2024-06-28T18:26:27.350489
857a571c62999e09,Active,2024-11-18T03:31:31.731056
173089832c115d8c,Active,2024-12-23T22:40:41.764876
4fb6a3da2c09804e,Active,2025-02-21T08:02:29.392036
e16ab5b992228c94,Active,2024-05-05T03:22:17.932526
2fb7f6b6838c12b9,Active,2025-01-14T21:10:33.044825
2b42709896490295,Active,2024-07-18T11:49:35.247187
b258e150000d46f9,Active,2024-04-29T02:06:52.833359
26def4e40228a1db,Active,2024-10-14T06:57:05.760575
43c223804dbda9a9,Active,2024-08-18T17:48:11.715205
26b15b8cd6ea1ad3,Active,2024-09-26T09:38:49.420677
abf70d7a67aece1a,Active,2024-07-13T22:42:30.953123
0b5b095ec599c0cd,Active,2024-10-22T04:56:33.552117
b29e5a0c888b9eff,Active,2024-10-07T18:45:56.997162
5f9f2c42d09316bc,Active,2024-06-12T09:53:28.418916
dc69d338ca39be4e,Active,2024-06-11T06:04:45.059260
00eb5cbfd22bf8ae,Active,2024-10-24T09:04:13.282364
9087c6730d310578,Active,2024-10-24T16:22:40.775259
828cf3b7ea848afe,Closed,2024-08-05T00:26:10.856101
1ea52467832239a9,Active,2024-09-26T15:31:33.745175
3907ceda00b25a94,Active,2024-11-17T07:29:48.339512
7aad4961b8c83d79,Active,2024-12-01T21:43:05.779935
9366e2ee6310e6d1,Active,2024-10-20T19:52:29.117073
bc9e2b8ee8ee93db,Active,2024-08-08T18:31:12.600092
f51c42f2966a3ff5,Active,2024-07-18T07:05:51.526299
d731fdf2634e4493,Active,2024-09-27T02:37:08.718393
96f899a7957023d4,Active,2024-12-01T16:07:04.054878
6a8b5896db0c61f9,Active,2025-03-31T06:57:08.825263
41ef2063565c94fc,Active,2024-08-04T14:31:15.430779
92eace3ca3573453,Active,2024-07-19T19:21:07.805886
4d8639febfc7f0b5,Active,2024-11-07T03:05:56.053674
a17ad3401f2ed69f,Active,2025-04-07T13:57:03.247074
f41186ee552e34e2,Active,2025-01-24T16:34:42.384439
64ca667d87c16af8,Active,2024-08-28T02:24:41.032411
60f93174e361712e,Active,2024-06-10T14:11:25.539497
59901bc1a07d8287,Active,2024-05-25T03:50:17.850862
b0a28844b99a5f63,Active,2024-12-14T06:33:12.504293
9d72b39d34993b75,Active,2024-05-07T21:27:22.518955
00d8ea5e0f65b914,Active,2025-02-11T11:54:06.137296
8461b97ad61333cf,Active,2025-04-23T06:07:51.989475
4121c0d8bbdefea2,Active,2024-09-05T07:55:08.630431
cf38a3a3c1f491eb,Active,2025-03-22T02:55:43.049096
0ccb4a6cc907795a,Active,2025-03-03T03:18:17.407310
682812fff906b3db,Active,2025-01-12T14:41:39.748139
05c2782f87974418,Active,2025-01-08T05:19:40.915502
eddd823739960b30,Active,2024-11-27T09:19:16.052890
4242f8c30ca378c6,Active,2025-01-28T12:03:27.745358
b8b27f136ff67df6,Active,2024-12-01T18:30:34.177698
9d799b771a795d82,Active,2024-05-06T05:37:52.233524
b995b63f74ec2a2e,Active,2025-01-25T23:29:21.648726
8c535ffab59dfb8d,Active,2024-05-13T14:12:24.691105
161bcdc5a998fea7,Active,2025-03-19T23:09:40.059488
a07fd6450c70987d,Active,2025-04-04T02:28:15.503087
8b41dad239c40a02,Active,2024-11-22T22:06:46.544253
0defd33d8156e10d,Active,2024-10-07T03:59:56.213577
78fdecf2a3f38285,Active,2024-11-07T18:30:25.386745
856feee7657a7419,Active,2025-01-08T22:28:33.281326
1641b674bcad7264,Active,2024-12-07T07:20:23.846996
74145c7f311ad995,Active,2024-05-13T21:52:35.461765
5762d68fbdc62bd4,Active,2024-05-15T17:40:35.921737
626f4fc83420e51c,Active,2024-11-28T11:25:29.567784
9227a6f8ffe3edaf,Active,2024-12-03T02:50:36.049516
beb0282890a1ac09,Active,2025-02-20T03:49:26.185973
d72f5f35db14a5ff,Active,2025-02-23T07:32:40.491716
442cabe7d259b58b,Active,2024-05-02T00:41:39.029737
761967e397eca780,Active,2024-06-21T12:16:09.996523
82a2b1a67961c78a,Active,2025-01-18T23:24:21.514017
f27185c571aaec8e,Active,2025-02-07T14:27:13.133613
f0c605be74c16fd7,Active,2025-01-22T13:32:41.941309
b5f598b0bab9c18a,Active,2024-09-09T10:42:19.850026
962fe5202a464905,Active,2024-11-13T17:17:31.797248
976e21c0c01012fc,Active,2024-10-13T03:12:51.822827
693eda34316f3409,Active,2025-02-10T16:13:18.665603
44f1ce68c6cdd03c,Active,2025-02-18T10:23:03.280722
9326cefad7c8e200,Active,2024-10-17T21:29:39.962369
1d43c3a65f4e95c3,Active,2024-11-18T15:35:39.138459
f294bb73324c8857,Active,2024-08-15T18:10:53.655266
a2337c95d5e78413,Active,2025-02-26T01:16:02.781747
2fa5e46f7de802a2,Active,2025-02-16T23:24:04.102125
eb9ca28990ff1beb,Active,2025-02-28T14:49:57.381405
41bf1bac59be0fb4,Active,2025-02-06T01:46:57.844893
da59090b005de11c,Active,2025-04-19T20:41:07.925938
6a45809500edc8d7,Active,2024-07-22T03:03:49.348568
802f115f842186b9,Active,2024-05-20T15:08:35.212414
e06f6bed104a2def,Active,2024-10-25T18:15:26.824625
1520463deb2e1ba8,Active,2025-01-19T18:32:00.775095
35706d2fdf5982f0,Active,2024-12-06T05:31:18.127136
eecbd0fb0103f261,Active,2024-08-16T15:43:43.289793
3c53c5fd6552409d,Active,2024-08-20T00:02:37.703880
724da158efdd579c,Active,2024-06-29T14:17:24.189641
776654132d110f6d,Active,2024-12-15T18:10:11.018378
0aa71e8f27e1cbe6,Active,2024-10-26T19:16:25.564331
4df8d5922724a1a3,Active,2024-07-10T16:47:45.539496
68a282080e3ca36b,Active,2024-12-04T16:15:34.885562
de4afce5e08ebf2c,Active,2025-03-17T19:07:42.894287
97382d3cf1c0c208,Active,2024-07-09T01:28:12.292049
c9d3f63f5c5f59f8,Active,2024-07-27T10:42:43.275439
1152764fc1da3583,Active,2024-06-23T21:32:28.792605
3c7e8bd80f3d07f1,Active,2024-08-02T11:06:26.408349
8f8c6179be10ceb4,Active,2024-09-17T10:59:50.186261
4e2c6e69f332945a,Active,2025-04-18T09:23:26.380281
1569ea90584ac593,Active,2024-12-21T22:19:50.012009
dd8c51a2e3fcf2e0,Active,2024-05-30T09:49:44.668747
ad10d315b2874a4d,Active,2024-11-03T11:15:23.937584
895dce60da1b89fb,Active,2025-01-08T00:40:47.926024
8eac108ae2a560d1,Active,2024-09-23T16:04:41.055664
57f33a533bea4952,Active,2024-09-04T08:12:08.955394
3207cd8471051596,Active,2024-10-22T08:15:25.104420
ba8778ad27b3017d,Active,2024-09-22T11:16:39.201125
306fd6b97d0f224d,Active,2024-09-03T10:20:55.943887
00c233632af1dcb2,Active,2025-02-14T14:16:06.797037
ab8ae2b368174599,Active,2025-01-06T18:59:52.282172
bc55e3fab1e097be,Active,2024-06-22T13:20:34.001857
70f0ec2b110ce2e9,Active,2025-04-13T11:16:11.194920
958055c8d618180f,Active,2024-09-04T23:09:44.728391
9293ccf498b95bf5,Active,2024-11-12T08:13:42.991766
8b1337d96cd5c5e5,Active,2024-08-24T11:36:01.259784
0779773dc5ea59f8,Active,2024-12-19T19:39:09.426207
0f326fefaa75d7f1,Active,2024-05-11T03:05:07.893560
7527e77575837b07,Active,2025-04-25T10:44:56.604457
a35ef97122a14313,Active,2025-03-31T19:03:43.020933
591f6f55a8d84318,Active,2024-12-15T03:59:51.925655
86a9f30497748100,Active,2025-03-08T16:01:56.457106
59fa8b0f8d7eb9b4,Active,2025-01-12T11:47:52.497893
2d1f44b01b4578cc,Active,2024-06-03T22:25:22.132726
df1b9fe2993a18b5,Active,2024-09-14T18:41:43.337141
35b12da34df133f5,Active,2024-06-09T01:03:10.418321
215ad72b38712758,Active,2024-10-07T13:58:01.061476
9f2544636ebb5db8,Active,2025-03-30T19:00:09.216189
50d4f5b967308132,Active,2025-01-01T23:50:22.583390
977ba25a3c5185ab,Closed,2025-01-27T14:52:31.653250
3f76fcb434b5864a,Active,2024-09-18T06:40:04.091024
99675296deec5580,Active,2024-10-25T08:41:47.507144
2b04e2bfeb5cde9c,Active,2024-09-03T17:06:11.130721
746df0c6f2aa655a,Active,2024-05-05T14:58:42.640446
349d40b76d80e1cd,Active,2024-05-20T00:41:55.572710
63368d496a6cfecb,Active,2024-08-12T02:52:36.437064
89a9a7abb2769e0b,Active,2025-04-23T12:48:11.525508
782c3073224d3fa6,Active,2025-03-20T06:09:14.938191
456ebabb6631f0ec,Active,2024-07-27T22:57:42.282204
9704fb5c240a88b8,Active,2025-04-15T21:14:39.046761
111a03af11710c0b,Active,2024-10-10T00:16:40.414196
65ae18dc95ca49a5,Active,2025-04-19T22:47:08.818951
214038c9b9851639,Active,2024-11-18T02:53:55.066706
b85c88e73e18a3e9,Active,2025-03-07T02:50:43.423917
8e43239fe835b9ea,Active,2024-05-12T03:56:04.746147
98b212359417c65e,Active,2025-02-23T03:58:03.159296
33e0f32d36fd8f22,Suspended,2024-09-05T22:46:13.004150
fd3eed08a233a8d6,Active,2024-07-09T10:59:27.734384
183b4334ab88a7d7,Active,2024-06-24T21:57:15.811696
7f428ab4b38d6488,Active,2024-05-10T23:17:40.857625
5ca59add39321db0,Active,2024-10-31T05:22:21.323580
bf98804041cc36a6,Active,2024-06-14T00:35:27.427148
940c8dc9a61dc345,Active,2024-12-24T21:25:52.656136
ee4763abd3e36e5f,Active,2024-09-05T01:50:18.061207
3c8eb59f58e703cf,Active,2025-04-05T16:33:31.149050
9500ab5e79811f53,Active,2024-08-09T00:44:19.530302
33708fee4ce4b536,Active,2024-07-22T11:11:45.305344
b58ded4f3d884dcd,Active,2024-10-06T23:23:09.248246
d7c501c0160b0a34,Active,2024-07-07T08:30:34.178753
280f58be611df31f,Active,2024-12-22T00:19:57.368674
b454eaf313ad424d,Active,2024-11-17T01:04:15.007835
f08aec282c509fb7,Active,2024-10-22T16:46:17.445316
923c57c686fde9f0,Active,2024-06-23T14:49:57.249475
1837f520336ab516,Active,2025-04-27T16:44:54.534889
a264e778ce53aaaf,Active,2025-01-21T18:44:28.016799
980b5c719de04eb2,Active,2024-12-31T13:52:50.639674
b6ca512515a22d78,Active,2025-03-15T20:10:51.678290
2cc1ad32fca82239,Active,2024-07-27T05:16:48.875917
ee336c6ec00584c1,Active,2024-05-31T06:27:45.627604
d39b54f0645876db,Active,2025-02-17T17:56:38.221929
8cf2ef7d120d4628,Active,2024-11-06T08:46:52.383373
68482216bca265d1,Active,2024-12-17T22:37:58.399503
7fed114fc2992b7a,Active,2024-12-04T03:18:20.854620
66e0b6c9ebca84c4,Active,2024-08-04T07:05:09.886744
7c54ccc44137b272,Active,2024-07-28T23:54:38.039009
c71291950e3ffef3,Active,2025-02-02T23:45:31.952679
29c52528042d1914,Active,2024-10-07T14:52:42.037668
ee8f58cbd5061ae1,Active,2024-10-06T11:47:28.737903
94848a4b757d5e2f,Active,2025-02-08T17:06:26.809913
8d170125a9ebde63,Active,2024-08-18T12:33:57.998765
c5927ffd49351d71,Active,2024-10-19T07:41:59.210765
796360c3e20e35a7,Active,2025-01-26T07:06:53.457891
1f619004a6d471c1,Active,2025-01-11T05:23:11.958649
19ed8abe8d946aef,Active,2024-09-13T17:35:05.421021
04aa3aeed6d8e961,Active,2025-03-10T10:54:14.673921
3aeeb2aa5fcb7133,Active,2024-11-16T09:07:53.939339
e9fd22cac6de11d1,Active,2024-10-28T04:48:50.931704
e1ff268e7c433b70,Suspended,2024-04-30T05:22:06.500118
99d31992fd939f05,Active,2024-07-22T18:54:18.202433
924803a01621ad44,Active,2024-09-10T18:43:04.140135
a80cc65f16c030d9,Active,2024-11-26T08:28:58.897542
85c49d5ba74372de,Active,2025-04-06T19:26:34.446482
61b664a3a3d01f02,Active,2024-05-06T00:20:13.044590
c7c386fdc48df944,Active,2024-08-30T02:59:05.514870
b61f458f55e032e3,Active,2024-11-04T12:13:36.377280
fd9184aec1c61a56,Active,2024-05-20T22:44:41.490888
19e6420e97540e2d,Active,2024-10-16T22:43:14.324936
b3000af77c7a7341,Active,2024-11-01T22:48:21.898788
ff657cf4a370913b,Active,2024-11-19T03:41:35.634997
e44c2cf760930ad0,Closed,2024-08-10T11:25:26.487967
340f8eb543f63dc0,Active,2024-05-31T01:15:11.221938
a35608b13c95353d,Active,2024-11-30T09:37:36.849757
6cf11813c8df2254,Active,2025-03-26T07:25:26.808822
e8928695354d86ee,Active,2024-06-27T14:07:16.347102
6b61ce6a6d9c6d43,Active,2024-05-02T12:16:19.517104
d89abbd97b565a45,Active,2025-03-06T00:51:11.194841
e0efa9c41d4e7862,Active,2024-11-10T23:49:49.141328
f1a8f0cdc7bf7a86,Active,2025-04-17T04:54:30.165630
f108f17d7dc768fc,Active,2024-07-31T16:07:59.089197
7886927cc18e8893,Active,2025-02-02T16:29:03.794865
8659b12a68d95a77,Active,2025-01-20T16:43:28.550430
94e3f5f15f10abd8,Active,2025-01-03T09:04:36.554364
90ded2bc0b5bbd4a,Active,2024-09-30T09:56:04.036515
ae23e4ae16d677d5,Active,2024-06-06T23:55:27.415887
e2d8df79cd315ad7,Active,2024-06-16T12:37:52.571547
8fad2f89f0b316da,Active,2024-11-14T18:17:20.659172
c3c4f43308fd81b4,Active,2024-10-06T10:07:26.149261
17c39328339e8c71,Active,2024-12-08T08:09:31.798149
6e362e2a275493ad,Active,2024-12-20T09:13:09.110084
71ac62ae1143c001,Active,2024-06-15T12:35:49.193375
4b0397865db73ddc,Active,2025-01-28T22:14:44.174974
27d0e0dc83e3931d,Active,2024-11-27T19:32:22.767658
58d582f2b9de1b1f,Active,2024-08-12T16:24:22.905678
1afb0be35f6f914b,Suspended,2024-05-02T13:55:39.658980
dde07d7f2733759a,Active,2024-11-06T00:30:40.894781
4ecc740a30e90f49,Active,2025-03-15T19:23:22.056167
f6ff088e7d9b4f36,Active,2024-07-08T15:08:38.105464
148a95c43f1db184,Active,2024-11-20T00:04:05.098735
dd6c26b0b2a9d936,Active,2025-02-23T06:07:52.456642
d58b5167be28c7e5,Active,2025-03-25T04:30:01.362911
548921bddc82c5d6,Active,2024-08-07T14:21:36.640920
456cd4130b0a92d1,Active,2025-01-03T16:54:40.694722
7e874076fce11a38,Active,2024-12-21T18:48:48.137763
89f4f17946931d2a,Active,2025-02-09T06:16:21.097912
a1790271ece7367d,Active,2025-01-07T15:01:49.891170
880250d7d9112b76,Active,2025-03-01T14:19:55.436203
7f1d70b57826c55a,Active,2025-02-05T00:07:03.657424
0ecb5451c92f3693,Active,2025-03-20T16:49:37.725648
76290c66e5ba0009,Active,2024-07-24T06:31:51.600297
79eb958352628d2b,Active,2024-09-27T14:41:47.373224
e5b92ac0b7094298,Active,2025-04-25T03:42:36.670084
1fe2870bf4778aa2,Active,2024-08-25T23:36:49.633745
eb4a35259b5ba764,Active,2024-11-12T12:27:06.451176
fc6672f961200ec9,Active,2024-11-08T20:44:40.461917
ee7bd1afec193e92,Active,2024-10-27T22:02:43.604623
9b97831db99fd23a,Closed,2025-03-29T23:32:25.859445
63c71befe88fcb91,Active,2024-10-03T01:12:02.911652
1bca1718878f7a81,Active,2024-09-06T18:58:56.112035
2db7b59658c5e52e,Active,2024-11-12T22:09:13.516639
32f5b514c0ae8b16,Active,2025-03-23T12:43:18.610572
682223d9db4c85f9,Active,2024-09-20T13:59:26.945511
889f6497e233ac55,Active,2024-12-30T23:35:54.856384
a334d167c6525b58,Active,2024-10-13T20:20:39.561432
8539b59c59f7337e,Active,2024-11-01T23:24:54.701846
3d5ba1042b5639d6,Active,2024-11-20T21:15:00.158757
f422d509b9f6dd74,Active,2025-01-16T01:38:56.407115
a1dd0ff3fd91b4ba,Active,2024-06-20T09:49:39.059215
5597113620a4ad31,Active,2024-10-03T12:51:41.003905
e6458db89ecf7eb0,Active,2025-02-16T02:18:17.307044
607ffdbaebf2dd90,Active,2024-06-04T09:15:49.353367
113fbda5696902a4,Active,2024-09-22T05:44:27.037963
b8b42d0d8137a0bd,Active,2025-01-14T18:05:59.362186
ae508c7ab0b1dc5b,Active,2025-03-07T23:22:40.243742
03dcabac7fd8f220,Active,2024-05-13T04:04:02.501670
e08cad35f4612ec6,Active,2024-08-23T09:59:51.563995
0d67ab925675ad42,Active,2024-12-02T17:43:39.934339
51668224cb561174,Active,2025-04-25T09:11:13.735505
d27c34d19ac38636,Active,2025-01-18T18:31:19.071431
fa203ca2ede7cf01,Active,2024-05-06T02:09:02.952097
c1193b6dc55e7862,Active,2024-09-25T10:22:29.964649
1c3a58e774cc2d0e,Active,2024-10-22T12:25:37.666842
b3937d546c5389bf,Active,2024-10-19T21:47:36.435874
c5bc7f3002cd7daf,Active,2025-01-19T15:44:08.151641
39f5fda1123bb6f8,Active,2024-12-15T18:03:22.055029
901568ebe06906da,Active,2025-01-31T12:06:51.657841
d3b520093c4b63c1,Active,2024-11-01T18:55:15.846425
c6b490626230ca11,Active,2024-09-19T18:12:59.494548
3bd360954b1cd092,Active,2025-03-21T06:43:13.103744
284469fae27682e0,Active,2025-01-20T05:31:08.604416
1a74d54f4c9301f6,Active,2025-01-22T02:34:01.992323
bd58c3ad48e0f34e,Active,2024-10-31T11:38:14.185957
735fc43f59ae4266,Active,2024-07-12T02:41:35.763362
2ba3ab5b6afeba6e,Active,2024-10-17T18:15:26.453503
155a8ca29fb4d597,Active,2024-07-26T08:47:32.811676
9858520875c02bb1,Active,2025-02-22T22:40:00.051826
f8256e355531e1d8,Active,2025-02-20T15:51:12.968134
db92e82993912e24,Active,2025-04-04T13:47:24.719834
04f98a9d47c58269,Active,2024-05-22T16:58:32.026811
f1bb0c17026acc7b,Active,2025-04-24T21:28:50.649092
e352561958748f1b,Active,2024-11-11T16:57:32.633029
0f1c3f8ebdb05845,Active,2024-08-01T12:14:57.892241
93148fee87523261,Active,2025-04-01T09:59:58.870825
1ed6cbe11bd47440,Active,2025-03-30T18:09:43.306058
33906fd2718f71b8,Active,2024-08-19T18:59:24.060498
d8e47868d0c726d1,Active,2024-05-06T17:44:45.094264
2515b8873eb18180,Active,2025-01-28T22:32:18.934042
a8cb8c6808384ae0,Active,2025-01-23T09:44:48.322154
f5229a3da0522eac,Active,2024-12-05T02:16:24.510574
aaa5bdcaa05f65e7,Active,2025-03-13T01:31:56.666578
354f019bbd05f71f,Active,2024-08-25T06:29:46.390323
0875da45baf86a04,Active,2024-07-03T02:52:48.033315
ad6b48dd4fa36212,Active,2024-10-10T10:07:04.046206
55d8fbb32ea55b8a,Closed,2025-02-24T04:18:05.785613
535596e93b00ab89,Closed,2025-02-04T10:17:28.027339
d291ae35601ded1d,Active,2024-04-30T20:36:11.609073
91df8d0f723c86fe,Active,2024-12-26T04:17:50.752973
bceed14c52c2eb86,Active,2024-06-03T00:30:51.910156
77c7c6f4670bd354,Suspended,2024-09-16T03:50:26.036594
d4b0ccee3d2d1c1b,Active,2025-03-17T05:23:43.027619
55a5e3388c49db26,Active,2024-12-09T14:05:48.504574
a88ef11ee0e4e057,Active,2024-08-04T07:54:27.081471
9dd18df79310466e,Active,2024-09-02T21:07:40.367589
285a8ef6d777783a,Active,2024-12-06T12:55:32.818753
df5f8b981bde8544,Active,2024-12-10T13:55:56.601256
89af947f9401b9a1,Active,2024-10-09T03:14:45.458564
7eee2fc6ae391fa5,Active,2024-06-26T19:37:49.791352
0e9cba6255c2ccb7,Active,2024-09-01T00:27:22.229611
2ecc6237fc978562,Active,2025-04-09T05:41:16.224479
ead3c43f3fe11eba,Active,2024-09-30T07:16:48.400193
2d8bf99c1c0b1d7f,Active,2025-01-19T02:21:56.351277
2c76a8cfd4de5fae,Active,2024-05-05T09:01:29.755259
9a379c23ee86af27,Active,2024-10-04T17:14:12.532084
900ef4faddc67282,Active,2025-03-03T00:08:59.576461
02b109c23b429e51,Active,2024-08-26T16:23:00.695983
bd5f7fe64cd22afb,Active,2025-03-05T07:33:40.168642
6dedf6ebecbf723b,Suspended,2025-03-10T06:48:09.382381
465e25380bf9a15e,Active,2024-07-22T22:17:10.252769
3bf60088228313e4,Active,2025-04-11T04:31:01.459485
43c361340d9f8a13,Active,2024-09-04T09:42:45.476785
694f44916f94ca35,Active,2025-01-04T02:00:20.151001
7aed58499c71675d,Active,2024-09-02T07:41:26.265528
d65c32e53f3cc62e,Active,2024-11-10T08:03:41.435913
497bb1db97b579e6,Active,2025-04-13T17:45:33.027934
dca85b92e04dc62d,Closed,2024-08-05T16:26:57.765603
6ba1ee771cee5ab4,Active,2024-05-14T10:44:21.427536
62c2743d82513fa5,Active,2024-08-04T23:06:21.765312
b2aad91b851ad644,Active,2025-03-29T17:28:28.074478
c2e5859cd7f0f4de,Active,2024-08-13T08:19:20.482856
16a86209fd1b147e,Suspended,2025-01-30T17:21:39.738548
2296a72f675ec20a,Active,2025-02-20T16:26:01.767288
05ab67026f2f4de0,Active,2024-06-12T20:42:56.446833
01124d0ae06012d9,Active,2024-11-01T18:26:25.030007
2cb061f5d548b9b2,Active,2025-02-16T10:30:49.811272
3c2967d9da4ccae5,Active,2024-06-11T18:55:32.601288
cae145c8fd6f873b,Active,2024-09-23T01:04:36.933306
f03541bbd248e697,Active,2024-08-11T09:42:24.477152
a7cff3cc54cfbc2b,Active,2025-04-07T12:14:16.272806
ea7c4aca3e479d04,Active,2024-12-27T16:13:45.600708
3329c32681d48c4a,Active,2024-09-14T22:26:19.586330
13b5f4398efd20ea,Active,2024-09-05T21:28:19.190106
2e17eddb0b7cf20d,Active,2024-12-06T01:13:19.643206
1c6fb47d1d6700a6,Suspended,2025-02-18T22:45:12.545583
5e48d38bd94614ca,Suspended,2025-04-08T05:41:28.223305
b523c41b6c89a794,Active,2024-09-08T17:48:28.033058
fa4aa4620e27b253,Active,2025-01-21T14:46:43.465114
cc22c1c36d4eb84e,Active,2025-03-06T01:14:37.598439
6d3290e650daa999,Suspended,2024-12-26T05:52:50.145730
8bd35e71fe63c93a,Active,2024-12-24T15:40:47.148443
0939a5dc132a21ec,Active,2024-09-24T12:09:32.412145
8c194a3b4a32cef0,Active,2024-08-03T14:31:12.626432
a2947e671f9a58cb,Active,2024-08-25T19:15:10.097092
57feba606754f65b,Active,2024-05-06T15:42:10.128335
1db588ceec89f5d0,Active,2024-08-30T19:51:39.787959
f0a176c0f1839fda,Active,2024-11-08T13:22:31.856937
4d70657c772e6d6a,Active,2024-05-30T14:08:04.877614
61257889d83da33f,Active,2024-09-04T22:54:03.155707
cd903ad6d1abe5c6,Active,2024-08-08T10:21:13.534504
e289abf4c8e44caa,Active,2024-12-14T17:14:17.853527
f8f73fe584dc00f9,Active,2024-11-08T06:26:24.741885
b7af892db193d473,Active,2025-04-19T01:00:51.438467
5156046ccf4cbf05,Active,2025-02-02T03:34:49.486565
6dd5ae5f354a91fa,Active,2024-06-21T17:55:22.883193
80900730f7feeda2,Active,2025-01-21T22:33:07.157671
6d25eae766b12b67,Active,2025-03-05T17:12:11.305328
3e25b16682e618f5,Active,2024-11-15T09:57:11.990376
0e297560dc37a975,Active,2025-01-21T05:56:15.308994
2e1a888dd2b1ca92,Active,2025-03-18T19:38:38.528183
16df789755e148b2,Active,2024-06-25T04:14:03.340040
ad1d42dec492433c,Active,2025-04-20T08:39:06.334859
255bd22f068fcac4,Active,2024-07-26T10:33:19.149606
2921308a246518e2,Active,2024-05-24T08:45:02.812709
185bb7e4b3898368,Active,2025-04-06T04:04:35.114006
becee7bcd8e77429,Active,2025-01-09T06:03:24.217443
4b885b6a2ef36d46,Active,2024-11-08T04:35:40.783966
7c0fa00214913391,Active,2024-09-15T18:00:46.274158
f9b858750a55b952,Active,2024-05-27T18:09:53.327929
67f1bef229cf6213,Active,2024-07-25T13:45:37.107873
c295ba0da0c5c97b,Active,2024-10-30T11:13:19.460572
2e1a233f2f34e594,Active,2024-08-04T04:07:20.658112
6c1c1578a4de555b,Active,2024-07-06T16:00:41.444280
38076a81bac700ad,Active,2025-01-24T23:23:14.541126
9c829987e0aea84a,Active,2025-02-16T07:14:27.137675
147f59dabb4e5988,Active,2025-02-17T14:46:52.121153
cef7485a5b2da789,Active,2024-06-26T11:45:48.431755
fc894d47a4a2f6b8,Active,2024-09-11T21:18:25.577535
c8815bc0e82547c2,Active,2024-05-25T02:09:13.434805
e766fc8c36a18966,Active,2024-06-03T18:55:53.255096
be5e88f193028a13,Active,2024-07-23T09:34:44.116307
6c68d4e571986be6,Active,2024-05-19T09:27:35.328514
565cf9ec9a71cb0d,Active,2025-02-19T02:43:55.652421
93708febe3b70260,Active,2024-07-05T13:27:49.838865
bd873e6980a90427,Active,2024-08-12T22:30:09.899281
194bde330b61f106,Active,2024-12-30T22:16:56.546528
a32c9c848ae18b54,Active,2025-03-17T14:35:57.985357
fc7bfe29728d36a6,Active,2025-03-31T11:19:57.906377
cde3992a36e96c12,Active,2024-12-02T23:22:57.110150
a57623bd4f3aef86,Active,2024-10-06T20:06:22.898384
83ac0421de5a2aaa,Active,2024-12-08T03:10:08.609020
35f6b4451ca4c4e3,Active,2024-06-29T15:22:01.354429
fb0cec1c3638efc9,Active,2024-11-17T16:15:41.681825
9cf1afbe16bebe06,Active,2024-09-21T04:32:47.847096
8c3d928eeb064664,Active,2025-01-24T16:21:53.707371
a4e6f92250d23e15,Active,2024-12-13T06:44:21.225194
a63649218b1317f2,Active,2024-07-09T16:32:30.884650
dba15e259af31212,Active,2024-07-21T19:53:06.735765
a98fb834ce72d8f5,Active,2025-04-03T02:27:12.377738
5c0ab64395ed51a1,Active,2024-12-31T23:38:02.271406
0408ff1147cdfa2f,Active,2024-09-26T19:31:02.934246
127a3d7efa09067b,Active,2024-05-04T00:26:46.451481
2be34960b8d73504,Active,2025-03-13T16:28:05.293746
ce74423f83686c0f,Active,2024-12-19T02:46:43.840998
f3b36c27f53d6085,Active,2024-08-15T03:02:25.124578
d208d361d1ba6ebb,Active,2025-03-18T18:33:46.118327
8328c8e89f54968c,Active,2025-03-21T10:18:27.424133
91f630bb19284b2b,Active,2024-05-08T23:04:58.838968
53a486bddb075504,Active,2025-01-31T01:42:45.839403
6b929a82b1b5625a,Active,2024-10-15T07:20:40.403722
bce76f3309258496,Active,2025-04-01T02:39:25.239311
338816f784e3c2b9,Active,2025-03-07T18:08:21.149193
7b693e71a81d349f,Active,2025-01-27T19:21:39.933022
769e3daf4f4cd4c9,Active,2024-07-31T04:48:56.427663
012304bfab2a1132,Active,2025-04-17T19:54:05.870587
5c210cce7f2606c6,Active,2025-03-30T05:02:56.786860
6cfdd91aa86359dd,Active,2024-07-15T10:56:17.372481
854b656ff68fcb83,Active,2025-02-26T05:42:05.254722
da1139b58dfe5639,Active,2025-03-06T07:54:11.002645
15387e82bec3f78d,Active,2024-06-29T08:32:09.549284
200acdc9993032e9,Active,2024-09-09T08:34:05.287235
4270ad0a306d5f09,Active,2024-08-16T00:05:36.920542
a2f882ed03e22827,Active,2024-10-08T21:02:38.518471
e093592183ab6e65,Active,2025-04-04T16:36:24.185792
fce0cb803492f41e,Active,2024-09-17T01:35:09.641797
722bed6b76b4c7a3,Active,2025-01-05T09:45:07.029135
b6c3a67eff85fc12,Active,2024-07-24T12:32:49.431210
ea954edb6e41be94,Active,2025-03-08T16:10:53.350899
a43baec854de2910,Active,2024-06-30T09:59:29.827040
12df18bc43742e42,Active,2025-03-22T16:51:23.677418
76125018fdda1761,Active,2024-04-29T20:03:06.635889
d8313c242e8f7e79,Active,2024-12-06T07:38:34.428949
1487eb0226109c96,Active,2024-12-28T01:32:59.927270
aef162c3f22de06d,Active,2024-08-27T20:11:53.956067
1498ffab3ff785b2,Active,2025-04-16T13:25:53.873159
61c53631cc6c6e6f,Active,2024-08-26T15:38:29.727197
22be25e432841cfb,Active,2024-05-23T16:51:21.886343
9ca1601bfd10d787,Active,2024-12-13T19:11:40.148098
a7aa0891d7418893,Active,2025-01-29T16:42:59.909722
dbdf9265afce19f2,Active,2025-04-24T13:42:37.178096
f68fa380696d165e,Active,2024-06-26T21:27:54.047028
689f9004bea0425e,Active,2024-07-12T12:02:05.603486
ed5e171a059d6076,Active,2024-12-16T22:20:18.606035
98c8154d69915b7c,Active,2025-04-09T14:10:05.999568
444b6ffc8c7d2edf,Active,2024-08-17T20:47:53.730434
acc0dfa76a32f1f6,Active,2025-04-03T07:18:03.287856
96bc0dc956fdf31e,Active,2024-09-14T03:52:49.447985
62c4e8f5cec1b7eb,Active,2024-12-21T04:23:50.633213
b2c6bfbe71bed221,Active,2024-09-24T11:53:16.955062
1f1550ce70ad90b5,Active,2025-01-03T17:54:40.763638
7bf8f90328e5d082,Active,2025-02-18T12:40:06.623964
c0351a84b939f929,Active,2024-10-24T20:45:26.250179
d339c33d1aa1d159,Active,2025-03-18T20:54:38.974126
fa439c3dfb66884a,Active,2025-03-17T07:45:22.537646
93bd83c49555f07a,Active,2025-02-22T01:29:06.717047
f9d0a5abe05a4ddc,Active,2024-06-22T02:08:23.202490
df4910868dcc3d01,Active,2024-10-09T04:53:02.157377
1fcd490a827edda6,Active,2024-08-05T20:55:39.227374
cbb1eedb6038b794,Active,2025-01-16T20:50:55.364707
de6149e9691db652,Active,2025-02-16T13:12:45.496634
dc5ab2904c4e3b6e,Active,2025-02-08T15:22:58.839495
2fa7edbb7df18a29,Active,2025-01-04T01:29:13.941800
56e98928da521be7,Active,2024-10-11T12:07:33.867851
c1d8834a90a5a6b0,Active,2024-10-30T11:12:31.350784
1883e713cad464c8,Active,2025-01-25T03:05:36.680640
feaeef088c1d33fd,Suspended,2024-07-14T10:54:22.029500
c7dadbbdffb263a7,Active,2025-02-21T13:02:11.299144
d4b30336334b3791,Suspended,2024-08-02T20:48:54.571571
6f391b1c457bc679,Suspended,2024-05-16T12:53:15.668490
820f9792ef3cde00,Active,2024-11-28T17:30:38.880409
cb6dcaa64917c5e4,Active,2024-07-13T21:31:41.571431
3411c1dda800d38a,Active,2024-11-04T07:52:46.430608
47b4525ecdc89fae,Active,2025-04-05T20:37:35.714071
27de8c802bf08cc5,Active,2025-01-31T20:58:28.776616
00672ed800810a59,Active,2024-05-21T19:38:04.458212
33acea3da805107f,Active,2024-09-30T16:10:23.380234
dcba4bbe80a4d86d,Active,2024-11-10T13:49:11.169258
1f751927d73d232e,Active,2024-08-25T08:56:50.493313
cec3cb00699fe8c7,Active,2025-02-25T21:17:27.666783
3d0e8fb9de9a576b,Active,2025-03-21T17:32:23.135457
9f3fbadd40cbea9f,Active,2024-12-25T03:28:16.614754
d03f4fc9b0b92db3,Active,2025-03-17T05:07:16.923016
39f543be87e01532,Active,2024-05-16T11:45:25.319335
cc5b93a6a7449b1f,Active,2024-08-06T19:14:45.314133
77926b420f40f575,Active,2025-01-25T17:45:52.735081
2f387ac8f8c6de72,Active,2024-05-14T11:16:56.821541
2ee52f948742a51b,Active,2025-04-09T05:57:36.129891
878b516eaf760c84,Active,2024-09-01T19:24:35.838760
af750416fe37a525,Active,2024-08-01T08:10:56.979555
89ee8bd5cdc1516f,Active,2024-10-17T20:41:40.276136
0d05b8036bbe4bb4,Active,2024-05-30T21:17:48.198034
d2bd8425c4c62f75,Suspended,2024-08-30T01:28:28.216549
69d3077c677f3a61,Active,2025-04-11T04:35:29.724406
6598383ab3c95798,Active,2024-11-22T12:56:32.421543
47d9316eaed11bf1,Active,2025-01-19T21:34:50.688924
7d34cb44f032a478,Active,2024-05-17T12:05:55.823754
e7ad7aafe35fe272,Active,2024-08-15T07:09:15.812609
b700dcab9a76f19f,Active,2024-11-17T01:46:27.677389
c0965179cae4c340,Active,2025-04-28T00:16:49.178205
3a1af3b58eab2d3e,Active,2024-08-04T21:13:36.793807
2ba687c88be3b911,Active,2025-02-26T18:26:50.970290
5a0a097fea8857f2,Active,2024-11-06T02:30:19.005739
8cc27914a19b47a5,Active,2024-12-17T16:45:06.190200
e2415da4eff8ad98,Active,2024-12-02T10:01:26.812680
dbe7edc7ec4dbf31,Closed,2025-02-16T05:18:00.802460
4e7dae07e63b88d3,Active,2024-11-06T14:46:11.055386
9aa5027f88fc1af6,Active,2024-11-10T12:25:03.254876
f2acb60e27327024,Active,2025-02-08T05:03:29.323364
2330a499d3265434,Active,2024-08-21T12:48:39.469219
b1a622da82932965,Active,2025-04-26T23:34:41.671393
d01a0954c4d2748f,Active,2024-12-17T10:12:40.910928
eca18161baba5ac6,Active,2025-03-22T03:02:38.774476
a881c40a93b249f9,Active,2024-07-31T03:25:42.636857
ada4d1ae3c2617f3,Active,2024-07-27T18:00:55.812917
14f34f5244b5f67b,Active,2025-02-24T06:45:32.981380
b5d863795e9c7d68,Active,2024-05-10T12:40:08.614000
3823873676d2c060,Active,2024-08-14T05:29:50.852737
2c24697fbec003fb,Active,2025-02-08T00:36:28.187073
22bcf280a234b461,Active,2024-06-21T04:19:02.910227
0b54c36cc5c9dd5f,Active,2024-12-24T19:31:00.517062
49008d980f87e51d,Active,2025-03-10T13:53:04.560902
8558c08f238195ef,Active,2025-01-30T17:19:34.027405
fb885f7d71969bca,Active,2025-02-15T22:54:45.565820
06c2689e686a5894,Active,2024-11-20T10:34:18.898456
552f736a33834d44,Active,2024-10-12T00:48:39.741707
267ab076e7e0058b,Active,2024-08-03T17:54:21.146807
2ea1378dc9145032,Active,2025-04-12T07:31:15.441459
c45e048898bc88d0,Active,2024-09-07T05:50:28.254466
e9f75fd40a36bb7b,Active,2024-06-07T17:18:34.378714
51480a8c9d08efb0,Active,2024-09-05T15:41:10.700675
1027c2c19fded3bd,Active,2024-12-12T22:52:48.926030
e4ab69245ec7cf78,Active,2025-01-01T03:23:24.737707
bb3a84bcc23d07c7,Active,2025-04-09T15:09:34.117466
c638c856d66d4c17,Active,2024-07-13T10:33:28.139362
f2257de2cb8f975f,Active,2025-03-29T07:49:23.105697
814cdc514e21f245,Active,2025-02-13T12:45:01.768996
a75059cc24d3220d,Active,2024-06-11T15:01:20.140373
75b0a4e993526676,Active,2024-06-05T23:36:16.354554
d342805374aa97ea,Active,2025-03-22T00:09:34.817271
dcc3ad405c905aa2,Active,2024-06-12T00:43:10.316551
a4fcb8a093a486d7,Active,2024-12-20T09:33:27.641536
95f0fc8c83fec1c3,Active,2024-11-01T21:56:17.730940
1b1f3ec5b17a5e8c,Active,2024-09-05T02:56:33.572072
54c618786a53ba14,Active,2025-01-16T02:56:14.638827
f030efbeb4565d98,Active,2024-05-27T09:57:33.723412
daa54c04c0a493ae,Active,2024-08-30T09:30:44.904289
8e4b11489dafc2a9,Active,2025-04-18T04:41:00.852815
78b7e1d519c23dde,Active,2024-08-06T23:44:59.833848
1290f7301cdf7e30,Active,2024-08-11T15:00:51.311026
3d259edde8ac2762,Active,2024-12-09T08:56:27.190095
b60cb3aceeec0134,Active,2024-10-31T22:42:54.801440
0a5083ba35177bb4,Active,2024-12-15T20:20:23.261230
13c0719527e99bbe,Active,2025-01-21T16:28:16.192588
be2abb683c08881b,Active,2025-02-07T07:38:25.772473
9714c4d55e9f85b0,Active,2024-10-03T19:35:33.271375
7919fd5d25b385c1,Active,2025-04-16T15:45:48.272790
124bb285573ad7d8,Closed,2025-01-12T09:05:21.736186
43bac0d37a9447d3,Active,2025-03-05T00:25:51.416643
a0213d927717fc18,Active,2025-01-21T15:35:12.497927
c961db59c782c214,Active,2024-10-23T15:05:23.107448
e2a36e9144ea2ebc,Active,2025-03-07T08:52:09.652747
54b738d4b27c8420,Active,2025-03-13T09:53:34.818275
0e2667dfbd35a235,Active,2024-06-29T05:52:42.528149
aa7f243a27955359,Active,2024-05-06T08:51:26.722865
bb7cac5eb2dcbfd8,Active,2024-06-08T02:14:02.163131
2a37ed7f240e1821,Active,2024-06-12T17:02:37.394092
e7baae28eac6ba9b,Active,2024-09-20T23:43:12.925071
bb6bfc65e0625027,Active,2024-06-02T00:39:31.506967
81c4bc97282520aa,Active,2024-12-08T01:15:13.946260
9e7d531d605e84da,Active,2025-03-27T06:44:00.310384
01f0ad0584a304fd,Active,2024-07-31T05:56:45.444668
cfe7027081d547bf,Active,2024-09-07T08:09:13.309978
28e5ee28665df9d0,Active,2025-02-20T05:58:53.851923
9d6ac90091135a82,Active,2025-02-02T23:52:22.301536
ea4c91ea39961f69,Active,2024-07-12T23:36:32.745779
15dbe15361cf3f2c,Active,2025-03-06T06:30:36.635204
854166d6ef1abfb3,Active,2024-11-24T18:15:43.927183
77775d152b79621d,Active,2024-06-09T03:21:04.770137
22e96599030018a5,Active,2024-12-30T23:42:25.792326
6e29f3fa0ab8c9b2,Active,2024-07-05T14:23:38.096103
998cf93099b90d3f,Active,2025-03-26T05:51:16.748142
7374b2c6c8b27b34,Active,2024-11-06T23:42:55.469507
85dde9e762b3d380,Active,2024-09-11T18:03:11.327829
4fb58edf6711017f,Active,2025-01-21T00:46:53.732954
acc79634cf1da86e,Active,2024-12-15T12:26:10.443586
29281f2cfa7d0107,Active,2024-11-20T00:11:42.213760
22b08fa42795eeb7,Active,2025-03-23T09:02:33.133351
42eeb3242b65822c,Active,2024-08-23T14:49:36.454689
10355301db37c4d5,Active,2025-01-18T16:15:14.320732
3efa60b3ea967d11,Active,2025-02-28T22:34:01.454750
84e74651e3aa5e92,Active,2024-09-29T02:46:04.055367
d7dc547e5ff1f2e4,Active,2024-09-27T16:10:56.549284
8145b92bc80af8d6,Active,2024-07-27T16:55:59.621005
3e8d5f5eb5861f1d,Active,2024-11-21T09:56:31.341987
7ce3430e00f25c00,Active,2024-05-18T00:25:51.725825
776c9c42c5583a38,Active,2024-10-16T18:20:56.491196
48b3e05006810e60,Active,2024-08-22T03:10:27.865330
77e3fec1ff6e5fb4,Active,2024-05-04T22:20:47.566412
8cdff2715ef65aed,Active,2024-05-05T07:38:15.034185
1a8c49d7f2660f22,Closed,2024-08-06T11:20:58.752618
4d72b18dc1ab6943,Active,2024-08-06T08:47:55.702380
658e44eb086a2709,Active,2025-04-23T21:44:52.785776
8f01771a4d7135ab,Active,2024-09-20T06:58:23.990238
d2230ac4d9d3983b,Active,2024-12-12T16:43:34.341205
00d7fe66e0466fdc,Active,2024-07-13T18:29:45.342453
f8709ffff2e4a0c2,Active,2024-07-04T21:33:04.143481
7fff25ea4dfd8552,Active,2025-02-14T09:55:11.047844
3fc5ec42af3333d6,Active,2024-08-04T04:59:25.205652
37d0e3354b2ad838,Active,2024-11-28T14:04:58.654622
bccf867f3cba74d7,Active,2024-12-12T11:39:36.297306
f82bf3f786bf3ba8,Closed,2025-01-27T20:04:45.571047
e0c5630ddd27d76f,Active,2024-08-10T03:15:55.593891
1a12b03bea1fb8e3,Active,2025-01-16T23:50:27.902659
d4e56b3173254502,Active,2025-02-11T02:01:12.436587
3f69fbe9b14fd6c8,Active,2024-08-19T04:14:07.977945
aab687b790aef89a,Active,2025-03-05T14:30:35.996231
a90b1a439d1d3e42,Active,2024-12-05T09:37:29.538334
c3674da9fe855246,Active,2024-05-14T14:04:15.347160
b60e37caed434db3,Active,2025-04-01T14:14:47.439899
d0951d221dce1bf2,Active,2024-08-12T14:50:33.044727
ffdbf1353e8fc47b,Active,2024-10-03T00:48:25.167877
ff5486a75ed73f0a,Active,2024-11-29T13:05:46.954474
b51b622220d0308b,Active,2024-05-15T06:32:43.027039
d0fe36527a961c0d,Active,2025-04-21T08:03:07.941117
964f9766486acbc5,Active,2024-08-01T22:08:54.929756
3c02d8f428d8fcd2,Active,2024-11-21T11:45:26.695665
e60129991d98704b,Active,2024-07-02T04:05:41.379748
223a11bbec7dae39,Active,2025-02-22T14:04:32.637051
297df1179f447f84,Active,2025-01-27T22:22:31.854727
c63f0c161e23f64f,Active,2025-04-17T12:58:24.013916
20f12811f0a3ee5f,Active,2025-01-05T09:35:34.346563
d37b2772f8a8c825,Active,2025-02-08T20:32:13.435793
d7e119268b19ef91,Active,2024-10-17T03:47:43.991607
fb4b8eff8418c383,Active,2024-05-13T06:42:20.133049
0756636da0083cbf,Active,2024-12-11T12:23:44.520984
c141e92c23005083,Active,2025-01-02T09:59:17.602490
2bcdcb8af61da4c2,Active,2025-04-13T18:07:32.091639
4259d1545c621c69,Active,2025-01-18T22:34:17.664043
d5de0ff4b5d20696,Active,2025-04-03T07:08:47.388902
e8a9cf0516d9d9ec,Active,2025-03-17T02:51:02.820128
00358b2dc4f651c7,Active,2024-11-08T11:48:09.992207
14ee9a0f63bbef92,Active,2024-08-07T03:37:38.169790
c21bee6d980ae587,Active,2024-09-27T00:16:14.557647
7930ea310761d8dd,Active,2025-04-08T01:24:07.973433
81152a45e7da2a32,Active,2024-06-29T11:59:55.588277
79faf538235e8bb4,Active,2024-12-19T15:27:13.983232
6fe8ebf146983e7d,Active,2024-10-13T17:20:18.670082
5d7c867479e41606,Active,2024-11-28T06:22:50.044504
373737e389148acd,Active,2025-03-15T01:58:52.917138
7b5c21abfe740baf,Active,2025-01-27T07:52:21.568493
a78fcf52e5d03b5f,Active,2024-05-10T03:30:53.085810
a5a1ecc256dd3993,Active,2024-08-19T19:38:38.803080
d9e9301c1aefc2b5,Active,2024-05-03T08:10:49.235595
88abbec04b2efc0c,Active,2025-02-21T07:00:36.084919
cecc662871b1f578,Active,2024-11-21T22:14:55.138794
fb7b42a61c67f7b8,Active,2024-06-01T03:59:57.517319
ce40a3ce76629d51,Active,2024-06-27T12:24:19.773253
b0d64f6c6e6ee5ac,Active,2024-05-05T17:46:23.744336
84974c72ee5c02e3,Active,2025-01-11T07:07:00.103739
1464b3aa20fda918,Active,2024-09-05T03:24:26.484410
3cc4ebbdaa2da428,Active,2024-05-03T15:10:12.118588
ffe7cb91cc45a798,Active,2025-02-02T04:08:02.080618
471e351bcd668c5b,Active,2024-06-16T11:18:13.273234
50c8e9c1677c5201,Active,2025-01-25T21:58:33.896962
ae02bb7431c15aec,Active,2024-05-10T13:36:26.575834
fdf5fcf54eb7fd40,Suspended,2025-04-02T00:48:02.217972
923c8a5c76fc5ff8,Active,2024-06-17T11:26:03.442343
dfa0c7062759d9a6,Active,2024-12-21T22:14:29.696968
e03c8a91c89d33e8,Active,2024-08-06T05:07:28.740469
dcad679faf2e4604,Closed,2024-12-18T01:49:14.678518
e1a5a510e4a3402a,Active,2024-06-28T22:03:42.262814
7fae6c1f3453d295,Active,2024-07-22T06:42:42.522240
f0bba5e5552d91c7,Active,2024-11-16T20:30:26.120558
529a0a83c03b0c38,Active,2024-05-14T14:12:33.464804
3ea09d4348007aa5,Active,2025-01-03T00:23:00.472891
2c0367c38ce780c9,Active,2025-02-10T08:23:51.485661
1279b1664f84a4a6,Active,2024-07-23T05:09:47.032543
2aab3f5b71c2b761,Active,2025-03-22T00:20:41.085535
707ff229bda5fe3b,Active,2024-06-30T01:29:28.518403
c5aaa745eb368123,Active,2025-04-10T13:02:01.302037
7b4b2da756abd75f,Active,2025-02-10T01:07:39.736570
9ab79b03a81fac08,Active,2024-06-06T09:26:58.063976
72806230d13d1d0c,Active,2024-05-13T22:31:43.694759
afda3271c704fa61,Active,2025-04-05T23:03:26.747881
efac69f1f199d021,Active,2025-02-02T15:50:53.707179
99c88e99d2c45d5b,Active,2025-03-27T17:23:03.245199
27cee1db4aac589a,Active,2024-05-06T03:07:07.779781
d7fd7622cd3d946d,Active,2024-06-30T12:12:27.396229
a642968e854b1f8b,Active,2024-08-26T05:41:57.095821
cffc98020bf6d551,Active,2025-01-24T21:15:29.497390
c7309683df0c06aa,Active,2024-07-18T14:00:47.316621
e029b33887a3532b,Active,2024-08-15T04:50:07.099932
307d1dbe9439079a,Active,2025-03-20T08:26:48.335496
4bfb0180c99b2a10,Active,2024-10-07T11:33:41.122530
b0866e997656ecb2,Active,2024-10-09T07:38:34.194697
7956c869fa3b7880,Active,2024-06-20T11:40:36.915654
17ce6405bbd23be1,Active,2024-11-30T01:46:36.463395
e5a969d6dd90a6be,Active,2025-03-11T04:56:06.457846
23d90f2e49c87987,Active,2024-12-20T12:06:52.267352
250d2301234aba34,Active,2025-02-28T18:44:28.034879
be723d88c93fe7ad,Active,2024-10-29T20:55:57.608643
51fd09c8f8fdc44a,Active,2024-04-28T15:55:13.960037
2c2ff227b22996e4,Active,2025-02-19T22:20:25.203822
170be632df80de77,Active,2024-05-04T22:31:44.030723
0a20dcfe02dab68e,Active,2025-04-08T09:18:34.390340
395556e8f45ae861,Active,2024-09-22T08:42:20.363166
958186a853c6ea04,Active,2025-03-11T15:32:03.261126
41b836c90af41bca,Active,2024-09-23T18:14:30.409675
e87f835741959e66,Active,2025-04-27T21:53:49.214143
bbb7fc6621a270b4,Active,2024-10-23T14:13:15.768794
858ac1260c162e5e,Active,2024-05-09T14:37:04.466272
45927509c414849e,Active,2024-06-18T03:32:48.701745
b8fb285dd1299ee0,Active,2024-06-09T16:35:56.625743
3461f59a174c2fae,Active,2024-06-30T11:37:15.865880
25f6faca7f984fee,Active,2025-01-22T10:38:02.052640
c19fd45c45606a0b,Active,2025-04-04T15:09:31.312661
b8575173a07d4c36,Active,2024-07-30T10:44:07.786095
2675b0bb22d2c5ad,Active,2024-05-17T09:07:39.326431
7bedbb80db6337a9,Active,2024-09-14T05:44:08.891282
60e75d412e67807f,Active,2024-12-24T12:55:41.369222
bd39afb35cceb3c1,Suspended,2025-03-09T12:12:41.623495
e62005f7c3a613f5,Active,2024-05-26T07:57:07.466665
77207961ccaa6b35,Active,2024-05-16T15:32:37.225901
2c64ea018b66f88d,Active,2024-10-09T01:25:30.080308
180edff0e3187ada,Active,2024-08-11T22:56:12.401086
1bbc8f8b3f290254,Active,2024-06-15T01:45:41.746004
725a1188ad49c8e6,Active,2025-03-08T13:20:43.472158
b72231c3be590a49,Active,2024-05-10T07:42:25.360880
a62a77f6d2942959,Active,2025-01-12T16:32:54.802950
d84410e6ecf4f567,Active,2025-04-12T07:42:57.460776
782525d960912eb3,Active,2024-08-26T18:18:52.032877
bbd5274770b7d121,Active,2024-11-16T12:17:07.798927
06240fa3a096b148,Active,2024-07-16T06:55:36.461796
2212d9095a8d36fa,Active,2024-05-27T00:48:28.956410
46fd86ff59ec564e,Active,2025-04-18T22:49:20.844762
d6374846a16ab353,Active,2024-07-26T19:51:02.456092
aeea8df29f119d52,Active,2024-11-14T04:52:48.953234
cbb5974f7e720f7a,Active,2024-08-05T13:06:18.579940
d15bbbc649c9d00e,Active,2024-06-28T17:33:38.887495
e98e51730ee47933,Active,2024-10-18T04:52:31.702903
8c219f11e362c1b7,Active,2025-01-01T15:26:15.299208
851e37996ff6d2cf,Active,2024-11-13T13:08:46.871965
2df94cbb6820d6c9,Active,2024-09-15T16:12:17.230175
1287c219d58f4fbb,Active,2024-07-24T22:52:18.744457
ffb5a2ee18882ede,Active,2024-11-23T22:42:22.370300
090dee1062581f65,Active,2024-09-05T10:03:38.091105
876d137922256f5d,Active,2025-04-17T19:53:56.319618
0712527a58a7e341,Active,2024-05-15T19:46:29.638845
a610bd0c483fcbeb,Active,2024-07-28T17:58:29.482551
25ff698ae38c9596,Active,2024-09-08T19:08:36.118848
5c43eae70b0f2b15,Active,2025-02-12T17:40:37.094603
e0020b09fd7703ac,Active,2024-10-06T07:06:46.313196
89f39b290cc4d94d,Active,2024-07-02T00:48:52.755832
953a0f9ce77e4e50,Active,2024-09-08T12:02:49.520931
db05f3372cf3ba63,Active,2024-06-09T19:22:06.440661
9e04f2ed85be0ad1,Active,2024-07-06T18:42:45.113211
34da7e44296ec50b,Active,2025-03-08T14:01:49.695735
c3e0aa673793ba96,Active,2025-02-13T14:17:33.960697
24bc1c920ae1879c,Active,2024-11-27T22:08:44.854324
07814e8787ac09f8,Active,2025-01-09T07:51:36.734741
d1eba0169742f418,Active,2024-04-29T00:38:47.039442
6dd302f5ca5ebd65,Active,2024-06-23T01:04:58.261924
21f634b01e3f57cb,Active,2024-11-11T09:16:52.666490
131118f1a67f9aa6,Active,2025-04-11T02:44:15.844454
a600117ba231ad8f,Active,2024-09-14T19:35:17.129310
87fabb0b61aaf980,Active,2025-02-05T07:29:36.924838
9af7fa66c700abee,Active,2024-05-23T03:30:24.435949
151a41d77b1a8021,Active,2024-12-23T07:18:40.264237
63c6b743016c1d6c,Active,2025-02-21T19:14:02.536646
56012e3ff80ae61d,Active,2024-07-09T07:04:36.690150
19f2a7b04549d5ec,Active,2025-04-24T09:46:48.013237
0b97580b41b7546c,Active,2025-02-11T23:54:28.957766
7440fdeadca8e408,Active,2024-06-28T04:14:39.429501
5206a5b0982a1e7f,Active,2025-02-08T02:17:16.958483
5f28c3ea8435d17b,Active,2024-07-03T10:13:35.083266
cdc27abc4ba28aee,Active,2024-07-09T10:51:35.715405
b21f8b3024a47c1b,Active,2024-11-24T13:22:57.706973
06e8be9c8f798cc1,Active,2024-06-08T06:28:28.023739
20786ed2af593aa6,Active,2025-04-15T11:34:20.062677
cbb9b731b2cdb6d3,Active,2024-12-01T15:46:00.606471
4bd840542a2990a6,Active,2024-07-30T22:39:35.191633
250905b5270a0aeb,Active,2025-01-03T18:58:19.401276
3b2a4711b5aac0c3,Active,2025-02-22T21:08:20.196503
f8e10cf8b786874a,Active,2024-06-24T12:49:07.664856
d9d5b3292555bf3d,Active,2024-12-12T17:04:25.471098
027cd7caf23c2dc3,Active,2025-02-23T05:55:02.876490
05b5fa308eae4a6a,Active,2024-06-27T07:16:40.780224
aa12d25822a7a236,Active,2024-07-21T22:58:51.714469
6fe0ea4bff0c3c8e,Active,2024-09-27T02:02:23.446117
22eb6485e0f16e4c,Active,2025-01-10T20:49:02.091224
df8eae19d579f92e,Active,2024-12-08T03:01:14.348697
c2f12a99c872f175,Active,2024-12-29T20:55:01.522136
a4a8d90dc5344160,Active,2025-03-27T01:23:14.188847
e1831de9db759bcf,Active,2024-05-16T21:55:54.384267
01f2612fb62d028b,Active,2025-02-23T07:47:10.609122
f23bf3ed0d2a0b99,Active,2025-01-02T18:28:34.208194
05e7227744d2c817,Active,2025-04-09T17:00:54.574600
760ec9a9556bd982,Active,2025-01-15T08:48:53.767249
848793e641faf36d,Active,2024-10-25T23:44:05.625501
c93bb81fc1440305,Active,2024-06-02T23:34:14.429248
e9d0c798937b2d5f,Active,2025-01-31T23:51:58.710793
d68745fdb1e2a086,Active,2024-11-24T11:13:13.393183
656effb001fd32d7,Active,2025-01-08T08:05:13.314394
3def92c773c1014e,Active,2024-05-06T21:15:16.183720
e396482f95e4b992,Active,2024-08-03T00:32:13.151278
9a22757600026ccb,Active,2024-08-03T16:11:01.254890
319d8dbdc2cf0c2d,Active,2024-12-26T07:16:07.266262
fbfbaf2479be0623,Active,2025-04-11T04:17:47.684373
0cf3f0a405432772,Active,2024-08-30T13:04:40.171616
10a21a5be278a717,Active,2025-01-13T12:00:47.326177
87f0362124171a15,Active,2024-11-05T19:36:10.896683
846ce99133ecd1b9,Active,2024-05-19T21:42:07.676833
fb496839f2fa9e61,Active,2024-11-17T14:06:15.027544
70e3ab5e3d81c3c1,Suspended,2024-07-14T18:43:31.660155
917673db8a80b059,Active,2024-07-24T04:09:48.963863
477e11f43f605835,Active,2024-05-12T22:28:16.050349
6842d68f165612af,Active,2024-11-03T08:58:01.515722
9fe1ba24f04a6ae5,Active,2025-03-08T05:58:55.461181
2f3c370d9bc1e69b,Active,2024-10-04T22:32:17.336521
d15af8182e319e49,Active,2025-02-19T07:10:38.874878
bcfc8b3360f21212,Closed,2024-06-19T10:40:44.952039
5d35c96b54debe1c,Active,2024-05-01T06:05:05.502405
899d91c084a34df1,Active,2024-11-08T14:35:21.054151
7945d917597456a1,Active,2024-09-13T00:13:33.816672
9825ffc793ba09ee,Active,2024-09-14T15:57:13.493924
874e5f0785d2722d,Active,2024-10-15T03:36:07.364333
c163ba6cf443c58a,Active,2025-04-16T00:16:16.315652
9bc8eacdccfa9adf,Active,2025-01-13T11:41:03.404538
19d607fb659ea240,Active,2024-08-27T19:42:34.895032
a3d42bde86adff35,Active,2025-03-03T04:04:37.759953
3684666f8cf130e9,Active,2024-09-07T11:13:10.931141
7bca2c46697e78fc,Active,2024-06-25T16:48:47.331797
f1e7ff8bacc5d5d1,Suspended,2024-06-10T11:00:00.997448
b069dbf0539e40ce,Active,2025-04-20T22:57:55.675069
a400ede5c25ddc20,Active,2024-10-03T23:17:28.954828
6c325b671105d36b,Active,2024-09-22T02:42:04.075336
acee57b631d98be6,Active,2025-04-10T07:47:36.692274
3016655d30e91916,Active,2024-05-10T02:01:55.698833
9042cbe0f606f966,Active,2024-06-22T08:04:07.996288
14eb69eca9de227f,Active,2025-02-06T10:43:04.662468
a8fdfdbff68ecea5,Active,2024-09-04T15:02:56.208362
d3aceb0dad5e49e0,Active,2025-03-25T12:54:34.112739
beb07b1649b1400e,Active,2025-01-30T05:53:18.229631
3fc9f4f085841cd6,Active,2024-06-22T23:39:55.727137
ea82147cb60d112c,Active,2025-04-22T15:30:28.870125
1d17398552ceb086,Active,2024-08-31T06:56:09.396812
246024b75db228d4,Active,2024-08-26T09:29:46.715831
4c3e68c6c5c4e5d9,Active,2024-10-03T06:29:11.851146
c8b8126fbe0874f0,Active,2025-01-06T19:16:06.751912
fec415cf02073df3,Active,2024-10-21T02:17:44.073883
5781102bd3b0ad60,Active,2025-02-28T18:10:39.433796
0a23faf0cf8ef30e,Active,2024-08-26T08:50:36.310889
cf28d19f762ff61e,Active,2025-02-14T02:45:36.057527
bde2c9482472a5fd,Active,2024-08-05T05:25:20.479115
6abfdf0d79fe5d9d,Active,2024-08-05T17:52:23.527599
56ae2b171bd37cb1,Active,2025-01-15T08:55:54.072407
4239478f1e7584de,Active,2024-12-08T23:37:44.884748
5ca3f939e72ef17e,Active,2025-01-04T19:59:02.118571
fbb5b658f57ebfef,Active,2025-02-24T16:19:41.161760
f5e4ed8b855e1da8,Active,2024-09-11T23:56:32.809779
ed9bed28050e314c,Active,2024-12-26T10:25:20.085531
a5418fe5d211adaf,Active,2024-12-01T17:46:28.368768
9f88f33954f827f4,Active,2025-02-17T07:14:34.039401
959170c820ece73f,Active,2024-07-26T06:15:30.642028
8448710647ae9219,Active,2024-10-12T13:21:22.890392
9a21e01d97d3097f,Active,2024-05-29T15:43:39.883743
ee1049047898b2c0,Active,2025-03-03T02:11:09.958236
b7d042cdeb5c27ed,Active,2025-01-31T18:18:12.175665
32737921d7984e33,Active,2024-10-11T18:25:42.971973
d4ed2b3f3c34e1d2,Active,2024-07-10T13:47:41.936416
56844900b2b09d16,Active,2024-11-19T21:07:42.621049
5c34d9594ee17845,Active,2024-09-23T00:39:11.117360
b0abbda09b05e6c0,Active,2025-02-27T08:24:57.402687
11a86c0ccd3ce70a,Active,2025-03-23T08:41:09.831268
a78ebb4912eb823d,Active,2024-07-06T11:56:26.076415
233fd795036ffb31,Active,2024-12-16T07:25:32.488278
72700b320ee6ce30,Active,2024-08-05T04:02:55.566541
87a9a6be1912f180,Active,2025-01-22T06:59:18.530853
f9d58b6d9ae9becc,Active,2025-03-06T07:38:08.685145
eb33af98f6e778d4,Active,2024-06-14T06:39:51.895566
63e805f2cd1930cd,Active,2024-10-29T04:28:43.861224
93aaffe890840882,Active,2024-06-15T22:00:45.501499
ff4ba3e7435fb4b2,Active,2024-07-27T13:50:02.502645
2dfc9ab5b8d3fdd2,Active,2025-02-12T03:15:28.694189
095b234e3ec7619f,Active,2024-08-28T14:55:49.489940
d22b4dc18fdc0d23,Active,2024-08-17T00:26:48.204533
7224215a8650698a,Active,2025-03-08T13:15:01.305226
94835a3ad075d452,Active,2025-02-03T00:56:42.559686
983a1cc59f2bacd2,Active,2024-05-16T10:36:57.082270
3288efcfee0dd00a,Active,2025-04-27T23:45:11.609511
7a94e672fa49905d,Active,2024-08-10T15:50:47.276404
7304be985cb99ecf,Active,2025-03-30T12:00:39.889257
0b23929cab45527f,Active,2024-11-04T20:18:39.166084
2829a852a68673f5,Active,2024-10-11T22:59:10.052138
19e13d9efd5a8456,Active,2024-12-23T17:09:29.371691
b84671f062a9f5ae,Active,2024-09-10T09:28:03.527642
8b4dc9b9c749e3b6,Active,2024-08-18T18:12:15.512522
105d88044b5ebfb5,Active,2024-08-01T09:20:56.708328
8874a7c384a1bba8,Active,2024-09-12T03:11:09.147574
f4a674184f3b8e7a,Active,2024-12-26T23:11:06.043357
40fe6c2a2a227c58,Active,2024-12-28T10:05:56.587145
0c03d1cd0bfc3dd8,Active,2024-06-27T22:59:00.990974
6c3d65ab9305b8c8,Active,2024-05-26T00:41:37.374298
2720c86e6716bb60,Active,2025-01-07T02:12:47.514282
952f207ebf167dcb,Active,2024-12-02T22:45:47.475703
5051e4790bc1b507,Active,2024-10-03T20:22:35.505497
765cabe7cadb9307,Active,2024-06-10T16:44:55.875486
85ab66f9e771759a,Active,2024-10-08T07:06:00.997534
687a5745f59843d0,Active,2024-11-13T18:21:43.038988
a12b1dd28214d339,Active,2025-04-24T04:50:41.783335
821132911a5a6821,Active,2025-01-02T05:37:20.598595
42d6370a37e2c9a2,Active,2024-07-24T18:25:25.541988
ccb9099614155728,Active,2025-01-12T12:13:08.333605
772d55a961791bee,Active,2024-10-08T18:54:20.672333
68aa0ff75688e7dd,Active,2024-11-24T12:05:34.080764
e55b1c4eaba61d1c,Active,2024-06-13T04:07:49.881686
3fd6b15952005ad8,Active,2024-08-09T14:35:17.446719
e5b1ec1ae47c09ea,Active,2025-01-20T08:53:31.021464
f3597dd24e3ebfa8,Active,2024-09-02T23:43:22.284339
13afaabbc438c680,Active,2024-07-03T03:20:10.979146
abf76b9b59d226b1,Active,2024-07-14T01:14:40.461878
8e6b953db65c9f07,Active,2025-03-12T23:04:30.101904
ea37803f2a3aa406,Active,2024-10-08T02:21:03.892036
a913bc591c43124a,Active,2024-05-09T15:43:42.390650
90a3edd7d4fc6368,Active,2024-05-15T05:22:48.755838
43b7839a475884f2,Active,2025-03-24T22:35:28.424603
2326afe1e2c39151,Active,2025-03-30T20:31:15.876964
a23b38303cff29c4,Active,2024-12-09T05:41:12.537058
57c98ee4022e6a1d,Active,2024-08-11T04:56:38.797043
68aa21f2e9f29dcc,Active,2025-01-10T21:32:43.677724
9f6a13947cbd6518,Active,2024-10-19T20:11:23.110385
0ec5a30a58ffe107,Active,2025-01-15T16:19:14.058207
397261fcb36ccbbb,Active,2025-03-12T06:53:16.628944
76ee57eedd4c1483,Active,2024-12-06T20:35:34.447772
6ed44dc115ad8205,Active,2025-02-19T10:08:15.713611
803a0c76b481be48,Active,2025-03-03T15:30:35.455008
b54f71c4f1b08a64,Active,2024-05-31T20:28:28.888920
4160c01074813a38,Active,2025-02-19T16:29:39.638235
4811b0fb4a12a14b,Active,2024-08-22T08:55:09.635686
53661213e7a8397f,Suspended,2024-06-13T19:43:18.535647
2553c8476a6074d0,Active,2024-11-18T13:54:23.738579
a16746a0b4caf12d,Active,2025-01-27T16:59:59.328021
14a2214d5ac2dbd3,Active,2024-05-12T09:26:24.757471
54c7ac5ca59fbe4d,Active,2024-08-11T03:43:26.073405
2b45d0d29b696ad9,Active,2024-09-30T05:56:33.205421
c74108fe1699033f,Active,2024-08-04T08:29:51.456379
dd7ac93126062738,Active,2024-09-12T19:10:35.161976
8265039127f6ab38,Active,2024-11-07T17:32:00.662015
15b37f4c88dc4da3,Active,2024-09-13T16:54:36.363377
0ca55dc7eaef2de6,Active,2024-07-11T04:09:16.514611
b99868f99b986c58,Active,2024-11-21T14:50:25.207828
c5fc5b454c1d3bb6,Active,2024-09-30T16:29:52.791577
7e21469c7d3b67d4,Active,2024-06-20T09:33:02.479603
9117894128abb90b,Active,2025-01-14T16:39:54.610997
277a25cdf211a3bc,Closed,2025-03-05T20:38:47.940662
943535d59059483e,Active,2024-05-14T08:54:26.912429
876df444090a999b,Active,2025-03-23T07:22:47.070213
57ca6c2db9ac0881,Active,2024-10-17T21:37:54.259137
9b280564dad66a73,Active,2024-10-18T14:54:18.434924
05034e9fd4ca5c97,Active,2024-11-18T00:06:47.009954
41bff6c4e5742682,Active,2024-06-25T18:50:50.416412
8b441e58eb9a49fc,Active,2024-07-02T10:25:56.238182
63c008edfc638d80,Active,2024-12-25T13:09:23.207922
73264e54b0aabd72,Active,2024-05-22T13:52:14.744402
b0c08a9c662ab609,Active,2025-03-03T12:21:23.659743
7891a56f370b69ab,Active,2024-11-08T16:13:12.278502
edab11c11afe8e43,Active,2024-05-13T18:02:56.261238
a54d56451ba85093,Active,2024-06-28T08:00:59.131293
e795a14507fb96c8,Active,2024-07-17T18:15:41.242030
1bff3ba3f6aa72b6,Active,2025-04-19T12:14:19.463312
1f802840fecd3d2f,Active,2024-11-17T14:32:24.630017
50b26b8b3cca27b9,Active,2025-04-17T21:12:01.616557
808fe012693d2c48,Active,2024-08-28T14:34:14.978691
3c8c4c7b326677f5,Active,2025-04-14T23:09:07.586518
f03b29ec5382109d,Active,2025-03-13T21:05:07.061924
4d9cf3f544b2d2ef,Active,2024-09-23T05:18:33.026412
520947c877f50eab,Active,2024-08-06T01:33:41.976988
7549f2dafb176fe1,Active,2024-09-20T03:20:28.278409
9363f4d05d23fd76,Active,2024-06-09T15:08:41.468928
baac03e036db28ec,Active,2024-05-29T09:49:59.333918
bb0e2c9ad29ccddc,Active,2024-11-29T14:01:42.563623
9309fdca0842c551,Active,2024-09-27T15:31:31.841639
157d916b5214af5c,Active,2025-03-14T13:11:45.615944
53262e00b879add0,Active,2024-09-27T17:09:15.645882
3989c936c1343156,Active,2024-09-07T21:57:29.069585
931958eea7f81555,Active,2025-03-13T01:45:54.301098
d2c33cd01ce656cc,Active,2025-01-07T07:29:07.653317
aa51a98747dc8683,Active,2024-12-15T23:08:14.957545
f50e513ebc68b410,Active,2024-05-20T10:27:04.715399
71dd69ef41012227,Active,2024-10-16T19:01:15.133889
77f152a8b27fc3e4,Active,2024-08-07T11:43:29.760200
44d1440dbac7e738,Active,2024-07-22T10:15:49.888431
a55c6593c145f1b2,Active,2025-01-18T14:45:49.456671
8ce7d3ad9ebeaec9,Active,2024-06-29T17:43:36.998585
cf62930abc2c26e0,Active,2024-12-04T04:49:46.396945
acdb588a06850711,Active,2024-11-09T13:34:13.776265
c9a1c9b8f5a9e678,Active,2025-04-23T00:47:45.018176
48f3c45d1941e399,Active,2024-05-30T23:04:08.978447
7df3b34e18eabaca,Active,2024-07-02T12:07:19.761015
eba1b753cc6229d9,Active,2024-11-23T07:40:08.342347
e67d8811cbca4fdc,Active,2024-12-13T07:29:22.289242
1f7e50fe2250fd14,Active,2025-01-30T07:45:19.284308
8ce01fe45cb789ca,Active,2024-10-02T09:52:14.158344
5595f02717b5caf4,Active,2025-03-04T04:40:10.265600
ca60f344270da639,Active,2025-03-25T09:07:40.754339
90fd924856b6bb0b,Active,2024-10-24T02:53:36.398417
5e1daa0c4eae424f,Active,2024-11-22T05:53:53.506458
6064fff2809b6bee,Closed,2024-08-21T20:15:32.602316
d2be3a5e4587e864,Active,2024-11-27T15:46:03.200824
413b7690667d9bef,Active,2024-06-19T08:29:04.547115
270d0afc5586e6b0,Active,2024-11-03T12:05:29.931911
1bfd693344cf2ba5,Active,2024-07-20T20:28:17.147239
7ca975dc69fd65e6,Active,2025-02-27T21:26:02.769943
623c867c7f08d40c,Active,2024-09-15T01:42:09.564330
e09ff5f331918617,Active,2024-10-28T16:39:53.101553
c612a1f8cac3be3d,Active,2025-02-01T04:03:10.713750
14056294e43744b5,Active,2024-07-13T23:37:32.397545
8642b34dd23f3272,Active,2025-03-06T08:32:23.032511
aaa4a4fcf9678003,Active,2024-08-12T06:17:22.371486
55322001e5092c4f,Active,2025-04-01T10:22:17.999064
a2a616bd3412766b,Active,2025-04-28T08:40:12.423866
9ac12e471e3c74b5,Active,2025-01-31T09:46:16.663597
0962e2c59827af94,Active,2024-08-20T19:07:58.544934
f297506509c9a7f6,Active,2025-02-23T14:35:11.817923
fc1fec6574d78ec5,Active,2025-04-02T08:55:16.702104
fd9962bbf217535d,Active,2024-12-24T23:33:02.944617
783176eb2224be3a,Active,2024-09-18T00:02:56.388264
47d44da7afb573f0,Active,2024-09-01T19:17:59.815161
6da070f8bd15a5c0,Active,2025-02-22T13:05:49.848944
816bd04d4db86103,Active,2024-05-01T03:54:15.903303
53bac2292c96ae84,Active,2024-11-24T00:29:36.511603
2635a7cb5f7e1987,Active,2024-06-21T16:21:44.370029
622eec6aec46631f,Active,2024-08-23T07:58:36.064467
05f72c177caa3b08,Active,2024-08-11T06:39:44.897876
13dee1beaeb78d99,Active,2024-09-23T19:03:17.055003
8fedcfa9dec81c10,Active,2024-05-12T02:03:36.124346
36f3ae507e083112,Active,2024-12-24T04:49:42.264732
c3022621b1ca206a,Suspended,2024-08-15T23:53:38.620441
584518adbfaffb7c,Active,2024-10-29T23:33:58.995701
919be160725e4753,Active,2025-02-10T05:26:48.701119
0e43b24609983f4d,Active,2024-12-03T19:53:30.238353
8e147a7d634ee2a1,Active,2025-02-25T20:48:09.262665
9dfd5fc04c73bffa,Active,2025-01-12T14:36:33.740375
581573977684d523,Active,2024-10-16T05:32:15.961619
7c538a16950b186f,Active,2024-08-20T13:39:38.663634
76929feafd2b9537,Active,2024-08-25T07:20:21.873154
7cc57169246f933c,Active,2025-01-04T07:42:17.450055
f80f56aa604cb811,Active,2024-06-17T21:40:16.168583
5e5c70f73e0248be,Active,2024-12-29T08:17:32.242312
1b1f084f0e45768d,Active,2024-10-26T17:11:28.127028
c022fa1c413d619e,Active,2024-10-18T17:51:25.936942
88c079b2534a3728,Active,2024-08-29T15:48:01.617004
77117c750c0ac7e7,Active,2024-08-11T15:38:28.263185
66bba111e2a35c68,Active,2024-05-26T19:29:59.453013
7ab57b35604bd233,Active,2024-11-29T13:04:33.190877
da1e9b34755d12db,Active,2024-11-26T17:11:33.122740
86b74be8a2ecf92b,Active,2025-03-10T02:23:39.288799
d158ff2f0ae8c2a0,Active,2024-10-15T11:30:50.521217
a35f44e9f072d5bf,Active,2024-08-15T09:58:12.722502
0c64f11038a9b8fd,Active,2024-05-03T19:23:53.458122
4b8263ae9b75ecac,Active,2025-03-31T03:44:58.024017
0b44ac30860f48eb,Active,2025-03-15T03:30:13.862217
06e026f1ef6bd998,Active,2024-06-22T06:09:51.013653
c708c3e8358eee1e,Active,2024-10-22T04:34:16.448139
f00c13a82b73a4e2,Active,2024-04-29T00:44:53.528661
de0862756d92d7b0,Active,2024-09-13T13:36:53.003143
5b53a8c924de6a2f,Active,2025-01-26T17:14:15.970603
caeb06ed39b2bed6,Active,2024-09-18T04:20:50.845110
799f1255a87a4ec6,Active,2024-08-21T05:55:11.363326
2d8522b27d7bfbee,Active,2024-05-24T02:18:27.149387
553fd7e214ac4c22,Active,2025-04-13T06:02:34.919741
e88723df36ed169b,Active,2024-09-13T00:16:54.792356
f6ee8d74180b9845,Active,2024-07-19T00:09:24.363699
d6b926bf8872469d,Active,2024-12-09T23:03:34.177224
cfad56235eb8b39c,Active,2024-12-21T05:47:12.317495
173dad56a391e527,Active,2024-11-30T11:34:15.445247
932ec429f5bb2856,Active,2024-09-26T08:22:10.477283
254035b600734bb3,Active,2025-04-28T09:51:50.178328
385cccb1c7392372,Active,2024-09-28T13:15:55.620694
6d0e5c171edf8b89,Active,2024-09-19T05:37:38.850999
0f1919f815fe4755,Active,2024-05-30T12:17:56.881116
5a78eb18637abbf4,Active,2024-06-20T11:54:41.587397
5ad3334ad780c968,Active,2025-04-19T18:17:34.349905
dde3cd32fc72f2c0,Active,2024-09-10T20:32:22.137472
6dbab87ca49a49e9,Active,2024-07-19T07:33:27.000674
22dfd2299bb1fc80,Active,2025-02-20T10:33:58.123341
25d67d43734ebf53,Active,2025-02-27T10:19:42.099707
1cd6f749ba755196,Active,2024-12-21T06:30:19.811148
9193c2a63b659f11,Active,2024-08-05T05:08:12.774715
af25f1c9f3f8abda,Active,2025-04-08T12:19:29.555799
1159cbb316f269e5,Active,2024-07-14T19:17:34.512869
391aaf37ed1f3492,Active,2024-05-02T16:42:14.832853
50523d2aa62faf00,Active,2025-01-26T00:13:24.064334
f96eaa741ee7a8d4,Active,2024-05-15T18:17:02.289828
8263ef1b0dd82c48,Active,2025-03-24T18:19:32.280694
b6801f333abcf0bd,Active,2025-04-22T17:58:37.572525
c0c0a75c86505d34,Active,2024-05-04T01:39:52.189754
7b09b001d052fad9,Active,2024-11-21T13:09:36.549426
621d7ca779213b35,Active,2024-10-15T04:35:38.490670
0d7eeca04dbea9f3,Active,2024-10-20T16:15:10.334656
d000738e57a7b9d2,Active,2025-03-08T10:34:03.374199
006d683385db08af,Active,2024-10-27T07:48:42.593473
0d262965320e403c,Active,2024-12-25T06:52:48.153487
5dce27a1a7062e5c,Active,2024-11-23T21:11:13.073277
1c1d482f8738cd78,Active,2024-12-28T13:43:54.398947
8e95c0844c50df62,Active,2025-01-09T10:26:35.896617
510b0a7e6f39eb55,Active,2024-11-08T09:29:52.754885
87c88ce5a99687d3,Active,2024-08-05T11:09:28.338706
48876ae5fec1925c,Active,2024-08-03T13:15:33.779161
72d36fb3c32d758a,Active,2024-11-23T18:21:49.140355
6bb9f0bd47c6c333,Active,2024-12-21T11:28:54.860842
07adb0d7f2f37b78,Active,2024-11-07T03:57:16.538465
7302b036d9bbc3ea,Active,2025-04-24T23:20:02.172220
4016543c75c5b174,Active,2025-03-04T12:50:04.938322
d5e3f78d1d174bdd,Active,2024-06-19T01:37:38.896937
381df15ecd96c83b,Suspended,2024-08-01T23:56:31.913828
eb0b362b904b1be3,Active,2024-05-15T01:11:55.136842
ef7ff052ab27405d,Active,2025-01-19T04:46:23.948986
8b9d179f7f385104,Active,2024-12-11T10:25:56.964273
cd1a9b6b1680a830,Active,2025-03-01T10:48:47.694968
a6e80ba0b0072d72,Active,2024-11-03T07:24:46.825130
b4fcf01b75bcf2bb,Active,2024-09-12T00:52:19.120697
04fc14cea7be39cc,Active,2024-08-16T23:07:02.185648
8dff2d190668e735,Active,2024-08-08T20:57:53.775512
a2b1183203f79da4,Active,2024-12-19T07:46:32.363298
c0d8a9c62a172389,Active,2024-11-25T10:37:29.636285
712e656c94525e8b,Active,2024-08-24T17:44:27.839556
c2bd7381e70a4170,Active,2024-11-03T18:15:29.158014
b5c761786470c715,Active,2024-09-13T15:27:36.940566
4e5b3bfb78487c07,Suspended,2024-08-08T04:12:17.342181
18c7dc46f141cf85,Active,2025-01-08T12:57:09.337077
0756c32f2f13f45f,Closed,2024-06-19T22:40:13.366503
dbb8ddb2080441d0,Active,2025-04-13T09:45:22.193233
8c53aa66e02dd38b,Active,2025-02-22T13:12:29.225541
5482287ce95a0fcd,Active,2025-02-28T04:34:07.949761
861efed07c4dfcd2,Active,2024-11-18T06:52:42.797452
daa9925ba86c2bee,Active,2024-06-14T23:12:14.742830
668f8f6c660ce197,Active,2024-11-27T00:23:18.409678
e7bdb6b586db5de6,Active,2024-07-07T16:38:57.229439
78dc91c3513ddfc1,Active,2024-05-29T00:19:20.535098
df5ed2264367cd62,Active,2024-11-15T06:40:35.194371
596852262cb8fafa,Suspended,2025-02-15T00:56:31.636739
d456364c15725e42,Active,2025-02-24T07:30:31.045698
25d12be4c77eaffa,Active,2024-12-21T22:15:27.930652
b2235f92f3291971,Active,2024-09-10T06:21:30.745007
1a30cc76945f6ab1,Active,2024-06-28T13:53:56.672940
a67ca8933f6e411f,Active,2024-12-29T15:03:47.661479
c66b813da0a58666,Active,2024-11-07T11:09:52.962079
4c82148c29a413ac,Active,2024-05-23T00:07:27.263679
c461990cee78d42a,Active,2024-09-06T16:20:21.211374
55248770d77756cf,Active,2024-07-25T08:09:23.335325
46d4553d92ec86b5,Active,2024-11-04T04:38:42.592742
95a0ddd44000d4ac,Active,2024-05-09T18:48:42.636330
5646bd261d3ba2ab,Active,2024-12-17T08:29:14.881596
6834a8823c5db336,Active,2024-09-09T14:41:07.131478
a0bd31cabce398a5,Active,2024-12-21T01:11:27.221621
ea9984adafa59b70,Active,2024-08-15T19:57:20.459202
bbba88c018931b75,Active,2024-10-21T02:01:03.745778
ca29f425f9ab7552,Closed,2024-08-31T00:15:58.672187
e2115812084cb56c,Active,2025-03-05T13:06:30.221046
3eb22e2c66fa0513,Active,2024-08-25T23:42:22.212935
286e129114b22763,Active,2024-08-02T19:03:03.874071
bf2a40c953773a64,Suspended,2024-05-17T12:45:02.947319
0cb4ac2c315b76ab,Active,2024-06-18T09:35:45.953928
3ca47e8867f2f269,Active,2024-08-30T08:12:00.941087
9e8190a67231ec18,Active,2025-04-05T18:37:37.123997
2c3873b4f0c61e8f,Active,2024-11-07T13:41:57.127573
4fcd2a35f6239c2f,Active,2025-01-20T23:34:47.968297
b64ab2f5a63cf5b5,Active,2024-09-01T07:47:32.263747
9853c7f6ac8e8708,Active,2024-10-30T23:58:26.759066
0518b7f9615bffbb,Active,2024-12-28T20:58:12.518143
3b506e6c2723054e,Active,2025-01-20T12:06:09.820075
d6d4b74faa0bfe28,Active,2025-04-25T19:07:16.864908
6393628669749dcc,Active,2024-10-14T04:16:13.290202
5837b27d4069b7fa,Active,2025-04-28T14:20:55.237736
f1feced439323a82,Active,2024-12-22T10:18:14.818830
1c563a39ddb0289d,Active,2024-09-18T08:16:53.771541
21bef817df5077b6,Active,2025-03-09T21:15:31.425978
2d3b7f870d9eafa6,Active,2024-08-29T06:03:18.884588
2bf89b37b6314cd3,Active,2025-03-31T03:59:47.353885
40a2f29b62e5c72c,Active,2024-12-16T13:03:03.242004
b21936d67f077766,Active,2025-02-07T12:31:36.552032
f43fb93df9b582dd,Active,2024-05-04T09:07:19.049526
2a70db4991357ebd,Active,2024-08-12T01:58:48.642174
0049edc773cdcc37,Active,2024-08-17T06:45:37.867301
21f8bd0794f03960,Active,2024-12-10T16:43:44.272454
62d57486336b34e9,Active,2025-02-16T02:00:05.255210
a8d4553d76231f7b,Active,2025-03-10T11:10:30.018003
b883f50e15dafc98,Active,2024-08-05T18:10:08.039493
2e0f450fd69bf68e,Active,2025-01-20T15:30:06.842027
679c6e901fe6d53c,Active,2024-05-04T23:59:38.392257
394abcc40d8210de,Active,2024-08-30T08:26:34.117851
b53a5d0fd900758c,Active,2024-09-19T05:35:20.614409
00ee50884878ab36,Active,2025-03-05T04:16:44.204348
c5c62039f43f9ea3,Active,2024-12-29T01:43:27.440217
ea5ffce0b7c9fd74,Active,2025-01-18T00:12:43.757827
86ba44db8ed31f33,Active,2024-08-20T19:15:02.497822
eb96dd7647213c7c,Active,2024-10-31T04:52:02.660485
0975d5c24f112f6d,Active,2024-11-21T13:48:51.825964
b0044a3faddde3c7,Active,2025-01-13T22:50:12.361736
569125337d50fe52,Active,2024-06-09T22:44:47.988044
8ac7e35e89e44459,Active,2024-11-18T12:22:50.475011
c042bc3f443cfcb1,Active,2024-05-28T16:06:23.028008
8af84218f4b18644,Active,2024-12-10T15:54:11.381578
7608a383a4e26926,Active,2024-08-28T18:22:39.759415
da8b70accb3ec7e4,Active,2025-01-02T02:14:25.880479
6bccf873ec8ff283,Active,2025-02-24T06:10:50.731369
d691078a2bab58fc,Active,2024-12-13T15:44:53.087829
fc5a76c212df1472,Closed,2024-05-07T20:35:50.058955
21b273d11c643875,Active,2024-10-09T12:45:18.662292
78d407058a63bb61,Active,2024-12-28T16:15:48.148165
20b6e5e8cd1b2864,Active,2024-05-17T03:36:29.251028
8c4415486cb55ab5,Active,2025-01-22T16:29:03.907601
868ff150f2ec9d8c,Active,2024-05-06T19:42:26.767684
923e413759fde1b8,Active,2025-04-24T18:09:38.463332
fe51d743117d86f8,Active,2024-12-23T17:17:14.700527
3baea9aa3155e538,Active,2024-12-02T05:05:47.103892
f8b96c6b6f47e2e5,Active,2025-04-15T03:08:27.283086
917c7e828c855b9e,Active,2024-11-07T04:11:48.589562
d56ca5641783b227,Active,2024-07-08T04:18:05.826307
df317cada474e3bd,Suspended,2025-04-19T05:15:38.515780
8b838c604754e18c,Active,2024-05-02T14:46:43.903313
f6da383b597ca823,Active,2024-05-04T05:30:51.865479
bfd487879be4acae,Active,2024-10-24T14:11:39.174143
60fec6b2b495433a,Active,2024-10-29T09:02:47.106542
9d5008e01e2043ac,Active,2024-11-26T13:50:58.720483
18e367319b626e40,Active,2024-11-06T09:52:10.780977
c69fe1ed885d6203,Active,2024-09-18T12:08:16.964786
1674defd6831fb67,Active,2024-05-30T06:10:23.079127
f8869f21c9dfb2a6,Active,2024-10-01T22:38:28.362011
d8fb65eab441c9ee,Active,2024-10-29T11:16:26.442628
633d3ac6141f72e9,Active,2025-04-03T00:56:47.167412
ae68f6c267670ed6,Active,2024-07-11T13:33:44.087714
3dafe1c1847830ff,Active,2025-02-01T07:50:30.724746
f1c72d4972d5dc26,Active,2024-06-20T20:26:38.276775
fd1d78246d3f789e,Active,2024-06-09T08:29:00.096645
cc942965e90f3b32,Active,2025-04-21T17:14:36.552075
2aa814cce22e6578,Active,2025-03-19T03:45:32.969096
4e4b063453477a8a,Active,2024-10-30T14:49:11.260147
bd8d78ae3f675e60,Active,2024-06-18T11:17:30.475127
998e43cc9499bd32,Active,2024-12-27T05:51:16.571315
d01ff3054567ddf9,Active,2024-07-19T06:10:45.780764
44b0f9d0fc2066d8,Active,2024-12-01T22:40:42.715692
d17e3dd592d89f84,Active,2025-02-26T16:42:28.424938
2a3e58f2c5d1b445,Active,2024-06-11T01:07:50.093824
08924bf7bfe360b2,Active,2025-03-01T07:00:17.947667
66e6c4dff7897a7e,Active,2025-02-26T17:54:55.106944
1a22578cec82fb61,Active,2024-09-01T23:11:40.228323
f6818d4caa21e56b,Active,2024-11-16T07:48:18.531443
41f22f8be674412f,Active,2025-04-09T09:46:43.788726
e66ab43e26f16cdd,Active,2024-10-01T11:51:37.009681
823ab16e4fec0d6f,Active,2025-03-10T20:19:16.736886
76f009b1616dd385,Active,2024-09-05T00:46:54.932721
b9dc75bed951b18c,Active,2024-11-04T00:49:17.987789
f3352a36f1473af1,Active,2024-05-10T20:01:19.867245
18fbafed5d2f5ff8,Active,2024-06-24T03:23:05.388641
8293aeac0a2ffdd9,Active,2024-09-15T01:16:11.009370
30d3990b9f824a72,Active,2024-12-25T21:47:24.365341
4266601ec675dff6,Suspended,2024-05-28T23:59:53.323128
4f0917a4fe6bf761,Active,2024-07-27T15:16:46.866730
80812df1b051236d,Active,2024-07-22T16:42:14.850597
c02d2c7322cc515a,Active,2025-02-06T11:45:18.869743
860d85ae8a5d4dbd,Active,2024-05-22T09:50:16.443182
77ba7c129b05d065,Active,2025-03-21T12:41:43.581744
bb984e2b0dc02059,Active,2024-11-15T03:50:19.597607
b082473f3e30b414,Active,2025-01-05T04:02:40.560850
9ac8c99a7af5819e,Active,2025-04-25T18:39:40.654127
b117ccb411cc91a1,Active,2024-12-13T09:27:02.747139
3dc036c7ccd368af,Active,2024-07-26T13:36:06.464049
44bf3dcf804b9eee,Suspended,2024-09-05T09:50:34.575483
dd80b5fae903e470,Active,2024-09-24T07:36:43.023309
a091fcf14bdba7b4,Active,2024-05-01T23:08:22.989036
6a7430f205b792d2,Active,2025-01-13T09:22:23.350428
6d4591a12abe1b7b,Active,2024-10-07T20:23:20.925801
2962bf167cc3bf4c,Active,2024-11-08T06:46:30.062858
abfd0c428d80625a,Active,2024-09-25T17:42:45.665833
5d06289b5534ea8c,Active,2025-02-19T07:52:47.980015
d63358048179b767,Active,2024-06-02T08:05:18.342099
914c8cb06ec99dea,Active,2025-03-15T20:18:49.123940
bde3d4067d906249,Active,2024-11-05T16:19:00.205513
7985844027feb5be,Active,2025-01-09T04:44:23.806200
3ab15ecbd634ea39,Active,2024-08-15T19:42:35.748059
b5f743d1bf4a2e9f,Active,2024-05-14T01:49:49.849493
50f60019ce8415b5,Active,2024-05-08T13:14:31.582813
1bf39c2c43a90181,Active,2024-10-28T00:55:58.775149
6c599df177181f01,Active,2025-02-06T06:35:10.844831
362b03d3ebb70392,Active,2024-10-08T13:00:48.925268
3b3da684f698b07b,Active,2024-11-03T21:43:49.149844
d05c5ff07b3e88b3,Active,2024-12-20T04:04:07.748259
e2e5752b5ce4c556,Active,2024-11-02T20:57:31.554944
1e8c16043773a50e,Active,2025-03-24T12:22:20.038020
1bb1d0fdb3bea407,Active,2024-07-13T21:42:18.702610
0e9fba355bf41ede,Active,2024-07-22T17:36:52.125909
cfdfa8a9d796d097,Active,2024-11-09T09:34:00.228199
71f52be20fd2daf6,Active,2025-04-12T06:21:21.442078
64009e5184df576e,Active,2025-04-22T17:17:23.741521
194b0521f1c8fec3,Active,2024-10-18T17:42:28.603527
9db2b25b56399f78,Active,2024-11-30T09:23:14.041516
330cf116124d2742,Active,2025-04-19T16:29:03.555584
04854fec4a9a123b,Active,2024-07-09T14:13:53.401962
2df26191fd0c2f49,Active,2024-05-25T20:23:16.701399
0c6bdb671f59c2c9,Active,2024-11-08T18:40:08.737345
376285d65dc0ea67,Active,2024-12-08T15:02:37.403198
5e2ff14ffe12cb28,Active,2024-08-18T13:28:32.566218
c4c95fcc92234457,Active,2025-03-19T22:27:22.563946
1f695952266139db,Active,2024-08-27T07:55:47.575702
2a1ab534e6c457f7,Active,2024-11-29T07:09:36.526793
359386ee57317def,Active,2024-12-16T01:51:57.231955
90e5047ffe791557,Active,2025-01-17T16:54:21.660244
1b6a62be577db924,Active,2024-11-25T01:49:39.525763
cca7e93debfd0c5e,Active,2024-12-11T20:32:29.739316
12b1c0e2a5e3265f,Active,2024-08-14T08:12:52.379087
887db5f27bff9e2a,Active,2025-01-03T13:12:55.460156
ec8754268a05fd38,Active,2025-03-26T20:51:08.597642
54dabe7529ec7bdc,Active,2024-07-14T00:47:06.636608
cbdf6071da4b0f3d,Active,2024-08-24T06:09:34.396878
0b9856bcfc79a623,Active,2025-04-28T16:48:03.600107
dd7519719fa6de37,Active,2025-01-15T22:54:47.628197
e0ed6a72bd8de3fe,Active,2024-12-09T11:37:31.596769
bd8899dedf6d2fa7,Active,2024-06-03T08:53:58.611328
3a84c2838989aebe,Active,2024-06-28T09:17:07.670582
03673fe3e108a677,Active,2024-07-02T04:53:49.352771
1947ee1500558f99,Active,2025-02-22T17:10:12.984188
b8f2a68e4e9336b8,Active,2024-11-26T13:26:24.721160
239094587bc84ce6,Active,2024-07-22T12:42:04.770998
5047f8ff4479b28a,Active,2024-04-28T21:58:34.827114
b63b6e69378ea5de,Active,2024-12-03T16:50:48.102483
0398921de75b877b,Active,2024-08-14T19:40:10.776100
82e07df9265d5038,Active,2024-07-17T11:47:37.674269
a68359af13e2ed1c,Active,2024-08-30T12:56:26.991841
c03ff4c029668b35,Active,2025-02-27T12:16:08.050692
1475f31c3ed934a6,Active,2024-09-30T06:58:10.673478
9c8a118bb8b419b7,Active,2024-05-28T03:11:02.021370
3c5c8b9faf3b1fb0,Active,2024-11-22T21:03:56.786621
8d11f337e4592031,Active,2024-09-05T09:32:16.968623
855612197c714d4d,Active,2024-04-30T01:50:56.818277
4e10c65da23dc628,Active,2025-03-11T20:37:05.550147
908adfa87b360998,Active,2025-02-21T23:22:24.729299
3541202176110f9c,Active,2024-09-01T05:14:46.269015
da10f718a2fa9db3,Active,2025-02-06T15:29:57.095351
490931a11f4f0cc3,Active,2024-05-28T01:15:07.338744
392c5420dfb2622f,Active,2024-06-30T02:50:30.822473
427fc085bad7b567,Active,2024-05-20T07:18:53.423428
0ea37e49296e002e,Active,2024-08-03T18:44:12.673473
6c91b4a60fd39d85,Active,2024-12-31T17:52:34.439615
17e1371a39ce39aa,Active,2024-08-17T18:20:39.367003
0e56c16f76657e81,Active,2024-09-20T00:22:15.750089
1efc37c7ad90dc84,Active,2025-03-16T12:02:42.428757
cb935435b81ed062,Active,2024-05-05T17:58:05.369168
d3b049164c8ef0a0,Active,2025-04-11T01:04:06.232136
1f1a406ad739b395,Active,2024-08-30T05:12:40.964123
c2953ed58ec74b59,Active,2025-02-06T00:23:49.801976
8f0fb51ced653e09,Active,2025-03-03T23:44:24.785629
9704cd10f513d2c3,Suspended,2024-08-03T02:06:47.372427
da2e9bc8e3c8f7ab,Active,2024-06-17T12:27:30.051978
b5474cb04b42982f,Active,2024-10-29T05:25:57.327766
958f076e9d4b417b,Active,2025-04-11T10:17:24.251685
83ff662edede0d92,Active,2024-07-20T04:09:28.724446
7469bf1861f5ec1e,Active,2024-07-20T16:57:32.453027
e415e9d5cf8118b4,Active,2024-08-10T23:56:37.705614
a3ef261eb16ee5b0,Active,2024-11-04T20:51:34.534592
27e908362b6ed755,Active,2024-05-09T03:03:52.875182
3e9e521b325af5db,Active,2024-05-17T12:25:49.633391
fc0cb2d526d0c90a,Active,2025-04-04T16:23:52.787482
affce2ebd5aef155,Active,2024-05-19T20:46:33.114380
a0a46c446c5d0305,Suspended,2024-12-01T04:16:32.692386
844a8b49bcddbb0c,Active,2024-10-12T13:52:39.094979
eb4416134f69b09b,Active,2024-10-30T18:19:42.610169
486827ca782b6522,Active,2024-08-03T05:57:21.133494
629a59ac0044c26f,Active,2025-03-30T06:55:54.779659
22b0f3680f68e08d,Active,2024-08-26T21:57:48.918333
f861fe058aafcae0,Active,2025-02-21T02:14:58.109541
8b18436d93d63800,Active,2024-11-03T14:15:27.707749
dddf381dd9c8e80b,Active,2025-03-13T05:25:41.816918
57ecd674f7b86dca,Active,2024-12-16T08:57:06.794503
03b6b2d24951e3f1,Active,2024-08-30T22:44:00.069012
b866389205c1d763,Active,2024-09-11T12:01:18.756350
7c0dc8430b8c6d91,Active,2024-09-12T11:47:42.587751
57d52ba05ccd20a6,Active,2024-12-28T12:17:26.332019
990922d01576f9e6,Active,2024-10-13T22:51:04.801510
9df5b42916cccf2e,Active,2024-09-14T11:14:54.448298
4f3b75653d586f62,Active,2025-03-09T05:19:52.010498
a6da0d18541f05da,Active,2024-07-11T15:15:19.390369
021a3389624128fd,Active,2025-03-17T20:56:00.078866
d6d662813e4b51d1,Active,2025-01-31T16:30:28.797632
87900e64f3372c88,Active,2024-08-26T11:47:27.091608
fa5d0eb20b2dba64,Active,2024-05-12T22:57:29.283011
82a318ad3724e092,Active,2025-01-04T20:25:28.346822
fff32a08b3808569,Suspended,2025-01-21T07:19:59.525067
a20416ecbd5bb8ca,Active,2024-12-30T12:52:19.495043
cbee5ec7bc0b451b,Active,2025-03-19T18:54:38.722866
994b605aeedbf808,Active,2025-02-04T12:09:51.421415
c13b5adf346783ba,Active,2024-06-10T07:12:15.774593
2b8a406e5585bd38,Active,2025-04-08T20:35:36.640106
236653350f485d27,Active,2024-05-15T03:24:30.624914
0dd4871e80dce650,Active,2024-05-19T17:30:28.330585
64c251bee26025cd,Active,2024-09-16T05:37:23.944724
e6e655f490e0a336,Active,2024-09-21T18:14:43.421645
a3484858b4364df5,Active,2025-01-22T00:12:25.095757
e7cd1a2f473b489d,Active,2024-10-09T12:59:28.063693
a3f4727ec39392f7,Active,2024-06-24T11:29:00.197996
7663a3e3c8883b70,Active,2025-04-07T08:55:15.969411
7b5284af3346ee08,Active,2024-10-22T08:43:25.546586
e7ce50c63771fb1c,Active,2024-10-15T21:49:54.317526
8d4b7d05a3e7ae5a,Active,2024-05-02T19:14:34.057014
c9012f6bdd643091,Active,2024-07-17T17:27:59.743409
86097f28596af39b,Active,2024-06-01T18:04:35.962461
3c132c660c303e34,Active,2024-12-06T07:44:03.288942
7b23f3967f6d3343,Active,2025-01-11T14:15:25.740165
439ae3a9d36aab37,Active,2024-10-24T14:22:31.027652
7338a7c3970709bc,Active,2025-03-29T23:52:20.435482
43ad79aed1d4e505,Active,2024-09-24T22:14:22.820379
08820f72e03f7e55,Active,2024-07-06T19:59:43.475106
4e1e1d51aecf91fd,Active,2024-09-20T11:04:16.262076
53bca1fc61d6b586,Active,2024-12-17T01:11:30.431016
e5cb2ec21bc6f62f,Active,2025-02-04T14:00:46.583987
c88b3509c140bbc5,Active,2024-08-08T12:34:27.602985
3773436ef2c7a780,Active,2024-07-06T15:27:57.501738
67eb185d4556b49d,Active,2025-03-22T23:47:12.500001
dfa36226ea242334,Active,2024-07-21T14:03:31.783067
8ca8432c694d9abf,Active,2024-09-26T22:38:53.429328
d8da7605976c3bc7,Active,2024-11-09T11:31:45.635540
22fb29d03ad0662b,Active,2024-10-24T10:16:01.989709
5fc076d634a8f65e,Active,2024-08-07T21:57:43.554252
017c4dbe2a35aa86,Active,2025-02-16T15:25:14.458322
9e23c32ad90222d1,Active,2024-12-25T12:36:51.368033
87f989f0efb4e114,Active,2024-07-24T21:29:32.656690
3c7315b888dadb6c,Active,2024-06-19T21:33:09.588359
d954efc33ce8b697,Active,2024-05-18T00:05:48.008815
e79fed648d4838e4,Active,2025-02-08T23:09:24.964469
855043f40ba4567c,Active,2024-07-21T08:31:10.713888
3bf39423596f05d7,Active,2025-04-21T20:05:13.867179
80c425acf013b31f,Active,2024-11-19T01:19:00.146347
daedb9ed2e345e88,Active,2024-07-23T09:03:59.088898
340ed24641a3b61f,Active,2025-02-04T13:18:11.343196
f736ea5d0ddeba43,Active,2025-04-22T19:35:03.918843
ce0fa8e060544b5b,Active,2024-11-26T17:29:54.192238
60af1c0ed46779f1,Active,2025-02-17T00:31:10.884754
c4aa84a2d51e5371,Active,2024-09-14T10:44:36.995612
6d24b6e41411bad1,Active,2024-11-15T18:47:41.667598
8722e7e96302db6c,Active,2025-04-28T05:38:11.703194
b2bab2c6256e3916,Active,2024-05-26T09:23:08.879365
f3b1f7a384473b3c,Active,2024-10-17T08:54:29.899702
5ee9bc8c9fd0e3c0,Active,2024-05-19T23:15:34.335293
de794d562e8900ad,Active,2025-03-20T22:03:24.074934
978f84069534833e,Active,2025-01-15T19:27:53.262929
09c31770554e04e4,Active,2024-09-24T04:46:50.161125
ba522487d743f0d6,Active,2024-05-01T19:05:20.102504
005c3fcf6551253a,Active,2024-05-27T01:08:41.486251
a8205958c3f11cfd,Active,2025-01-07T13:00:57.739830
0ceb321bc30bf8e5,Active,2024-09-22T08:35:28.695629
06b934106af5b914,Active,2024-11-12T06:44:49.222024
31c37d74c21abdeb,Active,2024-10-06T19:52:22.089226
bf529ef75b13d2f3,Active,2024-12-17T21:13:05.253738
184b65ede90ee18e,Active,2024-10-05T10:55:53.436683
eb5eec70b1913384,Active,2024-09-12T18:49:46.824484
057bde72c4eed6d3,Active,2024-12-13T07:04:51.313423
89bc04015282dcc3,Active,2024-11-26T07:48:35.221089
82ab2aa6ad1c1845,Active,2024-05-15T21:47:06.935869
82036324d55753b3,Active,2025-04-13T01:48:47.448678
ea07f466bf1322de,Active,2025-02-02T06:18:48.622452
c45d2ea2a1664906,Active,2025-04-20T14:35:43.876100
370bbf86d4162956,Active,2025-01-05T06:23:41.040944
95947278359547e6,Active,2025-02-15T09:14:14.605185
343f9db99260a0fd,Active,2024-08-02T09:51:53.088990
45c649ccf0da9466,Active,2024-08-16T03:06:18.532875
12ebd6189a3dda16,Active,2024-07-17T12:35:55.880290
7a98659636382af0,Active,2024-06-25T01:46:26.463081
6251eaa2bf76208c,Active,2024-05-31T07:20:17.011101
32660b1195d10b1a,Active,2025-04-22T06:28:16.130640
5a8ef667f88a974b,Active,2024-11-07T03:21:22.851767
7930ed2a51f2d60b,Active,2024-07-18T03:39:35.658758
dccce30ebdd346a2,Active,2024-05-13T22:52:11.718103
9ee71babf332cfd2,Active,2024-05-07T12:54:09.095302
9972dbfc10496630,Active,2024-10-20T13:50:30.768620
46fbc39df5a83cd9,Active,2025-01-27T19:23:00.941036
f4bbe32bbb3bc597,Active,2024-06-11T05:58:34.096524
5082fa78ad59103f,Active,2025-03-19T01:47:16.422618
a2aaf2dbee3adae2,Active,2024-11-18T22:25:53.152402
33cb743e2a8f66cc,Active,2024-12-09T14:47:12.068656
e714a4b09b1ff854,Active,2024-08-28T23:06:39.936552
e2bd0b84469246fc,Active,2024-06-26T05:57:05.211385
fb1c7ff4f28a5ab0,Active,2025-01-22T10:04:32.128718
4bd33945ac6f4d61,Active,2025-04-09T04:18:24.743413
88215b0de45c91b3,Active,2025-03-26T06:13:06.924963
8a90b4882649fca5,Active,2025-04-19T03:33:33.430018
7dd00c42111f075f,Active,2025-03-04T09:10:30.575037
1b0fa95f6fd528e5,Active,2025-04-09T19:41:57.540505
b635a983113978a6,Active,2024-08-20T10:52:29.702079
4ef80c725349f9b7,Active,2025-03-31T18:58:07.525500
e67ec6e71d53403b,Active,2024-08-21T17:49:47.999341
7b986cd7b5fd38b9,Active,2024-07-08T23:41:45.213216
7f5ffa2f835e1691,Suspended,2025-02-04T02:44:02.667152
29bbbab57ff285d5,Active,2025-01-12T17:35:54.364601
912493d7c8a5f3c4,Active,2024-08-15T12:55:36.009258
6b5b65fa19fced18,Active,2025-02-17T19:38:26.432208
709b604abacedb6e,Closed,2025-03-23T11:57:28.757073
3a6cb8507d689d60,Active,2024-09-24T03:22:21.047140
7697280ff8f9e3cb,Active,2024-07-04T12:12:31.560606
ac097008254fb308,Active,2025-04-01T16:07:24.962338
831898c08feddc88,Active,2024-12-11T03:47:05.390356
82e4dec7a7433344,Active,2024-11-01T05:34:08.740031
977fc66a0fe80bd8,Active,2024-10-07T01:20:16.056260
148dbf1771ee81d4,Active,2025-04-01T22:46:57.439048
b76a5aff2f389e02,Active,2025-03-01T17:59:46.396241
3ff209aed503327c,Active,2024-07-06T23:09:25.605187
2c2123a7dcc223aa,Active,2024-07-07T06:25:34.638270
7ab63fcdde876e01,Active,2024-11-21T08:46:37.618015
07a02e28fb947967,Active,2025-03-11T19:19:30.929504
eef418e3fb967333,Active,2025-02-10T13:20:58.327876
7bdda0bce30547b7,Active,2024-10-10T20:00:26.621096
c3e8ca8eb25ea3cb,Active,2025-02-14T17:05:40.704388
a21350e949c75fc3,Active,2024-08-03T18:53:37.294074
f18dde10e4bbd2b5,Active,2024-10-15T16:25:43.494240
0329c53e21c494b7,Active,2024-08-18T22:19:55.536043
0f4c5fa2aafc033b,Active,2024-06-04T20:44:00.738963
c783833635d04846,Active,2024-12-05T10:46:01.596860
2c52ea1e4232cd14,Active,2025-01-24T05:46:47.443627
8482a16d3cb99696,Active,2024-05-20T22:53:19.530291
7d3f98066f11da52,Active,2024-10-16T22:03:10.635686
a2235498709583c2,Active,2024-11-25T10:55:46.970574
aad139da1a16d123,Active,2024-11-28T11:01:29.111176
f1b62d8b51de9df6,Active,2024-05-17T04:22:28.008229
e08132c09482ca69,Active,2024-10-20T00:58:47.414312
5e2188c93b940ee9,Active,2024-09-18T08:55:10.239456
10fa44e57f824f56,Active,2024-11-25T03:50:44.589980
8bc72a540fda864b,Active,2024-07-30T10:40:07.225010
5fbecd4673df64a0,Active,2024-08-28T08:29:24.562650
b4c5c73f5ebefd8e,Active,2024-06-30T23:44:18.103081
0419f05950e34d99,Active,2025-04-14T23:21:11.420778
ec60c0dd541f8869,Active,2024-05-15T01:28:19.293065
ac61f64909659102,Active,2024-09-01T03:11:08.569985
fd4ee3a2432fdc0f,Active,2024-10-22T01:30:13.590826
542447f4537c2c81,Active,2024-09-10T01:09:45.690550
b7cd088c00c7e374,Active,2025-02-06T12:12:04.853852
2d873b9d872269bf,Active,2024-05-13T23:41:33.134201
c6a6559a1fc087fa,Active,2024-08-12T13:08:19.987720
8fa6478abaacaa0d,Active,2025-03-11T02:56:45.062346
672932209aa16939,Active,2025-04-10T07:30:19.594300
7f6084630178c1dc,Active,2025-02-07T22:52:25.163368
9a17fe827b497282,Active,2025-01-02T20:05:31.376559
06908666342e1dbc,Active,2025-01-11T08:07:42.961050
1fb960a7b4ff2cd4,Active,2025-02-06T05:13:58.011973
6d6ae52692ed4f61,Suspended,2024-12-12T04:25:17.550076
d571a8f78032c75a,Active,2025-04-02T22:02:51.911108
681fb9affe9aa948,Active,2025-01-27T21:02:02.068599
3ff87eeaa1b23566,Active,2024-09-21T13:48:51.816294
2c361eb1d3840611,Active,2025-02-27T04:33:56.629054
7b0f638d023f70b0,Active,2024-11-20T14:42:37.447912
4d234e509a6e42cf,Active,2025-02-08T19:17:01.959412
a8bd5a2fc424df57,Active,2024-07-27T15:15:01.744300
9f5b524f09e772cd,Active,2024-09-14T12:25:17.973073
07c23e00541081e7,Active,2024-07-03T07:05:50.118465
0c4f9e8dc22823ea,Active,2024-12-22T20:27:48.807525
dedf089351126697,Active,2024-09-13T01:57:56.843676
5dd4a19f6356fa4b,Active,2024-12-07T19:40:32.749219
0844d22abe151580,Active,2025-02-06T20:28:31.052359
8440fe975f869e6e,Active,2025-01-06T11:11:42.661196
3ccff671777790ee,Active,2024-10-09T15:26:07.582895
0af7c4a7e8da9018,Active,2025-02-26T03:00:37.724855
62bf5b3b47956f2f,Active,2025-02-01T07:50:00.412769
757f3a7f3b987b63,Active,2024-11-20T22:32:21.219459
9b6ccbb5bbd063a6,Active,2024-06-20T07:41:18.872761
233d8dd1e89d5eb4,Active,2025-01-02T02:48:24.689238
2bc349e3bef3c621,Active,2025-02-04T23:08:59.130879
1766900f1b864ff5,Active,2025-03-20T05:04:31.442317
e075c66b8a3be271,Active,2025-02-04T06:08:15.025689
d293d7c82fa1694d,Active,2025-03-14T07:56:21.356904
e06bf23200609ab0,Active,2025-01-17T22:51:04.027179
55219080e4c49bd7,Active,2024-09-02T08:04:11.223870
e564941096729d61,Active,2024-05-03T11:39:53.640265
66bf424634ba8be6,Active,2024-05-15T16:51:47.427718
3b1a5ef64d2f048b,Active,2024-11-07T18:31:30.960275
f34e2655dbd40bba,Active,2024-09-21T15:45:22.351988
675a32628a2fe3b8,Active,2024-12-07T09:08:41.890412
184aab7661923cf3,Active,2024-06-10T08:59:49.014755
c259631ef15bdcf7,Active,2024-05-03T20:56:25.183891
a862d29300075836,Active,2025-04-02T15:09:41.743633
f83603cd6ecb1c8d,Active,2025-01-31T09:43:51.516262
b0701381bc05db79,Active,2024-07-22T13:39:20.559819
e920213ab776cd8f,Active,2025-04-19T00:07:36.635507
523120c0ae5c75ca,Active,2025-03-08T21:22:21.034671
36ff0afce05adef3,Active,2025-03-19T20:56:51.305055
51a1b6ed31493e61,Active,2024-12-08T10:58:02.458256
20a0bc97d1b53fc2,Active,2024-08-23T11:08:02.403952
da4feadfd77764c4,Active,2024-11-07T03:09:24.761717
60f593921e65d058,Active,2024-06-08T04:05:13.069532
48621a05772a8a4a,Active,2025-04-12T08:37:15.605249
8b1956d832db8eda,Active,2025-01-20T12:21:18.733744
1d504a73f3302b51,Active,2024-10-16T19:58:46.132181
af296b5f4ef07d5a,Active,2024-08-10T22:04:11.816943
17d8dd7837dd47d2,Active,2024-08-20T22:41:07.810695
87be7e884c5c965b,Active,2025-03-19T03:35:27.990660
5c675d1fd2c8b056,Active,2024-10-06T16:42:13.655798
34d62d2c7573c8da,Active,2024-12-21T03:30:57.784662
617b49793bf74d32,Active,2024-05-17T16:39:25.253390
79066540414a34bd,Active,2024-07-05T19:51:46.402499
03c9d8e8f7369812,Active,2024-09-25T20:57:02.545057
42c9314bcd23e987,Active,2025-01-25T09:11:20.685286
5e0f7c005d3d8757,Active,2024-08-20T10:55:44.669887
47484564c4b66ee4,Active,2024-05-02T15:25:14.739258
4c59bbb92095c59d,Active,2024-04-28T18:38:50.960844
7b806db0125cbb05,Active,2024-05-08T11:44:06.120546
edefedbac36e3fd7,Active,2024-09-05T20:26:26.457313
0451004e17df289c,Active,2024-07-06T17:02:18.798525
7f6e526a89128b22,Active,2024-12-14T07:42:26.808172
82ee0e81a543637c,Active,2024-10-26T17:00:38.230806
27c7ff11f22f6438,Active,2025-03-21T11:56:24.723212
4d7f51c4dfdb2f14,Active,2024-10-24T19:57:48.760468
9bdfbac6fcfbdd33,Active,2024-10-02T05:51:56.752028
d7fc4288aa0f8ccb,Active,2024-10-12T07:06:31.295129
42aa223a71a93ef0,Active,2025-02-06T20:26:36.836357
f0e2235b28a887bb,Active,2024-07-03T09:40:31.919677
fbac4317d42c6aa6,Active,2024-04-30T12:15:43.724804
22c65441e2273419,Active,2024-05-22T23:05:47.699948
db71d957abb94896,Active,2024-06-16T07:33:16.633765
738a43326e1327e9,Active,2024-10-27T05:31:37.259974
7bde26596ba4cc3b,Active,2024-11-23T02:10:35.073651
0535287fb65c8c97,Active,2024-05-12T01:09:13.380770
aac4f79e0cb015c1,Active,2024-06-16T08:03:09.533544
7c48873e0ae271b2,Active,2025-01-26T22:02:12.459701
376009e7a91b2495,Active,2024-09-01T18:00:56.961959
bfb79db1905645fb,Active,2025-02-10T03:59:10.634330
5eb242545859361d,Active,2025-03-11T17:47:09.062145
531af5d908bc2e15,Active,2024-08-13T14:34:00.672253
26e2be52988f71cb,Active,2024-06-13T06:09:19.697506
d768a81535e4f955,Active,2024-07-14T13:28:14.026414
8e8020b5b2da0515,Active,2025-02-27T04:43:40.704611
c1bff6c3117cc229,Suspended,2024-06-02T08:59:39.962197
3e6f1fb3f5c982fb,Active,2024-12-24T22:04:39.489566
13ef7f1067117dba,Active,2025-03-04T21:04:34.072317
926a7df190db83f4,Suspended,2025-04-16T20:27:09.528828
a33ad05fd5da9dbd,Active,2024-05-07T19:22:29.190905
03fe12f9240d6d96,Active,2024-11-05T10:27:49.269723
e04d844d7dda78a6,Active,2025-01-30T12:42:21.813961
36ca395d7cbd545d,Active,2024-10-09T07:11:42.379692
ac57676b4f2f1948,Active,2024-09-11T19:53:50.795662
d91b585db12c4cb9,Active,2024-12-28T17:49:34.374467
d54ce19868011a0a,Active,2025-02-09T23:06:15.106333
3381e0325dcdd9cb,Active,2025-04-16T20:26:23.679472
34ed4b0b7ca75e02,Active,2024-08-12T14:06:25.100404
d4a8416977f95f98,Active,2024-09-23T10:20:07.938576
a6eaad354d909dfb,Active,2025-02-08T11:26:45.697278
9af9836836cacc63,Active,2024-07-18T20:10:51.249706
3f054d068afac6b3,Active,2024-09-13T05:07:00.762550
8ecf651fe77d233b,Active,2025-04-21T00:52:48.790324
424634c9f0160e2c,Active,2024-12-05T01:01:21.481149
a785d02c8f03f0b1,Active,2025-02-16T02:10:27.778922
f3be05d5971b9f04,Active,2024-12-14T04:12:03.061584
180329e9d6f18024,Active,2025-02-07T04:34:03.812388
1e52c8231b78cd41,Active,2024-06-22T23:08:32.761045
cb13c678d4279d56,Active,2024-09-26T23:21:20.223126
b83616a09e3fecea,Active,2024-11-25T08:35:24.717379
d5602f28ad529cfe,Active,2024-05-08T23:20:18.861302
90ea24923144441b,Active,2025-02-15T17:07:51.738131
82c5d294032c194d,Active,2024-10-03T02:08:36.248123
772e729ad9dbbee5,Active,2024-08-28T21:20:49.932773
6b9270472b4dc238,Active,2025-04-25T21:29:10.007307
c18575d27c056762,Active,2024-12-08T14:56:09.924965
8c0defb43ab5672f,Active,2025-04-16T09:46:19.033339
8ca475080eae9dd9,Active,2025-03-17T00:24:00.187143
72e0000c917f1d7c,Active,2024-09-22T06:02:58.108584
08b423ea889b47a9,Active,2025-03-27T22:33:17.109611
a14ea4593e8d740b,Active,2024-12-19T17:26:48.633516
acb6ae01471d2392,Active,2025-02-04T09:25:30.060917
957766996a6d111c,Active,2024-08-04T05:56:23.538580
b1bbaa69940cb32b,Closed,2024-09-23T12:43:07.712404
ba45334e222713df,Active,2024-09-29T13:19:03.258323
e27d99d388526282,Active,2025-04-15T16:05:51.282002
e727dfdcea67dbb9,Active,2024-05-18T22:01:08.692829
1ce22d81afe8db82,Active,2024-06-23T20:00:28.437470
9c94827041bf70ee,Active,2024-11-11T21:37:21.639452
f009b7ca58070e00,Active,2025-03-25T09:17:40.214488
1d28b672bf74615a,Active,2025-01-18T00:59:14.189615
b4c5a2d75f41a6b2,Closed,2025-01-30T16:03:15.125075
4b0c5b558699bc31,Active,2025-04-26T04:21:08.311751
ec2707699a0ee23a,Active,2024-12-08T04:23:42.593671
0b17807d97a9fdae,Active,2025-02-11T00:25:07.754800
d5a594aa4c7b9521,Active,2024-11-26T09:54:42.855690
32c471dc9bda6feb,Closed,2025-01-17T19:26:30.026269
4244c3e678000852,Active,2024-05-14T22:54:00.032901
202c5302308b2fd3,Suspended,2024-09-14T18:07:04.718980
c2d409bf6f134ed8,Active,2025-03-02T00:35:09.898364
e841f7f0eb8abb7c,Active,2024-05-21T03:02:52.015774
aa305a37961babc1,Active,2024-10-07T02:50:22.371866
4388165cdf299bb1,Active,2024-06-02T23:18:54.880507
73fc76c15601eca0,Active,2024-12-16T17:41:22.268271
9d6ae0aa0bd7952f,Active,2024-06-28T14:06:23.734907
f57bd318de146045,Active,2024-11-21T10:13:50.857237
80274bab470f46e9,Active,2025-02-10T22:49:16.980690
3e8b1e404e73ab52,Active,2024-07-16T05:48:25.338849
6c36ee32fe2304f6,Active,2025-01-17T13:33:04.408601
0f3b4ff8a76d5cf0,Active,2024-06-24T22:58:10.647650
f801543b157e84f9,Suspended,2025-04-27T18:42:06.512775
983084279a73bd79,Active,2024-11-04T19:07:24.180279
3d5c41101c625d6a,Active,2024-06-26T03:28:32.011178
6ec72b566cab9be0,Active,2024-10-28T22:39:50.273034
ed205be5bd09f629,Active,2024-07-06T10:59:16.399813
3ad597f6c7560452,Active,2024-11-06T04:44:30.458637
ddd7b567b55be57d,Active,2025-04-28T00:59:17.787351
f9838ac70cd60d80,Active,2025-04-18T06:24:28.499725
867ac995d1ff69be,Active,2025-03-18T03:16:43.442922
7271abe7d65eb5c9,Active,2024-05-27T12:28:07.177474
0e986210bae5ad6a,Closed,2025-01-29T02:25:06.027872
4f2eec924a5d66a5,Active,2024-09-03T21:22:03.119716
4e9eddbce3298285,Active,2024-08-02T16:14:05.912348
74c4ce7f9d5e5920,Active,2024-05-21T00:37:53.493958
719730c96cb3ae38,Active,2024-09-27T15:06:53.271886
b04eb1adaf046476,Active,2024-05-28T18:00:40.951327
c01e7488a6945576,Active,2024-12-14T22:41:51.798055
b50c3df87033e8ad,Active,2025-03-08T14:40:21.064050
b36726e48e11eb6f,Active,2024-04-29T10:37:26.816196
44572dea00eb1dd5,Active,2024-09-04T08:35:53.913815
05d35be7538747de,Active,2024-04-29T13:35:53.181544
deef3f9dc9fd2d77,Active,2024-05-20T21:16:43.333584
c4eaea61fdf74038,Active,2024-08-21T04:02:34.565590
20462000b030abb4,Active,2025-03-03T16:47:17.149862
2bfb0914dbe485c8,Active,2024-10-11T13:37:23.480413
ec1b048011c5d154,Active,2025-02-07T07:33:10.136395
222ff04efcafbe1d,Active,2024-12-21T10:07:32.673942
22482580c8b81139,Active,2025-02-16T11:38:10.359680
015f6ab2cc3c2bb4,Active,2024-09-03T11:48:19.060048
020baa83b3dd41d5,Active,2024-12-11T08:58:13.251609
3ffa801c7dd58256,Active,2024-07-03T00:13:59.544025
a42392ebfcea5a6c,Active,2024-11-16T23:34:35.757917
a326abbbaea3ce8e,Active,2025-04-25T22:06:09.545150
ca75bd154749cfd2,Active,2024-08-20T19:16:51.919842
18ecd971af3cd3a1,Active,2024-09-09T06:26:49.546353
9100632bdc0cdb5f,Active,2025-04-11T22:06:05.422031
7df1ec9dc8b77ca1,Active,2024-10-24T09:51:21.714321
dbe022384f88e4a4,Active,2024-06-01T07:44:09.414516
d5ab15f589d12252,Active,2024-12-17T12:05:31.846383
d6d9138403b0dacc,Active,2025-03-16T15:20:28.615348
f405f11ead6e60f7,Active,2024-11-02T10:47:50.931351
f31c8f0ef2ea83a7,Suspended,2024-05-31T02:11:50.870014
18c9dff60d7e0a1b,Active,2024-05-22T16:39:26.635857
e7455fe4cbd509db,Active,2024-10-14T12:29:42.270325
d563df8aa34f5bf3,Active,2025-02-04T23:56:34.055022
21eebbc9a30d1d8d,Active,2024-05-29T10:56:18.786666
ae562cf81c330a2a,Active,2025-03-25T05:33:51.028897
3a87d580e99c29de,Active,2024-08-21T07:20:54.735506
422fa3edc2c2aecd,Active,2024-06-27T12:26:40.481918
3494e7e086853e1d,Active,2024-06-16T23:09:40.682679
1da45acec365de45,Active,2024-12-24T03:44:42.157209
60780f79ae38ebc8,Active,2024-07-31T18:51:32.497049
687cfd7a0fc2f5e7,Active,2024-09-27T12:43:20.609363
b64bbcef7928ab76,Active,2024-08-01T00:15:24.816518
65a3fa979c78cc91,Active,2024-11-05T08:16:36.253034
9888cffae45945da,Active,2025-04-21T03:11:08.001553
c99baa3462f87f88,Active,2024-06-02T13:30:39.434864
e71419bb1e32a290,Active,2024-08-29T18:57:27.735909
76720f45af702288,Active,2025-02-15T05:52:28.337631
e0db596e528e296f,Active,2024-10-25T16:56:26.800029
a08b53762ed798d0,Active,2024-09-26T19:16:27.304792
7e80a32762a89413,Active,2024-12-09T10:57:31.064148
43dd7bbe77634663,Active,2025-04-17T15:09:13.321710
c5c18c4d0bdeeec5,Suspended,2024-12-14T12:19:56.587707
3b41fb667b2a3831,Active,2024-07-22T16:27:41.671602
efc351e7c2d108bc,Active,2024-09-19T09:51:07.801372
2db4322d01ea98e8,Active,2024-05-24T14:54:12.456140
8ea5f69b08cf644b,Active,2025-02-28T10:43:36.279713
b8604eb7185e8746,Active,2025-01-31T16:52:43.071742
442e801a9ef0f56d,Active,2024-05-24T10:43:00.777615
42bb5a79e6089d18,Active,2024-07-16T13:58:47.085894
9907741aa8792faa,Active,2024-05-27T10:25:14.211403
51fe95f4a9bbaa6a,Active,2024-05-24T00:43:30.763658
97a1a9efc33dcfa4,Active,2024-08-29T01:26:05.626313
9db0a630011ae829,Active,2025-01-02T10:01:09.978304
f76ee820fa5d8306,Active,2025-04-21T05:59:05.402420
b4540ff1e562b00f,Active,2024-11-26T13:33:36.521086
64524e70e48f91c1,Active,2025-02-21T23:25:27.058669
8f8faaa8af2f174d,Active,2024-06-11T17:15:24.452987
35d4fd7a741fe123,Active,2025-03-01T20:53:20.896256
93f54bda977f8cbc,Active,2024-12-10T08:17:21.124421
ed585a5564113fb6,Active,2024-12-29T06:49:53.133880
d7bf7e795d19d4a5,Active,2024-05-19T02:16:20.247817
3caec3e5fbd65ba4,Active,2024-11-06T04:31:21.294001
dcc5d7a025203803,Active,2024-12-31T06:57:39.246914
a93af6dd1f685d90,Active,2025-02-02T13:11:01.092296
808ef3c722d50e96,Active,2024-08-26T21:04:08.922943
e485f8871ee75ac8,Active,2024-07-23T02:39:52.075556
8511eeff390be3ed,Active,2025-04-08T03:51:49.913091
169ffac2e2f55f1a,Active,2024-09-24T02:13:31.866836
c033191d559c4a73,Active,2024-07-16T15:06:21.290536
06dc127ec74640f3,Active,2024-07-23T04:19:00.011263
9854434e47965076,Active,2024-09-23T16:59:28.801951
941a7833a4e45f42,Active,2024-07-27T14:50:36.532457
d890b8f33e5d2ecb,Active,2024-11-04T01:08:12.562933
d3d47a8b4226499a,Active,2024-05-26T23:11:58.782552
5496c3052e0cae8b,Active,2025-02-19T15:44:27.299385
fa6c573ed108f90c,Active,2024-07-28T00:08:03.793804
a55bb1c6a4a6415b,Active,2024-12-27T19:09:18.365983
7689d7162cf98550,Active,2025-02-25T04:24:57.254921
dd0846c9c949d064,Active,2024-09-06T15:32:34.147946
4d39141af349d108,Active,2024-06-03T22:39:52.635985
fd83a570b71f3ee0,Active,2025-04-21T09:41:14.062586
5d75b4a9304bb18b,Active,2024-06-29T12:01:49.766247
035716be843ed3e3,Active,2024-06-27T16:06:31.328603
5176759b0edccddb,Active,2025-03-20T15:11:49.486489
673e0d390ae32a8e,Active,2024-10-31T13:55:19.712136
40b4a579e736a5f9,Active,2024-06-19T22:06:15.838245
11bd2cbb60685685,Active,2025-02-09T07:22:33.031973
98a1566a7b61d2fa,Active,2024-10-05T09:57:46.133887
602f17160454de02,Active,2025-04-08T01:59:55.027299
8e25c354a4acb949,Active,2025-03-11T01:07:00.689843
7f610664abccbdbd,Active,2024-05-07T22:02:58.210901
996185874c982378,Active,2025-04-18T09:36:47.624264
1e91d38218523723,Active,2024-11-17T04:45:18.164156
f011d78497afd36d,Active,2024-05-09T04:30:49.123382
e6715873f0ae535e,Active,2024-10-15T11:11:43.402944
e5f9ef871e1d61c2,Active,2025-03-23T23:56:06.869135
eb7cb9e8772c05a1,Active,2024-10-04T23:59:45.113799
88824747166e66a7,Active,2025-02-10T22:03:33.472540
1a8b92c3af57baf4,Active,2025-01-11T03:54:23.923457
b02503497424d543,Active,2024-12-10T16:25:33.144502
2ebb14aefb561389,Active,2024-06-24T03:01:02.932154
41aa2639013841ad,Active,2024-05-13T02:14:51.175415
7ded67f24708a2b3,Active,2024-12-16T21:00:50.849740
84e48e73f06aa36b,Active,2024-08-24T00:04:22.259267
e53a4980f4ebba41,Active,2024-11-08T18:42:37.997753
895fb61e7a41e223,Active,2024-07-27T10:50:27.465093
aaabc9f9e7f29265,Active,2024-04-28T17:37:14.312061
eff7fc2fc6d6bf84,Active,2024-10-29T16:36:30.938389
a52b31c13a1ad2c7,Active,2024-10-18T22:53:01.033086
1fca6d1b13530234,Active,2025-03-07T22:33:24.051580
130a1ff138919dfe,Active,2025-02-19T23:40:00.375444
5d4da7ae1658012c,Active,2024-06-27T06:06:32.419996
81e100006583bf55,Active,2024-05-28T20:36:54.317421
e6bfa3c02c1fe78a,Active,2025-02-16T22:20:48.889491
dd5e5b253414a4aa,Active,2024-06-04T21:18:07.954718
a2ee1a597961267b,Active,2024-09-07T13:06:08.930979
031e5e4ec69a25d9,Active,2024-10-23T06:16:42.760525
7887927d1d28135a,Active,2024-08-18T02:21:04.512840
ebca5faa2c8c52d6,Active,2024-09-29T00:46:47.830710
6fb666ef7d117cb6,Active,2024-10-29T09:42:31.023260
07b7006873a080c3,Active,2024-10-16T03:44:59.858197
3c76ecabb4ec9e17,Active,2024-12-28T01:36:51.317593
7bb5acea450450e1,Active,2025-01-16T13:14:07.534556
232844d09802b8d6,Active,2024-05-22T04:56:50.196488
5aaec306857aed9e,Active,2024-11-11T09:21:45.697955
ce0935a7696279d6,Active,2024-12-22T07:49:38.268114
e9d98a9b95020047,Active,2024-06-27T08:55:51.381980
5c3054edb4512a3c,Active,2024-06-02T19:24:26.869270
5235ffdb2a6f5563,Active,2024-09-26T23:42:01.587282
f7c4020636473664,Active,2024-06-04T15:19:15.463822
3c2b972847c1f597,Active,2025-01-01T06:10:51.420842
a6694b9c69d468e0,Active,2025-02-18T21:33:56.950311
6ac0db5db6184741,Active,2025-04-06T03:09:07.041550
bba83bf72468060b,Active,2025-01-15T14:44:19.865074
f6956240addbc466,Active,2024-09-25T10:26:36.761761
66f2cded39bd1944,Active,2024-08-06T09:00:44.154922
1f1901cd90e2f88f,Active,2024-10-27T07:14:55.169961
74c63a05d3b8e199,Active,2024-12-10T02:49:44.967222
4bffee6591200de8,Active,2024-07-17T20:05:09.796518
e4fc7ebb4723025e,Active,2024-10-28T13:30:50.431534
d8f14393e88efacb,Active,2024-05-29T11:30:35.599036
4080b66f514ecd84,Active,2024-12-16T15:26:37.314577
bf5ee6ff8ae9f9b8,Active,2025-04-01T05:25:21.936765
c30d3a9c5ea98dbc,Active,2025-01-11T10:59:04.532894
cf03c7f708d24bb0,Active,2024-11-06T02:20:30.810546
bcc64a6167a221ab,Active,2024-07-30T05:32:41.052109
3ad3249ab1acff0d,Active,2024-06-12T22:32:37.916672
3ff0c46d6bd5958d,Active,2024-08-25T06:49:21.765024
ce23023b1d44cb9c,Active,2024-11-11T11:49:30.767238
5204daf0e92d5049,Active,2025-02-06T11:34:08.806562
70ba0723b0e47807,Suspended,2024-10-02T00:44:01.361919
d6fee33ef80a8287,Active,2025-01-26T19:13:21.377684
7990d8b8fa557e67,Active,2024-08-06T02:21:07.988975
e13f55e648ebca50,Active,2024-05-09T09:40:04.741703
7ae6359595a53dc8,Active,2024-10-30T09:36:02.996367
760e9e778b42fcc6,Active,2024-11-29T14:38:49.733046
e216520eaa39a007,Active,2025-01-25T18:24:28.944359
6d2f209b656ea8bf,Active,2024-10-01T11:36:08.906946
0b27a29bc3deb4b5,Active,2024-07-22T21:10:54.736636
28f4a49a62d7ffde,Active,2025-02-17T11:36:47.716986
0beef0e504b53354,Active,2024-11-18T22:16:14.825207
ec8cd961166e142d,Active,2024-07-06T00:05:31.612687
f5e6cc4e5fd7e1f5,Active,2024-09-21T14:17:57.076737
52f27b36c28e2d11,Active,2025-01-13T22:13:40.708637
d0b890dffb092959,Active,2024-09-20T23:44:39.368006
fdb7e1311bb2d810,Active,2025-03-28T03:26:42.878302
1854ddf1c24d80bd,Active,2024-08-14T08:54:10.063526
3b8cc40bdd0d888e,Active,2024-06-06T14:11:28.422786
d59cbe89209742f3,Active,2024-09-21T02:06:21.686373
5efaa87f3fce4945,Active,2024-07-19T20:56:37.374362
e993fd1d68259682,Active,2025-02-08T04:15:41.209881
b7406eabe568d6d1,Active,2024-12-20T06:37:10.454300
251aee35b588bcc3,Active,2024-07-31T13:03:44.554864
aa5ababb87e5b0e3,Active,2024-07-21T12:51:15.132903
69d7e70be5b2569a,Active,2024-10-09T18:44:56.782380
db93b3443271ad26,Active,2025-03-19T07:12:01.546974
ec887694ce242e5c,Active,2025-03-22T09:56:25.560391
3973ed3ba83d6381,Active,2025-01-30T10:05:54.512426
35d53ebd3f623284,Active,2024-09-25T18:35:01.561387
04402342280375de,Active,2024-10-15T01:36:28.580826
4756c6be488c495c,Active,2025-03-15T19:21:46.222513
961a75e244beed21,Active,2024-05-17T04:22:23.643060
e3773ecb87599f54,Suspended,2024-11-10T13:19:05.607148
a3d3d5e020926fed,Active,2025-01-20T18:12:21.713760
837663ca9e6becff,Active,2024-05-17T05:36:47.777299
52046b99dad350bb,Active,2025-04-12T04:51:56.095754
f80dfd8092370500,Active,2025-01-26T14:13:43.372436
d9b6bf0ba327691e,Active,2024-10-30T00:45:21.006383
21e80c342434f342,Active,2025-03-05T10:11:48.957906
74a85212df8bfb08,Active,2025-01-16T18:59:13.697126
33181d9765fec5a9,Active,2024-09-07T22:51:39.762089
43d4e6d38d33dd00,Active,2024-08-01T06:31:42.856323
c6a1ef53268c0383,Active,2024-06-11T18:37:32.154571
0291a84f34e5b61e,Active,2024-06-10T18:03:06.537063
9c5373b2c9c22c76,Active,2024-10-22T20:20:31.009655
7a7062c690d530a4,Active,2025-04-21T16:03:38.458521
c5babef2f8f642ee,Active,2024-07-27T14:09:59.583794
307c2be003d0102f,Active,2025-04-04T20:07:18.764275
c19d2177611c2d86,Active,2025-03-13T18:37:00.850227
05513a3f3f9f4d72,Active,2025-04-09T07:24:29.433661
b24dc61da300af46,Active,2024-06-02T09:56:45.820528
28a6d041e90315a5,Active,2025-01-30T00:40:56.477087
b95956434611ec90,Active,2024-08-15T06:47:46.163863
a7fbb174e34a8dce,Active,2024-05-03T12:45:09.560957
5fcac222ecf160ec,Active,2025-03-27T01:16:15.827944
fae7df7e8780ccda,Active,2025-03-01T09:58:47.544400
97bd1758c66bdaf0,Active,2024-06-12T06:37:58.583948
56e99084eaf66e9a,Active,2025-01-23T18:00:49.828060
7ce5f6dc1d851c28,Active,2025-02-28T19:03:38.142168
aaa997f9b36d4491,Active,2025-04-25T22:56:09.920717
e2ec646281ac493e,Active,2025-01-15T08:14:51.887766
b700cc10dea70be1,Active,2025-02-24T21:09:57.435121
aad392ab333032a8,Active,2024-09-06T07:16:14.705825
1933a1a1d5dcc7ef,Active,2024-10-05T04:43:14.998822
8328b171dd9ddac6,Active,2024-08-27T20:23:15.273012
cabcdf8a3c171638,Active,2025-01-09T11:27:28.118111
da802f3cda187a17,Active,2025-01-04T13:16:52.979902
6ec5b99447a20ffa,Active,2024-05-04T01:24:36.249598
ac287dd6d412b8f4,Active,2024-10-31T04:15:41.479040
4fc193c3d4d74afa,Active,2025-03-11T22:51:44.775087
95bcc8b7ed8896f3,Active,2025-04-21T03:10:12.407973
a3cf2ac48d302100,Active,2025-04-15T11:27:24.101688
c5dc08aababe0183,Active,2024-10-04T20:24:34.186621
c2842e39ef6ee694,Active,2024-07-12T11:06:22.157896
3a600035185c0e5a,Active,2024-11-20T16:46:38.514521
697d1add89e4fd84,Active,2024-11-22T01:19:45.814408
97c66e7c4a5b9d3e,Active,2025-01-23T20:21:57.884043
67d0445ea58abe6f,Closed,2024-12-29T02:59:28.521622
067d025e82ab31f6,Active,2025-01-16T10:38:26.766698
1e49e0c14892b5bc,Active,2024-05-09T18:07:44.330845
6d479164342de1bd,Active,2024-10-05T21:40:48.219606
7522febd33e916ca,Active,2025-02-22T07:10:33.787620
54a62de618220b16,Active,2024-06-29T20:34:55.971634
69776388a9d437b8,Active,2024-09-01T01:37:23.521946
e8a6dd4b7fdaedc9,Active,2025-02-18T04:36:58.478583
a7e220699958a058,Active,2024-11-15T12:48:16.489861
e68f0eeb499958e4,Active,2024-10-18T18:30:09.921934
2d2000c16b94396d,Active,2024-10-12T01:44:16.640419
93074e517bfe11fe,Active,2024-12-13T01:50:25.750102
2080e2074f7cfd99,Active,2024-08-31T05:21:44.385038
34889f9e0a4de21a,Active,2024-07-09T21:44:08.343120
9d253c4ddb11235c,Active,2024-06-10T19:24:13.631255
cba1b434f4978e95,Active,2024-05-12T05:19:59.617017
64a242c69fe37446,Closed,2024-09-07T00:03:40.838866
f6cdef08abeb9b10,Active,2024-10-16T12:43:53.381508
f1b03999c5b902d9,Active,2025-03-28T22:32:20.723863
635df73f80b8ec50,Active,2025-03-29T06:40:46.992612
190026d47a3959c5,Active,2024-11-13T21:39:03.672971
30bc1bee71f04bfc,Active,2024-07-18T18:13:46.325885
d73b7d98f9c86736,Active,2024-10-14T01:20:47.605293
9f9852a9501c655b,Active,2025-04-12T09:10:12.960047
c95af43d620c3699,Active,2025-02-21T06:05:02.863931
45d1206620d3d4d6,Active,2024-06-10T15:52:30.686735
eb41cfaf9d085e8c,Active,2024-07-24T03:48:22.542136
2e4f2316661b47ff,Active,2024-07-06T12:53:38.417239
2a085793f0b54fae,Active,2025-04-22T17:08:40.148133
38aaf6601f0b1059,Active,2025-01-08T07:18:26.943519
0aa37dc5d7ef8e18,Active,2025-02-21T15:23:17.962169
b304bf0b4d4262dd,Active,2024-08-03T16:23:00.452854
efe8d013df8f5af1,Active,2024-12-15T03:06:16.806910
82063b17ae8cc213,Active,2025-03-08T20:47:42.867787
c73fb9c894a7e732,Active,2025-02-13T07:04:24.413081
c59f7093b3bec39f,Active,2024-11-15T15:00:27.683062
48ae7dca04a40dd2,Active,2024-12-07T03:31:21.665857
c117846aa7736e0b,Active,2025-03-04T00:35:13.598186
f51aab6aeb19d044,Active,2024-10-03T02:10:18.940202
fc142cb0e48c747d,Active,2024-11-04T05:25:49.282057
17061186e8667537,Active,2024-05-12T03:12:21.011633
2c321ce105be71ec,Active,2025-03-16T08:29:54.899235
663d33f038039a21,Active,2024-08-07T20:34:11.951073
19f4b55ac48f388d,Active,2025-04-06T08:27:28.749820
5fc6788b56ac8a6c,Active,2025-03-21T17:36:31.282510
5a68c23500a80788,Active,2025-04-11T03:35:12.834316
3f2d47eb79eb0514,Active,2024-10-30T10:11:43.125396
14abae099f936e05,Active,2024-11-17T05:55:47.685227
a12d5ab96438dc81,Active,2024-12-05T23:38:40.157037
e3d41604ded27705,Closed,2024-11-29T18:09:51.842727
f97326c4f5efed8f,Active,2024-06-01T17:57:44.037890
6da7ac3f7308b7da,Active,2024-08-03T12:10:51.616586
772736b5dd5134d2,Active,2024-09-12T18:30:30.622584
eb5736e3638bb59c,Active,2024-10-02T00:50:11.361024
b6957e9cdbd0d96b,Active,2025-03-29T14:05:16.215798
aef06e133973cacb,Active,2025-02-12T00:25:13.285932
d2883f52d3a695e5,Active,2025-01-20T22:28:59.277013
442ee3cca228d168,Active,2024-06-29T14:18:13.714570
6c87269a708b8b0c,Active,2025-02-17T12:06:27.490133
618970d13064dc7e,Active,2024-09-02T01:00:52.533965
e0e94b8b6ed8970b,Active,2024-07-02T12:50:08.926966
4be559c01306558f,Active,2024-05-23T01:06:31.843359
03b1c75f17bb781c,Active,2025-01-02T22:20:28.427950
a7d7cb2ed71f08d6,Suspended,2024-06-06T02:48:35.809117
e14b8760391af297,Active,2024-12-14T06:19:42.518830
a23b3909f3990d11,Active,2024-09-10T16:58:52.964600
4991902d540013eb,Active,2024-07-24T08:35:01.938694
66e464f6994a516c,Active,2024-08-27T06:50:58.230498
cd7af414f5b1e75b,Active,2024-10-19T16:01:35.205771
36b217713546963f,Active,2024-09-08T08:15:12.994778
e48d40e8baea332f,Active,2024-11-16T23:43:05.142502
0e81900e6afa1285,Active,2024-12-21T21:42:30.433641
384ffd7ddf9e328a,Active,2024-07-04T10:56:37.322614
60be8c30b890f5c4,Active,2024-06-14T08:26:04.388385
3ed5510d0ebae359,Active,2025-01-30T01:00:36.173638
d0ced7e7d62033f9,Active,2024-06-18T11:26:40.718151
9685ddd8695eaecf,Suspended,2025-02-09T00:32:32.359791
f55a93fcdccba47d,Active,2024-07-20T19:56:09.077887
a8972f167454c133,Active,2025-04-23T20:37:32.833086
ca653539271f99b5,Active,2024-10-14T02:07:21.804998
010fa75fd2eb4201,Active,2025-02-23T22:32:37.281489
5ca2fcc99e7ef678,Active,2025-02-27T19:42:24.132697
f233662da248a237,Active,2024-06-07T19:30:05.173016
f86bae850d5f5129,Active,2024-07-26T09:58:31.501320
42fb6d1a7f80990c,Active,2025-01-01T12:05:30.502407
ba25301923c0209c,Active,2025-02-05T10:27:38.450423
40078daf2c26dad4,Active,2024-05-31T16:52:49.774425
9cef599555768d8f,Active,2024-07-14T10:15:50.063659
8d65206c956434a2,Active,2024-05-22T18:55:03.486664
1e2375f4932426bc,Active,2024-05-07T15:19:31.328588
a128245e59417c74,Active,2025-01-13T17:17:02.413128
1173c1fd5c7aa808,Active,2024-08-07T03:19:28.388854
1b88de979f132de4,Active,2024-12-14T14:29:12.580813
134de45e9554c1c2,Active,2024-11-03T00:59:23.886038
5049ec3b390ea9c8,Active,2025-02-19T13:29:07.233951
d44c12e436544ef2,Active,2024-05-06T15:43:00.735067
158ddc48bd9909d9,Active,2024-09-26T16:26:53.138539
f142339edbd7b3f0,Active,2024-05-04T03:35:34.673136
55b6839980afd4f7,Active,2025-04-24T04:40:20.495178
d4871b63edbd1930,Active,2025-02-15T21:09:22.204393
476d7703fad3e54e,Active,2024-06-06T02:43:53.007992
e0c44c8b65a249c9,Active,2025-02-18T18:36:17.289561
bf2192eebf178b8b,Active,2024-08-07T08:29:55.919031
a63f183fd750e28a,Active,2024-05-22T02:57:40.657512
341e6857f6de0422,Active,2024-07-15T21:40:41.315571
ff041d411641859e,Active,2024-08-25T05:24:21.380999
27bc69532b4054ea,Active,2024-09-02T16:58:36.163279
d6fba78d41992d69,Active,2024-08-02T09:44:12.102415
19a3ea1c325b3934,Active,2024-11-16T10:27:57.112865
f01ec3708092f20b,Active,2025-01-31T22:42:15.174912
263b01cec00039bb,Active,2024-12-08T13:21:43.650156
0513917ed57cec93,Active,2025-04-16T08:38:10.225490
556ef2e522cd9cd6,Active,2024-07-07T18:41:42.649725
e1008473bd649c41,Active,2025-01-27T05:11:24.791457
b66e5c97796f1891,Active,2024-12-12T23:13:34.323588
8182947c5df7ebab,Active,2024-07-10T06:59:48.829353
a0696dcbc6bbb803,Active,2025-02-07T13:47:31.619115
ef21dfb8641ebf43,Active,2025-02-23T15:52:05.046818
a2880283c1586850,Active,2024-05-09T19:54:27.862415
9d567a7ed45ddf89,Active,2024-12-14T21:16:30.842369
02c9ae1610875f06,Active,2024-09-05T05:21:13.863398
30ed71f3d15bdf8c,Active,2024-10-08T04:15:33.564032
2c191c6eab9f2228,Active,2024-05-30T08:18:31.810538
938bd04b0a18f585,Active,2025-03-07T04:59:40.097095
9676139889b91d5f,Active,2024-12-20T10:59:34.222959
13a357766d12d30e,Active,2024-08-28T03:11:57.828413
50afdd241e745443,Active,2025-02-02T16:10:03.898356
128190231ef22f92,Active,2025-04-23T14:38:25.387083
21fb7d85f5b891c4,Active,2024-05-19T15:27:38.535416
596ab082edb81e10,Active,2024-08-29T18:09:27.543236
e1b19d7e241fa867,Active,2024-07-25T07:02:27.879325
2327f6027c418c85,Active,2024-05-21T09:45:51.905111
37c11750f2e0ae36,Active,2024-11-26T08:55:17.134715
7f753351aaca449e,Active,2024-07-05T02:45:54.614123
b8ea1d8a3fe7f61a,Active,2024-10-18T02:06:26.212602
d150977ac4c3cde3,Active,2024-06-16T10:03:45.975286
71a0872d7db2f1a4,Active,2024-07-27T00:10:50.658338
45d4ae7c27357f11,Active,2025-02-16T12:31:39.770471
d0e93969ec7b3099,Active,2024-11-23T02:55:09.202139
9a4da4e4d5f73ed1,Active,2024-06-02T13:03:31.818666
995f61b70f9a30b9,Active,2025-02-15T23:38:51.381583
e4209c9a8e6812f8,Active,2024-07-07T07:33:03.608362
89adb9dae0417c83,Active,2024-12-24T16:33:23.235589
0297dd54b52f0eed,Active,2025-03-23T10:17:56.240215
5523e6b190784a7a,Active,2024-12-30T15:12:25.516373
b053ccb10c0ab81e,Active,2024-07-10T12:46:50.103870
9561264e32b6a3fa,Active,2025-01-25T19:26:22.830992
09adf19bfef9bcac,Active,2024-09-17T21:06:16.176866
f77ab6a5dbab5198,Active,2024-05-05T06:39:10.298761
bf5c3a1f6dee8a78,Active,2024-05-31T14:09:54.353431
ccf6c1d1cd9a561d,Active,2024-12-30T07:46:00.503058
68f8997c1d238444,Active,2024-06-27T10:14:34.152106
74dc7bd641e460e7,Active,2024-08-10T12:01:15.952689
fa0de6f8184269e9,Active,2024-11-20T20:21:51.843495
ea9aecd4f8715928,Active,2024-08-06T21:09:10.637806
2a61f3af651ec5a7,Active,2025-03-19T03:13:53.385906
14cbc6aae6431a99,Active,2024-11-18T09:29:34.698365
0079e4e00c92afb1,Active,2024-07-10T06:16:55.148081
c9f02cfa29591c40,Active,2024-09-14T03:36:43.760280
6e5d9e3a53a24e12,Active,2024-12-13T08:47:01.488951
9e2d5ae2670f44e5,Active,2024-07-19T17:25:57.179656
9f0cd0dfe51551b8,Active,2024-05-16T10:45:03.534043
bb4ffc0f0bae021c,Active,2024-09-08T17:43:04.092337
29125689bad0c929,Active,2025-04-06T22:42:26.632624
03a03961fd718097,Active,2024-07-12T10:07:38.901581
268c499bee8a0feb,Active,2025-01-17T12:52:43.540208
3ade2d1bcd59091a,Active,2025-02-28T23:10:42.196193
1762c99c4ab18e6d,Active,2024-11-15T18:33:51.670954
23f1089515b99666,Active,2024-08-21T13:00:18.434052
1cd7e6cee99bb309,Active,2024-12-20T14:41:11.276281
3dbc121af2080b0e,Active,2024-08-01T08:26:53.811702
7b64af7489d8939f,Active,2025-03-13T14:05:07.821964
36a23084615759d5,Active,2025-01-02T10:05:34.867211
d4ee8cd55cc9e7ad,Active,2024-09-23T17:26:44.926595
2a1de1fb85f99961,Active,2025-04-04T05:19:41.492617
11f9ac9e4a1037aa,Active,2024-05-18T13:49:34.491841
d83dae46e9724490,Active,2025-01-22T21:43:13.249518
59ac93db400dbc8b,Active,2024-11-01T11:17:26.954844
e2a48c1179a92625,Active,2024-12-04T22:27:45.505357
27349c57e468888d,Active,2025-02-21T11:26:17.782344
bb0d48f5458d4222,Active,2024-05-23T09:31:20.102814
2aaf5a1ee78595b8,Active,2024-11-03T05:33:03.000760
71def0f8d5b28743,Active,2025-04-15T06:22:48.164155
d4c1144f2af0a620,Active,2024-06-11T13:15:32.097792
6a41113a47beb4f6,Active,2025-04-26T14:34:11.445247
6e4fac339e0e9c14,Active,2024-07-14T04:14:09.062092
a3c9854dcfc87a81,Active,2025-02-10T04:27:52.321857
9383181ea369bdb0,Active,2025-03-09T17:03:54.161041
943e99679d355de7,Active,2024-07-24T09:32:38.639968
68a3fdb3f4db1e5d,Active,2024-11-25T13:34:12.279497
3a15dc7aea288b42,Active,2025-03-16T01:49:17.338774
e278a89f1f7d4a50,Active,2024-12-21T14:01:04.801904
a3b07c7064cda862,Active,2025-03-19T16:58:18.855070
3f2c79f7893c1cef,Active,2025-01-09T19:22:53.856870
7084decbc6fd1b76,Active,2024-07-12T00:00:39.548182
6e84cc8452594eca,Active,2025-03-29T19:55:33.373255
01bd4edf519ec0ee,Active,2025-01-31T11:05:00.545124
d08699ed3a27326d,Active,2024-10-06T07:39:48.008455
bfbd7c91671f523d,Active,2025-02-10T14:20:34.127327
5687ef5d70a0a5bb,Active,2024-05-21T04:21:38.129663
7b55ea113593f196,Active,2024-11-22T22:21:07.411774
0deb8591347a4461,Active,2025-04-09T01:07:31.587517
2603f1c23a691d68,Active,2024-11-21T10:57:10.060902
faeeb9340c9fee91,Active,2024-06-13T14:57:47.800595
e561519713a05da9,Active,2025-03-26T12:02:10.400009
b71ed93b139c20c8,Active,2024-08-08T08:16:34.649921
f92c659ccf1201b7,Active,2025-01-20T05:26:48.121060
258a3bbe6a26fa8d,Active,2024-09-24T09:55:44.999293
4cba9cc36cdf3797,Active,2024-11-09T07:47:55.184868
6cc26e7daa429e22,Active,2025-03-13T16:39:09.904359
004c3974012bb59b,Active,2024-11-11T04:39:36.425824
8e81b7715454e7fa,Active,2025-01-07T06:56:05.600525
bf1428fd981c0bf6,Active,2024-10-16T03:10:02.639231
7b6902c17cdb8de7,Active,2024-06-06T08:49:13.131808
0aee07706332517a,Active,2024-05-20T08:49:14.271341
9cc1d66f29f5c358,Active,2024-09-26T08:50:35.241715
aec15b0c2abb9841,Active,2024-08-11T02:36:29.411373
a40c75b69122b06a,Active,2025-03-05T02:38:11.028177
81b38d95c57cc8c8,Active,2024-05-26T15:47:15.707459
256f238a152a4ef0,Active,2024-10-02T20:28:31.646253
986a181cbf09ecd2,Active,2024-05-03T18:56:45.865806
574e4d0c3accbee9,Active,2025-02-16T09:17:01.252664
c8a1861271a9ce9a,Active,2025-02-12T02:32:25.656885
9e88cc36cf5dee7a,Active,2025-04-27T14:54:25.026928
3ec8a89672d0ca69,Active,2025-04-08T13:57:39.540290
c051d69cf9f16dff,Active,2024-08-14T15:50:56.105242
becfa5febd4af825,Active,2024-04-30T08:04:39.081615
7f7845dc7f13e16a,Active,2024-05-16T02:38:01.466402
accdbf9d02a5bd43,Active,2024-06-16T23:18:54.719256
2d3b8025d0938d29,Active,2024-10-18T20:06:36.578114
26af9d17e7f1663c,Active,2025-01-28T09:40:41.898690
d168e199c68b5414,Active,2024-12-30T10:02:58.744293
6322b183a12581a8,Active,2025-02-08T05:02:08.074267
6275a4643b0573fe,Active,2025-01-27T15:11:11.125882
b0683bc703280859,Active,2025-02-22T02:06:28.965294
7931f865a065d46e,Active,2024-12-07T02:03:46.220260
ad62f4fe31fee6e0,Active,2025-03-06T07:46:05.177513
62ca758d1ea51a08,Active,2025-03-29T00:06:02.869030
66fc61136f84695d,Active,2024-10-31T00:25:28.461720
d6fc4581d346e681,Active,2024-10-15T12:17:17.393610
3235ecf2bf409eaa,Active,2025-04-16T12:12:14.492236
f9a6bc6bd6feaba7,Active,2025-01-30T22:05:23.829280
9e9e8711abb82567,Active,2024-06-14T01:36:12.374717
16949a10f60c9d6e,Active,2024-11-03T22:39:30.566985
dfd86e069112bb55,Active,2024-08-15T21:56:43.246372
9d1023fec17365a5,Active,2025-01-05T01:49:31.529533
70069e7ab4c4b23d,Active,2024-10-31T00:46:08.270034
2d86d76fdcf9891e,Active,2025-03-10T10:52:38.880572
9eaf7d9a63000b76,Active,2025-04-16T06:32:19.045856
cdbd62205fe22c1a,Active,2025-01-06T20:16:00.088605
f4a3806bc8799186,Active,2024-07-18T19:48:49.201190
2c1c5a3361a8f847,Active,2024-08-16T11:22:25.153417
831a2c824f5a251f,Active,2025-03-25T19:26:46.666221
013ff4e7b627e62a,Active,2024-11-11T23:32:45.054621
7ebc0a6365e43d96,Active,2025-02-12T00:54:08.755472
a2497172e2d45774,Active,2024-10-13T06:05:56.072323
81546ac5ecc8fe17,Active,2024-07-18T20:20:36.649704
6b3dac77ac5cbfd5,Active,2024-09-26T13:44:43.921522
7221f614a0093b7f,Active,2024-05-10T12:45:34.388847
6fe8a54fc5b0810c,Active,2025-02-20T13:47:57.585656
cbce1e00e7625e93,Suspended,2024-07-28T12:09:32.162332
4daf4f3a26cf169e,Active,2024-05-05T19:08:40.223536
61bbeeb34268bf42,Active,2024-11-11T06:55:26.750625
ec2100eb897d61a6,Active,2024-07-14T08:38:00.795560
f4348eb2dd4b0188,Active,2025-01-07T05:13:34.176280
54bbc2dc458fda66,Active,2025-02-15T15:21:34.742640
4bbb2e505aee7473,Active,2025-01-24T09:20:10.581600
5b210390a93d2742,Active,2024-06-07T15:39:09.678945
fbaeb0e25c5c52c9,Active,2024-10-11T01:47:00.105628
c95db14cae63f5c8,Active,2025-02-10T05:08:59.854251
949c734ab0c13325,Active,2024-08-21T11:41:23.175806
bf6a9a707ef610b9,Active,2024-12-20T16:52:28.356313
320596ebba0f87e2,Active,2025-03-24T20:15:59.548809
59208bea45bafb44,Active,2024-05-19T11:00:13.461452
303d0554d1622fc4,Active,2025-01-04T20:10:09.703207
9f517c53dedc4658,Active,2024-07-07T16:41:06.415519
05b31de39f370046,Active,2024-05-11T23:17:29.773346
aa7511ecd34571f9,Active,2024-12-05T14:16:31.271951
39f6fc18d72b68dc,Active,2024-06-01T07:52:28.290388
ef812874f40348d1,Active,2025-01-14T10:06:26.154675
7146300f5fb87246,Active,2024-09-19T14:08:48.598984
0a4f63bf3997f141,Active,2024-06-08T02:52:45.540163
fd55b90e8d95b481,Active,2025-04-27T03:48:48.820625
e4da4eda89f4c8df,Active,2024-12-24T02:52:58.491723
a17855ca33e93362,Active,2024-08-24T07:16:02.377602
313e700c666e3eb6,Active,2024-12-05T03:10:29.163786
21af491e25aab9bf,Active,2024-05-13T21:32:09.509206
30f8b1d668d2d960,Active,2024-11-01T14:19:39.294077
e8be9e30621aebf5,Active,2025-01-03T00:04:30.510722
875d29bb4860d5c4,Active,2024-06-05T08:02:38.273171
c5e82cb473436099,Active,2025-01-24T21:23:08.976506
408440e00f9e0a6c,Active,2025-03-29T09:31:31.217341
37ef7cc00e11ea18,Active,2025-03-17T10:03:36.568398
2a0842a4eb4431f8,Active,2024-08-20T22:31:31.850510
42590b0cbc021df9,Active,2024-12-05T23:22:16.340288
ec5dc3c02f92c0a6,Active,2024-10-31T14:25:33.683892
a7c9ad2cab9c2c8b,Active,2024-05-31T20:37:59.600469
08bcbe04d218cf76,Active,2024-08-18T11:40:20.542413
7fac564a853c2dbe,Active,2024-11-10T04:56:23.508029
c673ace5b5475262,Active,2025-03-03T20:00:27.402315
07f6f37f5484c9a9,Active,2024-12-10T23:33:56.799857
dc5f925983c241e4,Active,2024-08-16T22:07:38.431370
f0e11d79df828ae9,Active,2025-01-05T20:46:10.941057
1c4d28bf5280eebf,Active,2024-06-28T15:55:05.892844
57d96dba58709d86,Active,2024-10-30T16:53:32.056440
c241b50f51465491,Suspended,2024-10-19T04:00:08.956433
3ecd104b260ae782,Active,2025-02-07T20:51:56.512009
a750eb01b6c4cf75,Active,2025-01-02T21:32:12.165744
61f6da9b20afbc86,Active,2025-02-16T07:34:13.131289
c8a7b72c24774ef8,Active,2024-07-24T23:27:31.730294
1c29efa71dfdab92,Active,2024-07-23T18:15:41.353766
dde121851c7414e4,Active,2024-06-10T10:19:25.975926
7728c4dbfd169f81,Active,2025-01-24T07:31:50.063065
9f92a46cdc8af877,Active,2024-12-19T05:46:24.271432
5ed03da7aa8b492f,Active,2024-06-10T10:41:55.584338
eb687747ba9441a8,Active,2024-10-17T23:55:00.093325
bdd6f5247604298f,Active,2025-02-22T22:26:59.336450
95ad5bfa5bebf03d,Active,2024-10-05T13:07:45.223029
991bcac04575c3da,Active,2024-09-09T23:15:34.433943
e2f59c3ffd923e46,Active,2024-12-16T13:14:06.586261
92c5f64fd86cb0be,Active,2024-07-20T07:06:20.391671
ae1e8a76e20a6830,Active,2025-03-21T14:56:20.498496
e114b25cbfe4cc84,Active,2025-01-07T03:42:21.944668
92a2b5d4513d0cc7,Active,2025-01-25T07:48:18.493511
c740f11b01308a82,Active,2024-08-09T12:33:33.251684
63073fefb5150fe5,Active,2025-01-12T05:39:17.886708
966208eda7819c51,Active,2024-12-22T06:47:57.746994
c3c55fa7f6d12970,Active,2024-05-23T13:34:45.295461
e011b15edddd9940,Active,2024-10-17T23:36:27.496042
37c60d927df85dbe,Active,2024-09-11T10:20:58.706872
298db1a4a57d5c9c,Active,2025-03-23T01:20:31.903122
6707cb2670125fa9,Active,2024-07-15T00:00:14.983331
441a64cf715e5026,Active,2025-02-15T09:50:10.845606
eb222fbd9f126acf,Active,2024-09-21T10:46:09.615759
7f23b9b4ff771842,Active,2025-03-31T20:01:45.239673
95e51d31a754f29e,Active,2024-11-12T00:48:55.106375
