biometric_id,uses_biometric,biometric_verified_at
7e948a792e1d4f03,False,
04fee8c9502666e9,True,2024-06-13T06:01:12.267052
a40269f0fc302b75,True,2024-06-27T08:10:15.357387
7e948a792e1d4f03,False,
967411a08141324b,True,2024-07-02T21:50:36.229793
8e0ffae909567088,True,2025-01-20T23:33:00.746907
32b291e7f1752154,True,2024-05-24T14:07:56.073012
722c9a321b04c244,True,2024-09-29T17:56:13.531501
ff14a0b3f2934c59,True,2025-04-27T05:27:37.020731
d65dd244932b9a9d,True,2024-11-21T02:28:02.815840
6634db82636f37f0,True,2024-12-23T12:25:24.008250
ad506c443325f4cc,True,2024-05-02T04:35:10.157740
ca9b8c753bdd5a21,True,2024-07-28T07:11:54.111790
df2311a92a5ce119,True,2024-07-02T21:06:23.433051
a795b30e4c70d5d5,True,2024-10-30T21:08:16.979500
d76ff2fb097fbbf4,True,2024-08-10T07:25:38.662754
98f6b654870ab94b,True,2024-07-01T21:36:15.580529
4887457c7a5359b8,True,2025-01-14T06:35:12.853573
dd016c957a5583dc,True,2024-05-09T06:14:54.580506
5bae713d2f32d6a3,True,2024-10-17T10:25:14.669370
1d57be37da5c8046,True,2024-11-26T00:26:07.331025
b25f990c8f7d7bd8,True,2024-12-16T19:12:37.398775
6e407ff54ec9df32,True,2025-01-09T18:13:56.496723
1656014cc21b0a67,True,2024-07-21T20:39:54.107214
cd420319c01b507b,True,2025-04-07T08:57:41.482421
7e948a792e1d4f03,False,
877c782ecd18c670,True,2025-02-12T03:48:56.410655
074e9a791af9c66e,True,2024-10-04T20:41:13.463552
8e9a468ab6a7ef4f,True,2024-05-17T12:14:25.164047
5bb415f45e3abb37,True,2025-03-10T05:40:35.866652
a3e35466ac2c9f7e,True,2024-09-16T16:05:51.267567
7e948a792e1d4f03,False,
c3aabc15dfe5924c,True,2025-01-03T04:01:03.592354
44c04569286b5cf0,True,2025-04-26T05:31:26.750035
8a22e2d9331ad3f7,True,2025-02-10T16:35:38.850741
1541b99f10d9295a,True,2024-08-02T09:52:04.349525
602376c3939be7db,True,2024-11-11T23:01:17.967433
7e948a792e1d4f03,False,
6f62112d1136b616,True,2024-06-07T11:45:54.603433
e99615da6f30dd63,True,2024-10-30T07:21:47.792061
8027c6de4ddbe220,True,2024-05-20T13:36:09.886848
5465c3c66e2433b0,True,2024-11-19T13:06:52.555117
85c3ae88d7e952e9,True,2024-11-21T23:12:46.021382
7e948a792e1d4f03,False,
892cf4a828f2755c,True,2024-06-30T10:25:22.584982
90ef699c7ce1280f,True,2024-07-01T00:40:28.847463
7e948a792e1d4f03,False,
61e63446c8a0c4cf,True,2024-10-05T13:06:28.294192
c6068497716bdb6b,True,2024-06-14T08:02:00.076161
8bf56c50d98d1b9b,True,2025-02-18T03:42:25.073115
35e70c7c3db003a4,True,2025-03-13T12:20:57.118806
1b0d51d2c9dc93af,True,2024-05-12T15:34:49.690038
7e948a792e1d4f03,False,
d8445fa98a7ae3a4,True,2025-01-07T15:26:21.042477
7e948a792e1d4f03,False,
548f3cda1aaa32dc,True,2024-09-24T00:33:55.036186
b45bcd4f86c56b63,True,2024-07-05T14:40:35.180522
274d62e6eaf88334,True,2025-02-12T13:10:33.249151
74f892e0d506b98d,True,2025-02-25T11:06:35.628585
bada9ae5bfc58a53,True,2024-11-26T17:37:54.345807
d11ceca4cb7af1ff,True,2024-05-25T07:29:16.500993
9ef88c486f8a6411,True,2025-02-19T18:34:31.641938
bf4283aa680ff449,True,2024-09-21T23:13:34.460815
b0f76076e780dec3,True,2024-09-19T04:22:10.189291
e2b582a0a2312ce3,True,2024-12-14T09:42:29.472161
2ef9ac5ef0bcb413,True,2024-11-09T09:05:16.031192
7e948a792e1d4f03,False,
2dc1d919b4f8093e,True,2024-07-22T11:24:37.520685
7e948a792e1d4f03,False,
7e948a792e1d4f03,False,
7e948a792e1d4f03,False,
477a3e8f9b63620d,True,2024-10-11T06:30:09.390646
def6aca15b60275b,True,2024-09-29T04:36:56.729758
41ec672730ddfe91,True,2025-02-18T07:30:55.335706
2b4526a9a284ca24,True,2025-04-23T16:11:40.586175
7884c489d97fed4a,True,2024-11-08T05:36:17.756656
3ea8f5899c6e7eb1,True,2025-03-28T15:35:48.589845
86c23606bd691f6c,True,2025-01-16T15:16:32.636401
c027ec81da8ce650,True,2024-05-16T09:05:21.929856
7e948a792e1d4f03,False,
db5fd69311750916,True,2025-03-21T11:20:56.056707
818202d9a1b332f8,True,2025-02-11T09:08:25.384240
b98bc0a807cd901d,True,2025-01-23T19:27:52.685238
87b0018624db738a,True,2024-06-29T13:38:07.826241
4b8762534ca3cdc5,True,2024-06-17T09:03:30.012735
1e9028bf8e8801ff,True,2025-02-13T01:00:10.887922
96da35d51f9abc92,True,2024-06-06T08:30:30.245672
b4090b334436536e,True,2024-06-09T16:38:01.378703
94940893d876695a,True,2025-02-14T16:04:10.807652
486194d84ccdd36d,True,2024-11-01T05:35:31.548641
a62d5e748ed90994,True,2025-03-01T10:06:49.867473
7e948a792e1d4f03,False,
72f3511603871ad5,True,2025-01-01T18:23:55.177572
7e948a792e1d4f03,False,
f34ab79cf06a705f,True,2025-04-27T07:50:20.863814
499b5d1658193521,True,2025-01-07T03:31:59.078226
2021d87973311e0f,True,2024-06-04T08:28:37.031667
7e948a792e1d4f03,False,
87cc933d714daf6f,True,2024-07-11T21:00:15.672689
6f92f6dc06d3722d,True,2024-09-02T06:57:28.184008
193bfb038fbd641f,True,2024-07-21T01:57:44.082680
34d5c237de6ef0fc,True,2024-08-26T04:51:54.779468
8d5f86e3c50f09fe,True,2024-06-05T15:00:57.761136
8cb6cfd8ada380ec,True,2025-01-09T14:12:58.967129
7e948a792e1d4f03,False,
7eeaed76108ddc34,True,2024-12-20T14:23:23.923492
cbe3bdeb2c25e6d4,True,2025-02-13T19:52:10.991745
70db2742fe42c982,True,2024-11-09T14:01:06.695652
7e948a792e1d4f03,False,
59d993a78bf04b9d,True,2024-11-19T21:58:55.599740
2c03caaa0efaaf14,True,2025-02-22T18:18:50.675184
a8789cfd821f30ef,True,2024-08-23T01:37:11.323125
61bbecc1ccad2f82,True,2024-08-15T06:45:59.725116
47a963f252a77f48,True,2024-09-14T23:28:51.067857
92c8fe3bb942e6e8,True,2025-03-23T12:59:48.654723
291957bd86e2b346,True,2024-10-12T23:55:11.211190
958a977529f0cb41,True,2025-01-05T20:42:06.244742
4946cfedf5a20c98,True,2024-08-20T07:03:15.318421
0216fc7c39db6865,True,2024-06-27T09:08:41.965746
ee5af1413f3af4af,True,2025-01-12T17:58:30.902113
213dfbeffde3092d,True,2025-02-02T05:47:19.186459
870ac8163c6b5fb2,True,2024-08-01T03:06:14.164040
efd19bb4390c3e75,True,2025-04-26T02:30:25.213751
2b6bfc752512ea75,True,2024-04-30T08:45:08.741964
23ce11ceda68e90e,True,2025-03-23T21:08:15.858476
0222f365c1c2cc1a,True,2025-01-10T00:13:55.962941
f49de3d7c16cbf7e,True,2024-07-13T12:25:10.230448
becde083597e3b81,True,2024-12-31T20:11:48.784248
35422e1cc8afa945,True,2024-06-16T01:23:18.828241
1c88ac72be2a7793,True,2024-11-25T06:35:26.514011
582628d48c35ddb0,True,2024-07-23T11:46:38.959725
7e948a792e1d4f03,False,
c6290bd590bbc17e,True,2024-08-30T02:04:05.778642
4de0c4ff87b8b5b7,True,2024-09-16T03:41:03.339898
277c41ad9609e3ab,True,2024-11-23T01:54:04.847562
387c361e4e8c97ff,True,2024-12-21T00:19:03.464877
7e948a792e1d4f03,False,
7e948a792e1d4f03,False,
09adce8732b37a9f,True,2024-05-14T16:13:01.286514
97d3c5b9cc768ede,True,2025-02-12T17:43:12.359895
623d18a833df3312,True,2025-02-22T22:21:04.594804
52cf195b8492ec2f,True,2024-06-09T12:34:39.301430
24f27d0c185e619b,True,2024-12-25T12:09:39.883526
bd90a8f7c4223a39,True,2024-05-26T04:45:42.530940
b144b9addad36d60,True,2024-12-08T22:18:57.206810
52f4b6ae258bff88,True,2024-12-21T12:38:10.284612
7e948a792e1d4f03,False,
93d8a9e9eac7ed36,True,2025-02-22T15:10:17.733446
b034ee954c1d81fb,True,2024-12-09T04:33:31.690775
5425d5dce10bf386,True,2025-02-02T09:09:32.816295
6e4c7cd1dd9c60b5,True,2024-09-10T21:01:18.922695
ab5f85c96168dda0,True,2024-07-18T15:48:31.062113
2ab571051fa2af58,True,2024-12-29T05:55:14.407348
52d1837ced0005c1,True,2024-11-11T02:57:21.253831
5801890543e468f1,True,2024-08-11T14:08:07.522680
26f0ed406be82262,True,2025-02-01T19:00:18.857667
7faa6050433b0172,True,2024-11-03T22:17:08.780682
a4053a1bd2b01177,True,2024-07-23T18:50:07.588182
69e2c85d0dfb4351,True,2025-04-04T00:08:59.270851
98144463dd98c8b5,True,2024-08-13T01:47:01.507056
0f9a7b010efa1f47,True,2024-05-29T01:35:02.183969
85b9e16fc679074f,True,2024-10-12T09:46:26.192830
62a8912b631c1400,True,2025-02-14T02:35:29.781566
281d586e0db0ae32,True,2024-12-10T06:41:30.033956
25c323c1bb5202a1,True,2025-04-11T05:42:25.790929
3335f03d7bffaf33,True,2024-12-14T10:55:36.268239
ca7a7db6abf431b3,True,2025-01-31T01:56:45.602910
4353afb7eb1a2ba1,True,2024-06-26T05:21:20.630238
0037a32935890b5f,True,2025-02-27T16:55:42.304150
0ad1efa4101a1a13,True,2024-08-03T17:53:59.802484
33aba40d4ce763e5,True,2024-07-03T13:08:11.943916
f6bb98aaf8434ffd,True,2025-03-19T20:11:43.018069
fabdb0143b64353c,True,2024-05-26T20:33:15.422240
cf6f0a224f36380e,True,2024-12-30T16:44:55.503754
7e948a792e1d4f03,False,
a6b9d720c60bb8be,True,2025-02-16T09:57:22.043453
82253ee3fc84651e,True,2024-08-05T18:03:56.006698
7e948a792e1d4f03,False,
cfb0077985245bf1,True,2024-06-18T06:33:08.871978
7e948a792e1d4f03,False,
a52ef9a301591cc2,True,2025-04-10T17:01:54.774571
edccc5abc39d0c73,True,2024-05-12T23:53:39.080678
23fe2912d2ad63eb,True,2024-10-10T08:10:51.887543
e8ac20ab9cb101cf,True,2024-06-20T11:25:02.722277
ec650fc1da8fd2fd,True,2024-08-08T05:41:42.551835
2d754a08bd3741be,True,2024-10-01T17:38:31.586171
71276443bac4b8fc,True,2024-10-25T12:59:59.024819
e42ebd76e12900f7,True,2024-11-22T10:51:12.867635
91d671328074d189,True,2024-08-09T02:16:09.082783
7e948a792e1d4f03,False,
de4e7fb47b7067eb,True,2024-08-23T20:35:03.118819
7e948a792e1d4f03,False,
bddc01be8268d98f,True,2024-07-19T09:33:08.500519
b899b4a6574befaa,True,2024-09-26T15:57:23.068461
67a8fc006992d66d,True,2025-02-04T09:14:05.372370
e30f881a71e3315d,True,2025-03-04T06:00:14.996289
bd3cba7a72d1aa0d,True,2024-06-13T12:21:27.491831
34b3f89cb6eb706f,True,2025-04-02T01:51:55.787736
9fa0214312c7c023,True,2024-11-24T07:03:57.496275
ad9bfc8fd90fef88,True,2024-05-03T20:19:26.638966
a51d7ced637877c9,True,2024-10-19T14:39:34.022611
3ba7a27dc274a884,True,2025-01-27T06:10:30.142391
7e948a792e1d4f03,False,
30fc2b6d403f4cbe,True,2024-09-19T01:33:47.533836
b89524f62c3b8d3b,True,2025-02-19T08:02:14.371515
9e1d363bb50cba7a,True,2024-10-23T08:23:49.841173
5211264f8e5dd855,True,2024-11-26T06:13:45.696145
737a0b248e46a5e8,True,2025-02-27T23:05:13.753854
1341016e27a777db,True,2024-10-23T12:27:50.043595
0bd3713d098ea66a,True,2024-11-08T07:25:16.530886
72964e832ee29e00,True,2025-01-17T03:28:12.562785
dbb9552823047a28,True,2025-01-06T11:34:30.936204
18600b79330791ed,True,2025-04-02T09:53:17.448506
9f8e6ab39fbd924e,True,2024-08-17T23:56:54.179533
1773de8afa374201,True,2025-03-16T09:07:10.060071
e794b61a4aa27377,True,2024-09-01T17:59:50.101577
dfacc0e0714ecd7b,True,2024-12-13T18:22:35.355541
b865f2a58b3c336c,True,2025-04-12T21:45:54.197328
af35fbb042bbe8a6,True,2025-04-02T12:47:41.927807
cbe2eb4130c3608b,True,2024-07-18T19:05:01.050684
a14c00b9887bf730,True,2025-03-18T22:06:30.110296
e053eb2185da1c2c,True,2025-01-13T01:40:43.287536
78dfe105740d1493,True,2024-12-03T09:33:41.385202
a1d3da3611c187e3,True,2025-02-01T22:54:26.859668
db61c525dbc26a8c,True,2025-02-26T07:49:06.957275
03ae3a81094af87d,True,2025-04-21T23:59:41.610950
13f51fb61e685efb,True,2024-05-09T08:18:08.203431
e8bd4bb77bc30e46,True,2025-01-08T15:29:21.832012
fd6cd1f12e3c2c3b,True,2025-01-04T14:18:32.834338
073a5548d6a81cc1,True,2025-04-20T19:27:05.357758
f799e79e4ce6ad14,True,2025-02-25T22:08:37.369745
fbbc0719a1adba76,True,2025-03-08T21:32:21.560467
7ebab8ee761e7aeb,True,2024-05-08T11:37:17.233219
7f7d67c68f55ba60,True,2025-01-07T20:25:43.903179
2a922adbd2582e2c,True,2025-01-15T19:04:11.371514
e60a348a79ee3000,True,2025-04-06T07:00:34.518381
c466bc719f417747,True,2024-11-19T03:06:56.063582
d3368b35fe9660b3,True,2025-02-05T18:18:12.625877
7e948a792e1d4f03,False,
7e948a792e1d4f03,False,
45f35a35958a57c7,True,2024-08-18T06:10:48.984444
930d5161034e8d19,True,2024-11-18T15:45:49.294259
930c84c5f21b325f,True,2024-08-03T21:17:38.959700
a4b85537e5e64e0b,True,2024-07-15T04:04:22.799686
955543e1c8da69b0,True,2025-03-15T07:15:22.037196
47e32f45ccd9948e,True,2024-05-11T18:11:01.497843
7e948a792e1d4f03,False,
53ea08334900c3f2,True,2024-05-16T10:33:38.867082
aa220274c58a2ea4,True,2024-09-09T20:51:44.093880
c559a7f36b30a261,True,2024-06-21T22:28:23.308202
256f4b1b24f5c669,True,2025-03-14T21:15:03.026144
22acf7df63a63305,True,2025-04-19T08:59:22.035882
290c473f1b79d2e1,True,2025-04-15T16:50:58.379054
9d6a1a3d74b646bc,True,2024-06-10T08:53:54.074249
e9fb087d07cb08d4,True,2025-02-14T18:17:05.260459
c6cd1ca9e75b3075,True,2025-02-09T07:56:40.107659
7605c14e7f39cc0f,True,2024-10-30T10:23:31.976972
8133d7ac7e51380d,True,2025-03-22T16:02:54.242021
40a8b1988f5ab795,True,2025-03-18T20:08:06.103766
7186f0f519349362,True,2024-09-30T01:30:46.236519
7855ad8d7f8b067f,True,2024-10-01T03:20:20.237128
c329f4893a97e90f,True,2024-10-12T00:02:05.186865
aa4f0e6d7160b9d5,True,2025-02-21T20:04:39.560618
e1969a1e60b9e9ea,True,2025-04-13T14:07:07.598600
40ee46e26313aac4,True,2024-07-27T05:56:53.459186
127cbdb8174f577c,True,2024-08-25T11:14:38.622759
a22c9660d6ef3ad6,True,2025-03-18T07:39:13.665785
2a52858e1756c37c,True,2024-04-28T20:34:59.152544
4e1851e7ea97d16e,True,2025-03-28T11:53:18.338479
67a61c6ff9a4c958,True,2024-10-14T15:40:32.072767
602029fbd2128e99,True,2025-01-23T12:05:50.465701
2ad087b68eea705e,True,2025-03-03T01:07:09.504294
af2ad51221aaf1c0,True,2024-10-03T10:11:04.775388
aaae0f2561ae4fc8,True,2024-05-21T07:19:14.115808
c7a11f57204f9712,True,2024-08-26T12:41:26.967306
c9be51d097b345ff,True,2024-08-31T21:36:20.733882
fc8cf8f8dc6835ad,True,2024-05-14T01:40:12.534942
14fd0a9fcad68608,True,2024-07-01T06:21:04.570225
6117e75a5b945f69,True,2024-06-10T22:30:28.405449
e73bdad1ed4693a4,True,2025-02-09T06:00:39.290356
dd7ed829a068cfdc,True,2025-03-02T08:22:37.605536
42bc2ebdafd5d0e5,True,2024-05-24T17:14:57.372853
e6348087045e7884,True,2025-02-20T02:38:19.565638
1bd1865ef2daaefe,True,2024-11-22T04:26:55.749634
7e948a792e1d4f03,False,
7e948a792e1d4f03,False,
517a2d20b4ff192b,True,2025-03-17T00:05:47.401302
38f34a0eb0f605fd,True,2025-01-27T02:32:17.759957
730017bd1b9302cb,True,2024-07-16T14:41:15.158989
3a9f828192d8f343,True,2024-06-28T16:07:12.127741
f551ef83089cd157,True,2024-06-04T20:17:50.576894
69ff30cf03835494,True,2025-01-30T20:31:07.761884
2af6b7b10b71fdbc,True,2025-02-19T11:50:57.975888
42941e9fc2e0bfe9,True,2024-10-30T23:47:08.528000
90e2e1020a1a534e,True,2025-03-06T14:09:10.563451
1deb1f0a3960b15c,True,2024-09-24T23:09:27.897969
58d0df555cc1f8ef,True,2024-12-04T14:07:13.342759
7e948a792e1d4f03,False,
414dc5eeaa021a17,True,2025-02-18T04:53:22.284880
626684b8b2a44e6d,True,2024-07-14T17:59:54.465204
ade2a6470bc72f15,True,2025-01-04T06:45:21.593764
e5da8a0ea1b7fdb9,True,2024-06-14T08:37:33.008073
a7589c03c4d2ac2e,True,2024-10-25T08:12:59.430145
9ebb67ee67ffaf9d,True,2025-04-12T02:57:37.531416
f76ad60d1e7a264d,True,2025-02-15T07:45:18.373044
dcc3b7aa4854e26b,True,2024-09-18T22:30:18.264280
176c945751023921,True,2024-05-01T23:52:38.352645
7e948a792e1d4f03,False,
c488628dffe6bc39,True,2024-06-13T09:36:59.194681
cbb00f41169a7c99,True,2024-05-29T13:29:51.781320
23570f6cb9270e5e,True,2024-08-07T23:24:29.464345
b8585b6427c51cba,True,2024-11-08T18:33:49.703807
6000003a62615747,True,2025-01-01T05:21:36.654276
8aedfe7cecfd7c8e,True,2024-05-30T09:56:20.732073
cdea86c85ee3fc3f,True,2025-04-26T18:56:05.479825
52f8b5ba373cdeca,True,2024-08-17T23:48:03.938232
f5058009389397fb,True,2024-12-24T11:42:54.304005
02fc341d4f1bd9e2,True,2025-04-14T04:18:49.355703
cf1bb61bcfa41297,True,2024-08-09T17:43:34.374484
35391cef4d206221,True,2025-03-10T08:30:34.254050
b13c5ae4cbc8e25a,True,2024-08-17T19:44:29.875603
9254e3fc2f54621a,True,2024-07-07T16:16:44.591692
eead859ebd18d4b7,True,2025-04-18T12:05:47.358061
21b3b3416842375e,True,2024-12-18T06:32:18.524536
11ccf7ca1a941ee5,True,2025-02-06T21:12:55.939325
1b76649403618562,True,2024-07-06T15:19:28.682738
c9aef41a22f1ab1a,True,2025-02-03T22:29:24.619476
7e948a792e1d4f03,False,
4b8150d79b0dd7c9,True,2025-01-04T15:18:35.358269
c8a0ade4027a7f76,True,2024-09-30T11:02:02.739525
04d0ccba1bdb465b,True,2024-06-07T21:25:39.688982
874328400cc26d3c,True,2024-07-27T03:50:11.746676
7c6049754809ca4e,True,2024-11-23T14:24:34.396305
00411a7c37efb962,True,2024-06-07T06:02:24.017596
681e8201319ee35a,True,2025-04-21T19:00:59.253498
b42dc759bbdfffd3,True,2025-01-16T01:41:43.981295
4cc8e7b2071118f7,True,2025-03-21T14:21:39.973403
af82f1be81ba581d,True,2025-01-02T19:49:59.600488
cec216d4e821dffd,True,2025-01-20T22:24:55.047299
6638ec30c0f1926a,True,2024-10-02T18:03:45.489192
7e948a792e1d4f03,False,
7e948a792e1d4f03,False,
e09fe259f7350f0e,True,2024-09-04T07:13:22.510154
4e21597119e7be88,True,2025-02-16T23:53:33.194142
17d67053252c4f2d,True,2024-11-04T04:55:52.153934
64c200a955306e63,True,2024-07-12T01:57:27.838933
79cd4f5804a84597,True,2024-10-13T08:25:38.364818
da91ae40bf16822e,True,2024-09-02T07:38:48.413552
916f530643ad7058,True,2024-12-22T18:26:16.296949
5a9e1ea271de842f,True,2024-05-22T03:09:59.176026
af4a8a292e2bab09,True,2024-08-10T05:55:06.092646
4ad038d493df878a,True,2024-11-24T22:47:12.564694
7e948a792e1d4f03,False,
4f7d2c542fb60f53,True,2024-06-17T23:25:26.901072
8154e3ec70deb67f,True,2024-12-25T12:40:26.800027
ddde30127a31377f,True,2024-09-16T11:41:18.112703
857dd3fcbdf27da9,True,2024-05-18T01:47:09.690075
bf9b8c955a1251e1,True,2025-01-21T17:13:43.672425
12561963668a6aae,True,2024-06-30T00:21:33.295953
a714e2e26863d8da,True,2025-01-13T00:53:27.733458
aa8550421f1fcf3f,True,2024-11-13T16:25:49.621390
3d0045953454aa83,True,2024-10-15T23:27:03.370758
7e948a792e1d4f03,False,
bdadbe8822f71978,True,2024-08-18T01:20:47.289934
5014fd63e58e17ae,True,2024-11-21T05:30:54.352566
a120f3de14c2e8d7,True,2025-01-24T02:12:14.441605
90960c2e74421932,True,2024-07-04T21:06:32.107226
f8d6a0fd6e396b87,True,2024-09-27T22:14:17.795834
97e71709187a8c8a,True,2025-03-08T06:39:56.008105
2df182b42f25d6f9,True,2025-02-13T05:54:20.770734
b43dab6819f95807,True,2024-07-07T21:26:34.195635
4b6511de1f2b9047,True,2024-12-13T02:32:59.777160
1823c4775fa1d2f8,True,2024-05-10T10:44:10.994336
177e4da996f75c56,True,2024-10-03T06:23:08.705031
3c7325739276fa05,True,2025-03-19T02:45:29.749968
7e948a792e1d4f03,False,
84057d51cababf6e,True,2025-02-28T02:50:59.739486
e99981bb18f0859f,True,2025-02-25T12:44:16.563035
022aa63c36ea69e6,True,2025-02-18T14:21:51.036864
c9e8c0287bca436a,True,2024-06-21T07:31:46.858787
5705f651807e026c,True,2025-03-14T13:20:32.259820
8ed965cd93a41ba8,True,2024-05-26T21:31:02.733228
873a6e7635b1d661,True,2024-09-04T05:14:11.393917
f3128a92833adf26,True,2025-03-14T18:11:09.208296
9c20016c8d200546,True,2024-12-09T21:03:03.303773
468c0e6c97b102e0,True,2024-11-20T16:51:49.711461
3d7745c9333b66ea,True,2024-08-01T09:54:58.941381
24fdc845e8c53aeb,True,2025-03-19T07:31:49.823287
4f8a6213cad8c288,True,2024-05-01T13:41:31.749211
b9351f186695d9e3,True,2024-12-17T13:52:38.127671
aa7e5e318d89a512,True,2024-09-21T01:22:45.254339
fbdf56a5acb0787f,True,2025-02-07T09:11:22.739256
9164e233de7f4d1d,True,2024-05-03T15:23:47.911017
89c844e6361dd0a8,True,2024-12-05T13:59:07.632446
d4135c1ac4ceddde,True,2025-01-19T09:25:04.483852
99a2deaf8d2a2e17,True,2024-07-29T17:00:16.067954
126ebd6cbfaced02,True,2024-09-30T14:06:12.489677
4d6bf7016a6c50e0,True,2025-04-02T13:03:39.982060
6ef91841b79c254b,True,2024-08-06T22:43:53.974992
db3344757f83523d,True,2025-01-22T22:30:59.575027
998db348bba44a44,True,2025-03-17T06:29:36.773533
d57c2d92a8d281d6,True,2024-08-26T14:57:04.686391
99e3b846d57320a6,True,2025-01-14T04:31:55.602664
67051bf482a2ab4f,True,2025-02-28T15:02:49.918509
343288ff3636a813,True,2024-07-05T11:15:54.558668
58f4f6a024238833,True,2024-10-06T05:14:14.252903
6db32acdaca62045,True,2024-05-31T19:22:56.482641
017ab3dab7e8fab4,True,2024-11-14T08:44:58.360125
62ab174b70b826c2,True,2025-04-16T04:50:51.355188
1052a8161a2de79f,True,2024-06-04T03:38:29.120435
f467744ae792bdab,True,2025-03-28T16:51:54.974023
7bf8e34038e48e6f,True,2024-12-29T10:35:30.375796
e9835264224ad27b,True,2024-10-04T11:56:53.158444
915a8927f201d924,True,2024-10-03T02:44:52.135810
e75bd430b10b4b3b,True,2024-05-27T14:48:07.566002
7e948a792e1d4f03,False,
b396927bcf59dacf,True,2024-12-25T23:20:53.972995
2872b36a5214ec13,True,2024-09-20T04:52:14.717427
a87971614d969309,True,2024-12-24T07:49:59.930828
edd29999e3b64678,True,2024-10-18T02:44:35.077106
265552331ba50737,True,2025-03-09T13:23:24.592448
c5e6be0d89a5a5e0,True,2025-02-13T05:27:05.126520
c402efff81278ccf,True,2024-10-06T07:33:06.154870
db5fe5eb331fb11b,True,2025-04-01T21:38:20.711385
60176010e360c3d9,True,2025-04-14T21:28:16.180450
5b5839845273508e,True,2025-02-08T01:29:56.713470
14edb33356b152ce,True,2024-08-07T04:56:07.736856
db6a09ad4057aad6,True,2025-02-02T14:04:55.930785
75758b45ac250b15,True,2025-02-01T05:25:38.607028
73bccd0128a6b734,True,2024-12-01T05:23:45.467941
56162eeefb6c75ce,True,2024-11-14T07:03:29.226287
afbbd976d7642da9,True,2025-02-17T01:35:40.423908
f4537ccc573e73fe,True,2025-02-02T20:10:20.534349
7e948a792e1d4f03,False,
7e948a792e1d4f03,False,
d017a038d56e989d,True,2024-05-01T07:25:28.873329
f28a4b137a598a59,True,2025-01-23T21:09:52.348409
661729c3ae7f1254,True,2024-05-15T15:25:36.869494
c5ed1ce51b2e0542,True,2024-06-19T17:46:55.534018
c5e2bb17b54661c8,True,2024-07-09T22:32:02.642454
34cc97cc7ca62f52,True,2025-02-01T10:27:34.554295
b1c5445f44af1652,True,2025-02-07T12:34:13.878153
752fe9e684c2b3f2,True,2024-10-19T17:06:36.920416
0686122051bce663,True,2024-12-30T04:30:05.267688
e4d5006d6eba553b,True,2025-03-12T04:26:10.645443
b517e7afec036ea3,True,2024-12-04T09:51:04.639347
6f206542dd7a1626,True,2024-12-14T22:49:19.408103
e06c4cedfb53a6c4,True,2024-07-20T18:39:21.555459
f9f3a2d3eb48d851,True,2024-12-03T01:28:47.935400
b9f15e635a398b7c,True,2025-02-19T01:27:36.410127
73d3dccb3af337af,True,2024-07-27T20:02:57.582904
7e948a792e1d4f03,False,
131a60c50545fd65,True,2025-01-20T10:09:45.651388
53797282b5f43136,True,2024-10-10T15:33:31.232600
30a23583d1b0c4ee,True,2024-10-08T05:31:12.638901
d350c5649a017462,True,2025-04-22T10:49:47.789376
fc08747ce4e9b07c,True,2025-02-04T04:50:46.720486
03f03e8aab072d17,True,2025-03-27T06:28:09.516470
4dc243c471102114,True,2025-03-31T11:24:46.743625
18cf2323a7f0cde0,True,2025-04-12T13:54:18.812459
ef4908fee349ad88,True,2025-04-04T15:40:26.743419
51228196a499a38d,True,2024-11-07T17:01:27.161649
7e948a792e1d4f03,False,
7e948a792e1d4f03,False,
78bf9c5731f6d815,True,2024-09-19T03:16:24.743048
235e21d0f96ecf64,True,2025-01-23T09:02:12.592282
6fea67dc604bb460,True,2024-11-19T21:11:43.266852
b0a0238e8f9b5668,True,2024-07-04T01:44:02.975747
b4f14341c4295cb6,True,2024-11-02T04:21:53.652729
27ce3f4053949094,True,2024-08-29T05:55:08.319930
161ad03d6241ab04,True,2024-05-30T13:50:17.902757
8399dd0f692a9281,True,2025-01-15T12:41:29.587080
ae195860fa6c9234,True,2024-07-05T23:26:33.062663
4a068975aec83c10,True,2025-03-22T21:05:02.276279
7e948a792e1d4f03,False,
46f5fdbba11c821e,True,2024-06-25T11:35:13.909058
798ca743e944bf37,True,2025-01-03T12:06:31.086954
7e948a792e1d4f03,False,
ad241aa162511a69,True,2024-05-20T05:11:25.097517
f9c26b241ac799d7,True,2025-02-21T15:21:26.167242
384397ccb49bbc84,True,2024-11-16T11:33:54.257569
7e948a792e1d4f03,False,
c3b087da1e4e8ece,True,2024-07-22T15:18:55.498802
f4c0e1d8b0106db4,True,2024-05-01T08:15:07.273127
70156be60a192921,True,2025-04-04T11:00:37.961528
90a3d385b7af0bca,True,2025-01-28T23:58:05.147583
00b53e8243aa6fd7,True,2024-08-15T07:22:26.959022
ece1b779d525d4c8,True,2024-07-16T08:37:52.822771
450a48b116b50c44,True,2025-02-11T21:59:18.696991
6ba204de28bde86f,True,2025-04-14T19:06:24.311032
71b67f3d50b7e572,True,2024-05-13T23:47:49.002782
90bf889b1d47ce4b,True,2024-07-14T02:00:25.435081
adead8a3f2dc553c,True,2024-09-04T00:57:43.691803
b6c3fd82c88b2f90,True,2024-10-17T01:24:56.232314
abe491ebac3d2302,True,2024-08-27T16:56:01.729727
d96bd0d974a22bf4,True,2025-01-12T09:33:56.691863
fe9d4464edfbd96b,True,2024-11-19T01:43:37.568247
115f2e3486af8136,True,2024-05-24T13:28:44.605311
fb534bbb9c34b9eb,True,2025-03-19T06:20:31.235714
d7b6ee46935571a9,True,2025-04-10T02:06:43.066380
76fad87c8eddb8a3,True,2025-02-03T06:40:50.742411
05bca3c2ea45f1d6,True,2024-07-29T21:29:29.234798
77a14e729ac6bcf5,True,2024-05-13T15:31:25.524765
5cc24b6de9059e25,True,2024-05-05T00:42:14.527613
f0d36cc088f07b0f,True,2024-06-22T14:04:03.604442
cf1227c2f232cfc9,True,2024-07-21T23:47:54.623281
f8f0fc67632811d0,True,2024-11-03T13:12:37.623092
858444c176761579,True,2025-03-13T02:03:29.409578
ad35807c44181cae,True,2024-05-16T07:36:00.569708
fddcee6c1ea7210c,True,2025-02-09T21:05:02.039494
93ddb57ec1aca3bd,True,2024-06-21T09:52:57.108463
58ee8844a1741f70,True,2024-08-14T00:31:42.277505
3d041af889bc713a,True,2024-05-17T06:08:40.811782
2f9e9dea715aa6cf,True,2024-09-28T04:18:34.471009
1beeea88d9289314,True,2025-03-19T10:04:39.517299
9c640cd16f4a468c,True,2025-01-08T08:54:17.955071
e2d491977f83f0aa,True,2024-07-23T12:45:13.111890
8231fd91cb4e6892,True,2024-05-13T02:11:31.004822
7e948a792e1d4f03,False,
03124b986a51a786,True,2025-04-03T06:52:12.298839
f19efb69889f58a8,True,2025-03-29T00:49:05.503122
657c4646919482e6,True,2024-12-25T05:31:44.747915
dc06f4db8e5586b4,True,2024-08-21T18:36:44.786525
8db7000b1a835e2a,True,2025-01-21T06:56:08.267080
970c2fa2216673fd,True,2024-09-07T16:01:46.258284
845673b76b895058,True,2024-07-06T19:11:02.211512
424b7ad5b33d4283,True,2024-09-10T09:15:25.570696
5943e80169a77550,True,2024-08-22T11:09:23.764238
7686aeff674f3a93,True,2025-03-05T16:28:53.258617
b37dd0f0abed724f,True,2024-12-24T22:47:45.104949
40a9c3be2b77f67a,True,2025-01-12T07:23:52.392614
19ee4e747f654a05,True,2025-01-11T20:22:41.338121
a48f77310ee50e06,True,2024-04-29T16:31:23.324011
bb5fb66dffd338cf,True,2024-07-29T17:46:15.587924
aeddd3d202361294,True,2024-07-18T05:14:59.227604
887d9f240ffb11a4,True,2024-11-24T10:59:47.557662
db891b4db0405366,True,2024-07-27T02:25:08.671551
05e56175d243f679,True,2025-03-30T00:34:31.027402
b3993d8b37d33f8e,True,2024-04-28T16:38:18.997001
ffd3b28956598cb8,True,2024-07-12T05:28:24.022177
6dfd3ade257befd7,True,2025-01-14T08:08:33.439657
adb5edf5a8ab63d0,True,2024-11-19T05:13:05.562524
251ef18df1121793,True,2025-02-11T05:01:16.261666
0ebf5a209a4eaa0e,True,2025-03-21T06:59:36.232430
ac0e14d5ef042859,True,2024-10-16T21:51:52.271197
b91dc8e7bbde9689,True,2024-11-16T11:17:10.838226
96c1819e02ad3225,True,2025-03-07T15:36:18.048182
26022e4d3d83cae9,True,2025-01-15T12:47:46.490050
9c4393732c9975ff,True,2024-09-25T20:13:52.581861
9be5e03f9ddc7c37,True,2024-07-08T15:15:53.355407
c8155e95fd500009,True,2024-09-24T04:23:36.771028
7e948a792e1d4f03,False,
894a3d672eb4bf44,True,2025-04-27T18:41:55.006047
57ad3f62dc0e51f0,True,2024-10-04T16:11:02.587605
53d55acb6b1322cd,True,2025-03-22T11:02:16.408978
7e948a792e1d4f03,False,
6d3a72e453bedddf,True,2024-12-12T17:54:00.648992
545815e8ba18c818,True,2024-07-08T16:20:05.525366
dee12a0b1ecb13a5,True,2024-08-25T15:31:00.086237
ef98c8ce6fcf4956,True,2024-09-01T13:32:03.733336
7b2532e6cecacceb,True,2024-12-03T22:43:12.769089
2e86fecbb8cf82b6,True,2024-11-05T05:51:55.360442
87940a5fe50ecc17,True,2024-09-16T02:01:25.693607
3c00271b961f41c5,True,2024-06-27T07:59:55.307442
893f9f8f9f92cbd8,True,2024-05-17T23:32:02.196253
7e948a792e1d4f03,False,
ad9a7ab864ac5f33,True,2024-10-26T23:42:43.106490
b3bf2a806e200be8,True,2024-08-03T09:56:57.985983
6d702f9b66d2795e,True,2024-07-29T06:01:30.798352
db924cb24b40a9cd,True,2024-12-27T01:35:26.493174
5406893d51bb5251,True,2024-05-17T14:31:18.646647
7e948a792e1d4f03,False,
5210d76fbd872f1c,True,2025-04-25T18:27:18.935319
911288157b6c7152,True,2025-01-11T00:56:00.699838
545b4989e66933f8,True,2025-04-11T15:13:55.098213
690e604e4d365216,True,2025-03-28T02:01:25.798917
e8ed9f3a2104ad90,True,2025-01-06T20:04:32.721432
e9831453b7a78b75,True,2024-08-17T10:08:59.428593
8095213c12863591,True,2024-06-06T07:46:40.938620
7e948a792e1d4f03,False,
a41a563ec69fcb88,True,2024-06-11T19:51:55.748480
df5b3b2c9368c37f,True,2024-11-15T18:46:05.399258
593474629b31c59e,True,2025-01-18T11:15:40.197965
122d97e3a0ec6df1,True,2024-06-16T20:42:53.498317
b089d20ee084363d,True,2025-02-12T18:01:02.978295
806a8605f400a0ec,True,2024-11-25T05:42:57.122201
f60fb56d0493a8ea,True,2024-05-13T22:40:51.717001
82a4b57f6d7720cb,True,2025-02-01T20:01:16.129711
2c21e48ca25b51af,True,2025-02-18T16:09:44.773556
9dba76108f98e38c,True,2025-04-07T12:53:53.444404
b3f77696e0391006,True,2024-08-31T17:08:08.050014
8a8f0be24fb43dc6,True,2025-02-18T12:51:34.136393
4c868be9983814db,True,2024-12-01T03:42:19.446382
7877477280345411,True,2024-11-08T20:30:21.349065
8d3e7679441cf341,True,2025-03-06T11:35:18.414932
7e948a792e1d4f03,False,
011d748ae855b839,True,2024-10-22T18:49:37.309530
7e948a792e1d4f03,False,
7e948a792e1d4f03,False,
8206251315d3fd9d,True,2024-11-01T06:14:09.264790
7e948a792e1d4f03,False,
f22ed699c3632351,True,2024-09-16T14:50:22.558806
1e8955999064ee38,True,2024-05-21T19:39:38.914232
6392660adbd1fc32,True,2025-04-12T21:11:25.262366
22f693eb27524d50,True,2024-11-03T11:28:23.125599
7e948a792e1d4f03,False,
45d0cadc0a3f95d3,True,2024-08-15T18:16:26.117986
090776570a078113,True,2025-02-08T00:09:26.656858
bfab6ede3e925432,True,2024-10-02T01:09:52.805843
4cd9263eacd6db01,True,2024-06-14T08:32:43.568792
7e948a792e1d4f03,False,
c72280da3694e54e,True,2025-02-02T04:41:54.571183
45a41e1baa740de6,True,2024-05-13T21:22:43.300246
ec4175d9e592537e,True,2024-08-08T12:11:33.511382
a6737d98bab862db,True,2024-11-22T01:53:11.255944
4bad42d94a92ed9e,True,2024-07-24T16:25:01.029184
fc1938cfa4f6a908,True,2024-09-16T14:52:47.935492
d82f3e7b3714ff28,True,2024-11-01T01:17:45.998694
82bb0ec9e65561a0,True,2024-05-25T21:09:41.303804
25de593700b1e061,True,2024-08-14T02:43:13.287695
01213945eda12978,True,2025-01-06T20:22:01.142867
3bcda65f3626f487,True,2024-06-18T01:14:01.767612
0485c4dfecb9577c,True,2024-09-11T20:07:25.844152
7d04f86599cea844,True,2024-10-17T07:45:18.227582
2200b7f450265c10,True,2024-11-24T10:32:03.776371
2c87ce2318604260,True,2024-11-24T07:23:32.207455
38dc68aedd841f5b,True,2024-11-19T17:37:33.885026
2b3cb68b25879581,True,2024-11-12T14:21:28.222175
25aceb0897e75d2e,True,2025-04-05T20:37:00.066315
6e25392550113ee4,True,2024-05-07T08:23:16.655662
35a00a14ebc80bb6,True,2025-04-03T12:22:34.115428
59ef9717e82a1683,True,2024-07-16T15:15:36.839745
6a49c385751ce4d2,True,2024-05-24T11:13:38.954507
edb1c67801c2db69,True,2024-10-13T02:43:01.632444
f760882b92e45fae,True,2024-05-13T04:59:52.300511
aeb2de21302d12a7,True,2025-04-27T10:43:05.982799
a7b68e9144d9e325,True,2024-10-08T03:51:56.289363
aa3ccab69094383d,True,2024-08-28T00:49:27.298903
3396e1b2fa8805d3,True,2024-08-27T19:24:59.790375
9a851b404d4d5bae,True,2025-04-19T09:07:54.022135
882aab6179ac708e,True,2025-03-18T09:13:54.369797
e9f0966c4aa01545,True,2024-12-06T18:26:40.695377
d4fd71919d1741bc,True,2024-09-19T07:00:49.971230
8a015365ad05b16d,True,2025-03-03T20:07:19.427732
7e948a792e1d4f03,False,
e7108d4f3fd429db,True,2024-10-28T02:23:36.968821
674934416623a9c6,True,2024-08-09T01:22:05.078863
c61a6e8fe49d03ad,True,2025-02-06T10:06:54.925208
7d394d00703f391d,True,2025-03-24T17:09:05.225799
331f963a1b38abd6,True,2025-03-02T23:21:58.506004
10fa3b16accd9876,True,2025-04-01T12:09:19.641192
7e948a792e1d4f03,False,
9b43ee25f7623359,True,2024-09-04T07:33:12.256454
44d37ec16f31b6d9,True,2025-04-20T04:17:08.257598
9f18164c4e282192,True,2024-07-31T23:45:45.936614
51fd590ca25f8c23,True,2025-01-03T23:14:44.246720
32c94de0b9e0f35e,True,2024-08-24T23:34:11.453546
42c5bd99b0deaa54,True,2025-04-20T15:04:28.542578
a37be1de3c22f455,True,2025-01-19T21:44:55.918826
80cdfcca41185f73,True,2024-10-13T19:25:28.440358
e1b70ab99bae11e6,True,2025-02-17T14:39:02.263432
cf631790878de304,True,2024-05-10T17:19:27.601463
3110e4a1f9700781,True,2024-06-26T12:00:28.993278
d4f0982f47b898b4,True,2025-03-07T22:26:03.567997
017770b0e0b43736,True,2025-03-23T02:19:36.245438
7e948a792e1d4f03,False,
b03e8d72c3320b62,True,2024-11-12T15:12:52.485061
2cc0bdeecf747bbc,True,2024-11-16T08:00:15.806892
415b3d5932d4a4cd,True,2024-12-07T06:34:19.128517
67e71d53aa222e23,True,2024-06-12T12:44:53.006498
895091c769ef40ce,True,2024-06-29T23:30:08.293946
cfa89c333e3f5f6c,True,2024-12-16T23:23:37.296614
7e948a792e1d4f03,False,
c143c7fedd9ea6e4,True,2024-12-29T05:27:41.488793
668fe530eff94519,True,2024-07-04T01:19:59.826523
e1453bd4437ffead,True,2025-03-31T13:47:14.894064
94cc907575577500,True,2024-09-06T16:02:18.620330
54d0fe89c9611493,True,2024-07-22T14:39:51.976714
786fc92e957906cd,True,2024-12-19T06:39:07.865152
8386c4df0f32268d,True,2024-04-29T00:14:21.237016
7e948a792e1d4f03,False,
e8b81264aa310d5f,True,2025-03-14T07:28:18.011798
2458d4bcc87aa61d,True,2025-03-02T08:32:59.649465
5928cafd7c26bc3d,True,2024-12-15T03:56:51.140712
714ea54bd61f97cc,True,2025-03-07T08:31:38.155131
7efd7f44ef34fd14,True,2024-12-01T09:36:31.203183
5e1ea206a6e627cd,True,2024-12-04T15:49:36.676557
24f3191e0cc2b9bf,True,2024-09-23T19:27:45.931912
cc324de42bb316de,True,2024-06-30T01:54:15.833164
ad86a24ba8fec0bf,True,2025-01-25T05:16:45.139095
651a5cb73c91b63c,True,2025-04-25T10:32:59.636991
5d537a34e4a676c7,True,2024-12-27T15:22:43.800802
6a4bb252a82f503d,True,2025-04-04T00:22:26.912762
54a04e02a5cc8f40,True,2024-07-17T08:10:27.448808
7f6c00afe6bf834a,True,2025-01-02T11:39:16.653705
c908363ce0297964,True,2024-11-07T20:14:54.532507
f4c4de45b4682a88,True,2024-11-05T00:14:13.468133
3486a3825e1c645c,True,2025-02-09T02:21:43.428380
244d399fa5856649,True,2025-03-25T13:54:40.215627
7e948a792e1d4f03,False,
58da736fdce73b0f,True,2024-11-12T01:15:38.924747
ad8eca193e28181e,True,2025-04-23T19:29:24.910996
1d448b23011486f0,True,2024-05-06T04:59:26.749087
e2983cf2ca270684,True,2024-05-20T05:37:28.904930
22e4358d6a90a77f,True,2024-05-01T06:11:14.247900
a42147d02fce29da,True,2024-10-23T05:22:39.805223
9c2a394c7d44da73,True,2025-04-15T12:11:01.431296
2f544ad3ec2ccbe7,True,2025-01-07T13:32:22.818287
f065a4115f4298a2,True,2024-11-19T04:13:02.058438
637f32c13ca75b5f,True,2024-05-03T17:53:00.669197
e7902406d1c555a8,True,2024-05-11T09:18:45.810127
f742cd0e0e617b2f,True,2024-12-16T07:52:25.324354
33911fef4906e002,True,2025-02-25T05:42:21.682396
4f17f8733088b82f,True,2024-10-19T10:32:18.229029
7dd5508d9006eef5,True,2024-07-30T09:19:34.886261
66d4355ea9e7eb28,True,2024-06-19T11:49:35.066184
69bd0ad27659fddc,True,2024-12-31T23:21:32.413364
c0795d30084094d1,True,2025-04-28T13:56:02.465467
25f51bc1f6fc0e37,True,2024-08-08T09:59:12.300496
7e948a792e1d4f03,False,
8cb45fafaf0d8b77,True,2024-12-13T22:45:15.741586
e500fdee56f56497,True,2024-10-04T09:05:26.439036
bb602d5651b7b47b,True,2024-08-08T02:22:28.324572
63851113cf9f2112,True,2025-03-31T13:44:01.261096
e6bf211878e61a58,True,2024-11-15T03:48:21.961830
30c1b56490601407,True,2024-07-10T21:23:33.539795
8ebc2dc472bc6f28,True,2024-05-30T20:11:52.669173
28e900e646afef23,True,2025-01-08T21:14:57.758052
84fa4ea94226853e,True,2024-08-16T17:16:24.909607
88031b84734f1b2f,True,2024-05-30T18:41:50.980886
ba95b62b8dd4fcdc,True,2025-02-05T09:40:29.884580
9787d17b834759f7,True,2024-07-11T16:04:50.145896
21ae8da59b0992ce,True,2025-01-30T09:22:51.723652
7e948a792e1d4f03,False,
80fd2910f0566fe1,True,2025-03-23T06:07:05.211821
0cfa1485b0fdec21,True,2025-01-02T23:40:28.464759
d1d2e8812209b0be,True,2024-12-11T02:37:11.060166
73e2dcca4462876d,True,2025-01-14T01:04:01.733267
d12494ac36ec529b,True,2024-10-09T16:00:07.101826
fbcdfda44936076f,True,2024-09-30T02:26:20.190739
791cef2240c188d3,True,2025-01-11T09:37:35.845160
cbcbb3aeb49a3dda,True,2024-10-19T11:20:38.811134
7a790e656f92e385,True,2024-07-10T17:06:21.135145
7fe3f6977c48d3f2,True,2025-02-08T00:07:46.267155
e9969953d6f5dce3,True,2024-12-09T22:26:25.873708
7e16fc3385f95da9,True,2024-10-26T14:52:10.419743
4fcac037ba3104e7,True,2024-10-07T16:19:34.892960
754a7b5aaf825b80,True,2025-02-04T18:31:59.307419
7e948a792e1d4f03,False,
d56350f505c0e329,True,2024-09-06T05:45:59.222398
85d061c67026729d,True,2025-04-28T20:01:01.308021
cc91fa1f02df9ccb,True,2025-03-11T07:25:28.106622
aa32e7bb983bc3fe,True,2025-03-22T09:19:57.898087
7a22f166e99a370a,True,2024-12-27T23:29:21.093703
58d2c6d0137bac7a,True,2024-09-15T06:07:51.922776
c5899ca026d787f8,True,2024-11-12T10:21:33.637044
200a153582a73599,True,2024-06-25T17:47:24.726197
ba44007ca72ed638,True,2024-11-22T17:57:16.845258
7e948a792e1d4f03,False,
7e948a792e1d4f03,False,
15893062e536abc0,True,2025-02-12T03:15:06.551397
79e068873fda1b08,True,2024-07-03T10:11:36.518020
6b89303a7f3749cf,True,2025-02-13T10:30:49.195420
521e537400609860,True,2024-12-13T05:37:29.218004
82638f0ca57f3c06,True,2024-09-12T16:31:52.212172
e62b7405074bfd8f,True,2024-08-28T20:09:33.742671
5f789e003c443605,True,2025-03-25T02:45:51.269241
4e99029e13af54f9,True,2025-03-04T07:35:12.240182
7e948a792e1d4f03,False,
4aa2c6d846513280,True,2025-03-28T15:24:41.549911
4b4decbc1e6a6bef,True,2024-08-30T19:59:41.351909
ee29270139c8cb84,True,2024-09-01T04:57:54.039151
a95850331e58bc5b,True,2025-04-14T15:11:30.617695
3970351297977616,True,2024-12-01T00:06:07.780144
7eadbf714dce548a,True,2024-08-28T15:39:25.540601
33ba58a6dd846d4a,True,2024-12-07T11:19:51.898346
782d26333aa3035b,True,2025-04-28T04:43:57.780241
5ef48eb2dbfa6f5b,True,2024-09-15T20:24:01.146116
9b9358ecb60b0122,True,2024-06-30T17:22:40.676316
7568d4b9fc400ab1,True,2024-05-23T06:05:59.079203
fa32e606491709ef,True,2025-04-17T19:17:20.698006
9861c095403541c4,True,2024-09-24T20:33:35.401155
4fbac3f0812fffaa,True,2024-12-19T06:37:45.124504
3b1873157dab1ee2,True,2024-08-11T08:11:19.672051
644a7f3536b5235c,True,2024-09-06T03:39:15.340994
756bd7b85df119c9,True,2024-09-21T03:51:16.761121
46122aabb180bd0c,True,2025-01-20T18:58:08.724510
fb169188786a77b5,True,2024-09-28T03:44:11.406284
b4b43e1ed027807b,True,2025-01-06T16:21:14.212939
2a076575632dc275,True,2024-06-21T06:06:44.230195
1d69d6daff17794e,True,2024-10-23T03:15:39.841791
2b98d6fddb049a5f,True,2024-10-04T03:55:29.400326
6ae189fbd5ec44a1,True,2024-12-02T20:58:42.260329
4e18ee8df3d9ed28,True,2024-09-02T17:05:17.582283
e77727843d1e9339,True,2024-06-24T00:03:35.376374
7e948a792e1d4f03,False,
580802303771ef6f,True,2024-11-16T21:40:46.146112
00464150859cda6c,True,2024-07-16T22:06:56.548235
43f9ad3d314a90ed,True,2024-07-19T09:54:09.387784
9ed6376e3b25ea3d,True,2024-08-27T16:47:31.150199
55a208124d8cc93d,True,2024-12-13T02:04:40.265055
c0b6a30e23e5e7f8,True,2025-02-13T10:40:27.135921
2a1b151d20af8580,True,2025-03-03T23:58:49.287768
8e9dd097218a4278,True,2025-03-19T06:20:28.863032
7e948a792e1d4f03,False,
4779f547f05521cb,True,2025-02-05T11:36:04.744684
7862ca103dc1f8e6,True,2025-01-01T19:42:12.739536
0fc214f1d67ae80c,True,2024-10-30T16:16:21.389722
2a623c6c50c0c4d6,True,2025-03-20T08:54:07.236910
6de487115aba96b1,True,2024-05-15T04:13:50.817808
066b3a03602a07ab,True,2024-08-15T19:14:40.597187
d8a3544e94bf4ec6,True,2025-02-15T08:58:26.497924
7974f098805f835f,True,2025-01-23T03:19:31.083990
4bad2f06246ae33a,True,2024-07-14T06:45:58.939480
66987d5ad2a4ad16,True,2024-09-29T05:01:26.159319
9cb7057ef7a802e2,True,2024-09-29T07:44:53.922024
32ce48834d698299,True,2024-07-14T09:29:30.426028
f28ae82383fbc471,True,2025-02-01T02:59:48.749478
c312246bef9397ac,True,2025-03-24T03:35:34.305231
28fa048b294c3039,True,2025-03-15T00:55:18.494261
7e948a792e1d4f03,False,
697b37f99be52ebf,True,2024-11-27T08:03:27.249539
056088c6a411eab7,True,2024-05-31T16:51:52.317659
6af33f88c0b34d85,True,2024-08-04T10:43:22.503044
3ba6caccae4c255f,True,2024-10-23T11:27:51.354111
0387c7a24f0099b3,True,2025-04-25T05:28:04.583818
b766598a2f21652f,True,2024-05-04T13:21:03.169648
99b62d2a16677f99,True,2024-06-14T11:57:04.441415
7e948a792e1d4f03,False,
7e948a792e1d4f03,False,
ccc7063ae7abf15a,True,2024-10-21T11:29:42.815676
68aa26ba772a7fdb,True,2024-05-18T11:11:23.572665
7699e6edfc738559,True,2024-06-19T00:43:26.797038
0427a728a75ba927,True,2024-07-01T07:46:40.067555
fc0aaa1737f660b8,True,2024-05-18T13:38:05.738601
d80ac64f0a6ad236,True,2024-07-27T14:43:40.878642
2d6ca066b7717ba3,True,2024-08-12T10:42:17.393727
7e948a792e1d4f03,False,
80e6aa31762ec81f,True,2025-04-08T01:48:10.961098
7e948a792e1d4f03,False,
e1d44fea6a38358f,True,2024-07-19T13:04:33.321207
8af2304cde833f17,True,2024-05-15T07:27:33.549030
7e948a792e1d4f03,False,
12f6de3d33a33fa1,True,2024-09-15T05:43:32.846749
4f6182b7de49f468,True,2024-10-04T22:55:15.863923
ec19ccf7c9bf9abd,True,2024-07-17T04:57:45.908426
41ee852e86b9250f,True,2024-12-08T18:20:03.793352
7e948a792e1d4f03,False,
5881127ce7124e06,True,2024-05-01T11:23:16.028718
ff414111536d4f40,True,2025-01-18T22:18:25.282024
531242e35df74ddc,True,2024-11-17T22:11:05.138069
d9455062d37e763a,True,2024-09-16T11:15:05.539343
2fe92d79e53628cb,True,2025-01-22T16:25:36.508205
2401bba1bc3632d8,True,2024-09-27T00:07:53.504628
9ee316db52091891,True,2024-07-29T03:55:46.787865
35ca7382a572e12c,True,2025-02-01T07:07:30.459095
c36b76cbdf8fd1f5,True,2024-10-15T03:13:51.012168
0bd85a0a3614773b,True,2024-12-19T12:05:36.592678
02e42ac039cd4f43,True,2025-02-12T15:09:08.252425
2a0220ac5538a592,True,2025-01-09T01:43:00.193414
7e948a792e1d4f03,False,
8ec3c387d0b04521,True,2025-04-06T14:31:10.868077
5b9abb0055d0fb4d,True,2025-04-23T13:52:54.172419
840b12b51699ef58,True,2025-02-27T10:10:25.356302
bce3e84d985e97fd,True,2025-02-21T13:55:39.200332
90794ee4f59fadb7,True,2025-03-07T16:21:00.497450
808aaeb7e947cd2d,True,2024-12-20T06:40:59.656740
7c84256e415ed9ee,True,2024-12-31T12:30:18.809916
5e04baf30c912053,True,2024-12-03T13:58:04.107354
03a89a50637d5cbe,True,2025-03-15T06:11:22.788904
4a09c063143b83bd,True,2025-04-03T20:13:32.974841
7e948a792e1d4f03,False,
fa00d2b763e4bc94,True,2024-11-25T22:50:15.660846
8bfaab0f779403b3,True,2024-10-02T17:04:44.610930
046f6c8de270f3cf,True,2025-04-10T16:26:41.628086
59e950537be999df,True,2025-03-19T03:44:45.203183
27d37fe2712a6c3c,True,2024-08-11T16:36:42.872173
e48692148afa44b1,True,2024-12-18T14:38:30.940624
553473b7da41af5d,True,2025-01-14T08:12:36.232674
a032ca5c0eacb014,True,2025-03-23T23:23:56.498452
c73c70d94fe0baf1,True,2024-05-19T11:38:53.739244
284a009ec842c1c3,True,2024-07-01T00:35:50.511858
bfa1853d46c1d5bd,True,2024-06-17T17:39:25.533402
db571dd4d8a6f038,True,2024-11-18T08:29:04.484751
e622e647d64ab056,True,2024-12-18T08:51:40.487921
de3c812aa2bc89d1,True,2024-12-04T23:52:14.636588
59b3aa957b35674b,True,2024-11-09T06:53:40.683460
1c5437d6a2e1b25c,True,2024-12-19T18:44:49.803020
5f8b024e98e8c4cd,True,2024-06-30T18:12:22.853829
a2fd70ef48afe630,True,2024-09-07T20:02:19.923634
90880033377288b8,True,2024-12-26T19:28:58.641430
794fbe4742c96611,True,2024-05-20T10:01:48.577713
d4736754afa2889a,True,2024-12-14T08:29:11.274974
aa9a2f1241501005,True,2025-02-26T16:45:22.126228
a7a3335e88193f6a,True,2025-01-29T23:59:21.347005
b77ad4ef29f57b3f,True,2024-06-18T22:30:44.997255
359bc0ae7c7ed51b,True,2024-05-29T06:42:46.020832
c5dc1e0c74ed8106,True,2025-04-11T11:10:45.189418
7e948a792e1d4f03,False,
9bf2903fdccf3c8d,True,2025-02-08T08:55:16.039728
63243a0fc81ca286,True,2024-10-23T15:35:18.504291
7e948a792e1d4f03,False,
04f22a3c584a627c,True,2024-08-20T01:37:51.685852
066115ab8cf4e24f,True,2024-07-04T22:21:55.381578
eb2b5570f7b31c85,True,2024-12-05T19:33:40.615956
3d51c46b03712ad9,True,2024-10-06T14:11:14.440322
33485e6afeef47cc,True,2024-10-12T14:28:02.108174
fb57bb05ce084691,True,2024-11-12T08:35:13.775557
4991ff2603f10577,True,2024-06-02T01:27:07.141068
a11b755cc0319639,True,2024-06-16T21:38:25.165751
1b00cddbd5261293,True,2024-06-05T09:48:56.994058
3058ceac63e0e3c9,True,2024-09-17T17:51:28.658039
95f6d83f792c230f,True,2025-03-29T14:38:00.022964
b9d63dd01331d891,True,2024-09-29T09:57:44.213906
ca92d23ab0710596,True,2025-02-05T18:46:44.336131
8539ad7da82cdff7,True,2024-05-22T04:05:34.501191
27331ceffd920e69,True,2024-12-21T15:10:03.785375
ef762c9de39b222f,True,2024-05-01T14:30:52.475716
e11a75d4ede4c8fc,True,2024-08-04T05:45:10.748872
a33b9e9b80a93464,True,2025-02-27T22:01:26.980397
9d17d5cd011bd5a4,True,2024-05-12T06:38:00.789750
614dd4b73a48f324,True,2025-03-01T06:44:23.462248
8c758bf7deba7b4a,True,2025-03-06T23:44:52.352108
7e948a792e1d4f03,False,
07c536261128a0df,True,2025-02-15T09:54:27.766278
7e948a792e1d4f03,False,
0fb60ebd65bac331,True,2025-01-26T14:59:03.672350
020d3bf5bc998e30,True,2025-03-18T05:29:17.379198
c04a080659d8a899,True,2024-09-05T00:08:39.955754
d1073c18ad547c85,True,2024-05-20T08:27:58.551179
b9f29f510a27e218,True,2024-12-31T20:47:18.481631
4509517df4e5122b,True,2024-05-30T08:22:24.261614
2bc4bea533abe18b,True,2025-04-20T20:18:21.071249
7e948a792e1d4f03,False,
0a2a97cc6656dffc,True,2024-09-06T04:15:28.260137
47a87fa3210296c3,True,2024-11-11T03:29:25.867541
d4dc2ac846cce9cc,True,2024-11-09T03:32:03.099968
33849b27fb6a72bd,True,2024-08-21T11:44:00.798295
c60641602ba4982b,True,2025-03-18T23:48:48.883242
e7d3564277c43c9a,True,2025-04-18T13:30:14.644708
5bcfa013b161712c,True,2024-12-10T11:32:46.763578
011d115556ed179d,True,2024-08-30T16:40:44.464412
962b07ef4f1ce351,True,2024-09-06T15:19:56.611908
6d05293b0ebedf8a,True,2024-11-02T16:38:30.884382
298e4224fbfa6fce,True,2025-01-28T22:16:25.159740
465d1f5966e5acd4,True,2024-07-16T04:55:33.416176
a632c36fb7cc3735,True,2024-07-14T05:43:42.932778
6d1e6a460bae3d53,True,2025-01-12T15:47:36.602800
84fcc313a0114461,True,2024-09-06T11:38:08.324563
c528f3497d348599,True,2024-11-12T10:02:47.342056
09f10b3f56bc7a7a,True,2025-04-24T01:33:55.580707
4dc9193c3107ba52,True,2024-10-07T23:44:38.970434
0414c30ce750b88a,True,2024-12-18T21:43:28.078207
df7728144937db97,True,2024-10-02T12:13:39.094945
497bef07b90f26f1,True,2024-11-20T12:53:02.661485
7e948a792e1d4f03,False,
7cf7d0c2b8c309c6,True,2024-05-05T02:33:56.481006
f78ed94bc06e9ecd,True,2024-06-02T17:28:38.536229
54089dc190a1064d,True,2024-06-05T23:00:11.387311
370d9a12ff0792c4,True,2024-09-10T01:45:01.026753
918db31f44f72b2d,True,2024-10-03T12:30:06.891174
16875c6439a7260b,True,2025-04-19T12:23:12.414559
60140535f0b833e9,True,2024-11-14T06:47:14.448977
fdca025f2e0d2d06,True,2024-11-01T08:57:47.021531
2c7595e6d17c3a31,True,2024-06-29T09:05:49.299081
9903840fdf3ff63a,True,2024-12-17T03:18:21.386013
7e948a792e1d4f03,False,
bb0f0a13ea91cd4b,True,2024-10-15T07:55:50.056966
433b02929b597e28,True,2025-03-02T13:43:52.135167
9b424caa0f76b55e,True,2024-07-06T20:02:40.462419
1780944a130c915b,True,2024-11-12T04:57:58.612556
f9c14a69de368089,True,2024-11-26T13:13:41.858490
f1b8d08c306d8aab,True,2024-12-01T17:46:00.098341
7e948a792e1d4f03,False,
5dec5c1d2a06961c,True,2024-12-02T09:28:26.577919
32a5ff07dea5461d,True,2025-01-03T15:12:20.599005
1cd2c08103efd00f,True,2024-07-26T04:59:45.251334
89aa4079d5c01cef,True,2024-08-17T05:04:24.022879
c0822e97b87e6a9d,True,2024-09-27T03:02:05.076254
ae63633ead48db0a,True,2024-07-08T18:30:04.042745
22472a6159bc5bd6,True,2025-03-11T20:23:36.883271
87b51306aaeab17a,True,2024-11-17T12:14:45.239835
092f01b65c3371d7,True,2024-05-08T18:42:45.918713
3a496a0e342a891b,True,2024-05-29T01:51:12.609224
d4fe7f1b6a815b13,True,2025-04-17T03:43:57.730792
602090d95fb16691,True,2024-12-21T04:26:16.165966
12c294f20acf5c6f,True,2024-09-15T03:50:41.185052
98f22afc7db82fb3,True,2024-05-22T16:54:19.839319
b361fd94e8be3ed7,True,2025-01-03T15:02:21.164590
7e948a792e1d4f03,False,
9ba94692a0bae24e,True,2025-03-06T10:54:17.628991
515fabb6aed8db2a,True,2024-08-13T17:14:45.762214
68f996900d92bd58,True,2025-01-08T16:38:32.973462
ee778d84ca4e1b34,True,2024-07-19T04:27:45.872335
3a006a1f9eb1eee3,True,2024-12-29T20:43:33.448809
14d7b9e07348e2b5,True,2025-01-06T16:07:57.013365
4602c4227df81460,True,2024-11-05T16:20:25.832307
2852d62d8784263b,True,2024-08-12T17:15:10.887306
004eb77d868d3375,True,2024-10-04T11:00:52.312366
d7a6834e171830b7,True,2024-06-16T20:35:45.012625
00f7d12e7ce28f5b,True,2024-05-19T16:31:49.897180
d48c5062cfb3fb67,True,2024-07-28T12:08:14.174829
fd49c1c31c02841a,True,2024-10-10T20:56:32.380810
57446370b8dfb75c,True,2024-05-24T00:36:13.898803
ff8ebf9c400afea8,True,2025-02-28T03:26:13.106112
42caa123c1277a3f,True,2024-10-11T13:13:59.282751
d3d8c40d4b0a6be9,True,2024-12-16T00:49:43.403215
ce73e6432dba8724,True,2024-10-18T17:03:08.157063
09588b9e27b22a29,True,2024-08-16T09:34:48.031975
19f9de65c928f1a6,True,2024-08-09T06:06:56.910749
c5b7dcc3d4bb2e39,True,2024-12-23T11:14:50.322489
9dcb9c6f7b1c3093,True,2024-11-30T20:26:09.481477
161be464dad6da36,True,2024-09-23T07:06:22.384449
0f623ae90bcd3490,True,2024-10-11T04:46:25.114111
2d406749b838280e,True,2025-02-19T00:56:56.304033
081acd9000f54157,True,2024-12-21T11:57:19.196477
2881c9063b2f9f2b,True,2024-12-23T22:41:57.275218
684bb02b8b1fb89e,True,2025-01-18T07:50:19.249967
adf0ee7f118a08e2,True,2024-11-30T12:52:11.208425
01bd667084e6603f,True,2025-03-03T12:40:24.139633
7e948a792e1d4f03,False,
ef2e9057f5ffd850,True,2024-07-16T16:25:12.541354
76e08d776a702d60,True,2024-09-18T15:44:16.926091
d47ef56f105cdcff,True,2024-12-17T11:56:31.279103
7008189aff96625a,True,2025-01-02T17:00:23.675519
2f5600836b831f72,True,2024-06-14T18:37:26.681195
530ac6f03d291922,True,2024-10-17T18:38:55.044670
83e4e597cc833edd,True,2024-06-02T16:23:45.688684
e2c0933e532ac8ff,True,2024-10-12T05:15:56.903860
ffe9d7ee613f10fd,True,2024-05-28T18:36:50.164834
7e948a792e1d4f03,False,
a5883eead6bad183,True,2024-07-03T23:06:29.648238
1dffb169ffe21cd7,True,2024-12-16T00:04:01.433999
7e948a792e1d4f03,False,
2f1eae5b70997f3a,True,2024-06-07T12:23:21.252204
7e948a792e1d4f03,False,
86eb0f41fa004075,True,2024-09-24T23:16:07.818506
fa23b3f2f04a3f99,True,2024-12-08T07:44:58.555085
5ce5e505e52392df,True,2025-01-21T04:02:01.583625
800e1c24d494ce87,True,2025-04-17T18:27:00.091796
7e948a792e1d4f03,False,
ec42100a46bc6166,True,2024-08-19T15:24:47.187783
135a2280d1d0d60f,True,2024-09-28T07:03:42.081392
c121fea1f1aa3b7c,True,2024-08-01T03:24:20.857046
b5411dfcf76cdd25,True,2024-12-05T23:50:16.200047
b90034c58e6f9c9d,True,2024-05-10T19:30:29.718823
4c179c8781ce8d48,True,2024-05-29T22:10:20.653317
dc4b14d784533987,True,2024-06-23T01:17:38.613589
7e948a792e1d4f03,False,
848eeacc2628d42c,True,2024-08-09T09:27:46.286849
c1b5038d3e98dc44,True,2025-02-02T17:35:59.234427
b55390655ba36c29,True,2024-09-12T05:12:48.885026
9db4103b04187a89,True,2025-02-21T16:39:07.766749
2e72ddd7558a5f0a,True,2024-11-14T19:59:38.736828
09390bed0eaf69a5,True,2024-10-27T22:15:29.877228
efdd117bb8fc6032,True,2024-06-17T09:39:20.542379
7e948a792e1d4f03,False,
1a58349806f8061e,True,2024-08-16T01:14:55.498883
aeb83fa5251e5e2a,True,2024-07-05T14:19:34.091575
e2103fd96f2422d5,True,2024-11-27T23:01:30.923148
55e3ec8a36c8508f,True,2024-08-13T16:00:56.263350
7e948a792e1d4f03,False,
381c9abd979f2351,True,2024-11-15T19:34:26.307672
4502320b4d17dd14,True,2025-02-09T03:10:44.812449
23ed054fed90f7dc,True,2024-09-30T05:50:59.386958
2eb9deb90cce780c,True,2024-07-25T19:12:40.933002
928728556b2efc8d,True,2024-06-28T04:19:02.603008
b7d6567f96822187,True,2025-04-13T05:15:53.021173
8a3d75d8e71fc7c9,True,2025-02-11T00:19:17.216688
67df1cf07706cb93,True,2024-07-29T03:46:26.721826
a48b2de0f0965807,True,2025-04-15T11:17:24.951577
6bc573eb6b34ae68,True,2025-03-08T12:13:15.392073
5e722a8beeebfb09,True,2024-06-23T00:45:09.169310
946eef8665d0b34d,True,2025-02-08T04:12:27.764426
bd6046c8ea0be2c7,True,2025-04-14T04:09:27.717754
4d60d2c146c1b5bc,True,2024-10-14T02:42:08.851025
03223462c901a0b6,True,2025-03-14T08:14:40.896346
e581531e1c3b8585,True,2024-11-12T20:39:36.224803
9fc390cf0be3878d,True,2025-02-02T16:44:31.691035
2f23432951a438eb,True,2025-03-08T16:09:56.843829
a8c861d4c9faae91,True,2024-08-21T14:56:33.487955
eaeb0d0975635e34,True,2024-07-13T12:06:59.046628
256141d8882f9017,True,2025-01-28T21:50:59.303004
07a680855ce3c52f,True,2025-01-08T02:55:21.548563
c5b12b651f5fb507,True,2024-09-25T03:38:37.094652
73523781647a20af,True,2025-03-07T11:07:37.231560
86f33945b0ec8001,True,2024-09-27T01:43:21.351842
2ee858929575da29,True,2024-11-27T10:05:09.931811
f55122d0f0cd27ec,True,2024-06-02T06:52:39.891013
73926952863027e6,True,2025-04-19T19:14:29.310779
099dbf74338b48ae,True,2024-08-06T08:32:50.181702
7d6ecd2b5b6c6cfd,True,2024-10-19T17:50:23.721679
7e948a792e1d4f03,False,
0dc62ff0589fec8f,True,2024-07-21T20:45:14.417424
e3b41f019efcda57,True,2024-08-04T05:08:22.308064
c3d42eb031852b4f,True,2024-10-20T01:38:12.428064
69dfc16592e345e2,True,2024-08-02T17:52:02.391025
7e948a792e1d4f03,False,
00390b1165c6ee0f,True,2024-07-22T01:41:14.448126
94b95473dddb9d29,True,2024-09-10T01:38:03.065544
fcf4951240fc5b23,True,2024-10-10T18:06:05.890245
17f88609c806e2a5,True,2024-10-02T23:38:08.659610
58e6da4dae33434c,True,2025-02-09T21:02:05.534698
4e5df162028833bb,True,2024-06-22T08:54:30.733326
031dc2d76f638eb3,True,2024-08-20T00:12:07.408776
7e948a792e1d4f03,False,
7e948a792e1d4f03,False,
0af0fd3e22ae877f,True,2024-07-18T23:10:50.419676
7e948a792e1d4f03,False,
26801a5ac910f956,True,2025-03-25T05:50:55.161994
e440230e5a46bf50,True,2025-03-02T19:59:20.640559
30a6e6fadf684844,True,2024-09-06T21:27:04.203356
7e948a792e1d4f03,False,
7e948a792e1d4f03,False,
8db462b726f69838,True,2024-08-11T00:07:24.948652
e6cd2fb935748115,True,2024-12-15T05:52:53.639066
fe3cc3b0a91ee429,True,2024-11-04T22:46:31.431481
4e9121da07c43410,True,2025-01-18T16:16:18.674367
b5e33a5a180caf0e,True,2024-06-22T20:35:50.020631
abf4018d64842b2b,True,2025-02-18T18:49:30.094510
5a1109343e71e79d,True,2024-11-16T20:00:38.177509
c1aabb46699eef76,True,2025-02-22T17:20:31.151999
af6190aa60c8810e,True,2025-03-11T10:03:35.349962
1681b741f04ef6a3,True,2024-10-26T22:34:21.302844
18b4d8cd71f4d258,True,2025-03-11T11:59:36.299626
504723c291469fcb,True,2024-04-30T00:32:11.357256
3d135bb5abf72f9e,True,2025-03-05T06:59:37.230299
d158c4c85377d6ac,True,2024-08-19T14:57:32.042926
b98514b1a92d8a3c,True,2025-01-12T21:19:24.590283
e3601495e37750c7,True,2024-10-22T23:49:51.420587
4841c0e0f12ff488,True,2024-04-28T17:46:31.633253
ea76923e41cdb02a,True,2024-12-04T19:42:28.985414
857ba4323bb15bb2,True,2025-03-21T20:14:13.227059
9917f3116c46c73e,True,2025-03-11T11:58:43.303495
70dbd238254e5934,True,2024-08-03T00:33:46.015859
1b22e17c09d41a5a,True,2025-02-26T10:44:30.290889
ce94469f63e8dee7,True,2024-11-06T08:38:07.964199
373d7b2170a3daba,True,2024-07-12T21:21:19.963802
1714e32845d32c42,True,2024-05-18T03:40:23.058802
9221bbcf528da871,True,2024-11-07T13:03:54.560025
3cb9cfe93b14b264,True,2024-11-29T12:16:47.318102
480a391d9280f53b,True,2025-01-02T06:56:35.103860
3fb676a309b76fd8,True,2025-02-16T03:53:21.207378
17f36a0dc7cb515c,True,2025-01-25T02:41:14.881786
abf44b056e29132c,True,2025-01-02T23:29:01.951042
55b7d0f89c7218f9,True,2025-03-27T01:04:59.265939
468d5b590d145d92,True,2025-04-03T23:44:19.384341
116c6b7c83772e2a,True,2024-10-28T22:33:08.591497
7e948a792e1d4f03,False,
196e4e68b42aa7df,True,2024-12-02T09:24:05.386456
f804ee0372610e39,True,2024-10-03T01:12:58.149944
1d456a021a888ab3,True,2025-03-18T21:27:13.693001
e69f1dcf29ab698b,True,2024-09-11T00:02:09.903648
1c64dea128f9023d,True,2024-06-07T02:45:42.256459
326e8219fa2915e0,True,2024-11-07T14:00:55.899267
ad72a14b3e43b338,True,2024-07-31T18:23:06.645527
7e948a792e1d4f03,False,
1cb35cee040c0039,True,2024-10-24T20:42:12.546015
298f5a0a75995a55,True,2024-08-25T13:31:58.674027
e7f8a0900da35cfe,True,2024-07-08T02:35:21.818815
9715141b3ab8e860,True,2024-05-30T15:37:22.861918
379bad0a8dae7863,True,2024-05-12T14:19:42.123573
7e948a792e1d4f03,False,
d02924f4d099972e,True,2024-07-28T13:42:57.698367
b458427081a82871,True,2024-05-19T15:21:22.747815
85cf3b782d82c0bf,True,2025-02-14T15:30:25.089764
dffd49ed6d4688b0,True,2024-12-14T01:25:22.999252
9076ea893ca816fe,True,2025-01-12T11:50:24.899942
1dc946ef550a60b1,True,2024-11-21T03:57:46.848985
8d5eb0182f890adc,True,2024-07-06T18:20:43.251955
7e948a792e1d4f03,False,
9b2869bac637a0d0,True,2024-10-28T03:08:47.453046
d733048fce6f9103,True,2024-10-04T04:17:15.986738
eca17dccb5488eaa,True,2024-12-07T09:17:05.666414
800a79f4a6a6befc,True,2024-12-12T04:28:00.600489
ea6ab9ac6ce9ee50,True,2024-11-24T17:51:15.770376
7a31f052ae83bcfb,True,2024-10-24T23:27:32.352702
89ad2c81a4ae3203,True,2025-02-28T04:21:46.666682
927b344f8a5b1fe8,True,2024-07-06T08:37:16.626177
38434a1fd47ee100,True,2025-02-07T08:55:31.078214
ee2cbb5aef8a369e,True,2024-10-28T02:11:07.567570
67f3c1ab44909b81,True,2024-07-27T13:15:13.086413
a6b5ce1cd2d87551,True,2024-06-29T22:00:33.055493
c33e6bab7dade2cb,True,2024-08-23T08:26:09.568004
331aaac71307cdf7,True,2024-09-20T13:49:38.511344
106c0c23b0c19cb4,True,2024-05-25T17:23:31.197900
644690c6cf59ba94,True,2024-11-09T13:24:40.164873
cbd2fb28dfa21554,True,2025-03-30T05:03:37.652955
12ded64d12fe3bb4,True,2025-02-16T06:35:11.443906
f311ba031cf3fba7,True,2024-11-01T09:39:47.843685
0177cdfddc074846,True,2024-07-05T23:46:41.753098
5f526496e703a6c1,True,2024-05-02T20:29:48.167400
b43d64e9ad800f19,True,2024-12-02T13:55:04.114508
45de9ca675830623,True,2025-04-13T11:34:00.351907
a51ef55ffdc3a942,True,2024-07-17T02:00:15.562230
69e298cb691f436d,True,2024-06-14T18:30:44.827290
d12b488944dc3129,True,2024-08-18T17:02:39.648990
071208f86e13d4c1,True,2024-09-06T04:11:13.495758
99b7584d4efacc93,True,2024-11-24T05:16:23.031192
ce3dcf2fef94c12c,True,2024-10-22T14:29:03.157503
b1b1cf9a365fc606,True,2024-10-16T16:29:10.450122
345bbfa24723027a,True,2025-01-29T19:35:10.340189
50b43095026ece52,True,2025-02-23T12:24:19.099687
ac20d452717c8dc1,True,2025-04-25T22:23:06.023801
00f4eb825e96bed6,True,2024-10-01T06:04:54.919499
3c9a35a46c8fefff,True,2025-02-08T07:02:14.054821
0c517c6447f27075,True,2024-05-26T04:39:06.675265
eb690506bd4a7d42,True,2025-01-09T23:25:42.668966
62b23b2a57e1e65c,True,2025-04-10T06:35:04.092479
7e948a792e1d4f03,False,
aa5948404e0891f6,True,2024-09-07T07:32:33.675391
6bd3f941b1fb021c,True,2025-01-27T09:55:52.061610
588c5a685ab9527a,True,2024-06-10T00:25:48.211649
a8af157e64873823,True,2025-02-02T14:18:07.187634
479f753e55aff657,True,2025-04-20T14:37:31.414176
5a0b1e752cf70c2b,True,2025-03-21T04:42:35.892474
fc101cece7e2bf88,True,2024-07-22T17:42:35.913587
2f6c162261e1462f,True,2024-05-29T20:20:44.198692
7efe7a1307337a4b,True,2024-11-11T07:33:46.923848
af3c4b7ffa365768,True,2024-08-15T00:24:53.196954
7e948a792e1d4f03,False,
6e66bb2e3dce368d,True,2024-10-29T17:47:59.157698
7e948a792e1d4f03,False,
a446ca425a94b011,True,2024-11-16T11:29:25.826408
5a327ade698bf898,True,2024-05-25T09:15:24.708686
05b4036faee08652,True,2025-01-21T11:22:01.780662
17a5bf966b0e8ba1,True,2024-10-28T20:40:09.017649
5bb211dd729ddc2a,True,2024-05-07T08:32:25.794525
d1a1624ce3a7e06d,True,2025-01-23T10:06:32.123257
cf2ebe0dceefa12a,True,2024-08-11T16:08:20.583922
f8eef9f1d4eca573,True,2025-04-14T07:45:57.357257
534c0aa4958aae25,True,2024-06-23T17:11:25.595595
eaecd3e5eb986787,True,2025-03-01T19:34:47.663985
3e42ca5dcf715b68,True,2024-09-19T07:41:55.712996
a2a4473eaa2d35df,True,2024-12-25T20:48:31.217964
7e948a792e1d4f03,False,
7e948a792e1d4f03,False,
4609831e2ec9022b,True,2024-10-19T10:42:23.733174
47597e180fd61597,True,2025-02-25T23:50:41.680611
bf350334483c5642,True,2024-09-08T02:33:56.163792
608682761e8bf855,True,2024-11-29T12:11:24.873427
dba8d2d415d9e06f,True,2024-09-30T03:42:07.907615
5c63f624f4366ec5,True,2024-08-10T18:27:58.599090
a595a5c690555ad4,True,2024-08-21T15:04:53.079520
4064947bf6b26075,True,2024-11-13T18:14:38.188946
10703fa35faf1123,True,2024-05-08T00:01:39.663121
bb4fde2255c2a673,True,2025-04-17T02:55:58.917136
0a8132b751999d69,True,2025-04-08T23:40:05.262358
c1b683708d57aef1,True,2025-01-26T04:55:12.554026
b2c4a50d58ddaa5b,True,2024-11-26T05:50:51.857237
2ffd7e5f9e02f60c,True,2024-05-25T09:26:39.046551
70fc22db9995b260,True,2024-08-23T14:37:17.603958
ba1b52545c965451,True,2024-10-04T16:06:47.875273
0f9180b212a55ddc,True,2024-07-02T15:40:39.165430
cd24c5e8fa024c87,True,2025-01-27T08:00:28.148498
cc0c65c0ca2fbfdd,True,2024-05-29T05:14:58.923833
f3e89f6e4cb0129d,True,2024-07-22T15:29:02.293641
54600ecf254e0024,True,2024-07-06T02:30:43.683260
231e538d13b05cc1,True,2024-05-27T00:23:48.765970
68b1c5eae23cc05b,True,2024-12-24T20:34:29.794275
764226d808c59bea,True,2025-03-12T10:03:00.359262
da7a2402562f3395,True,2024-07-23T18:05:34.097878
acaffccc9722c24c,True,2025-01-01T01:07:42.956984
a161169caca01ad2,True,2025-02-07T09:07:24.963392
bbd0535d0f54725f,True,2024-12-22T22:39:07.604405
57e904ba1926e018,True,2025-03-24T03:12:04.031835
eaed1a0a3315c707,True,2024-11-22T10:06:14.397667
7907de0297287389,True,2024-10-01T04:03:15.896637
7e948a792e1d4f03,False,
d6c448667e8bfb68,True,2025-02-20T02:46:53.865081
5392dd628a6d640b,True,2024-10-05T04:51:20.088086
10731de778f718d3,True,2025-02-04T13:56:43.987470
465db33b841a46ae,True,2024-06-27T23:52:49.092436
d6a43c608680775c,True,2025-01-02T16:21:11.859512
acb8240540bcbb30,True,2024-07-01T15:11:54.008591
5d14590ce05fb8c3,True,2024-09-27T04:18:20.114359
dc5adc56609b0f10,True,2024-07-12T08:21:42.238352
e2a36c35b2f05d16,True,2025-02-25T04:15:28.952754
9c5d8888fa164548,True,2024-10-22T23:48:04.552845
7e948a792e1d4f03,False,
3bbe4ff063a763a8,True,2025-01-15T15:30:56.479646
14e7c0d57d2ea77e,True,2025-02-13T23:27:18.978537
bc57a5086dd0bf17,True,2024-07-31T19:52:42.481156
7e948a792e1d4f03,False,
c4dd8c637e065358,True,2024-10-23T19:43:28.011610
a605f44407123289,True,2024-07-25T03:20:42.485394
ea518c2d9c37a6e5,True,2025-04-10T04:44:10.421375
3176ee85a61b55fb,True,2024-07-03T13:26:18.289228
1efcf05c1d4d3528,True,2024-09-01T23:53:14.985302
f4a273f1d6bfb054,True,2024-07-01T06:04:19.153933
37dd74ea32fae546,True,2024-12-27T23:32:34.863066
d029e0674addcd4d,True,2024-07-27T14:30:32.837043
05ddb1e032209b08,True,2024-12-15T06:10:10.346501
4e9e5ecf69085805,True,2024-09-26T17:49:57.547563
e0e4c20158cc9d9a,True,2025-02-20T02:38:27.570831
b14a333dd796e1be,True,2025-04-14T00:35:19.402398
359d3224f3a80bd1,True,2025-03-24T12:54:32.608648
bafacb6a3368984e,True,2024-11-26T05:52:28.698634
00872692e065717f,True,2024-10-26T12:13:38.782351
6d43f6e1bffb41ce,True,2025-03-04T21:36:06.156791
af964bc966bee2e0,True,2024-07-22T09:16:47.692946
a07afe978ae7bfd8,True,2025-01-29T16:04:29.736067
bfa23e78534c5b96,True,2024-08-23T14:27:21.466721
4df2f1437e5c51fc,True,2025-04-04T13:49:36.971210
c3fadfaf89f901fa,True,2025-01-28T11:11:42.979813
1a548ac6852b18e8,True,2024-08-22T04:54:58.661047
c64b8393050432c2,True,2024-10-13T15:36:33.778891
3c89053ebf8e2f3e,True,2024-09-01T08:08:41.013067
614954dfb3451004,True,2025-01-26T15:42:47.390454
9717558f1813bb3e,True,2024-05-31T15:09:55.632776
de85ebef32fc8d07,True,2024-05-17T08:19:57.689179
9f28c5a753aabff6,True,2025-01-23T14:59:23.631598
b05021ac112e1664,True,2024-05-27T03:51:08.913109
1abd8bb890291d8c,True,2025-01-14T04:42:01.273432
0fb70be9e631c9b4,True,2024-05-14T15:24:33.300421
bd51aa9ea7fb5aa7,True,2024-10-17T13:19:35.946164
117d163dfd098285,True,2024-12-26T03:56:54.382842
52eb944bd0c706cf,True,2024-12-29T21:48:02.807180
9e43c5a3c576c937,True,2024-12-03T20:32:00.067822
5be355f2adb84a43,True,2025-01-22T23:29:48.644261
94df3b1b441e5cca,True,2024-06-10T17:28:08.186647
686256d08a6a641e,True,2025-01-04T20:57:55.047372
92a54ea0d8eb3402,True,2024-09-05T12:50:32.383076
57abe981273631bd,True,2024-05-23T03:37:12.028244
67d754a32450c9e2,True,2025-01-11T02:04:21.012803
145e61afa78d3891,True,2024-07-10T21:58:41.305336
c7dac0404a04b84f,True,2024-10-30T13:29:17.935946
a6e00a1154bc8fbc,True,2025-03-01T19:58:23.350960
a569f35350fd14a3,True,2024-05-21T04:46:26.011778
b110d4ac49a42528,True,2025-04-17T13:46:10.119501
ac671f13f57588f1,True,2025-01-05T13:09:38.624734
58d4bc959ef39fcc,True,2025-01-14T16:50:50.370007
a2b3d8d54d242244,True,2024-11-24T21:51:43.147642
e25d5bd1f77da688,True,2025-01-23T07:04:52.859462
7336a49c00f858dd,True,2024-07-05T03:35:22.392328
7e948a792e1d4f03,False,
7e948a792e1d4f03,False,
f73cc85984c03f4b,True,2024-09-09T09:53:05.049971
21a409cdcd47085b,True,2025-01-03T04:58:11.204957
8c7cc2e3f1240a17,True,2024-10-09T01:57:06.562872
23fe24e8fe00bd6b,True,2025-01-24T07:54:37.325939
697e4587b3fd30cc,True,2025-04-12T19:58:35.772879
d96111217fbd595b,True,2024-07-27T00:43:50.428933
59ab6dde49b02b3b,True,2024-09-16T12:04:11.524583
08835619f1479e6c,True,2024-11-25T06:14:16.364415
b64217d9ce4b4882,True,2025-01-05T01:38:31.207495
cadaa4707f66f53e,True,2025-01-27T04:30:16.673908
7c8f8927c7d78625,True,2024-12-16T11:53:15.133665
c800a23dfe14ff7a,True,2024-10-25T13:18:24.051735
7e948a792e1d4f03,False,
96ff3a3f161eb852,True,2025-01-10T19:35:45.447409
ef1718d1b966c51a,True,2024-10-13T21:33:49.019617
4ee0fc8756fb3fea,True,2024-09-24T14:30:02.339520
038002684c6c7e68,True,2025-01-16T21:16:30.516734
c1235606d8c5d714,True,2024-09-11T22:40:00.835685
7e948a792e1d4f03,False,
7e948a792e1d4f03,False,
8960c0cb698f9ce9,True,2025-01-01T10:46:10.196248
76a5020d5f317ab1,True,2024-08-29T16:57:38.743294
6ea79f76447e8166,True,2025-01-24T06:20:14.684329
7e948a792e1d4f03,False,
94c7777b43c36544,True,2024-09-07T00:55:18.378100
34fc7bd624267c5d,True,2025-02-03T01:59:18.958773
1b8aa8775c517396,True,2024-07-27T06:51:00.299825
e9e43a070db48e06,True,2024-10-04T15:02:57.238493
c34a325518ce0a62,True,2024-11-15T07:51:56.718590
9193f2771f2ab340,True,2024-11-09T04:45:32.462908
4ddf46121fa1dc18,True,2025-01-17T15:28:44.849549
a0d819be75a9be3e,True,2025-02-26T18:15:07.166946
bc6806c9cc1b446d,True,2025-01-23T17:05:21.277859
7e948a792e1d4f03,False,
7e948a792e1d4f03,False,
2c4dccb780e261cb,True,2024-05-04T09:26:38.410793
aed240d270e4e4be,True,2024-08-30T09:03:53.525194
e07ba3218e0cb5a1,True,2025-04-05T20:12:00.085808
7e6e976373f9bb62,True,2025-02-01T07:44:23.736825
c21842bac908e60a,True,2024-12-09T05:27:21.630753
5d2d85dc2bc9dadb,True,2024-12-29T18:40:30.266072
0c19faf9041300ce,True,2024-12-22T08:44:07.368396
f9570a5deb4086ec,True,2025-03-12T20:21:40.932226
7e948a792e1d4f03,False,
d2a699ea205e30a7,True,2024-06-23T17:03:32.789864
2368f98714e9422a,True,2024-08-08T02:28:15.593929
6a96fa78c2352642,True,2024-09-10T11:21:31.441753
c23ffd902f6ef9ed,True,2025-01-11T03:58:46.679887
97c86fea13e004a1,True,2024-06-12T12:58:11.800424
6984d60b4449f55c,True,2024-12-10T11:43:19.906675
657321f18e18c8ef,True,2024-12-06T09:29:28.365508
41bad4dbbe11d523,True,2025-02-06T11:08:17.251466
88d78eb03f8f265a,True,2024-10-28T13:07:50.833799
7e948a792e1d4f03,False,
9e19547a1c0b350a,True,2025-03-31T20:37:52.129887
7e948a792e1d4f03,False,
8dbcc728858941bb,True,2024-12-12T11:02:25.992710
76c118db00009f4e,True,2025-03-17T06:55:37.066561
1f807a406063239e,True,2024-05-04T21:26:20.979516
0f578072444628ef,True,2024-07-14T04:03:23.363027
a2ff8b3f916dc2e5,True,2024-09-21T05:55:30.183988
01b1926e11b577fa,True,2024-08-28T04:19:15.437093
9c3a0f1c8ca23d94,True,2024-05-06T14:03:35.584637
b87eb04e37450fbd,True,2024-12-01T21:29:14.958322
5553d71d30596ee7,True,2025-01-14T10:12:28.269012
695286a04946be21,True,2024-10-10T17:22:36.149269
643bb858e2278de2,True,2024-06-12T13:46:09.516417
7e948a792e1d4f03,False,
6f299833c16e2582,True,2024-10-19T10:37:02.867213
257c20ca9d7f98f2,True,2024-08-24T12:37:41.937574
0033a5e172216d5e,True,2025-02-13T02:01:49.653162
0db156d9e8596f1a,True,2025-04-09T07:05:35.402179
3cd6b1652c3b3f00,True,2024-06-21T21:42:56.268374
fe88229b87c51fe4,True,2025-02-09T03:19:39.816620
5bbb45026be63c83,True,2024-09-06T17:48:10.132272
3746722ed2ab8420,True,2024-12-24T02:40:51.991664
edc04dec3eefce78,True,2025-01-16T11:07:52.095818
f9e3a8635383bdfe,True,2024-07-22T08:28:25.540291
150019a202ebaa58,True,2024-10-23T23:56:57.381536
df082a5c6face6c0,True,2024-11-16T18:12:48.958691
fa3fd9d42f3f56da,True,2024-11-23T23:13:30.070946
c264094438bc4bac,True,2024-11-11T07:46:02.314337
7e948a792e1d4f03,False,
478cf3718043eaaa,True,2025-04-04T19:50:16.270485
da4ee298848e17c3,True,2024-07-26T07:34:33.463558
3df01b47682a3bc5,True,2024-10-14T09:16:21.187022
aba1246b91cd52e9,True,2024-09-11T20:16:30.332142
b3ed1a379c39ba87,True,2024-09-12T21:35:03.671307
bb105146ed8095d2,True,2024-11-25T20:51:25.075496
8a46bc0be58fdad9,True,2024-12-30T16:12:23.472027
7e948a792e1d4f03,False,
9b9a8f9750a54b2f,True,2025-02-23T22:33:10.084458
7eeafcf70841e09c,True,2024-08-29T16:23:06.329607
c0c8eaceccdf9b16,True,2024-08-06T06:16:04.771873
4eed4b3e1a52f16f,True,2024-10-26T17:16:41.567379
5ebd9159b4ee098a,True,2024-07-13T16:30:08.477333
72fb8b5814b7eeca,True,2025-03-23T18:45:14.660149
7e948a792e1d4f03,False,
835f677aa74d427c,True,2024-06-25T12:10:34.962824
61d49850f67b7146,True,2024-11-11T07:05:06.011078
559adccfbe7188b6,True,2024-11-21T16:04:17.962297
8750d589947bbad8,True,2025-03-02T16:22:44.807882
43ce78ef787d350f,True,2024-04-30T17:43:19.942374
0027c50183730825,True,2024-05-13T18:57:15.989954
aba9670b184a95d8,True,2025-04-22T00:30:41.186796
42187a45df2967d9,True,2025-01-31T06:30:58.168249
096c1ed408e03bf1,True,2024-08-02T14:10:45.577901
cd584027935f41ba,True,2024-10-31T21:01:41.109031
45e71c1565cf831d,True,2024-09-25T19:34:18.662188
79ca1b30839cce16,True,2025-02-14T12:57:14.053214
7e948a792e1d4f03,False,
a55ebd64ffad0b15,True,2024-05-12T17:10:24.407263
7e948a792e1d4f03,False,
776b6f8474d52dc7,True,2024-12-21T20:41:56.776572
f9c83cf24f355846,True,2025-01-07T23:32:06.699701
7087d9b307c86850,True,2025-01-04T01:52:58.834292
db1de569e8fd0f54,True,2024-08-21T14:42:18.652269
7e948a792e1d4f03,False,
0e7abe98013af35b,True,2024-12-30T23:19:23.960596
0ea412e59ac426a1,True,2024-07-06T22:37:45.788939
83e39578d0c5190e,True,2025-01-31T02:46:31.324052
4c80c150fbdf2a81,True,2024-08-17T09:42:44.018791
eb00a9a7dca1337e,True,2024-06-01T18:15:45.754627
398d9fb0ea55e1c7,True,2024-05-03T16:32:35.572042
a0c7643e3101ceb8,True,2024-11-18T07:41:46.336204
6d7e3bd03b59928d,True,2024-06-04T04:02:22.917127
3992b66507eced09,True,2024-05-27T23:40:35.364627
3cc372bcc4567d73,True,2024-10-20T02:17:15.056281
09fba0b38e3b0f9d,True,2024-10-11T15:08:10.444887
a8cfe5fc856e6ffb,True,2024-12-20T22:23:11.043781
7157c2dbdac692fb,True,2024-05-26T20:05:43.716202
17a5181942895b39,True,2024-10-18T23:47:40.596044
34654753b609415f,True,2024-06-06T08:53:10.048900
359832a6eaa853ed,True,2024-12-29T21:47:09.145866
9a02c5db13548be1,True,2024-11-08T00:34:16.216462
29f1b99ae1b120e3,True,2024-11-06T12:28:44.221076
57cff8f4cf580097,True,2024-12-02T12:02:40.144549
3f7d41debe158ef8,True,2025-03-04T14:36:56.266009
23cbe90f15b217f9,True,2025-03-29T08:35:34.363901
4ace5e2107dd292b,True,2024-05-19T22:20:20.758376
2e49a7267a31e3b9,True,2024-07-25T21:46:57.913955
ef908e6757e2b20b,True,2025-03-19T19:56:19.193984
b8bc9f71a965723c,True,2024-07-20T19:57:52.401132
ee8c08c3d1c9ba44,True,2025-03-28T22:39:10.527529
c27b774524714170,True,2024-06-28T22:24:38.776739
a8a9e3b76ed3b0f9,True,2024-12-25T15:07:05.811837
1846c3975a35b2b8,True,2024-09-03T08:06:44.776078
ebda5ab1a6d67694,True,2024-05-28T07:23:51.405874
2ccc93c30ca106e1,True,2024-07-26T15:42:50.568072
ffca88f3de4802c9,True,2024-09-13T15:48:16.102022
7e948a792e1d4f03,False,
714a51f8b9d33a1d,True,2025-04-23T20:42:02.503635
32b578cbdbe03f4b,True,2024-11-05T06:31:22.278996
7e948a792e1d4f03,False,
87cbadf7073078de,True,2024-06-24T12:46:26.817392
7e948a792e1d4f03,False,
8d7aa599b9635c9b,True,2024-06-01T09:27:54.180121
f7feadd73baf8a85,True,2024-06-20T14:11:06.649524
8f4f3e69faaf334c,True,2025-02-07T01:31:06.714151
b85489d7df710030,True,2024-10-21T21:46:17.028257
018fe68aaea2ddab,True,2025-03-11T10:17:15.996105
4c9cde8341b2ff7e,True,2024-05-29T11:16:44.396090
6c128f13544194dc,True,2024-10-30T10:13:30.125226
894274cf1bbddbee,True,2024-12-31T18:48:03.288398
c18829ec00e02c21,True,2025-04-19T12:48:27.733833
6f20a481d92601d8,True,2024-05-25T10:30:50.591207
7e948a792e1d4f03,False,
4ca9673a38c3d845,True,2024-08-26T23:42:18.312199
7c1a8ccdaedf603c,True,2025-02-09T22:32:36.505760
b01912a28fa55edb,True,2024-07-19T22:16:59.066069
fe2ce76dc87f4762,True,2024-04-30T10:38:48.644580
1f85d9b8737b1973,True,2024-09-03T19:07:22.546039
cbbb719b52ba6747,True,2025-02-27T14:24:14.954297
7e948a792e1d4f03,False,
cc2cc1411fc1aec0,True,2024-09-12T17:38:02.651039
536613108eb52d62,True,2024-07-09T08:21:35.712212
84f38bfa41157314,True,2025-01-17T13:48:26.024681
7e948a792e1d4f03,False,
07b7383c341b4021,True,2024-06-29T16:14:52.631778
616b865dbb0d8d07,True,2025-01-24T23:51:46.654803
9d7990df4f1b6133,True,2024-08-02T03:55:30.637225
8b59d88500af2590,True,2024-08-28T11:45:29.443293
8d0421e6cbc891f5,True,2025-02-19T04:21:16.126893
cb1c842b1e7a2f73,True,2025-04-05T14:23:17.435358
061d28ad5b7399df,True,2025-04-09T19:44:59.478618
cd553453aba7e841,True,2024-05-10T20:32:32.745761
160652e9c1bea65f,True,2024-09-26T21:19:31.577208
d522b9bca7c2c1b4,True,2024-05-03T16:44:28.012810
97bd0068dc223a9c,True,2025-01-06T13:57:05.706178
98d26ca658c02f64,True,2024-06-08T13:06:22.366316
77cb30fae58630e3,True,2025-01-05T01:57:18.023013
0217b5f7f9cb971b,True,2024-11-29T07:06:44.427327
7e948a792e1d4f03,False,
709ac169b451504e,True,2024-06-25T12:51:37.492482
cdfedae85d4adfcd,True,2025-03-08T16:43:59.681474
4b41cb97a8a5d4ff,True,2024-09-07T22:42:32.681498
ddf121d04ceadb0e,True,2024-06-30T20:48:39.977547
af367458c62147bd,True,2025-02-06T08:10:48.999681
7d93aef968aa760a,True,2024-10-19T01:37:02.546480
4bba0c4f9ff28061,True,2024-10-06T13:11:15.775390
3e06638ecb9c18c4,True,2024-11-06T08:53:30.737355
6de35be4efecf962,True,2025-03-16T00:14:54.114843
40eacae65b5da3d9,True,2024-07-28T19:14:37.566884
2457146917901473,True,2024-09-29T16:08:11.099837
7e948a792e1d4f03,False,
a37889e59145241e,True,2024-09-01T03:38:58.120160
2bc67cdca76fd012,True,2024-12-31T13:10:02.801396
d6890a7e6fdb1162,True,2024-10-20T16:23:36.908531
bac56bc71b610200,True,2024-10-23T08:27:47.748965
bd7bb25fc2f99c45,True,2025-03-08T05:09:39.195169
215a08b07bafbe5f,True,2025-04-20T03:43:53.918934
ef3938b3d4f07b1e,True,2025-03-28T11:08:42.842837
a93d64eb400272ad,True,2025-02-21T12:01:48.196385
3362a72814939484,True,2025-01-14T20:03:39.679982
76476365af1d6c90,True,2024-06-18T06:22:25.029202
dd4318deaf336194,True,2025-04-16T10:51:07.349969
eec7b1b261a9d105,True,2025-02-01T13:05:54.562204
6675988a2b79f0f5,True,2024-11-11T16:55:15.215228
111213478b5b168a,True,2025-03-07T17:53:46.006114
6e9eed307108486a,True,2025-03-18T06:53:51.132794
257ece9e1b4651a9,True,2024-04-28T19:28:24.664944
826e2cbc07b4d358,True,2024-06-06T12:28:25.419618
a6be4daa57b137ca,True,2024-10-24T21:29:31.396882
7e948a792e1d4f03,False,
fe09037f72747aba,True,2024-10-24T08:04:06.779754
9b30c25832dc8515,True,2024-10-14T18:26:50.392399
da825b03a3b6cafc,True,2024-06-27T12:07:44.359235
dec780c19f61a4ca,True,2025-02-25T10:02:30.660178
162e3d1b4eb04206,True,2024-08-06T18:27:13.322132
7e948a792e1d4f03,False,
a980cba8353fa111,True,2024-06-01T01:35:00.360442
2f413b4113e0a606,True,2024-11-10T02:47:26.862827
7e948a792e1d4f03,False,
5ec63694322b5f46,True,2024-12-29T12:25:29.582030
70e3bb63cbd87ebc,True,2024-12-24T15:22:13.370590
2c19ba9949fd99cc,True,2024-07-23T10:39:54.845785
7c641a2343c12d33,True,2024-11-26T00:34:18.050231
63b817e38ff28708,True,2024-09-16T08:11:07.942873
2df3374c816e9b30,True,2025-01-07T07:57:07.012851
96e90820e5a2e95d,True,2024-06-23T19:47:27.263608
a461a4fe379a886a,True,2024-06-08T21:01:36.462275
97291e7f1ca35c35,True,2025-02-04T09:22:07.026839
1ffc87fc0d889ab6,True,2024-06-22T07:03:48.847372
1cbc8bc80a262b60,True,2024-12-13T10:07:16.609164
2e8f0e4295333ce7,True,2024-08-24T04:38:53.303930
ceb9c32747afe4e2,True,2024-10-22T06:02:15.634384
7e948a792e1d4f03,False,
e3551e125953a455,True,2025-02-06T12:11:16.181608
31931c5028c2ab59,True,2024-05-17T09:15:40.901563
b3eaf431bff1f43b,True,2024-08-28T23:09:20.126941
9931d092e8b6ca0c,True,2025-03-09T00:59:05.066514
e5beccf881bb645d,True,2024-07-15T04:13:16.867674
945d068fa4aa959e,True,2025-03-08T14:21:12.698273
c9b36bf4cbe3deaa,True,2025-01-07T11:21:33.514390
a87a7c49570b9007,True,2024-08-28T06:19:12.500144
cb84878fac3cafe3,True,2025-03-18T11:19:20.892413
6b011d0980af67fc,True,2025-03-31T18:31:13.852034
7e948a792e1d4f03,False,
075d2abc04ffc01d,True,2024-11-08T04:34:51.411034
7e948a792e1d4f03,False,
1a0aa0332ec14b33,True,2024-10-17T01:52:40.631916
923037bef580b64d,True,2024-08-11T16:32:53.258855
3f8aec4b24d70400,True,2025-01-14T11:51:36.861070
965db528b0def146,True,2025-04-03T07:01:03.154662
87f495c01a7293ca,True,2024-06-28T04:46:58.492915
63db66adcc7bd994,True,2024-08-30T06:06:13.437441
fc5af4da9b6a31fa,True,2024-11-05T10:04:26.119206
93f0fff711008cd9,True,2025-02-19T17:47:04.265447
d970fd1017653499,True,2024-12-13T06:19:00.382790
ab57b5228aca27da,True,2024-07-10T04:44:51.227741
86b27cfd83dd2c1c,True,2024-12-10T18:40:19.235996
ff5fd66310cfaa7e,True,2024-10-13T17:51:10.330972
142423dfb515b2b2,True,2025-04-28T14:30:20.488806
023c177eefbdc22e,True,2025-02-18T10:50:30.076909
8eb007f00c842615,True,2024-10-17T15:28:04.747672
754a71628bcb97ed,True,2025-04-24T16:22:05.049382
783081a04c5a87f2,True,2025-04-08T09:59:24.381870
e0bab4c563018bc3,True,2024-08-03T08:01:12.537926
ba0220231aa2a0eb,True,2024-07-22T23:19:35.525434
186177b5c4526e5e,True,2024-11-30T00:23:01.024933
069f918c1a6e7452,True,2024-05-06T04:44:09.625786
6f7e1b421b7dd335,True,2024-10-30T02:35:24.040351
65e7bc16102413be,True,2025-02-28T13:53:46.653532
8e130ee12fc6ed3e,True,2024-05-20T04:01:17.224585
9ae830a2cd08829f,True,2024-11-11T19:20:53.203840
fccb8e3fdb6d9bb1,True,2024-10-27T19:09:25.581196
d45a23c42ed07ec1,True,2024-07-03T10:21:46.444854
fe0681405804494b,True,2024-07-19T10:06:23.011839
24b52973b95661ec,True,2024-08-31T12:46:12.917605
07e47b1c1e72ef64,True,2025-03-29T10:05:29.987498
7e948a792e1d4f03,False,
dfb744615e209e07,True,2025-01-28T21:27:29.680640
627bc985cabe2086,True,2024-08-23T01:20:01.921650
78fa50f2c0cdb3f7,True,2025-02-03T15:42:11.180267
5e3e878ad46a5d39,True,2024-11-29T11:35:46.802633
9265438aac508e15,True,2025-03-18T05:49:59.261932
63490588a5a25353,True,2025-04-17T10:45:17.632096
3cc1d56cc4d5f742,True,2025-02-02T20:48:04.826184
c65948fe32fc9f2b,True,2024-08-22T18:38:05.091783
7e948a792e1d4f03,False,
c4fca83a80aeb709,True,2025-03-11T08:54:28.710199
1ac892d0d0e472b3,True,2024-10-06T08:24:38.136197
820abc01081d9d56,True,2025-03-13T03:19:46.440512
fb77b04f2d65e556,True,2024-09-18T12:57:25.261461
22c07718a707707c,True,2024-12-05T17:46:01.776813
7e948a792e1d4f03,False,
a29e070b7cca6a32,True,2024-06-21T06:49:35.658937
ef737a6ad5686d82,True,2024-06-22T19:39:57.098843
8bba53ba60ae9e20,True,2024-08-05T07:22:25.098198
6a924150e537b327,True,2024-12-24T23:14:21.770014
ab280ac4a414d94b,True,2024-12-12T14:15:08.259937
512fce84a5c90cc9,True,2024-11-14T08:51:04.685526
77376bbf818e1c78,True,2024-11-02T01:28:27.858050
2973d3efe505b94b,True,2025-02-11T11:30:12.050078
3b550583fb86c5ee,True,2025-04-01T05:08:35.885562
37b2f7f8ba60e20e,True,2024-11-23T15:27:41.031202
7e948a792e1d4f03,False,
38c0cd4ef88de6a0,True,2024-10-15T09:16:54.184938
7e948a792e1d4f03,False,
337c338e27144cc3,True,2024-10-13T21:03:56.482176
dacf57b465ecde42,True,2024-06-30T14:29:01.413765
7b70ea32c2009f37,True,2024-08-09T13:03:45.080267
d094bbbd15e46baa,True,2024-11-27T20:27:06.164688
1165125634a139dc,True,2024-10-27T22:50:18.232001
9653f5d0c208f26e,True,2025-03-15T23:05:19.494592
eb25f2a964c77a0a,True,2024-08-17T02:02:29.613826
fcade90b4bfc3153,True,2025-02-24T02:12:16.188204
8e5d50fa703f158e,True,2024-09-28T04:35:27.560458
417473ff8f82c0da,True,2024-12-17T05:38:00.836808
59d20a6f2749a615,True,2024-06-14T02:38:13.638507
ef1e6da847b24f15,True,2025-03-25T00:35:35.708482
43f82c28603c6e90,True,2025-03-01T06:19:17.398773
7e948a792e1d4f03,False,
935a1fd458651fcd,True,2024-08-11T09:51:24.751185
0a5658f5d4826eeb,True,2024-07-13T02:56:32.982245
75cf8d5f22ba02d4,True,2025-01-25T05:48:54.883049
58be279d2171ce53,True,2024-06-28T15:19:46.537629
82073b2415b891a3,True,2024-09-23T07:27:52.174070
81b572e3ee8d49c8,True,2024-10-20T09:25:25.843138
aecc9fa0d4ed9a8b,True,2024-11-05T11:28:53.329713
3600a9c73e3a8286,True,2025-01-02T19:57:25.193447
9940e6ea2232a081,True,2025-01-01T16:10:55.613708
fbc5d3041a7e871e,True,2025-02-25T11:11:22.905828
39397f0ef65938b2,True,2025-02-08T01:03:39.913591
a80a0a5ec2393884,True,2024-07-15T03:53:25.581251
8209739d43d31920,True,2024-12-02T16:30:21.108535
7e948a792e1d4f03,False,
1ef24c64b3c616ed,True,2025-01-22T07:24:24.274295
b0bfedf52b0f5e1e,True,2024-12-16T03:12:19.193651
f7f77d2a2c13e49a,True,2024-12-05T15:31:11.161715
2469bf0559a08f52,True,2024-10-17T04:24:04.865450
aa66e37124b8e446,True,2024-10-07T17:58:47.412307
6c95cb5751076000,True,2025-03-13T12:44:12.467049
7e948a792e1d4f03,False,
952054e0af2dd545,True,2025-01-08T11:13:12.041390
76aa06d36a85acda,True,2025-02-15T14:59:44.447762
f051f20e527d7916,True,2025-03-26T22:44:13.764583
eb6e234f854440bf,True,2025-01-10T18:51:31.284760
8012e6b1c22a9330,True,2024-07-03T03:50:45.643975
13b796bef0e7e6fa,True,2024-09-15T05:53:04.749115
9d30ea84fdd8a872,True,2024-12-26T06:12:28.797570
4117c02cf6b8a44e,True,2024-09-15T12:17:08.571892
f5648f00c5b4f65a,True,2024-04-30T22:46:51.716035
d20df8673ffd922c,True,2025-04-17T03:41:54.784989
2715c181d3548b00,True,2024-07-16T16:44:12.161679
36a37b3d206a5b0a,True,2025-02-14T07:37:01.709236
b1505214da757c5a,True,2025-01-31T22:47:54.604529
7e948a792e1d4f03,False,
8204530c661aab40,True,2025-03-14T04:11:38.272653
013daa8530048907,True,2025-01-20T04:10:06.262279
c90be8c2fb21a1f9,True,2024-07-04T16:41:35.253620
1b9214c351b62048,True,2024-10-15T03:26:54.647982
04b755eb40b98e6b,True,2024-11-23T08:04:15.846687
7e948a792e1d4f03,False,
ce6c676def650de8,True,2024-10-15T13:46:45.129215
94b99f7fc24c41c3,True,2024-12-04T03:34:45.911402
5122f829ad338be0,True,2024-05-08T13:35:54.350838
07e937e585664289,True,2024-11-03T01:46:36.508955
542b5cfd342ffd14,True,2024-12-20T13:27:50.473212
88c5708a3ea2311e,True,2024-12-11T21:30:20.332663
7af25fc4fb9660ff,True,2024-11-24T07:08:09.057044
1ab1b983dad0b237,True,2024-05-14T13:37:53.449257
8cd996f03d27c276,True,2025-04-23T01:08:23.461724
8defc083c9209b16,True,2024-08-25T13:37:36.930329
ac23606d05ac5d65,True,2024-12-10T04:16:45.084344
4813bc3302d22663,True,2025-03-07T02:43:44.002568
31a3b9f27ad875f5,True,2025-04-17T02:07:25.436794
b762d70159d1ccdf,True,2024-11-19T07:09:24.513026
caf0c5ec3215633c,True,2024-05-10T07:45:25.245371
dea2c8e38b58da09,True,2024-06-21T03:54:44.944391
3c8993a28f413002,True,2025-04-03T18:41:58.558806
82fd2d4f5c16c4d1,True,2024-08-05T07:43:47.417937
d49b0ddcc3379094,True,2024-05-10T02:04:02.615691
eef429fe30d8d6df,True,2024-07-18T22:33:02.310041
5f6abbea4f08b2f2,True,2024-06-28T08:02:26.448387
640af36ed8137829,True,2024-06-07T07:08:50.134430
e1b7e36c5b8d9a13,True,2024-07-25T16:02:03.449326
5ab4a3bc29dffe91,True,2024-11-07T12:08:38.716887
f69a7d743c74db6d,True,2024-12-04T16:44:58.838288
61c5ae11af577b91,True,2024-05-13T20:07:44.957624
2ff57cf127094b01,True,2025-02-04T15:10:03.888583
4202392c512989f8,True,2024-06-06T05:17:49.467237
16cea1ed777b1880,True,2025-02-09T21:35:50.966218
961bdef2ef1384b9,True,2025-02-08T14:31:39.967063
0bc0ba18713c905d,True,2024-06-20T22:20:39.613371
d7613443aaaffc6d,True,2024-08-14T04:27:28.511602
9a1a9c936fd9a6fc,True,2024-08-08T22:53:28.406409
7e948a792e1d4f03,False,
32a98af648e0d906,True,2025-03-04T17:09:25.719574
28837dac9252fb3e,True,2024-09-06T19:38:21.643713
510ea0ffc832c061,True,2024-11-14T12:15:47.441548
be0f7301fa454901,True,2024-08-30T01:35:01.320801
00f2162a6ee06548,True,2025-01-27T14:16:31.881146
5d1db28a1b1092e0,True,2024-08-03T20:41:57.304236
7e948a792e1d4f03,False,
7e948a792e1d4f03,False,
c7389ce35331fe56,True,2024-12-18T06:23:31.565507
886886c2b76cbb1f,True,2024-07-02T01:44:19.793583
3cb33c3861ed0177,True,2024-07-15T10:16:13.287502
c9980d03603f49ae,True,2024-09-12T19:22:20.178498
7e948a792e1d4f03,False,
0bd55af653622344,True,2024-12-20T12:09:09.873153
7e948a792e1d4f03,False,
7e948a792e1d4f03,False,
e8acee7d941c0b28,True,2024-10-19T18:56:42.532709
b77a22746eba5e74,True,2024-12-02T17:52:23.827220
698100804687b713,True,2025-02-15T09:40:26.792100
3806c3c7c2ca823b,True,2025-02-09T02:02:34.434123
30790fe0bcf4fa20,True,2024-10-24T11:36:47.236977
82b0ea8855348391,True,2025-01-07T21:32:51.665792
39678bcaa32d3acb,True,2024-06-02T08:12:42.165948
3700bf584f138ccc,True,2025-03-31T00:28:30.742143
fbaf8dd44d65cb06,True,2024-12-03T08:41:29.604156
7de78bc155ea04e7,True,2024-05-20T17:53:41.137351
4f38301d638e1c1e,True,2024-11-11T20:49:43.561456
3c9b8397cc736135,True,2024-07-09T17:59:43.129060
cc169894175c7f4d,True,2025-03-17T16:44:04.172711
7195f6a7c6a55c92,True,2024-05-30T09:31:24.092186
80a9eb0a09eaeddb,True,2025-01-05T17:14:25.754840
59f76700f2fc4354,True,2024-10-05T20:05:03.172560
71a94485260c927b,True,2024-08-05T21:50:50.268634
37365989d2ffc23c,True,2024-08-01T20:42:54.964843
c5c23f9788c3b604,True,2024-11-22T21:16:15.761024
c0f94100dfd1635b,True,2024-07-25T01:22:21.142789
12fd132681c0becf,True,2024-11-01T22:15:14.165307
7e948a792e1d4f03,False,
09313d1e3888a0dc,True,2024-08-03T08:43:53.955508
ce0e49e33a031925,True,2024-06-19T05:49:19.647865
c5c12779f1e27e4d,True,2024-11-22T06:39:48.542212
4070c5d7d94e46e6,True,2024-06-19T16:14:29.718884
bb38bb1295164c60,True,2024-09-13T11:29:24.700262
96a9e229168627b9,True,2024-07-31T05:03:52.881004
e1b94bf5daa55dc9,True,2025-02-01T15:46:43.441590
d663fdb9fbc9e6b8,True,2024-11-26T15:22:25.266609
39dbf00070598a4a,True,2025-04-14T18:37:13.598926
7e948a792e1d4f03,False,
eabc2ce104e1a5b7,True,2024-07-28T11:25:47.471315
f1dd3790ac45f691,True,2024-07-29T09:28:15.852975
708ea6c3e6dcf628,True,2024-07-16T20:50:05.891348
399da017c679b8bb,True,2025-03-20T15:15:26.857261
49297134d036645a,True,2024-04-30T00:30:39.532391
9df09d965661754c,True,2024-07-05T01:32:14.869128
e853e39113df1bf9,True,2024-06-09T04:20:22.271788
dd06d2766d767653,True,2024-12-26T06:37:02.819587
8746c35ec0464375,True,2024-08-22T04:03:33.535848
1348a30900980c2a,True,2024-12-30T12:47:55.895626
4a8c42e6436e4033,True,2024-09-06T19:58:43.171935
516b5dd7f882d464,True,2025-04-21T05:49:08.032838
8238f70197eec21d,True,2025-01-14T14:56:03.786157
7e948a792e1d4f03,False,
7e948a792e1d4f03,False,
4f60fe8a62a41a1e,True,2025-04-01T01:35:07.306221
a264bbe67ec17b5a,True,2024-04-29T20:20:20.606627
6b32bb5a157c879f,True,2024-09-07T21:10:47.578451
f9e5756516c8ed4c,True,2025-02-15T03:38:05.349138
cf752e6b68f544b6,True,2024-06-09T05:17:29.905703
e07df475b7375f72,True,2024-09-27T01:24:57.006980
89627d0c68cb8ea3,True,2024-07-16T06:48:42.377499
4c3efea076b1efdf,True,2024-05-29T03:30:54.094270
dbab6126350d073e,True,2024-11-09T08:19:41.992508
753b02d4755f986f,True,2025-04-28T06:34:22.036365
2b13aef71d13ce60,True,2025-04-04T11:23:15.269107
644b85e53d1bfe94,True,2025-01-14T20:55:07.504921
1d2cd21e5a18944f,True,2024-12-30T08:30:35.857703
925bf537a87d5126,True,2025-02-16T09:16:50.681427
7ff2e7bd6bef18e2,True,2024-08-19T07:00:30.236009
7e948a792e1d4f03,False,
9d8ae369d1d98fdd,True,2024-09-05T14:31:59.121225
7e948a792e1d4f03,False,
c5e69f7d7bb34ee2,True,2024-06-19T10:16:34.539917
f1374f143f0c9263,True,2024-10-31T19:28:17.212114
9b5b3556e40d6327,True,2024-06-30T02:54:24.340927
e55a2a2762e4dff4,True,2024-07-04T20:03:42.381072
7e948a792e1d4f03,False,
7e948a792e1d4f03,False,
7e948a792e1d4f03,False,
9ba6d09f5d7d7bfa,True,2024-11-21T09:28:35.606104
06651fc0a792a530,True,2024-11-23T09:06:06.039898
f1f4f89b22aac281,True,2025-02-26T03:00:12.938623
a507b2d645f1e964,True,2024-09-03T11:09:46.808376
69340328dff138aa,True,2024-05-18T01:59:11.768674
2a8c503c7471ad41,True,2024-11-19T13:14:38.111822
e3305f14c92e4241,True,2025-01-10T21:35:19.938577
f12f2305eb153955,True,2025-01-16T16:02:25.096972
9fb66484ff6bec4c,True,2024-05-09T23:11:02.758317
4f27ec79bc5a9cfd,True,2025-01-11T22:39:59.521966
c47c55cfe12062f8,True,2025-02-16T09:04:48.361917
ad7fcfa95e681e40,True,2024-11-06T22:42:18.294706
b70cb561a1c7d27f,True,2024-07-31T22:44:15.558006
ebf22f0089fb63a5,True,2024-05-15T23:40:01.741326
3311c26fa5322346,True,2024-09-19T21:41:29.565372
a474c291d27cebb3,True,2024-12-30T13:49:01.749000
e1871229a7e62d69,True,2025-02-23T06:36:26.168562
253be85bab3d48f6,True,2024-11-11T03:28:07.044196
2207fa3f61eb5b69,True,2024-12-24T00:03:01.352648
305cb46935fc4a0f,True,2025-03-01T10:43:46.638431
65b1037aefdfeb9c,True,2025-03-17T15:14:54.733774
c036da0be5a23a3a,True,2025-03-29T10:17:17.762887
7e948a792e1d4f03,False,
708ced2882076d11,True,2025-03-24T05:00:36.858025
8cc092af0f6eb598,True,2024-09-15T04:30:40.543128
2a1cf24d4a9b0e90,True,2024-12-31T19:14:37.278473
4d7aff0f1a638a90,True,2024-06-27T21:49:05.251423
21dec05cd79171da,True,2025-02-01T23:44:57.596053
a2ea0c82f0d927be,True,2024-11-06T04:20:39.075039
d0c8695a010d2731,True,2024-08-15T02:31:18.768598
00d15c334d04eae7,True,2024-06-01T06:41:48.609119
984b0ba04e3939bd,True,2024-05-18T08:41:12.474128
54e102eb56ebacf6,True,2024-07-01T05:15:41.275186
7e948a792e1d4f03,False,
7e948a792e1d4f03,False,
e95073b7e6de7598,True,2025-04-03T02:15:39.330768
95ac39c383abb177,True,2024-06-11T18:05:55.505631
4352b99b58a77a7f,True,2025-03-04T20:30:04.595430
d6ece2dd5f0da1db,True,2024-05-18T02:11:03.008691
7b95fda97779cefb,True,2024-07-30T13:19:11.136378
96c10c50eb3da061,True,2025-02-07T16:34:04.182690
dd02fc517372f441,True,2024-10-28T03:00:09.767882
7e948a792e1d4f03,False,
9e9d433859aaffe7,True,2025-02-18T11:20:42.492505
13165aaca844b9fe,True,2024-10-04T06:34:25.028157
58be9b695d4c7cc4,True,2024-07-19T04:27:02.261285
ac8feccf416f6fc4,True,2024-11-24T01:59:08.160110
7328a93905f89580,True,2024-06-27T09:46:02.763416
c6b55924fe45a1e6,True,2024-08-20T05:07:42.009876
12d0b597f42ae649,True,2024-06-07T10:47:27.709420
47bd38d2646bbbcc,True,2024-06-05T17:48:25.582971
32927b35831974f5,True,2025-01-19T19:29:32.968551
b2722dfb03030a4e,True,2024-07-28T07:22:18.349480
140c7f4e9a77144a,True,2024-08-28T00:25:22.326941
6e5ef063a538e1b3,True,2025-01-03T20:16:09.371828
8ed06aaca17fa7d5,True,2025-04-19T09:20:02.887389
52230e52466a6b71,True,2024-12-03T06:50:34.897702
14121062ee1ecb9b,True,2025-04-08T10:03:58.661714
6e6c5e5f0ad94848,True,2024-08-02T07:39:52.271589
d205b38bdfc7ddf2,True,2025-02-04T05:09:52.066089
06cf156c854ab661,True,2024-12-10T11:06:00.295909
7e948a792e1d4f03,False,
ad2300f92f5dc4db,True,2024-06-08T19:30:15.472308
ab589b04b76e8e36,True,2024-10-03T08:37:16.066712
28f727398b1639e7,True,2024-12-22T06:11:15.197775
720cbc092ed4f19f,True,2024-08-30T23:44:16.481455
ab673490811f41ff,True,2024-07-02T03:48:01.102069
514014e5ad4d05a3,True,2024-08-16T12:10:01.535943
37a986a8ac891284,True,2024-10-18T18:11:41.927594
9b9948906cdbeb5d,True,2025-03-28T08:41:39.986123
7e948a792e1d4f03,False,
d3dc47e113b2b54f,True,2025-03-30T01:39:26.376544
cce5b8120ab115f3,True,2024-12-25T20:24:56.813076
099d85f9a3e4cfad,True,2024-10-17T09:32:52.735808
7e948a792e1d4f03,False,
90a2ec752f6aaf02,True,2025-03-22T07:34:58.613037
7e948a792e1d4f03,False,
fce9f6f76400fe98,True,2025-01-30T15:05:11.230654
e2dbda2c0b461ed0,True,2025-04-26T06:22:43.744508
913d45879448e75d,True,2024-11-14T22:08:17.337283
41bd35a80e035e82,True,2024-12-11T20:05:38.314106
63b3ef72163ed646,True,2024-07-04T17:26:29.879142
ad0295cc12ca7238,True,2024-09-29T10:14:35.848611
cec0e33f664ec973,True,2025-04-28T03:45:52.393726
1aa35e3bd82dc3db,True,2024-10-09T01:56:48.613779
f1d52aaae6bf194e,True,2024-10-11T04:09:15.669698
5e8577d2cd144620,True,2024-05-21T17:12:27.849461
98b789fdd8e141a8,True,2024-11-14T03:11:02.129377
57585f2ba7b0e184,True,2024-08-04T16:28:04.161400
2ad9164d0bd9b541,True,2024-12-12T01:05:39.258606
8d646526bf9bd506,True,2025-01-31T01:01:31.576108
9a87da736e8ed16d,True,2024-10-13T10:35:40.301915
ad6b3fa153c66679,True,2024-06-28T08:36:43.505921
5584d14ebb749710,True,2024-12-27T11:45:29.041282
9189e1ddf08528ae,True,2024-12-04T04:44:42.035778
201454e589d37f41,True,2025-02-20T23:06:53.287020
b7892a1e9419555c,True,2025-02-03T17:35:03.035082
51ac4e483dbfdb56,True,2024-12-22T03:16:30.647757
5ebfc675758d1844,True,2025-01-13T21:21:51.289009
02e4c71d5e2fbc8c,True,2024-08-13T21:45:33.471465
a745ac89ce47a39b,True,2024-07-01T18:05:30.074471
bef8c06e590edc8d,True,2024-10-29T08:03:58.194253
d01813e228fdabf7,True,2024-07-30T15:27:51.983055
d6234cd484350db6,True,2025-01-24T08:39:06.010081
63f5dfc724ef79b9,True,2024-05-11T00:43:35.851362
8b54d1f8dda855f5,True,2024-08-29T10:13:29.842986
b4330991da0f419d,True,2024-08-21T12:43:08.347370
7db0cd8057660225,True,2024-07-31T23:11:51.518766
2daa11e217a6b70d,True,2024-05-14T10:30:16.111517
0d49dd43af48434b,True,2024-06-15T16:53:13.917529
1c326f1ec4ccaa06,True,2025-03-07T16:09:27.647926
5078fe192f0d00e0,True,2025-01-31T00:46:53.793155
cd0ae4b18e59ce1d,True,2024-06-05T11:01:47.855464
0939f4191900736a,True,2024-06-28T13:31:52.941211
309f470f6d8b0e3f,True,2024-08-16T22:23:04.038836
91d8180371800c44,True,2025-03-03T21:00:17.797972
72b00d0ccd81cdae,True,2024-11-30T02:05:07.949338
d067a21be95fcfa7,True,2024-12-24T15:06:43.249146
53e047c72ea51297,True,2024-08-15T04:05:24.795683
7e948a792e1d4f03,False,
21309695613f3c46,True,2025-03-23T02:46:34.294141
ac701451bdb07184,True,2024-12-14T10:08:22.136935
7e948a792e1d4f03,False,
23fc61a02f5e6df4,True,2025-04-01T08:25:13.425635
65960441966fe9ee,True,2024-07-06T13:51:01.089221
e4657983d66ba51b,True,2025-01-29T19:54:14.052976
c5462889d2074e56,True,2024-05-30T23:12:54.451348
157e741c4ee2948e,True,2024-06-13T13:23:46.833076
2c8b58ba1f9385ca,True,2025-04-07T22:12:14.263336
8553e767f3c30661,True,2025-03-28T01:22:55.065624
8d61962dd81c86d3,True,2024-06-03T06:41:05.455516
2ab904735236daa2,True,2025-02-10T23:05:32.794121
12963f94acab9f28,True,2024-07-01T11:12:55.921827
7e948a792e1d4f03,False,
efffbd2181063c21,True,2024-05-07T22:17:16.048416
14ffe15c3a286bbe,True,2025-03-15T09:26:56.051630
8a908451554a7204,True,2024-10-08T20:51:48.714270
a66573e5fb66e3f9,True,2024-08-17T05:37:06.298187
55b70625846714e9,True,2025-02-23T17:54:37.410455
dcc3e27d3ea36770,True,2025-01-31T20:38:31.944591
c202fc4767d5cc2a,True,2024-10-28T21:35:52.277249
11c4fcaee99c7854,True,2025-02-23T23:32:35.245234
64a31323bab4d7d2,True,2024-09-19T23:27:31.367309
7e1b361560c54d1a,True,2024-11-14T15:58:00.108018
f2b4e751e0a7d30b,True,2024-11-19T02:06:41.084978
7e948a792e1d4f03,False,
d31d8a106e7c6ed1,True,2025-02-28T11:38:10.182100
d53ae7f2cb3c945d,True,2025-04-11T15:14:55.794110
ba700f46a6ed69c8,True,2024-11-06T05:06:58.543950
7e948a792e1d4f03,False,
dc646505123a860b,True,2024-12-04T14:51:36.479634
7e948a792e1d4f03,False,
3c6d98dc73c8e775,True,2024-06-21T03:22:34.759650
cca199f1d7c4cfd6,True,2024-07-27T06:48:11.408439
7e948a792e1d4f03,False,
debb431f65126131,True,2025-01-15T09:20:56.707546
fcb7f45cb3d03552,True,2024-09-05T17:30:54.033053
923195b295e8f17e,True,2024-12-27T22:59:45.417503
7e948a792e1d4f03,False,
d3213bcd8ecfe993,True,2024-11-14T12:40:49.152365
fc7c0990fb928001,True,2024-11-14T22:19:55.908311
a28e684ea07bddae,True,2024-09-30T08:37:47.127827
3ef34d22fbc1958a,True,2025-02-27T09:16:56.402316
7e948a792e1d4f03,False,
3dafef524e10b3ca,True,2024-07-06T05:31:48.138655
c2be29cdc7f6434f,True,2024-08-23T22:24:28.535265
b10a44459d2b3a58,True,2024-06-03T05:38:10.162316
7e948a792e1d4f03,False,
26696d6e39411e07,True,2025-03-28T23:34:36.664945
bf1689f43ec45904,True,2025-01-31T10:34:25.747306
d3befaeee516ed93,True,2025-02-01T04:17:40.180475
2cefed4cddfe22c9,True,2024-10-07T18:50:42.407439
1aa2cb822c3d0e37,True,2024-07-30T21:00:09.005335
b6d8dea25c7396b7,True,2025-02-24T03:49:31.632662
1a866f983ce38089,True,2024-07-24T12:51:04.392885
5bfe5bd70eaf9b22,True,2024-09-12T03:50:58.817514
d65f939538557756,True,2024-08-28T06:17:16.382963
08799d54eed37048,True,2025-01-23T22:43:22.224459
e1e9c7e9b2356ec0,True,2024-07-14T06:32:39.673274
08b9c8268e447038,True,2025-01-29T23:58:31.247158
8d2ff7dac181e68e,True,2025-01-14T05:55:11.902480
c18d98b8bfeb463b,True,2025-01-04T20:06:25.857113
b01da69a9e4333b4,True,2024-09-21T00:33:03.866092
fd3dbce27d0aa677,True,2025-03-21T12:16:30.439015
d1f80b06802aeac3,True,2025-01-27T03:10:14.750690
4d407ba539c30277,True,2024-06-20T09:04:03.877535
4b25986549c80bca,True,2025-03-11T23:16:57.330274
d31e9a76832a2a62,True,2025-03-01T02:40:57.283981
ec0847d23e39c680,True,2024-11-05T22:36:54.124753
81e94e50a960819b,True,2025-02-16T13:23:36.963826
ff7d9f61ccddfee7,True,2024-12-21T06:43:07.807677
3fc2d3305efff0bd,True,2025-01-21T15:24:41.671044
57ad2d38237f8b95,True,2024-09-12T08:04:52.282948
5e31c35136fd9469,True,2025-01-20T08:17:57.229979
d4de76e187813d59,True,2025-03-05T00:51:16.527749
7a7a0633111a55fb,True,2024-07-05T05:51:20.683930
35dc86f98374d051,True,2025-01-12T18:52:29.423383
013840d9ad0097a9,True,2024-08-06T04:03:52.360799
10d8b324f5f314e1,True,2024-11-23T05:35:03.046595
cb59e49f7bf39a26,True,2025-01-03T12:45:21.827212
02820806c7ae3990,True,2024-07-10T11:46:29.133101
94e6c643bb51560a,True,2024-09-05T01:13:51.357952
838396593bf63ff7,True,2025-03-11T09:40:53.040797
6e6824514d80f298,True,2024-12-20T19:51:50.034257
7e948a792e1d4f03,False,
174acb78717ea497,True,2024-09-19T00:47:52.807733
b322f60a6d231ad5,True,2025-02-07T17:36:06.829219
7e948a792e1d4f03,False,
7e948a792e1d4f03,False,
d9819f1a33f11c31,True,2024-09-28T14:21:51.443962
47c74f9214acf329,True,2024-12-09T21:04:23.966213
0ad12626d44ba7ee,True,2024-12-12T09:21:09.854934
358162a04e4a9909,True,2024-12-18T21:47:41.218477
6553bb1f0303cbe5,True,2024-10-03T18:30:27.981717
7e948a792e1d4f03,False,
bebf359511321b13,True,2025-01-09T22:24:02.318614
33755439e3ed1f81,True,2024-06-27T23:52:24.542156
e102c5e3596eaa1a,True,2024-09-27T11:55:27.197004
50c0c7dadf936c73,True,2024-10-11T00:57:34.487199
c71a09c38f9f5011,True,2024-11-09T03:49:53.204695
3fd1b2b1a676fb1f,True,2024-11-25T13:58:29.725056
7893af40aecbb0e0,True,2024-09-16T21:53:42.487652
fc3aa7c9466a2a6e,True,2024-05-24T05:15:48.319958
efa0ad673445f46c,True,2024-10-24T18:28:59.995111
6ac2155911eaf82c,True,2024-12-21T10:41:33.980049
de97ab725633c0c6,True,2024-12-20T08:58:11.883158
7e948a792e1d4f03,False,
2021220aa8780bd4,True,2024-08-24T16:01:30.233346
eb98fb9696e6546c,True,2024-11-06T21:54:31.714715
cedebbf56580f545,True,2025-01-07T22:12:27.166633
472e9e54df50bbb2,True,2025-01-08T15:31:38.667233
4b1b80420fe409fa,True,2024-05-06T03:31:37.940784
21a01a7f6e6e1c75,True,2024-10-28T20:40:11.977204
854d8b659ad887c0,True,2025-02-09T00:22:28.700143
605cbe74f086b68c,True,2024-07-15T10:38:53.278001
9bd7b2d5a488e110,True,2024-05-29T03:28:15.228225
9b6812c126371f7e,True,2025-01-01T00:51:38.091403
dd907e9380ebd2f0,True,2024-10-21T12:38:42.886262
0308f0b88ecc30b5,True,2025-03-06T14:22:47.699813
74e0134646fa8235,True,2024-12-14T08:51:35.936108
15f2ec3da178476e,True,2024-12-30T16:30:35.528093
d1cfbc9421d9e6bb,True,2024-05-19T12:59:03.895690
b82d195f7eea85dd,True,2024-11-11T12:14:33.175056
7e948a792e1d4f03,False,
3e087637bc33d83e,True,2024-11-20T00:31:12.550500
9b69919e591e2015,True,2024-10-12T08:26:48.747044
8431e8972ab382f3,True,2024-06-06T12:03:56.619743
9ed0e9c89fec337e,True,2025-01-13T10:10:13.204568
7e948a792e1d4f03,False,
faed6422af7c0ee7,True,2025-02-18T17:10:32.760330
2bcd433e93ee04e5,True,2025-02-16T22:57:29.493091
f790444b2ac0a357,True,2024-09-12T10:32:19.763916
fd995f4dde179c67,True,2025-04-08T22:20:24.670489
7e948a792e1d4f03,False,
49c274bc34663d24,True,2025-03-13T16:49:03.480144
adb15264a9d5d872,True,2024-07-23T19:02:19.630045
337f18536a109b18,True,2025-03-03T06:55:39.084308
65572c046a967a67,True,2025-03-12T01:10:18.387831
deccaba7687f7f08,True,2024-10-03T11:42:46.401668
483183b6cf1a39be,True,2024-09-03T12:17:00.292511
47446f2be67123d7,True,2025-03-20T02:13:16.677055
84a7450bdb5b7ddb,True,2024-06-20T00:47:39.985331
e19aaea3b3afafb3,True,2025-02-01T18:51:58.397795
7eb1cdb487ff7cfb,True,2024-11-07T22:03:47.929432
d57cfb27cd294e03,True,2024-05-22T15:12:01.003414
b55fbd31bf0f8974,True,2024-10-07T17:24:45.557719
f4f31a23cb04c595,True,2025-02-12T14:56:50.907111
405b23ec243aff80,True,2024-12-31T03:33:22.699662
519c82db21003393,True,2024-06-27T12:57:14.316529
728fe464e7acf7fc,True,2025-04-18T18:37:24.744594
bdb2eb2d125392e3,True,2024-08-06T08:48:26.622964
7e948a792e1d4f03,False,
920660f000985ccd,True,2024-06-12T14:48:27.857803
e33ac39dd88e8f78,True,2024-11-29T02:59:11.061155
c6439999a118825f,True,2024-08-24T11:04:24.164110
85ae484237d1366e,True,2024-08-25T07:24:41.740733
3d7680578e51c487,True,2024-11-29T07:14:39.656935
a6f5c17604d2a428,True,2024-08-02T14:57:11.034168
3d2143b54898581a,True,2024-05-19T08:59:55.889797
dfa6aba6240ff502,True,2024-08-13T22:41:04.934770
20fab09f477d565c,True,2024-10-14T20:19:48.929515
6af57a85dddee7f3,True,2024-06-27T05:09:08.146367
f1f71abcb00083c4,True,2025-01-26T07:07:46.185561
a394651b48da387e,True,2024-09-01T07:05:42.961099
431aec3f9d75d1cc,True,2024-11-24T23:25:32.413760
fa6b3fdb01815f67,True,2024-09-12T04:22:25.817699
5da77bfe726a2d48,True,2025-01-19T02:22:03.024492
4e2ff6feae163225,True,2025-02-10T15:32:21.341442
7e948a792e1d4f03,False,
7e948a792e1d4f03,False,
9f7b17f3c8130d9c,True,2024-09-06T19:48:34.601682
7420870d2a996dfd,True,2025-02-21T02:30:39.825613
626f6f2c923ed3cd,True,2025-02-03T16:01:26.565146
44646df68387995d,True,2024-08-18T14:18:49.518932
e203fa0d65f3ad1c,True,2025-02-24T10:38:53.661567
f3d2ed69d24600e1,True,2024-06-30T20:54:44.316682
9504fd5268b6bd33,True,2025-04-10T03:24:54.337471
1be0b4b8f62d6cda,True,2025-04-17T07:54:17.024501
7d169d2ed4977d38,True,2025-03-07T04:48:45.979467
7a5ee69cf3283945,True,2024-05-06T16:59:42.122976
7e948a792e1d4f03,False,
7e948a792e1d4f03,False,
f40a1708535266a0,True,2025-03-17T17:22:59.670857
a08e774c770f084d,True,2024-10-07T03:53:58.723148
bfc1f24331bef0f7,True,2024-10-30T16:39:44.941716
e29c1b908385d6a3,True,2024-05-11T16:53:36.382783
16c13925f8f9d072,True,2024-05-06T13:33:31.005064
cb803aaf469907fc,True,2025-01-26T09:27:59.384473
69bb7aa7887e42fc,True,2024-10-14T07:27:18.780543
1a9f46a7c70acdc8,True,2024-06-04T15:10:51.232764
abcd58563a3dcdea,True,2024-12-27T07:53:09.471580
7e948a792e1d4f03,False,
2bf3a4d616bb467d,True,2025-01-26T09:10:16.478965
c930e745ff1e625c,True,2024-07-17T08:34:14.545380
10ee9c8962f8dd25,True,2024-06-01T13:04:23.580538
2bf16764b89d2331,True,2024-08-10T09:46:33.331589
e5fddd2900870d9f,True,2024-07-30T23:47:34.028461
ed5db9e24da5db50,True,2024-07-07T11:52:04.169893
42a4a5f196206175,True,2024-09-20T15:03:30.782546
5fc60533dae46984,True,2024-07-31T16:20:26.842191
bac6fa478fdb349f,True,2024-09-13T09:45:07.869274
10914b6d65550ca1,True,2024-07-06T15:16:09.611487
ef2b0d047ca35c4d,True,2025-01-01T22:45:49.398314
4651ef8a9251cbaf,True,2024-07-03T23:32:15.117568
7e948a792e1d4f03,False,
7e948a792e1d4f03,False,
657458587b1202a6,True,2024-12-06T00:52:41.038753
038122b338a5324e,True,2024-11-17T22:46:07.886190
b80f089894f934f4,True,2025-01-28T05:46:59.212272
acae16b391a9a549,True,2025-03-07T16:47:27.894351
9eeac811f3da7547,True,2025-02-05T21:36:26.323021
e2a48205fa40c684,True,2024-10-09T06:17:33.483126
2c3e76fc03bf5838,True,2025-01-05T22:33:19.234782
2a1304b939cbdec6,True,2024-08-27T22:03:39.129087
7e948a792e1d4f03,False,
5ee0fb1d288d5055,True,2024-06-17T20:50:56.246574
7008dd73bedb5402,True,2024-10-21T01:28:38.254844
5ce7f33bae933bb1,True,2024-05-13T12:36:56.716702
5cf68e8f98015d17,True,2024-09-10T18:26:07.032676
b8ba6648e0c2d370,True,2024-07-30T00:38:29.349795
7e948a792e1d4f03,False,
67d49f9dea15395f,True,2024-12-19T15:46:42.843360
dcaa2a10aa289337,True,2024-05-01T04:07:48.836641
2338bb33efab4aac,True,2024-10-25T10:46:34.946982
d447718b46c63ffe,True,2024-12-27T07:02:57.559371
adb341998718a7a9,True,2025-02-04T00:13:38.344991
8cfd2e8193c33c79,True,2025-01-23T23:43:45.545840
4cfdaf2719e3f399,True,2024-10-30T12:56:49.135559
4ed475b37edd111b,True,2025-02-02T09:19:25.786313
1a9b39920c63d256,True,2024-12-30T21:58:53.358262
7e948a792e1d4f03,False,
bfa17dbf84f1e421,True,2024-06-08T00:18:23.741162
98e0236bda379a7f,True,2024-05-31T13:15:20.067129
1888718c028efaad,True,2024-09-13T16:55:50.202809
7e948a792e1d4f03,False,
220bfbd3c6eff4d6,True,2024-05-04T22:26:42.416081
33c7b27fe1123be4,True,2024-07-08T06:28:24.955346
53ea4c58f2538857,True,2024-07-23T13:28:53.991808
38d69a572ab646d1,True,2024-06-23T02:46:26.502495
135872a96ad41d33,True,2025-02-23T03:33:26.102830
d8f91f0eeb8338ae,True,2024-08-02T02:01:50.239724
f61752a65f82368c,True,2025-02-23T22:09:56.882777
7e948a792e1d4f03,False,
4a66c829e8683e84,True,2025-03-21T07:16:52.988928
235a38100ac167d1,True,2025-01-16T14:19:36.365875
ad954daa7f321595,True,2024-10-15T13:15:41.346118
81f7b4dfda94cf29,True,2024-12-11T23:35:47.653950
97f44bbfe299d8e3,True,2025-01-27T11:30:29.471220
7e948a792e1d4f03,False,
b1b68dc1cb66f1a1,True,2025-04-21T04:17:14.467736
0ab4710748b365da,True,2024-07-29T03:31:02.714766
d56902307bf99637,True,2025-04-10T21:59:10.880686
a5db9054f1e58820,True,2025-04-09T14:48:11.409364
7d316fff39a00f42,True,2025-03-14T04:23:53.704997
56fcc4c87df4ba16,True,2025-03-10T19:23:01.640373
c7b1280b2c7e3fd1,True,2024-06-07T12:12:55.312187
6b82059d74d7b2ac,True,2024-05-02T09:53:54.966317
1d9ca0c1f3555aa6,True,2024-06-11T22:11:15.812131
58964b2b1bc03bb0,True,2024-12-17T12:24:37.384479
7e948a792e1d4f03,False,
7fd408f3a7ed35f1,True,2024-05-17T14:18:21.737802
2dc482f48cc3c8cc,True,2024-12-17T17:09:02.585580
53e834939008c5ea,True,2024-12-28T12:15:10.663209
55f2c2db543a6584,True,2024-05-20T20:12:41.515266
0f1b0b2d204916da,True,2024-06-20T19:58:21.486882
5abd47953ae70ffe,True,2024-08-31T03:35:29.603888
6b97e2ca9b9f63f0,True,2025-03-12T13:50:02.042516
14c232174fff7749,True,2024-10-13T07:43:58.980358
85fb9f8437475513,True,2024-06-05T21:37:58.873387
942bd0c2fe1a36a9,True,2024-09-20T10:52:24.490450
8b52d1868da69740,True,2025-03-18T15:44:25.473516
262dc75f4ad9f259,True,2025-03-29T18:06:13.344352
25c0ba6d673e37bc,True,2024-07-12T11:59:42.992051
b3f421c4704fb7ae,True,2025-03-16T14:01:56.062902
7e948a792e1d4f03,False,
7e948a792e1d4f03,False,
818ebfad7962e5bd,True,2025-02-27T14:44:07.399809
4b5b53447095797e,True,2024-08-04T12:25:38.939116
ac826d897b41ed4e,True,2024-05-18T04:40:25.399335
4165d4d12dae8c61,True,2025-01-01T20:43:54.023587
04274951b9dcb1b7,True,2024-07-28T22:17:53.081221
a741e833101561fc,True,2024-05-30T23:01:53.575507
4508d648faa4cfbe,True,2024-11-25T10:59:45.128115
01ce21abdabf49c4,True,2024-07-15T11:23:18.816453
f1bd7b97a89f9621,True,2024-11-17T04:14:53.490423
7d742b23b8a400b9,True,2024-10-21T21:03:53.928174
0c60371540b35636,True,2024-09-09T18:48:39.953039
2e0b75962483dddf,True,2025-01-10T11:30:40.986055
d03c02541149a387,True,2024-10-07T17:20:30.855162
0b6acdab1d164b20,True,2024-06-30T19:26:39.347269
7e948a792e1d4f03,False,
3dd335be01de7cc5,True,2025-01-15T12:12:51.674419
7e948a792e1d4f03,False,
9eee56d974f8f86a,True,2024-07-11T15:24:56.948601
7152cb2d84a1f7f7,True,2024-12-18T19:45:10.503156
69da84022f3e70bc,True,2024-10-16T10:58:06.900018
b5ce5f93d8eea7d5,True,2024-05-07T09:17:48.616512
115b4296a79a3630,True,2025-01-28T15:01:31.526664
c34f6a28593f8a04,True,2024-05-16T04:26:06.430542
989d91f785a49d78,True,2024-11-19T06:46:35.256792
e92244d419e0b12b,True,2025-03-24T18:00:17.186234
ab89631b3209e7db,True,2025-04-16T01:12:35.938031
c355cba477a90d9e,True,2024-06-19T07:53:46.999965
67f48d0ad5933c4f,True,2024-10-02T01:55:59.542486
2b9c524a89e5b733,True,2025-02-06T06:35:29.650085
76890f70606f60e2,True,2024-11-02T11:16:39.222054
f57b8907ef6e33b1,True,2024-09-13T14:22:46.763391
673f9e167319deea,True,2025-04-06T14:25:45.218783
df8db719dcce6830,True,2024-12-28T08:28:07.125514
0e823a70afd43205,True,2024-07-27T00:13:14.283430
7e948a792e1d4f03,False,
f6eea67e72b8c48c,True,2024-08-22T07:26:43.501085
397c46a8bf592861,True,2024-12-28T07:36:09.110621
7e948a792e1d4f03,False,
9f992df82f1e1a18,True,2024-12-14T15:13:57.447630
9802f4cd17bffb26,True,2024-05-08T22:23:40.853039
70edce1c82a2e7b3,True,2024-05-13T20:00:56.004464
6b6227575f650199,True,2024-09-03T06:04:05.049543
9c8009a25f21facc,True,2024-09-05T16:52:38.824232
de533d65e1a94d42,True,2025-03-27T08:00:17.741217
e7a2022d11bddaf4,True,2024-10-02T07:14:50.604652
dbf54f878a38cc94,True,2024-07-22T20:08:19.931412
42b1fe6dd091b954,True,2024-10-28T20:21:18.935908
b6edf1481f9e72cc,True,2025-04-27T20:18:41.165134
5d1659735818dbf1,True,2024-08-04T15:06:53.017004
11bb744ce8195eb3,True,2024-08-22T14:59:31.728960
22de4591dbdd6fdb,True,2024-06-06T22:25:50.314609
e133e366cd7eae1c,True,2024-10-09T09:26:19.683551
5e48c7ad84d23ee6,True,2024-10-22T09:59:53.670759
12b6cc8970773dab,True,2025-04-13T01:42:13.603661
93c610de906b9d60,True,2025-02-25T03:05:57.879385
74c74639444a9e9a,True,2024-10-26T05:56:57.135915
f93c20f7c5855b24,True,2024-11-12T12:32:31.116315
83cc3c16cf708680,True,2024-07-28T06:02:43.009567
8ea8de4e61390ff3,True,2025-02-21T20:16:59.853530
7e948a792e1d4f03,False,
617503da582553e8,True,2024-12-16T09:13:41.438249
aff6fef5e4057e27,True,2024-04-30T03:01:43.777886
5900192ea38a113c,True,2024-09-18T00:14:47.839731
132d75af5a99d87d,True,2024-11-04T21:35:18.358042
ff541a382c301c96,True,2024-08-23T08:08:06.231401
7e948a792e1d4f03,False,
7e948a792e1d4f03,False,
a3348052ae2393de,True,2025-01-21T10:38:22.640352
ede801eeeab624bf,True,2024-08-27T03:38:20.879840
e5d9898b593dd3bd,True,2025-02-01T01:18:54.032524
a4f40e630e86c65f,True,2024-05-13T00:24:30.657697
70fbac47f74398e1,True,2024-11-27T04:12:35.674895
26a5bc0bb6739e25,True,2024-12-07T03:16:40.966496
ef990a69c8b47b07,True,2024-09-27T16:07:52.094975
08314d66069b305b,True,2024-05-29T20:50:45.811732
7e948a792e1d4f03,False,
8d00a6b87b9bc662,True,2024-05-03T09:26:30.552219
97264f8d46281250,True,2024-07-19T06:54:45.664558
cc30ecf25ef39c52,True,2024-07-22T10:06:46.212877
65053476d98d12f6,True,2024-10-10T17:53:53.659001
0e6e3b601fe11008,True,2025-03-10T12:13:57.850707
306e4fe50fc7b89a,True,2024-10-11T19:44:32.418933
a8f6c14019f97bc1,True,2024-06-14T19:16:20.663932
697058f1864394ff,True,2025-01-17T11:10:40.564050
b2a4cb2286a3010d,True,2024-09-14T22:55:12.517293
97840bab2a4a774b,True,2025-02-02T20:50:52.598422
1f7d79fedee86fa0,True,2024-07-13T02:21:17.341092
0f4b955abf7f490c,True,2025-01-23T17:34:00.316375
97b38454b8624e65,True,2024-12-11T02:20:05.691027
286171bbbb5f66d1,True,2024-12-27T21:17:24.945822
0a0c56b52a90b6d7,True,2024-10-05T22:51:14.754946
2ff2dcc6dddc1bfc,True,2025-02-05T19:37:16.679562
7e948a792e1d4f03,False,
393535ac0f1abccd,True,2024-08-29T14:39:56.249379
bb2b628adcc137e2,True,2024-06-29T03:58:47.804871
87c78771160a48ab,True,2025-03-04T13:28:31.998489
1bceb0fd44f2cc1b,True,2024-05-26T14:46:08.133035
a94f527fc97fe4ea,True,2025-02-27T19:07:23.946562
d450084d30399129,True,2024-06-22T13:24:34.538299
3deda8cdb19e43c9,True,2024-07-14T09:00:40.132114
15041c870140a28f,True,2025-02-13T20:34:35.676333
f792631313f6ccd3,True,2025-04-23T11:49:25.929998
de75c7ecbf210406,True,2025-02-04T13:24:52.810099
2f2a9c1864c15ac0,True,2024-11-26T15:08:42.030015
7e948a792e1d4f03,False,
1a0696ebab1d0ec0,True,2024-08-23T04:59:10.599316
529eda03bee23afb,True,2024-07-31T04:54:45.358222
216721cdfca0fa41,True,2024-08-15T16:14:06.523345
bb6c9f39836e5283,True,2024-05-09T22:13:16.209134
56ff17e2043fa592,True,2025-02-09T13:17:41.852901
f78b45e30f389b4c,True,2024-08-23T10:25:56.208989
ce8f92b606e0e67e,True,2024-08-11T18:26:10.729785
faff5b6508ea52b6,True,2024-05-03T19:10:37.880601
d193d869ac5bbd73,True,2024-05-31T13:14:41.936761
495791f7b865344d,True,2024-10-08T06:13:14.480127
8290b584221aab48,True,2025-01-22T02:11:31.469723
dc0c79b175be2011,True,2025-04-12T16:46:21.009653
589bd024382c5493,True,2025-01-18T00:49:45.477044
705377944afe2b1c,True,2024-07-25T01:56:51.089528
6a99f245fafc060d,True,2024-12-09T09:42:34.928839
0a6fb12a6749b878,True,2025-04-27T20:23:59.974853
c0f42603505706d6,True,2024-09-13T08:04:08.597388
79c7f7e76e9e1b06,True,2024-11-17T08:12:36.737238
a283e560ea71849f,True,2024-12-02T11:05:42.568735
337a7cfc2e8e25fd,True,2024-07-18T20:40:42.535698
4c43f3b105ce8e0c,True,2025-02-15T21:06:20.233387
fb9b6b97e5053c41,True,2025-01-08T04:17:35.742014
86d873e1e3403ef4,True,2024-10-15T00:33:41.573695
ee31b2e9dd28dd57,True,2024-09-10T10:33:07.013200
091b1ef96c14b9a4,True,2025-02-03T14:59:55.005418
cea1c4e6cef1f059,True,2024-06-01T01:28:43.724958
a68331e397624e22,True,2024-08-10T08:57:23.137752
d493a668e02ff6da,True,2025-01-19T11:06:00.616113
a4a6f63a4faf630c,True,2024-12-24T04:04:47.518589
e33af898cdea3c7e,True,2024-05-13T13:20:15.015046
129ec53238072ab3,True,2025-04-18T09:33:29.985628
2bb20a5b834ccb8e,True,2025-04-22T05:08:01.635708
5474fe8d447a9252,True,2024-12-13T08:13:38.303911
35677b989f79822b,True,2024-10-09T18:10:47.962094
fceeb4a809b7c272,True,2024-10-03T20:42:33.532149
559df065fa0b6b66,True,2025-02-01T17:04:29.880645
7e948a792e1d4f03,False,
31633bd662b200d8,True,2024-08-14T18:14:03.149810
27c715b7cdac2b59,True,2024-10-17T22:57:58.384781
d7ac9f1fc2aeab6c,True,2024-06-18T13:42:22.429388
5f5fb6196a177268,True,2024-05-18T01:03:15.773776
bafc8123a020d0c4,True,2024-09-08T03:19:46.431373
c6d53fe0703528d1,True,2025-03-18T13:17:58.004179
f26ea20d6664bb6d,True,2024-10-22T05:40:59.843235
20d08969c3a4e1e1,True,2024-09-23T06:28:21.351945
7e948a792e1d4f03,False,
3de1daa59e883378,True,2024-08-23T21:14:35.577389
3b2743ca333afede,True,2024-05-13T03:58:58.376877
4e4991cdc8aa7b7f,True,2024-11-01T07:34:37.167992
70b1927af8a70418,True,2024-06-03T18:33:47.398706
9d75f813c4b02b61,True,2024-11-08T22:12:26.706124
c5d0f46b56904ae3,True,2025-04-12T22:58:18.661436
fe5083cd9304ef9d,True,2025-02-16T20:33:33.864378
d31b1ea8c0f3b0b5,True,2025-02-17T01:51:33.887033
3ab2d0fb619e1b5c,True,2024-09-17T11:32:33.284178
e42b98a3784ea968,True,2024-08-29T21:26:32.183292
8f758b4c6daefdf3,True,2024-11-16T00:02:34.997369
b0e549bb51456b95,True,2025-01-29T02:49:15.995253
6cc064a0f1c49577,True,2024-10-04T19:36:25.567386
c38c2d8f0da9b0c2,True,2024-12-16T08:17:11.888445
9aa40bd44bfa571f,True,2024-12-25T05:47:06.442735
46518f0034678ec1,True,2024-07-25T23:23:06.157202
b98a49c22a18b2aa,True,2025-02-18T00:21:52.228305
c5742788527d5c40,True,2024-05-23T23:44:56.574476
1e85dec416dd39d9,True,2024-07-22T17:11:35.118582
387d0150e3f9499e,True,2024-12-13T17:17:10.710525
091fbc190590e64f,True,2024-07-11T04:31:34.322812
388d05ca3c7a863b,True,2025-03-11T22:53:33.416564
000779dc5ef407c9,True,2024-07-26T21:31:25.816034
ef7925c2185f18f2,True,2024-08-31T15:31:32.345867
d3f2ab9c76210771,True,2024-12-11T07:16:52.996327
2cb869df109d07e3,True,2024-10-11T22:03:34.306875
35b51701a6cd863b,True,2024-12-09T17:33:47.002315
c89cfc67d398c1f4,True,2025-04-06T20:14:32.698586
4d42a0ece935bcb3,True,2024-08-24T09:28:17.714760
c6e116374de857e4,True,2025-04-11T00:22:49.502854
f53ff8987c4130ff,True,2025-03-16T09:10:34.701473
e29c8c5a571ebfd6,True,2025-02-01T10:48:51.250206
18b5b2cac4bce028,True,2025-04-26T00:48:13.772681
8288efb8b0b17fc0,True,2024-10-04T18:59:18.514252
b035fadacb66b0e4,True,2024-08-08T02:20:25.016809
7e948a792e1d4f03,False,
85c8b9454fa828ed,True,2024-09-29T00:23:35.902114
258852ff49c0a27f,True,2024-06-30T02:42:13.694810
66d042a5aae0d17b,True,2025-01-25T15:13:51.402214
6e27bd6d4552d09e,True,2025-03-21T02:19:17.469267
914e20f2c3724197,True,2024-05-28T20:07:46.277605
417aa803ddcff144,True,2025-04-09T04:18:13.738573
f5ab72fdb095c0ba,True,2024-10-22T18:14:16.321798
669e0f1e6440de63,True,2025-04-01T16:17:23.316791
6c36f3f6154a82d1,True,2025-04-10T12:12:45.143442
5ea66d69fd119af0,True,2024-05-07T06:38:36.681272
397c99bcd0de3cbe,True,2024-10-23T16:12:11.904952
27d55f5e3c9d0c5b,True,2025-02-05T05:44:32.820639
f9f09297cb8445c0,True,2024-10-03T23:27:01.169868
40833c55c97ffffe,True,2024-09-16T05:13:09.937841
e3b90ff43cafe5c8,True,2024-05-31T22:10:07.569292
e1534809783ce7f7,True,2024-07-27T16:46:52.660138
04911eb9a908fd31,True,2025-04-04T12:20:19.369771
53bf66e3d2acdeeb,True,2024-09-11T08:07:36.965344
a93b390f183f449e,True,2024-12-26T16:07:57.525849
5afd3dfdc8e7e5fb,True,2024-09-26T06:43:13.441181
c2559873bac994e4,True,2024-06-13T07:18:02.383582
91f7129238b93f8c,True,2025-03-07T12:36:44.806118
be074f97b27d3083,True,2024-05-20T14:30:45.513700
c5cfa1089a850318,True,2024-10-24T01:59:53.362374
3c4b8c580cd806e5,True,2025-04-18T13:27:28.130438
d5e304a8a7b0e779,True,2024-07-11T09:07:19.215218
780a51e74eaeffc4,True,2024-07-18T01:36:30.691834
7a4c0ce4ea284bdc,True,2024-05-12T22:53:23.237646
7d9a50813de86b36,True,2024-09-15T01:23:28.450387
e154ebf82268740a,True,2025-01-05T13:15:36.188625
7ca9814193b99a80,True,2024-08-26T23:49:58.835197
d2489febf73cd648,True,2024-12-15T18:23:48.787495
6ad7741a7fac535c,True,2024-09-10T12:21:43.491052
ba7e2564c58d72d6,True,2024-12-26T07:36:37.666762
b04847235479f425,True,2024-11-03T08:48:42.449918
feb98da95d3d7c38,True,2024-12-26T13:24:41.415311
d6716932a43117cc,True,2024-05-23T05:59:45.769138
b59e4c2be67d44aa,True,2024-06-14T09:04:38.057853
7e948a792e1d4f03,False,
98749bdc329441d8,True,2024-09-20T18:29:39.476955
071fc256537a2d12,True,2025-04-12T13:28:46.850627
8024ae5b8102a635,True,2025-03-09T07:50:16.629897
4ac4433383cbfec1,True,2024-06-05T07:39:59.777121
7e948a792e1d4f03,False,
1672c8e712defe5c,True,2024-12-13T00:21:44.689791
d1507acfec935cd3,True,2024-08-16T03:46:58.778507
2471664bef80b18d,True,2024-11-18T15:07:22.473084
7e948a792e1d4f03,False,
095825740d0a3959,True,2024-09-15T21:49:56.189652
31c755178874c2d8,True,2024-07-28T17:40:27.749026
6b47c908b437fb5e,True,2025-03-12T07:36:53.584451
122c3c278cf77581,True,2025-02-20T04:12:35.956480
f28129992440f303,True,2024-07-22T04:18:26.433079
20d4627e3485bee7,True,2024-08-26T03:59:18.369515
ab5f8b9da76b8255,True,2024-12-29T16:52:54.160346
ee629e183ef6d6c4,True,2025-01-04T07:23:52.877815
f9de76000a0b8ab8,True,2025-02-05T14:53:05.103834
7e948a792e1d4f03,False,
e88fafe3e440198f,True,2024-10-24T00:07:56.512525
c91f5101b6217d3f,True,2024-12-26T06:33:48.901432
106d7bb1f86d311f,True,2024-06-30T21:03:37.442692
b44eb1ceab150c92,True,2025-03-15T03:08:00.287568
aa6a9e4ad3462593,True,2025-03-24T17:51:08.095266
7e948a792e1d4f03,False,
484234f6998da413,True,2024-10-09T04:15:51.166759
e5a21afb58ad4dc5,True,2024-06-02T05:25:59.931710
22e63764f6c7a016,True,2025-03-24T23:21:01.548646
04efba8e87230e1e,True,2024-07-04T21:26:49.312456
62a4cc515c857bdf,True,2025-04-03T11:34:10.552814
241b1b0b94f10454,True,2024-06-18T16:02:11.515509
9aab6dabb580515b,True,2025-01-19T23:10:05.010119
f93f79dcc0e42c69,True,2024-09-19T23:05:38.889632
83896aca5be9fff9,True,2024-12-07T00:59:09.584368
fc2ab6441ff63035,True,2024-09-14T09:20:13.561687
b9efaca478562767,True,2024-09-12T18:19:37.061897
2178999497c46525,True,2024-10-25T21:14:38.377167
818a159f3cc493d3,True,2025-03-13T12:24:53.767183
d3f8477a70c4d156,True,2024-11-10T17:50:39.666162
abbed45bc227f90a,True,2024-11-03T18:04:35.498395
59571ef56c983b2b,True,2025-02-04T02:50:44.237742
757cb55a81b0fe48,True,2024-10-27T17:06:33.073778
d303df42bf5b6de1,True,2024-12-13T16:56:09.552296
ac15fb7816757afe,True,2024-06-20T08:18:52.894207
ad8d73b334433c09,True,2025-03-25T10:35:29.185964
aed0b59e6f2cc043,True,2025-04-09T17:14:12.143563
f51cab0326f5df16,True,2025-03-05T04:04:22.219534
e47789a786fd2994,True,2024-08-09T21:42:37.121710
43f00d5fd44eb57f,True,2024-12-23T13:45:42.637370
6f796d53fe575fe5,True,2024-05-31T20:36:38.214768
728a9bd8c2130988,True,2024-09-16T16:52:57.777012
7e948a792e1d4f03,False,
761b85e7b1c692df,True,2024-08-09T20:52:28.875220
6f45d271aef7afd0,True,2024-08-03T15:26:35.097528
6f79370c4cc55f64,True,2024-09-20T12:44:11.796832
7e948a792e1d4f03,False,
8c8a399125051fc0,True,2025-01-11T22:35:12.550432
408b4aba0d9c7d9e,True,2024-07-06T22:40:54.746065
0f062b225e8416a6,True,2024-07-17T03:57:13.765595
9922c1ded6883aa7,True,2025-03-29T08:52:22.987173
9b90694b69e56dd2,True,2024-05-17T13:24:43.807348
9e1e9bd1165202f6,True,2024-11-30T11:24:17.508290
08fd8f47f6f281fb,True,2025-02-21T08:32:05.548060
65d7cb3425536827,True,2025-04-23T07:03:11.280958
a8db596993815af6,True,2024-07-08T10:29:33.444626
7e948a792e1d4f03,False,
9770779c334d3f51,True,2024-06-02T16:40:57.096741
3f5b725d2358a850,True,2024-08-12T04:08:47.210172
4df73684023b4085,True,2025-01-09T16:36:29.846166
7e948a792e1d4f03,False,
0c80587485ea0490,True,2025-01-03T06:53:15.485396
7e948a792e1d4f03,False,
9bb0d911ec33cd38,True,2025-04-20T09:26:50.547019
c84080c7abbdc718,True,2025-03-07T08:30:20.981175
77f1ab65e03b5806,True,2024-09-05T22:53:37.306394
63a4fea3f51325c5,True,2025-03-03T04:12:47.367461
5dc5845ad3f441bb,True,2024-11-01T16:51:54.204823
bd0084263517de04,True,2024-07-02T06:16:17.402290
afac31cfd76a53cd,True,2024-11-22T13:11:39.034677
1490a9666c5b3f72,True,2024-11-05T22:34:06.689780
4387ada7eb1b8583,True,2024-10-16T17:20:00.377934
1758d82f0fca8969,True,2024-10-21T10:30:35.353406
79aed997d281e605,True,2025-01-16T13:30:33.994266
2df40e9ac673c68b,True,2024-09-23T17:20:04.442118
7e948a792e1d4f03,False,
7e948a792e1d4f03,False,
c27b6eabf71b0b96,True,2025-01-13T13:29:32.828019
0288e6469fdd6d3a,True,2024-10-22T01:58:27.502515
ce25da0a9d358dc8,True,2024-08-11T11:19:08.251466
c917146335377850,True,2025-01-07T13:51:16.598552
212e66fac8d0ef96,True,2024-07-04T17:06:44.506280
c15e8490394125e8,True,2024-07-31T12:41:43.586932
4b84894a37a6e253,True,2024-10-17T04:09:47.621437
1b40338e969c13cf,True,2024-08-26T01:16:41.502328
b2b8d2ff1d48026d,True,2024-11-14T10:32:26.265218
f8de75146462caa6,True,2024-07-23T20:03:15.942917
fba706542d4ebe2f,True,2024-05-29T06:25:23.195496
9ceb3edfd83e53c4,True,2024-05-17T14:15:05.384270
d76552f1ff2b1d3d,True,2024-09-20T03:11:26.361857
d48ce2fc442f1de2,True,2025-04-17T04:56:42.727911
a86231fca26152bc,True,2025-04-07T15:08:19.825583
fb8b0ea1b939dbeb,True,2025-04-05T03:26:38.191321
7e948a792e1d4f03,False,
9c9f3cb172d374c9,True,2024-10-02T21:02:08.703437
62666018071b9cea,True,2024-07-26T19:24:02.078265
cc67871b2e105351,True,2024-07-20T11:35:36.031597
2f63150310d8623e,True,2025-03-17T00:54:54.566404
1a589788c4705015,True,2025-02-27T12:18:45.330971
5dcf4b6d721d8f64,True,2024-07-12T21:01:17.862402
ef5c0d113bcf8c3f,True,2025-01-26T18:48:39.562945
cb1768737d59a1fe,True,2024-10-05T04:09:32.083607
5edc64c59985d78e,True,2024-05-25T16:20:24.998583
e70a2aaaa48d4d32,True,2025-03-21T17:40:57.095659
efbe6ebea6e8ce71,True,2024-12-14T07:31:06.971358
00d0481538196fc3,True,2024-09-10T02:29:24.713378
58d3ab25b3024fce,True,2024-09-24T16:31:38.856562
7e948a792e1d4f03,False,
78f9bf405e6bdb9f,True,2025-02-18T10:31:21.852470
ed24544916ae63df,True,2024-08-18T16:49:29.308752
5a9b5b761be9d774,True,2025-01-18T03:05:16.902761
6160c8525abf57e9,True,2025-03-24T22:42:28.684452
1b50dc4dced74c8d,True,2024-11-29T19:36:47.956277
7406ec62008b573f,True,2024-12-31T07:48:30.384038
79350b5533af238b,True,2025-03-30T14:36:56.954273
3cb002fd373b038e,True,2025-03-26T06:49:30.147494
6308926d28f42017,True,2025-03-16T21:30:53.790270
d81fb1d3c9fead6c,True,2024-06-02T14:27:21.036541
99a3d690058018ed,True,2024-05-01T22:36:19.022161
fddfe629ae2766c1,True,2025-04-10T09:07:22.901129
95c50d034a098ed5,True,2025-01-20T19:59:32.388796
7e948a792e1d4f03,False,
256ef63f99014fd6,True,2024-08-16T13:39:21.281747
bfb5864482dd0f54,True,2025-03-19T12:45:52.249388
caefa37f99c6a1e5,True,2025-04-26T11:52:48.706639
2c098823fd5b0c92,True,2024-10-18T16:54:00.245996
d1765022691132f4,True,2024-12-10T19:23:30.063800
09e9bed2e180fc99,True,2024-09-29T10:51:33.218212
2adb266b61ad6f90,True,2025-02-04T16:15:51.014843
7e948a792e1d4f03,False,
a9f5c072e9426dd8,True,2024-12-31T00:50:31.223207
bde55a1bf9d20224,True,2024-12-06T06:04:34.728869
cbf43a8dc2c251b3,True,2025-03-27T19:23:16.590118
7e948a792e1d4f03,False,
66eec417c2cbc5f6,True,2024-09-06T07:56:35.138763
a64733bc3a1387e6,True,2025-01-22T15:05:02.062660
7b0cea85ef4080d1,True,2024-08-14T17:55:40.565172
7e948a792e1d4f03,False,
405135f795db64d2,True,2024-05-01T16:19:58.356355
e565b8a78d12fd66,True,2024-12-29T08:14:38.120651
858d965a6180a1ee,True,2024-10-20T10:21:07.338537
3c17bc6f088b9fa7,True,2024-11-27T10:11:41.795029
d09130868052ee8d,True,2024-08-10T11:38:12.564563
e8185f37afb304be,True,2025-04-19T03:24:46.133708
87d9b13f3b47fd64,True,2024-12-18T16:58:15.091523
bc4e4dd37f1b09c2,True,2024-08-17T07:23:34.712422
12757f3657f5dc0d,True,2024-10-08T13:55:50.706656
c1543f1e190f3c46,True,2025-04-22T01:53:47.651835
19d54c767391cc84,True,2024-05-14T10:53:26.425394
50ed93203823c407,True,2025-01-06T10:38:53.515308
7f644f7ee57e179c,True,2024-07-21T09:59:05.640738
02752b230b804278,True,2025-02-27T04:27:30.076257
c73e36af2f2a3755,True,2024-07-15T09:42:00.941311
7e948a792e1d4f03,False,
440476d844c13554,True,2025-02-02T05:15:39.801464
2117161156b66553,True,2025-02-12T15:00:48.681583
4646ff64d574957b,True,2024-07-11T06:17:54.896387
9f161d46b2292904,True,2024-08-08T23:33:08.027764
87f2323b43297f87,True,2025-01-13T06:58:09.203274
275f8297f1f31f7f,True,2024-11-14T01:29:54.171425
7e948a792e1d4f03,False,
dc96f2694317730b,True,2025-01-25T19:32:51.236859
40f67f5bae0dadf6,True,2024-06-01T20:53:53.829443
e8673d259fac8771,True,2024-07-04T22:48:32.402129
7e948a792e1d4f03,False,
546110f388024355,True,2025-02-21T22:42:30.711024
05d58bcf60e3588d,True,2024-06-29T20:39:32.677549
4365efe865c42434,True,2024-07-28T11:26:27.609450
c4d14bf7a8c7bf7d,True,2024-12-24T05:11:25.009905
6a458f903fc93f05,True,2024-05-11T22:05:12.143873
999ed442d55c184b,True,2024-07-07T01:48:46.904922
08a7ab448f78f890,True,2024-08-15T15:36:03.025936
7e948a792e1d4f03,False,
ecb298488dfa9f6d,True,2024-09-01T04:08:30.917109
79497d87960358c7,True,2024-10-01T09:03:19.840355
d36e0643296fa953,True,2024-12-18T17:44:52.151909
8e56cc6e230b1f65,True,2024-08-15T04:32:37.426811
7e948a792e1d4f03,False,
80d28132d319deee,True,2024-12-10T18:20:10.266255
8bef365dbc3d65f0,True,2024-09-04T11:52:11.604523
e651e1949020570e,True,2025-02-10T02:34:36.271004
29e4b22093098052,True,2025-01-24T04:39:26.393749
8dadef78d835dad7,True,2025-03-21T23:34:53.608659
ab9cd7d4b5f10cc9,True,2024-04-29T09:48:26.412987
a3b41f14db075b28,True,2025-02-13T02:54:00.568388
9f218bce655a8eaa,True,2025-03-27T07:12:35.102669
41da0e15cb33422c,True,2024-06-24T06:17:04.442649
e22b8d6e40035cce,True,2024-12-31T02:34:51.419085
70baca524306ddde,True,2024-08-09T05:15:24.068101
6943a5bb494a62d6,True,2024-08-14T19:54:10.515969
3e406ada27af30f7,True,2024-12-01T15:18:08.266533
3d50bf28a98832b8,True,2025-04-25T23:08:30.923251
da21b787db051292,True,2024-07-23T21:00:00.332578
e4c15d3cdeef4c83,True,2024-12-20T21:12:33.372448
5473861947f25a18,True,2024-08-06T14:03:47.418677
f49525087b26ab5b,True,2024-05-27T11:43:19.901970
c43cba7ca7d58baf,True,2025-03-05T08:35:30.987184
da459e5fb399c0b7,True,2025-01-03T11:30:50.342552
f17f1bf460d44da8,True,2024-07-09T05:25:07.649304
a59a26516c65ed50,True,2025-03-13T22:59:12.068341
6be00da91a410bb2,True,2024-12-04T04:40:16.764247
26ec463a0d34e5aa,True,2024-08-09T07:30:44.703206
9e93a77a1f561cda,True,2024-06-21T23:25:19.645336
516682693cd970ff,True,2025-04-20T13:28:56.384523
9f6320fcc9e9d40e,True,2024-12-09T02:06:33.355910
e2f6f654e8fa69b7,True,2025-02-15T22:22:22.580362
7e948a792e1d4f03,False,
dcd33bc4e29831ea,True,2024-12-01T07:46:53.972149
43c5118dfb2d1f8b,True,2024-09-21T22:35:06.580185
e32346895fb3858a,True,2025-01-06T04:32:24.081530
7e1b35825960eafd,True,2025-03-23T13:41:49.714176
bd1c1cdaed57d373,True,2024-10-15T18:01:39.074713
5d2fe09948172c9a,True,2025-03-16T07:54:41.688525
5dff3c7c6020b7af,True,2025-04-01T17:41:53.765165
2b9ca3f49e893ca0,True,2024-07-06T16:17:35.840702
447227a4c6cbcd3d,True,2024-09-23T14:57:47.914382
1957a9f413e7e502,True,2024-06-26T13:01:58.412218
996c62b538ddb1c6,True,2025-03-19T11:30:30.566082
814812d5f0be7872,True,2024-07-17T01:30:58.333695
e78e466d86f033e5,True,2024-12-07T08:24:24.454125
7e948a792e1d4f03,False,
b8400cb018903183,True,2024-05-27T08:06:43.409977
2397e4d8826c4ce2,True,2024-10-21T17:37:41.689993
7e948a792e1d4f03,False,
c704ce5ceac0c55c,True,2025-01-30T17:08:39.946364
7e948a792e1d4f03,False,
d71df54927d68d2d,True,2025-01-19T16:26:36.308875
2f2733d298dc017c,True,2024-09-26T17:09:37.436575
49a8755a71f5a656,True,2025-01-26T09:24:19.926630
841c6c11721fa260,True,2025-01-22T23:15:34.791015
7e948a792e1d4f03,False,
0e50cf6165871833,True,2025-01-10T09:24:24.437433
7e948a792e1d4f03,False,
e76751c72a5e61a3,True,2024-09-23T22:05:26.160278
306e2615c93e001d,True,2024-06-09T01:29:43.856732
4debea5e7f5d4cd0,True,2025-01-20T00:28:46.831749
3f9287884628c1fd,True,2024-08-23T12:03:07.611012
4df3fa4022d729a2,True,2024-08-12T20:13:18.233030
237c558022be1851,True,2024-11-02T00:36:49.943968
f620cef893918569,True,2024-09-23T18:23:24.648096
88ee370bc7775017,True,2024-05-05T16:28:04.624935
6921abe25a1d391e,True,2025-03-11T18:40:27.199458
aa3568231d4407bb,True,2024-10-16T09:28:20.736326
17600932f3c6b7f2,True,2024-07-22T04:29:06.009491
991f468f92a219f2,True,2025-01-19T20:23:40.736767
896f61a2da4a3c0d,True,2025-04-18T19:38:05.898605
0d8870c621b88213,True,2024-08-08T10:44:56.950104
718a7ad89327ebbb,True,2025-02-23T19:05:22.640325
1da1da397d02864d,True,2024-07-08T22:34:34.612387
7b9a7f3393e9808f,True,2025-03-18T10:37:07.776268
b3ea539d58a50953,True,2025-01-24T08:53:30.313755
1b47d5a25148c40e,True,2025-03-30T14:47:25.004817
19922f2e55ee5fc9,True,2024-08-01T02:46:38.474797
ce46b729ff1deacd,True,2024-05-02T00:44:50.527205
13a40c8fda649f67,True,2024-05-07T05:53:21.418214
7e948a792e1d4f03,False,
e94f73518684b78b,True,2024-08-30T11:37:00.788973
0234c9018ebf964b,True,2024-05-18T03:18:47.391091
d6e2e191dcdc06cc,True,2024-12-30T09:24:47.451920
011043ddc1e06e27,True,2025-04-03T06:37:50.019182
ca8de34ccbc9b4d8,True,2024-12-20T23:47:03.657292
d66f389c3ae4fa33,True,2024-09-16T05:39:27.255211
58bf87d8100d3a6c,True,2024-06-01T19:17:37.268566
464c3eb47983716b,True,2025-03-12T02:17:45.192376
7e948a792e1d4f03,False,
4502dd55e6981243,True,2025-01-09T12:33:29.780624
f5f5f49bd63f39d9,True,2025-02-17T20:53:57.091613
0f3c73bed0817d62,True,2024-12-01T00:35:04.144228
5c297e87897c691a,True,2025-02-14T05:28:27.978179
a333ed91138af5c0,True,2024-06-13T06:58:33.108859
5483cda55925d3fc,True,2024-12-09T19:48:15.859061
4a37fcee9c02711c,True,2024-06-23T00:07:02.293223
b13032403f15115f,True,2024-09-26T15:21:11.109029
eda389ec607ceaa9,True,2024-10-21T22:22:45.680652
7e948a792e1d4f03,False,
9def2bab827bcade,True,2024-05-24T12:53:49.820623
c806f2eaca276c72,True,2024-05-06T06:01:53.490759
ea0031a0ebf804f0,True,2024-09-30T12:48:36.848414
11e63f4bff7981a7,True,2025-01-11T07:06:09.944323
2d2c9495b1da9246,True,2025-02-23T22:49:40.057399
489e34ec130176af,True,2024-06-06T19:33:09.404896
71aebf11eb0adf5a,True,2024-08-28T01:07:24.266718
799f6a58040f0213,True,2024-08-27T17:36:05.374722
7e948a792e1d4f03,False,
fdd0ffbbc3eac795,True,2024-12-04T21:58:51.031995
0107a866d4b691a1,True,2025-03-17T10:44:02.627204
67cfad4858f733df,True,2024-12-02T18:59:12.216144
4236ab6ebdf93a5c,True,2024-07-14T18:34:08.272323
bc9d3566e51b6e46,True,2024-12-22T04:09:34.778891
a7829c6606c89974,True,2024-05-16T16:13:24.005183
b7906112fedb539b,True,2024-08-03T09:28:37.907958
344857c36712f335,True,2024-07-18T17:56:41.765678
aca3da5d9e59f22a,True,2024-10-22T16:41:20.069531
1806c73386e8359f,True,2024-08-08T19:21:18.723835
7e948a792e1d4f03,False,
1070c3247108aa74,True,2025-02-12T04:49:00.070575
0eb6281588151ae1,True,2024-07-29T01:38:59.190671
bf020e46b8e6ef51,True,2024-08-24T08:22:05.194336
45ada136fe00ca3d,True,2024-12-03T11:28:11.188490
4101e6135736bc2c,True,2024-11-13T13:53:49.142218
c33b16f64c9687a3,True,2025-04-15T19:06:08.435605
6daf9bb765dcd879,True,2024-10-24T10:14:21.203737
7468ddfed766acae,True,2024-12-02T07:00:30.453560
bc4da6e777bbe3f1,True,2024-11-28T09:53:44.208165
aab6250a5465422c,True,2025-04-08T20:18:58.645607
7e948a792e1d4f03,False,
740410d2a0ab9d50,True,2024-10-24T11:40:04.813189
4812e4393453917e,True,2025-03-09T21:34:26.598838
7e948a792e1d4f03,False,
8652d509878450fb,True,2024-09-02T01:34:14.222857
997824254f36a37e,True,2025-04-26T16:51:34.675028
027db93d4319e052,True,2025-01-03T17:49:13.153266
0914adee4383492c,True,2024-05-18T13:54:42.431668
97ced4a13a7a7935,True,2024-05-19T06:44:35.177968
53498abdfb76d827,True,2024-07-06T20:46:21.735849
d81609c618224483,True,2024-06-30T17:43:45.872150
9ff1422d23855ad7,True,2024-12-16T22:59:43.521353
5c49cfbcd40ad579,True,2024-10-04T12:08:50.998729
b831caa9243c1091,True,2025-01-04T03:52:13.270581
e4ac299c2b1fd60f,True,2024-12-08T03:22:27.023453
6f12a746d8ac8087,True,2024-12-17T22:22:31.419845
5dd2cd8f123c0d51,True,2025-04-23T03:31:29.528072
4ddd8efe7e035056,True,2025-04-14T08:53:51.298833
f1a50a274c76f20b,True,2025-02-10T22:08:12.405891
5218bae270eeae1a,True,2024-06-10T18:07:00.970980
86ea51194c4d3e39,True,2025-04-02T17:08:54.458326
70d8b7437cfb93fa,True,2024-05-28T21:42:17.833246
ac5bc4b413aa6d3d,True,2024-07-05T19:30:45.595205
a85b432429156936,True,2025-04-20T16:33:30.731735
e5db85ec37092c57,True,2024-10-16T16:30:33.745148
f1b28e2f99351b5f,True,2024-07-03T06:20:19.038615
22c3be7cf6fb2afd,True,2024-12-10T12:22:00.812870
5d19420836fd39ab,True,2024-09-15T02:05:44.382064
d44cd9425ba0d29f,True,2024-10-06T20:16:12.178142
a64b653189c23b11,True,2025-01-18T16:22:59.911478
7d1fd2520a1ff75d,True,2024-04-29T08:32:19.144840
59a93e9119d1b290,True,2025-04-01T13:57:59.957974
187ecfdc3ce097a9,True,2024-10-15T10:27:44.074281
3a0663def4a709fd,True,2024-06-13T22:45:10.552583
735e4e8800161c8e,True,2024-12-13T21:15:41.260412
634a99a1fab8424d,True,2024-06-28T09:54:15.543633
703649c23bd3cb50,True,2024-10-27T03:28:29.987000
1fa5d2a04edbc1e1,True,2025-02-06T05:44:46.390214
813a71278e92d6e5,True,2024-07-29T04:44:43.014475
5e0ac269f190e3e6,True,2024-11-23T05:45:43.310778
7e948a792e1d4f03,False,
0dde1ca6b5aa3beb,True,2024-10-07T18:18:50.202395
d4668d431e91ba24,True,2024-10-28T22:32:24.764015
3ccd038c400820dd,True,2024-06-13T07:32:45.694795
f1a74a553a81c4a2,True,2024-06-17T06:39:09.568337
69320281af7f1749,True,2024-04-30T23:32:18.267224
9790e8e29a3af145,True,2024-05-07T11:11:42.016167
891d8f79e4df5356,True,2024-11-28T08:54:11.223110
293decec77666dbf,True,2024-06-14T07:12:42.041229
f087bddb61fd5c77,True,2024-10-02T05:27:18.410731
d45d156bbef2fc82,True,2024-11-08T01:12:39.802192
fff2b26ff3f03a66,True,2025-03-25T01:03:28.035466
8daadad9201351f4,True,2024-08-07T10:39:35.228215
b95b34af79d08589,True,2024-09-19T23:35:50.792464
5fe9d411fcf78af8,True,2025-04-24T18:09:52.349975
91374186471f858f,True,2025-02-25T04:24:02.903928
0fd5ba137d1ff09f,True,2024-08-16T18:19:42.554021
ac0ce11773f432cc,True,2024-08-09T05:55:35.234555
60e9249299446f80,True,2024-11-12T18:36:45.320140
65b321baf43131d4,True,2025-02-04T05:51:58.193892
7a440de588179816,True,2024-05-19T19:35:56.802808
ba58a40f411bf909,True,2025-02-23T14:50:07.475083
2b4c4522eecaa9eb,True,2025-02-15T11:52:41.511634
94674f9342b63210,True,2025-01-13T16:56:20.330853
68bf72aa2eb85254,True,2025-01-24T23:19:18.760997
790b066de0818504,True,2025-03-10T22:22:38.615593
30eaf8692133b7f3,True,2024-11-10T14:31:36.782910
e32dbdacba140a67,True,2024-05-22T01:03:19.906562
68cd9aee76326832,True,2025-02-16T15:43:29.320766
7e948a792e1d4f03,False,
2136332943b8a7db,True,2025-02-08T05:43:57.110962
11bc51a3155a5fa6,True,2025-02-14T09:46:16.703363
a2152f077181c406,True,2024-04-30T02:01:34.965401
dee8e5846007ff41,True,2024-09-24T15:39:31.932845
080cde436966e057,True,2024-07-15T18:57:27.862852
357d2bf8fe753fc5,True,2024-10-02T15:59:26.131859
1a118ea493faebe4,True,2025-01-03T17:34:33.076180
da11418f31cdedd5,True,2024-07-06T23:05:02.919178
2acbb72665e702d0,True,2024-05-28T07:44:55.804650
df3c31e7c6dffd4e,True,2024-11-24T23:51:14.219099
3559dc9249473495,True,2024-08-18T14:12:00.588822
18e4ddb692486eb0,True,2025-01-29T03:14:00.877545
2ebf7fdf9b9d2391,True,2024-08-08T03:13:22.470124
6b0690851b41812b,True,2024-10-22T13:01:10.472636
9c9c444953279424,True,2024-05-23T04:54:32.237557
8213419ca667a475,True,2024-06-22T08:23:56.019186
59a49ee0c98a6ce1,True,2024-10-06T10:50:22.623964
1901fee25c78b8a4,True,2025-01-13T22:39:19.637920
78ebca1cf4dbd6ab,True,2024-11-24T10:49:55.447585
5054578496e6ddba,True,2024-06-17T02:58:52.407703
7e948a792e1d4f03,False,
01f5a4fd75fcaa33,True,2024-11-05T14:27:26.003634
353868bf272b13a8,True,2024-07-01T01:30:14.043695
0491b915509a2042,True,2024-08-19T14:35:28.813885
c7f0b9e7a4753fb7,True,2024-09-27T14:16:29.037786
b3e3909c946eb8de,True,2024-11-21T12:20:09.962860
4eadc1a77220362f,True,2025-04-18T14:58:48.750666
eb03b67a94633436,True,2025-03-09T11:02:27.285792
884dc32be6cf30b7,True,2025-03-19T18:38:59.385134
911f765cb1ea6745,True,2024-05-11T11:52:45.542007
3e5696af428a008d,True,2024-12-08T01:08:14.074795
8ca98d8d97963412,True,2025-04-24T05:41:37.772707
40391633df8a5005,True,2025-03-02T20:17:31.913834
7336577dc50476a6,True,2024-11-08T20:22:04.981836
7e948a792e1d4f03,False,
7e948a792e1d4f03,False,
bbf0a8f0038870ef,True,2024-07-30T16:01:56.165329
cd67a8d5e7c4c2e5,True,2024-12-14T10:12:07.294369
995ad7fbde2afe92,True,2024-10-02T13:58:06.698338
7e948a792e1d4f03,False,
7e948a792e1d4f03,False,
2b71d8c91ba9e67c,True,2025-01-07T18:58:30.626443
207306df90539511,True,2025-04-21T14:35:55.027867
b61ddcc511899b06,True,2025-02-05T00:36:20.645068
b8d1e79e46cf6b02,True,2024-08-17T07:59:09.449771
86753c162495fbc2,True,2024-07-18T02:44:00.140049
dfc0f908d81dee5e,True,2024-10-14T19:34:30.773526
de0efb2e5db082cb,True,2025-03-26T00:44:37.594148
047d313da58f1565,True,2024-08-10T03:33:40.658544
d392afa4823e1fe0,True,2024-08-05T21:20:21.480023
8f9a5f7542d71067,True,2025-04-06T15:55:59.908872
6d2cebddf3e03de1,True,2025-01-26T23:37:49.157280
7e948a792e1d4f03,False,
d00d033044a1369e,True,2024-12-28T21:44:27.138427
60f4825be8195c91,True,2025-02-14T10:19:10.546371
7e948a792e1d4f03,False,
7e948a792e1d4f03,False,
db9ea1cae149002d,True,2024-10-17T14:51:18.768249
0190bcac65baba9e,True,2024-08-08T10:51:47.040814
7e948a792e1d4f03,False,
8ad4cbba21f22a9d,True,2024-12-10T00:52:06.130011
c9eddfefeb5d7292,True,2024-09-28T00:24:38.199937
d9d5f0cf3ecc5dd1,True,2024-09-08T12:00:15.463667
ab4b774bd491a292,True,2025-03-25T00:22:18.733240
36636ce8951e66fc,True,2024-06-05T03:30:27.428274
0f662b0ede34639b,True,2024-11-02T19:10:28.139359
429495e1b818929b,True,2024-10-31T19:06:18.051087
ef0d7c81ee0c9f16,True,2025-02-09T13:13:28.215921
7e948a792e1d4f03,False,
21125ab100b99dfe,True,2024-07-02T07:04:44.014892
830742b3e000adf7,True,2025-01-20T01:38:25.282287
bc88591ee2ffcf70,True,2024-05-15T13:18:17.466083
74b877a22957131d,True,2024-10-25T06:26:44.043859
f1031859f4a7a8f9,True,2025-02-01T09:27:19.396524
c9c6fd464030708c,True,2024-07-05T22:06:26.203158
7e948a792e1d4f03,False,
82c0646a907f5251,True,2024-05-15T11:10:11.372573
cee9244bfb828627,True,2025-02-06T06:52:58.240721
69a50cb30898e00c,True,2024-12-22T14:22:57.806267
f290e093b0c84c45,True,2025-02-06T11:34:31.440103
3c9c056c2742055e,True,2025-01-26T09:05:40.429523
23cdbd4638347f39,True,2024-11-28T13:09:39.405655
ef34cb9b26eeb2fa,True,2024-12-02T05:43:42.204459
db8d786053a341a9,True,2024-08-04T08:45:19.756895
e04b429d23a0053a,True,2024-05-26T10:07:45.155582
3462e7e81daecc24,True,2024-09-19T09:55:46.281579
0865a298a32d1937,True,2024-07-10T00:33:55.046960
8b4de53978a92b62,True,2025-03-14T02:22:35.283780
b21a92c87fbdc04b,True,2024-12-04T08:17:32.278607
bfcc5185872cadcc,True,2025-02-15T06:03:23.973760
9e5df3eb98170655,True,2024-05-25T01:41:44.317512
e6f7c6e163ccccde,True,2025-01-14T04:49:47.005802
e80a47f2b549095f,True,2024-07-07T13:24:59.905999
81fb73e826a6668b,True,2024-05-19T06:27:11.810506
1199eb17c3a36e09,True,2024-12-04T20:39:40.296473
7e948a792e1d4f03,False,
2a5f87891e1fb931,True,2024-12-16T14:48:40.874789
7e948a792e1d4f03,False,
8930c4ea8aed5bd4,True,2024-11-27T04:33:25.696025
f5788e7587b82776,True,2024-12-27T07:11:20.584040
0575a2b986cf555a,True,2025-03-15T11:51:32.947548
3fc5fba350a5dae1,True,2025-04-08T21:42:40.936923
05b600bc7b4994e6,True,2024-07-30T05:21:02.632322
abfe649aa949d4a2,True,2025-01-03T03:46:22.493557
05ad902a57f3f937,True,2024-09-03T15:13:46.027737
6038599a9f609931,True,2025-04-12T13:51:07.397964
0d959d4034897855,True,2024-07-07T12:05:12.201260
a3e309ec66f7e631,True,2024-08-27T20:48:03.936991
8bfe5e924e090b28,True,2024-06-25T19:44:26.187011
7e948a792e1d4f03,False,
61c6a01d5156ed4b,True,2024-10-29T02:20:27.823173
cbeccc531a5951b8,True,2024-06-13T00:43:52.875436
ccc3eee38b81e2c2,True,2024-06-08T19:44:54.057441
ba9530255e919fa6,True,2024-12-15T14:07:00.145042
a39ce50c21da1e3d,True,2025-04-10T22:01:06.361434
24999367dc2f0716,True,2025-01-06T14:41:21.170541
28139c3ca1b2069b,True,2025-04-21T04:49:04.199530
3bdf2ee5a20efc1f,True,2024-11-01T15:36:28.112058
d53a79a82b96ef56,True,2024-11-29T06:49:00.533717
89c5b0626b64c549,True,2025-01-14T18:26:07.200010
01a4c33d4aef921f,True,2024-09-21T02:20:52.071240
e750a127e007feee,True,2024-12-18T23:21:12.962969
a6a5deb60a19fb61,True,2024-11-23T19:43:54.075603
bc9ed81984f5770f,True,2024-09-21T13:10:05.946444
7e948a792e1d4f03,False,
e346c7e905451dbb,True,2024-09-21T12:19:07.051766
628c06ccb5a7ee70,True,2024-11-01T21:13:20.010798
e27d97cc9659200c,True,2025-01-18T03:37:10.524297
7e948a792e1d4f03,False,
8fec5dfddb94be8f,True,2024-08-04T10:58:56.989161
d7ea1b7a2f273158,True,2025-04-26T04:43:07.869761
616c6bed71999753,True,2024-07-02T06:01:48.192771
107113ca9614ebf5,True,2024-05-22T20:39:50.613844
d1a51f4092ed49be,True,2024-08-18T21:22:33.979836
7e948a792e1d4f03,False,
c3cea62457b057f6,True,2025-04-15T21:10:07.610653
2b585213c5aea1ca,True,2024-10-01T08:14:47.501183
ffa632ef0908ee51,True,2025-01-15T06:29:13.087992
be5b49da85824c90,True,2024-11-05T09:53:45.955992
15f07fbb5ef495c1,True,2024-06-14T20:27:16.436133
003043c1724b625a,True,2025-02-17T11:38:17.228469
4b1ba78a820388bd,True,2025-04-20T13:44:58.616269
d5bba8afd4baa8d8,True,2025-01-25T21:59:12.515736
159e7312b4e3bf2e,True,2025-04-13T00:19:06.331478
698794d5051ea183,True,2024-07-03T03:25:09.654094
16da3438d1fd14ff,True,2024-08-16T11:35:39.622642
df1eaa642bfe668c,True,2024-08-13T19:26:57.220247
6f5d0e9c4e4e8233,True,2024-10-09T08:35:26.526667
ac7456fd09a38320,True,2024-10-08T03:42:00.995152
606806086c3e8448,True,2025-01-05T04:08:33.282133
a4a6ac35b91c65fe,True,2025-01-08T06:52:17.521886
8dc20f7bdafab9a6,True,2024-10-19T21:47:52.183608
7e948a792e1d4f03,False,
a3ef21a72e2023c3,True,2025-04-15T18:13:12.074744
4e2bf86e6359e7fd,True,2025-02-15T01:36:31.832192
6a2c8f5cd334c714,True,2024-08-11T11:22:03.231979
5853a0a26b9ed597,True,2024-09-18T07:07:14.727106
dbc3ca9ee0d62f46,True,2024-06-24T10:53:34.671490
a873b32fab3fb795,True,2025-02-22T08:44:33.534529
eaa1c1b1676e626c,True,2024-08-22T21:49:26.325698
0a5f37c93e0380b7,True,2024-12-09T01:35:25.344207
d9f201447b34151e,True,2024-12-07T11:18:57.094494
7e948a792e1d4f03,False,
c769cccda3ddafbe,True,2024-05-17T03:26:56.989110
d1b9c9474096fbfd,True,2025-03-14T19:17:51.735329
0d9b7aadab9c5af2,True,2025-01-18T18:53:39.050583
6e43342467cf763a,True,2024-12-08T00:37:27.655781
9553fe96767961ef,True,2024-10-23T06:12:19.751730
73fad8050ad386ad,True,2024-11-01T03:26:46.527997
479a70cce8b24d5c,True,2024-10-28T02:42:52.460548
8ba20c6d68bd953b,True,2024-05-26T08:59:34.079567
0bc2aa834964faa9,True,2024-10-26T12:28:48.697309
c7a0b8ff1fdbcea4,True,2024-07-09T09:14:59.904237
e8db175a0a3d333d,True,2025-01-25T15:45:35.966332
521d7b951688c0d6,True,2024-08-04T19:17:10.416075
faafa4421b0db386,True,2024-08-26T19:14:54.876806
28c7a7f5fae9df15,True,2024-07-06T22:07:34.297251
b75c629c3da8334e,True,2024-09-30T17:16:10.922436
c365d1ef8e718186,True,2024-06-03T03:54:17.703932
2893edafe8d28640,True,2025-03-23T15:56:54.622120
91937c277d66e4ec,True,2024-06-05T06:35:59.952050
6668e8b46f297d7b,True,2024-09-25T02:44:31.727499
e0bf8d59b2ae2cdd,True,2025-01-29T12:02:13.941983
0eb0a2870fb0a8a8,True,2024-09-23T20:35:15.520949
bdca3b4b5cd04544,True,2025-04-20T04:24:19.771037
93e9ba850275a430,True,2025-02-25T17:57:42.011858
ad2b1558d4dfc3dc,True,2025-01-06T22:07:10.467293
64a262af1bb9d605,True,2025-03-25T05:55:03.980531
e1019f45118978e8,True,2024-10-01T03:59:33.018804
10d41f404e953dd2,True,2024-05-07T10:08:08.037728
7e948a792e1d4f03,False,
898643878378c75c,True,2024-10-20T15:13:57.412902
563894cacf77b82d,True,2025-04-10T02:20:40.733695
f21795e437bcef8d,True,2024-11-09T08:56:48.422895
e28c5bab0987494e,True,2025-04-21T13:17:55.315705
97eb08d02abd47ac,True,2024-07-27T21:50:29.493001
64361c9106b3547e,True,2025-01-24T19:58:51.105986
5784bf6763c75715,True,2024-05-13T12:45:12.112725
e1e16adac7f8a264,True,2025-04-09T00:26:20.233407
3f5b89a9443eaf9e,True,2025-02-11T01:48:48.251415
2623be7bc351cbbb,True,2024-08-12T02:10:15.372652
b84140585542e20f,True,2025-02-03T13:15:16.875360
718018054831fdd9,True,2025-02-26T04:13:04.708755
39940d683207720c,True,2025-01-03T00:43:42.436329
88a850e16f9ff9a5,True,2024-08-01T04:12:20.427052
568aba8cd7de65e8,True,2024-10-02T01:34:04.919562
f43842b8a1e90a14,True,2024-06-06T11:38:18.302233
5b9f0303bd6ef544,True,2024-07-08T23:58:28.555387
2fce756b13e11846,True,2024-06-08T16:33:36.947148
ae10ef2593eb696c,True,2025-03-09T16:02:27.713660
53760411226a43fc,True,2024-09-28T04:30:58.545625
8aded6dc69d87dd2,True,2024-10-01T21:47:21.017079
2a14b9359ff74ab5,True,2024-08-28T20:27:28.444423
55d0d3a5992c0e5a,True,2025-03-21T11:08:54.965887
84ab63d992209652,True,2024-09-10T01:51:26.363969
482a0458fbc5fa30,True,2024-06-09T22:54:09.416222
334ff963a08b29e5,True,2024-05-08T13:40:23.264190
98836653bca3ca87,True,2024-06-30T19:12:14.928417
f98d4385249ca1d0,True,2024-08-05T16:34:58.236602
5f39b11cbcab747f,True,2025-03-13T08:19:38.242764
45807f326459bc88,True,2024-10-24T03:13:04.713036
2462c30ceb37d917,True,2025-01-01T15:50:14.479595
f6edd88dced42e0f,True,2024-12-26T19:47:27.499652
2be4b4c5a6b72aef,True,2024-11-28T13:21:28.508087
94a3f6f7e0c67323,True,2025-03-30T04:10:23.574408
a7bb3b9b3aabcec4,True,2024-12-09T16:12:58.873889
2f570d6e4cb4b342,True,2024-08-26T19:07:58.992078
a26a0ec418092a62,True,2024-07-26T18:48:08.846196
8185307e874f01a9,True,2025-01-11T23:59:31.885727
213417918eed9ac2,True,2025-03-29T10:30:28.368731
0a314809bbdb94c6,True,2024-05-23T17:01:41.207682
33988022963becf4,True,2024-10-09T03:43:31.836692
4468615cf6d9337c,True,2024-11-21T02:14:15.699969
a6c3c2924362e167,True,2024-06-08T08:37:00.575278
6a066b4d13986f6e,True,2025-04-02T03:48:19.477051
7e948a792e1d4f03,False,
6b0bde61cfe63aab,True,2024-11-24T00:02:50.340059
28ca4fbe8c52a036,True,2024-12-27T07:31:02.586193
0fd6a027431fb7e9,True,2024-06-04T01:54:27.629964
547cb3c0fa6bd67a,True,2024-10-27T13:07:24.201437
09183f2b2dd4b7fa,True,2025-03-27T05:38:26.721457
ae4517dd9836a03f,True,2024-09-23T06:10:37.745358
b2203873440f4303,True,2024-12-11T08:45:03.169731
e7200ee675a1a49b,True,2024-08-13T20:26:29.002561
cfa92a0c12af12fa,True,2024-10-09T04:38:51.638519
4353c8bd01a759f4,True,2025-03-02T12:01:30.816874
0de149d705a18a20,True,2024-06-06T03:26:30.965479
c9f94fd0188f6168,True,2024-11-13T07:01:44.107705
aac9be471f218345,True,2025-03-17T07:28:45.460352
ef40c058bf14b7d1,True,2025-03-14T09:23:36.545740
ebefa54c42a664c8,True,2024-09-12T05:20:34.440531
2a60dc4a7abda202,True,2024-06-01T14:00:51.424744
898f2496ec13f6ec,True,2024-12-03T16:38:32.990941
78572a31c279eb9e,True,2025-01-16T04:25:13.686629
89ea2d8d7f16bb3f,True,2024-10-10T10:58:55.761400
43db2863cfbbcd13,True,2024-11-14T01:05:42.307933
346f9961376ba71f,True,2025-01-16T01:53:21.987986
7e948a792e1d4f03,False,
20ef7bf6810511c4,True,2024-06-28T22:14:40.531498
c01ec2d9d1227a02,True,2025-03-21T18:15:01.809858
fdd23c9743c28931,True,2024-08-17T12:42:08.944649
130920e8c9ce7645,True,2024-12-15T11:15:09.815074
6d6db70cc3aee911,True,2025-04-20T23:06:22.203766
7e948a792e1d4f03,False,
04254c9f479dbc47,True,2024-11-14T20:04:30.441512
e9411b52fae1e1e2,True,2025-03-08T04:50:08.084760
31bf813c6060d517,True,2025-02-03T08:48:03.825736
b0f571ac83b19bf0,True,2025-04-24T18:53:24.150555
9d016950a8a5332f,True,2024-09-19T20:07:36.708236
5e82f0c26e8abe3a,True,2025-03-02T11:24:26.950010
55c0624cc0da3e2b,True,2024-06-16T15:06:43.353338
23c09dee0d07c987,True,2024-07-26T04:16:52.840350
6713d8b8101ed284,True,2024-06-21T22:29:26.327102
d1a84215ce1c039d,True,2024-12-12T01:47:02.563973
32ec83656b750714,True,2024-07-10T23:30:15.841025
c9ef3d743a9a7702,True,2024-06-26T02:21:28.800184
30ffa88d798dd313,True,2024-07-23T08:32:25.191938
b168c8670ed37a97,True,2024-11-08T06:05:00.027001
8cae35fc23cd7903,True,2025-03-03T06:36:16.154002
8884fdf199158748,True,2024-09-08T13:42:38.866995
3a6d0b3a9690c139,True,2024-06-20T07:05:51.118954
4db3831b8b883f1f,True,2024-07-19T09:51:53.318646
a820bd27748e75d4,True,2025-03-31T19:21:08.170642
01dc14be1d65a428,True,2025-02-22T10:20:47.622762
f96a6f09d7ddd9ee,True,2025-03-16T19:51:35.438957
199f447f285aabfd,True,2024-08-03T03:50:20.039468
844b28b215e82a7a,True,2024-06-24T18:49:22.769211
7e948a792e1d4f03,False,
c185b7fb1c2f18bc,True,2024-10-07T21:08:21.246751
7e948a792e1d4f03,False,
74239de1a3dfb154,True,2025-03-26T10:09:10.837950
4b7dc16d63b1e7dd,True,2024-06-06T06:58:59.502766
46d69f6c3cbbbeef,True,2024-07-02T11:55:58.280375
1b4f242c6bc1b525,True,2025-04-17T21:06:06.160832
b0d7d19ffcd98d72,True,2024-10-04T16:07:31.619423
7e3b5cc71c333ad7,True,2024-06-11T23:15:40.769473
d72ec598de75cce7,True,2024-10-01T02:32:46.158181
fd8dcdbd3c339454,True,2025-01-13T03:28:18.213024
7e948a792e1d4f03,False,
c8e5b1b6c036b1a6,True,2024-09-07T15:03:04.279428
6dd90a7580c5e687,True,2025-04-22T08:38:44.227217
d38c24e5beefa474,True,2024-10-06T03:54:20.504765
7e948a792e1d4f03,False,
75a2dfc4809d6ab2,True,2025-03-05T10:32:00.128362
60d851700b4d8e80,True,2025-03-04T19:31:30.905605
a94f82f6d1771394,True,2024-05-01T07:50:20.185069
7855e3783d4ffafa,True,2024-08-06T18:15:54.394591
7e948a792e1d4f03,False,
08b2448dc8d01e79,True,2024-08-06T21:32:29.142637
71e37fa2819de3bb,True,2024-11-19T00:55:57.287700
071e6a6e7fe18084,True,2025-04-23T07:05:44.411187
288de49766d24dd7,True,2024-06-02T05:29:35.390313
deb2ec589deaf128,True,2024-11-10T20:49:39.673765
95b9071a02389265,True,2025-02-19T02:48:33.612065
e2a54be869a6dbc5,True,2024-08-07T08:02:31.966076
7e948a792e1d4f03,False,
87e128749d14216e,True,2025-03-03T10:52:05.184551
7b2c509ef87e2f54,True,2025-02-11T05:39:57.549250
e4f48ccd73df35c6,True,2024-12-19T10:59:00.953536
8dc5e2d92597f1c3,True,2024-11-03T20:52:14.602471
abd974c239db83dc,True,2024-11-22T05:09:45.889507
46051c4585ac671a,True,2024-08-17T14:29:45.684140
50c99ddd8a49937a,True,2024-08-27T02:23:55.084818
698c891630cb0c99,True,2024-09-30T20:15:30.629522
b6a9e3167287bad2,True,2024-10-02T06:48:19.048055
f87d3a085764bd2f,True,2024-09-30T17:57:44.566597
40ebbe69468f9b4f,True,2024-05-24T04:04:20.203249
7e948a792e1d4f03,False,
947d20f05ff8b207,True,2024-09-09T00:04:04.438430
6dcbbf8ca615faef,True,2024-12-27T23:29:16.720334
58d46e9f70f241c2,True,2024-09-25T04:49:11.316833
b2167910e1fd6315,True,2024-11-30T16:22:08.648591
50747f91cd6a5a05,True,2024-06-04T15:54:17.029444
2854b343d663bf0d,True,2025-01-19T14:51:09.392123
bfd62ec843c848f0,True,2025-03-04T16:43:30.897570
4ff105d2e2aa98a3,True,2025-02-05T16:29:05.253226
d9060ffee8b08267,True,2024-12-22T08:28:55.703222
7df826ef54293b25,True,2025-01-24T23:39:40.027653
51762af849512aee,True,2024-08-13T14:38:25.170575
2327c03b2c89e904,True,2024-09-10T00:40:08.663789
80358c446e8e153c,True,2024-07-19T08:34:58.599835
f3cce1bfe11a0c6c,True,2024-05-17T16:57:13.567276
45337d61944615b3,True,2024-10-12T20:57:44.801417
ca7f46bb32ba24cb,True,2025-01-09T16:40:24.430931
1f936250746a8803,True,2024-12-30T10:46:20.915611
4e124f7f334f5dcb,True,2024-12-15T22:53:03.274107
0789243b457737d5,True,2024-12-16T10:34:30.187332
09586ff4429228af,True,2024-09-13T02:34:22.094482
44cc60f578ee32ef,True,2025-03-16T03:41:04.242046
377ddfb4536764b1,True,2024-11-23T00:19:17.048872
f74892a8293ce067,True,2024-11-06T12:28:26.184988
bbb29521c0265a2d,True,2024-11-09T01:24:58.064258
8eb737fb89561e18,True,2024-05-14T22:57:12.555568
2aaa045eda8e7855,True,2024-08-02T10:06:11.673866
4420995d6d7d5522,True,2024-06-04T02:08:10.734919
7e948a792e1d4f03,False,
5808f32621ae0943,True,2025-01-21T07:21:17.065477
2b173d7c295f0d43,True,2025-04-14T08:31:28.164972
af2fa6015a42eb13,True,2025-04-28T11:09:22.103207
0928c652608b94cc,True,2024-11-29T23:24:02.838228
cdb50e482a650c9e,True,2025-03-03T19:51:55.435164
a322923ca6b825b1,True,2025-01-29T02:53:46.770503
428493fdd5989e9f,True,2025-02-28T16:14:45.926590
74b4ffeb6a99b0cc,True,2025-04-18T16:44:15.230103
b365e926786ef616,True,2024-09-10T13:11:44.991100
aa297b8850cc9509,True,2025-04-09T07:24:30.863850
7e948a792e1d4f03,False,
a02671691d4e2846,True,2024-05-19T00:17:11.762365
438c192134a99447,True,2024-10-11T14:03:52.087379
6930c5756d9bb415,True,2025-01-26T17:43:26.675070
7e948a792e1d4f03,False,
b0ad1afee5c4b118,True,2024-07-04T05:18:36.151002
5bf85d4c26ae1c97,True,2025-03-02T12:18:48.989016
e2a5f1634792de01,True,2025-02-20T17:44:43.806719
05a52984c6d6fb94,True,2024-10-21T04:52:30.896247
9d45b6b70c8f62df,True,2024-07-03T18:52:28.035014
df5dc8663846c15e,True,2024-09-04T01:14:32.147580
7e948a792e1d4f03,False,
7541ec5ee3ff0916,True,2024-08-04T23:00:42.964037
ceadecd7a9db5547,True,2024-06-22T22:08:47.237473
75cb8e2fff03eebf,True,2024-11-01T07:10:11.381531
7f9ce3b0a5e13f1b,True,2025-03-25T18:07:49.527103
e98f030744b2aaf8,True,2024-10-23T04:57:36.757401
be547ae4352f76e4,True,2024-10-05T15:08:42.711947
3e4c1b6d0c9213c2,True,2024-09-27T12:28:32.579607
5299fa30126e1c64,True,2025-03-19T21:15:56.701454
b2e1f0ad652c7f1e,True,2024-06-11T02:32:42.050169
f4c59448e3754acd,True,2024-11-29T18:36:40.116839
357eb4ebd39db765,True,2024-12-10T23:17:24.687538
2178b00bb0f99aeb,True,2024-06-29T16:15:01.336789
77c3249ecd863d64,True,2024-05-24T22:27:28.796872
8b798307da341fcb,True,2025-03-02T23:22:10.758835
72d2347afe5af113,True,2024-09-26T22:16:13.042156
f8d1249f93f4a742,True,2025-03-28T02:41:14.152632
35dcbb648025cc21,True,2024-11-21T13:48:44.308970
372140467359bf18,True,2025-01-28T21:50:10.317349
8a9046ba069bb380,True,2024-06-09T20:33:32.662607
7566052a10b015ea,True,2025-04-06T13:20:08.084878
2278a29d7c09dbde,True,2024-06-09T19:57:49.888384
e71d22131aa2ee28,True,2024-05-03T01:51:09.821640
7ec89b51d00faf60,True,2024-12-29T13:47:06.006508
e593d401ccfaaefa,True,2024-11-14T02:28:52.730523
3e1785d484bdfc07,True,2024-07-24T18:29:48.212061
e7a7b23230dcf802,True,2024-10-20T15:23:12.473417
008f3fd118ce0ac7,True,2024-09-07T00:58:45.948640
e46d8a4993cf7b12,True,2024-05-06T09:10:56.671722
f368d8ec827ed331,True,2024-08-17T08:43:54.554629
fdaba36d3af380d2,True,2024-05-30T15:25:48.116015
1fe3f1f426d688bb,True,2024-10-09T06:42:13.414751
30738b28948bb41f,True,2024-06-11T16:36:46.982651
cb8d769e7524c970,True,2024-07-29T08:30:02.333320
3175d7b166bdbeb4,True,2025-03-15T22:01:55.064582
28a5fd9406a773ba,True,2024-11-13T02:04:36.284754
b8d01ec2241de0c3,True,2025-04-12T01:32:12.409866
56ac2f51c7f29599,True,2024-09-13T09:33:50.981176
30d7ffee042f83ca,True,2025-03-26T16:53:15.560204
58fe54dce6a9846b,True,2024-11-01T02:56:05.116645
e8cb1c4dfe5726d3,True,2024-06-17T07:31:05.095314
052fac8c027a46d3,True,2025-03-31T03:09:09.187470
27e6ba4afdd75e21,True,2025-04-10T22:39:03.881747
fe90967a25639f82,True,2025-02-21T05:21:59.419418
7e948a792e1d4f03,False,
a70f30bc4f647623,True,2025-03-17T06:27:36.465224
6fb983e114e46276,True,2024-08-05T13:48:12.274442
242696cd58b76196,True,2025-03-26T06:50:06.438106
7e948a792e1d4f03,False,
b89071c449d7848e,True,2024-11-21T09:49:32.695794
7e948a792e1d4f03,False,
a1a1e4c9087d80f3,True,2024-05-11T19:27:42.113379
cc2894d013d39d7a,True,2025-02-18T15:30:51.525411
5dca1e343efdc94c,True,2024-10-07T11:06:49.747463
e6cc77f9ae364e66,True,2024-08-24T22:22:46.501617
97f000d4d675ff82,True,2024-07-13T12:23:21.699827
cc6cb3c3f40475f6,True,2024-07-15T11:42:14.912391
9851a6b9edbd3c76,True,2024-09-05T15:01:17.876649
c0d5cf4d39cf2e52,True,2025-02-14T09:28:01.050794
1dff6bad7462e707,True,2025-04-09T19:09:35.290689
6ab345dffe611f47,True,2024-10-08T05:47:30.057114
9021c11e81b547e4,True,2025-04-27T05:54:44.588953
7e948a792e1d4f03,False,
a7f56b75c3f95b71,True,2025-03-21T03:27:22.439704
2f80c4e838f795fa,True,2025-03-25T22:02:18.955144
17bb2bfa0efccc7c,True,2024-06-24T21:40:16.178313
bbee8a08a3bf8ebe,True,2024-09-18T19:03:34.524899
1ec30d913dc90557,True,2024-12-19T18:15:35.019514
e937443530078157,True,2025-01-09T19:28:01.675404
7e948a792e1d4f03,False,
432ec043710736c0,True,2024-06-19T17:10:08.912087
99982814c220159f,True,2024-10-04T23:33:11.887479
adf2265ad69291d1,True,2024-08-01T10:49:27.077547
d1fbff89bb67ecd7,True,2024-10-24T05:28:22.319493
79382e5421c6ec19,True,2024-07-08T08:09:03.585122
c2d2ac32747c5764,True,2025-03-19T17:08:25.872459
59e1b5087d973352,True,2024-09-25T16:17:32.876054
a5074c524177cace,True,2024-10-24T13:38:23.257407
0a739dc0909a0e15,True,2024-10-10T08:16:01.814880
6736cd254fe034dc,True,2024-12-22T00:40:02.867093
ce3f68203f649edc,True,2025-02-11T05:04:58.416682
65fcf6b9e55ec341,True,2025-01-26T02:40:09.027732
46c9afacb00a8335,True,2024-10-07T17:49:42.012410
36d1e806c43c70df,True,2025-01-20T12:59:38.132528
2411002b9392827e,True,2024-07-05T14:25:31.573339
d01084630478cf7c,True,2024-07-01T06:34:06.308117
fd5ec4706729fc7c,True,2024-11-27T09:17:56.198357
b6f2e7b4e663d26d,True,2024-05-09T04:17:28.293358
b1d37df55b024527,True,2024-05-12T12:33:44.511604
951094612ffa1fc5,True,2025-04-13T20:48:19.392129
70efc456da7ce952,True,2024-04-30T19:21:57.654661
3edb8b4f62f8aebc,True,2024-05-12T21:56:05.936324
5bbb79e511fc9292,True,2025-03-30T20:20:58.403059
7e948a792e1d4f03,False,
8c2bc5f109c1dc78,True,2024-12-30T09:45:11.812330
bcb76bbe0033ccc2,True,2024-05-07T14:24:09.667210
2ea2fd9d87c136c3,True,2024-07-15T20:16:53.860489
c0affc5b822a9d00,True,2024-07-23T20:09:57.909351
70b3203162bce0e6,True,2025-02-13T08:23:31.996977
a5b8ba94e5adb949,True,2025-01-09T01:30:31.208088
5850deb411242477,True,2024-06-02T08:40:14.740050
f99114a453229971,True,2024-09-04T23:55:51.299726
0033b70882e6a63f,True,2025-02-15T16:33:09.724749
7e948a792e1d4f03,False,
6eb6bdb10994711e,True,2024-05-02T16:40:47.774295
7e948a792e1d4f03,False,
aba20609055eb853,True,2024-11-06T20:44:45.214300
63439925b29c876d,True,2025-04-03T09:57:18.847439
4d672f0eed310267,True,2024-10-27T08:52:03.766572
449c7479b7b7e7c4,True,2024-12-02T17:33:54.525486
0dba30591a72f4ca,True,2025-04-25T04:59:30.820010
5a13222b98d55e19,True,2024-11-10T18:16:17.327224
7e948a792e1d4f03,False,
96209c94f4dc1787,True,2024-11-25T06:09:38.980082
91a28ec6409ba70c,True,2025-03-04T17:59:27.745684
287ab49a6f650da7,True,2024-06-28T07:36:42.393767
3dfee33976bf80db,True,2025-01-24T16:33:02.129763
e11e02217ce61148,True,2024-09-08T14:17:42.223221
309376e4b1b61cba,True,2024-06-06T04:27:35.568317
1cdfdf134e72b35f,True,2024-09-08T08:45:01.803780
96e9762e6b4cf736,True,2024-11-28T16:53:15.616103
4aa8e1444a123d87,True,2025-02-27T12:06:59.062604
6a6a43d05cbc37e0,True,2024-08-13T19:40:40.262121
643edb3f8a1bfb9a,True,2024-10-15T07:01:25.575876
7e948a792e1d4f03,False,
8cb3eee333f93340,True,2024-07-06T05:28:59.102233
7e037ba9b025b657,True,2025-04-13T10:49:48.938391
15fb171c5c946740,True,2025-02-18T10:51:31.848536
fa9b13118d5b4bd1,True,2024-08-30T23:56:12.798361
a0935a15e005b30a,True,2024-09-23T02:42:09.509709
11770c9fd5613a9d,True,2024-12-15T03:05:41.927398
ded13384033badf7,True,2024-07-09T22:57:41.972035
029cdbd847281e79,True,2024-11-30T15:53:14.506208
d4d9aaead446ee76,True,2025-02-28T01:37:54.849533
c42f3a518a6e7557,True,2025-03-19T00:20:43.481095
286abc449c6f2727,True,2024-09-27T07:23:59.420439
1f462040da9a423b,True,2025-03-27T08:54:29.912283
5364789c2d722266,True,2025-04-25T10:40:35.278659
14c54b35b581a167,True,2024-12-19T11:19:24.898198
7e948a792e1d4f03,False,
d0afbe6b5a464e93,True,2024-09-08T03:38:08.590961
a03c8fea536ff429,True,2024-08-21T15:10:19.456747
bcd8d68bbe35ea8e,True,2025-01-21T16:53:12.483947
f738a8ba2af6924d,True,2024-10-22T01:35:04.955618
a417d662233a46f4,True,2025-03-31T03:09:18.966831
4b7e49d934ced404,True,2024-05-02T10:49:32.663412
670269d07d764ab7,True,2025-04-07T16:02:41.827235
676209c9b4d762d8,True,2024-05-09T07:59:56.933597
2b5481b9ee0e7713,True,2025-01-08T00:36:12.475452
eb764b63e5317c64,True,2024-06-11T20:42:42.321429
1eb62f3f08a1a90f,True,2024-07-24T20:58:26.440609
2f75562c14e508c3,True,2025-01-06T14:14:53.835745
45a1a6acb8e2bb8a,True,2024-08-02T00:07:58.046257
c5a86cd93602fb0e,True,2024-11-23T22:02:35.447137
133aebb882c636b1,True,2024-04-30T05:54:59.626835
cb4a8c4a897a687b,True,2025-04-27T14:59:08.993680
afaaaed17eb4c3e2,True,2024-07-29T17:19:40.945217
eb5fa1529057d8cf,True,2024-12-20T19:32:01.085800
7763822bf3addd73,True,2024-11-27T12:46:18.071735
1310a4b75e0c336c,True,2025-01-29T13:44:48.481329
cc2c9a36b9137262,True,2024-08-19T20:37:57.864736
7e948a792e1d4f03,False,
7e948a792e1d4f03,False,
30697498f1aefd7e,True,2024-05-11T02:13:43.818534
c37d91f00ef2b51c,True,2024-06-02T11:00:28.611012
3ff0e399d1770ea2,True,2024-07-09T10:32:46.111820
7e948a792e1d4f03,False,
fd9d744cfc82c190,True,2024-10-31T13:04:22.769037
7e948a792e1d4f03,False,
c08d5b1ab1c96cdd,True,2025-03-10T13:44:13.954341
327d6c704c732d46,True,2024-10-05T20:49:29.097042
f62bc6da737c4d3e,True,2025-03-09T00:12:45.359871
045ad8296e05b56c,True,2024-07-07T06:53:02.429397
a920e365fe0afaf0,True,2024-06-02T15:40:33.964724
176379619f5b3a42,True,2024-06-10T16:47:32.914346
d1c00207ded9f8d8,True,2024-08-30T21:32:00.788839
6664fa55f278a528,True,2024-06-30T16:33:29.211694
37a5023aca8bd639,True,2024-09-15T17:45:27.805618
b64d6791d29fb9f7,True,2024-11-06T11:28:12.190811
f42ced839cf9da32,True,2024-09-28T18:01:08.105504
2f815fd342bb2aa9,True,2025-03-22T17:07:45.813378
ff3ee141c3b6427b,True,2025-04-27T04:21:34.284487
12243788e63ae595,True,2025-01-11T21:10:22.489299
7e948a792e1d4f03,False,
8382f4ff56d128fb,True,2024-12-17T12:10:25.890621
006fc1167e32fc66,True,2025-01-14T04:27:29.063420
b7a05a1cea5932df,True,2024-07-10T10:25:28.905170
2d066308abb58465,True,2024-10-04T15:39:54.918272
ed7fa0ab3daf23e2,True,2024-05-27T04:37:47.237629
c35a463b37f97b6f,True,2025-03-03T11:26:06.370061
7270311a74a5a295,True,2024-05-22T14:38:24.556671
7e948a792e1d4f03,False,
bf7643e5d89dd9d4,True,2025-04-25T16:55:19.175006
c8ccb01107a7bf77,True,2024-07-15T18:03:06.976930
374a69fd71c8b934,True,2025-02-28T15:01:12.820016
80bdcc8fc91784fd,True,2024-08-18T02:51:44.218008
fda2ba469e7d75a5,True,2024-12-22T21:36:24.199849
585b396bab1c90cd,True,2024-06-10T22:00:25.541299
2601eca0359d4d26,True,2025-04-05T21:24:41.799802
12c3b9ac0320ff25,True,2024-05-20T12:18:21.172756
23c3fbc4048577cd,True,2024-07-03T11:10:31.781124
7a89b308e924124b,True,2025-03-08T11:50:29.220969
1c01133302c75457,True,2024-10-17T21:54:24.121238
fb85d4e7087adbb7,True,2024-06-25T01:23:05.597244
aa1e398ee1846077,True,2024-06-28T16:09:27.097435
77d34249550e8510,True,2025-02-11T19:56:06.090354
17602529f5f6f229,True,2024-09-08T07:23:57.370630
03d631159680a248,True,2024-05-31T06:01:41.000939
bf28c9c39b71ad4f,True,2024-12-17T03:08:17.755222
cc21c0029011e1a6,True,2024-12-02T00:49:02.927903
e4d34a49e932a218,True,2024-09-18T04:42:26.250644
7b2ea1f2ad64c247,True,2024-09-26T03:00:27.432298
1192d6074fa9f1e3,True,2025-04-15T07:21:34.775246
474862f860d1bf99,True,2024-05-26T13:36:56.991103
c478d0348ce53e7a,True,2024-12-06T15:18:11.436729
7124612df60b8283,True,2024-09-06T10:11:46.693792
00bab5a3342c1e7e,True,2024-11-17T02:30:47.248914
d29a6712f3282e90,True,2024-11-03T08:51:33.981725
57b778721659674d,True,2024-11-26T05:57:25.277674
132e706b5c1cfdb3,True,2024-05-17T11:41:51.637376
7abe810368656a12,True,2024-05-07T04:05:18.282490
b402e3f2a8b616ba,True,2024-05-17T19:49:35.967751
7e948a792e1d4f03,False,
b1b0fedab7d915dc,True,2024-10-12T09:11:59.469103
bd5546e84e5e2ec1,True,2024-08-05T04:23:47.827927
b497f8842ca2f5d0,True,2024-10-20T23:05:21.752132
3075766405f1ac65,True,2024-11-09T02:02:11.383132
dae74f205ccf992c,True,2025-03-11T21:38:56.584429
dd01c0920dd13cc8,True,2025-03-17T22:29:28.066067
c32531ee6d52bc22,True,2025-04-06T14:38:45.434299
c43eb2ae4837b602,True,2024-08-01T09:17:56.487669
c1403d9c219077d9,True,2024-10-12T23:34:31.553560
4b7f22b06dcbf450,True,2024-09-30T03:37:40.461927
9085d255ef8d2635,True,2024-05-10T04:23:38.775152
43ed77bca77b8b0c,True,2024-06-16T08:07:24.609091
fd224a9ecff1b2d7,True,2024-11-28T11:58:07.367167
a0d108a4e12b9a62,True,2024-12-21T23:27:44.572509
1b56a3e22bd92c9a,True,2025-04-14T07:37:24.096455
303cb89c2a75d238,True,2024-06-16T20:36:21.428085
fd68a6289d61bf1d,True,2025-03-15T18:29:10.353231
a455ab84d39f63b4,True,2024-09-15T00:41:34.907591
0923a8a53c20cfcc,True,2024-10-21T11:52:26.352027
efd980490884bea5,True,2024-11-17T22:39:16.441037
bbdbec0454dd8b13,True,2025-01-08T01:08:11.832900
48429ff93feed33b,True,2024-06-13T03:16:16.064352
0a895d466c799feb,True,2025-02-28T05:15:24.465101
d077377e43e4252e,True,2025-01-13T03:22:56.193526
fe51e68098eb4a9e,True,2024-10-18T16:57:39.106030
7e948a792e1d4f03,False,
f6923a37b18b0409,True,2025-03-12T00:51:25.039890
b5b41cf42d519932,True,2024-07-04T07:51:39.810254
bde301ed4cf526d6,True,2025-04-22T07:05:10.198215
d7bc53c3e6224480,True,2025-01-16T22:00:13.907125
b439c613d8d7863d,True,2025-04-07T06:30:46.860911
968dba0b7ced2d53,True,2024-10-31T03:30:40.189260
ad5ec4cb532f899e,True,2024-06-24T15:52:29.679412
d89c5437adb04d79,True,2024-05-25T05:13:29.071420
72950be607eb6a2d,True,2024-05-14T17:30:04.549294
7e948a792e1d4f03,False,
a168228e1813b03e,True,2025-04-20T17:04:08.376132
a9a220e94e79bb8b,True,2025-02-26T17:30:13.281583
3bbae66b5b9725e0,True,2024-05-30T12:43:54.447488
2e92b2005ca42495,True,2024-06-07T19:25:20.689506
dfddc9a28d36a4e0,True,2024-05-07T13:36:03.571658
4295a33e86370c77,True,2024-12-12T09:03:23.801689
a2b1aa69e645625d,True,2025-03-16T08:52:17.600003
b73739c65de86732,True,2024-06-02T01:25:55.861207
9aa181bcc18c9f10,True,2024-06-09T02:39:09.335590
bb9bb1e148e38239,True,2024-06-28T03:30:22.184131
3569f2371cbd39b7,True,2025-04-28T03:44:06.612170
96966c489b6ba6a5,True,2024-07-08T10:39:33.524024
481d3c4a38943dd8,True,2024-10-05T09:02:17.277302
ea3eee71c960c41d,True,2024-05-28T18:35:26.389865
bbdde9492316bb70,True,2024-11-12T14:40:06.412982
44acae49312dc323,True,2024-10-22T16:38:22.999073
7835035dcc0de286,True,2024-09-21T09:12:03.260118
7e948a792e1d4f03,False,
faa84b69d0f2fdc7,True,2025-02-01T06:20:42.889139
f363a2f6bb9a1f9b,True,2024-08-12T13:54:11.475245
939a06b175f9e1c0,True,2024-06-21T12:32:16.189926
f211bce54265b0f9,True,2024-12-14T23:31:33.393022
36999f73ed1afc0a,True,2024-06-12T22:11:26.910310
7b907a4038c48a96,True,2024-12-26T14:56:59.348001
3ae3aa918026f86b,True,2025-02-22T00:29:43.243384
f02ed20dd7d3f85a,True,2024-08-02T14:47:35.516331
19ff6f818572e21b,True,2025-01-07T11:24:33.338742
f897f44c867136e7,True,2024-07-18T03:28:06.307667
fa23b57e621330c9,True,2024-10-01T23:44:37.199421
a2da70556e5f0da2,True,2024-12-18T18:25:15.506028
ef9abe3465e0c760,True,2024-09-11T14:56:02.945004
daf4fbd9b7cab1c1,True,2024-07-26T20:32:20.236316
c47ba90881f468d9,True,2024-08-29T15:35:14.892107
f669bd6c032d6155,True,2025-04-16T13:01:06.580098
c4b8e09c488bfea0,True,2024-10-13T23:23:16.032216
e34d89e12094047d,True,2024-12-27T08:26:51.877028
e745f17dab24ee45,True,2025-02-10T11:47:33.718877
e602fdeba7b23169,True,2024-11-22T08:38:01.335636
7c68213aab3fd099,True,2025-03-28T07:40:50.908040
23b32b91138866e4,True,2025-04-23T20:22:30.334281
41b0e729108d9a6c,True,2024-09-25T05:50:33.829404
c1df864fff762ff9,True,2024-12-01T13:09:50.349407
4d589bea65793f44,True,2024-07-08T21:26:35.763927
c3365332d3613f39,True,2024-04-29T02:19:17.540054
97a2396b320a452a,True,2025-03-07T06:16:17.315273
7e948a792e1d4f03,False,
7e948a792e1d4f03,False,
79044c8127979886,True,2024-11-25T02:00:57.923301
634f7c6cfc6c7615,True,2024-09-27T18:36:04.160905
6778cacbb388d72c,True,2025-04-09T01:47:20.108396
1c066489cb78e438,True,2024-12-02T11:50:43.749705
b48ef76960f11884,True,2025-01-09T05:03:54.386256
85de727bdf795c34,True,2025-04-21T21:23:57.877423
b64df3487b00d4fb,True,2025-02-07T07:14:31.240075
65e6e750a707a109,True,2025-04-13T23:17:52.452157
c5b9439af5be1900,True,2025-01-24T22:28:06.574879
f79c7d7e5661b7d8,True,2025-04-23T16:30:28.752722
c2978729316a3950,True,2024-07-17T23:23:51.449157
3acfaf041c64af9f,True,2024-09-20T11:58:06.807732
73ae65a923717460,True,2025-02-04T01:20:06.743544
2aa25c04fcc46194,True,2025-01-02T03:33:15.571952
c731a5adc3d7ce86,True,2024-07-26T08:59:42.130570
7e948a792e1d4f03,False,
14f85b89ea6faa86,True,2025-03-04T01:58:15.437717
d961005e96e4a98c,True,2024-11-13T03:09:46.855136
9653e96b01bdc551,True,2025-02-20T14:35:47.375117
c3fff02fd38424b7,True,2025-03-15T21:14:40.618575
07d222dad6c6303a,True,2024-09-19T00:45:28.559410
7dddb10f7ae557c1,True,2025-03-04T06:33:53.994308
b33462adb57a9d24,True,2025-04-13T02:00:06.889579
2ad9e59963f8a7fd,True,2024-08-07T08:41:16.284603
79dabe4a32ada42d,True,2025-01-08T05:58:27.455599
54c581c991f58201,True,2025-01-16T01:21:53.042568
24363de5a10e199d,True,2024-08-10T01:35:56.484998
6484d37836f90770,True,2025-01-08T00:14:01.408878
ffa25cb04facd382,True,2024-08-18T04:25:26.256790
75daa8f55dc6739f,True,2025-01-21T14:15:30.939291
95712b8160008c96,True,2024-09-16T14:34:36.943920
81bf35601463e05a,True,2024-09-08T22:21:18.040988
6ab2b84ee08b7b6b,True,2024-06-14T10:44:43.788585
e525f5f4ecd68dfe,True,2024-06-19T13:57:55.826045
2704febcc81de385,True,2025-04-20T15:00:36.309739
d54a4b27ba088145,True,2024-12-26T12:26:45.186800
94f18f1c7b305c6b,True,2024-11-04T20:17:48.662261
64e28de870c5d91a,True,2024-05-30T04:17:34.053851
3aa5d54c31f41669,True,2024-12-22T01:31:20.765330
b26560f3d1efd569,True,2025-01-19T19:48:07.249712
499030742a26ccd3,True,2025-03-05T00:19:11.350201
326385916e966f6c,True,2025-03-13T13:20:37.090847
5d6df959fcc5d6c7,True,2025-03-08T11:11:07.190078
a6d771eeb7f85f3c,True,2024-12-03T15:47:09.776875
feb4e2d1d9a010dc,True,2024-05-27T07:36:35.828829
1782d74ebc12c0aa,True,2024-12-22T01:03:39.409295
e331f91bc6fcf680,True,2025-02-21T20:28:33.191255
881e58b2fd84e1c2,True,2025-01-13T20:44:49.671225
7e948a792e1d4f03,False,
6b7105c8d120dd3a,True,2024-07-06T01:47:00.864294
1d3cdbb823d57864,True,2024-06-21T04:48:25.551069
7e948a792e1d4f03,False,
ca7b9a4b845f3626,True,2024-09-10T11:07:07.015093
d7f23da6aa9b18d4,True,2024-07-08T19:15:21.139679
7e948a792e1d4f03,False,
7e948a792e1d4f03,False,
e93e62ab5a4448b4,True,2024-09-15T21:11:53.959897
b16f745bbe41c51c,True,2025-01-08T06:30:02.706241
2cc05f31f847c2f8,True,2024-08-22T20:50:29.048475
335c3e2cf939d578,True,2024-11-25T06:34:32.490638
07d20d7e19283820,True,2024-05-15T05:38:19.509659
257e2ab1215db967,True,2024-11-21T06:22:39.486084
e006394ca1b1f34d,True,2025-03-17T03:49:25.446991
318daaabbc979a98,True,2025-04-10T16:11:21.597863
96afbe5f2522c2da,True,2024-06-15T06:34:58.454306
53c43836c400d008,True,2024-05-08T01:31:51.543347
b0a43dd21debeb94,True,2024-12-28T07:54:28.703480
2d3e5e46c0f5f58a,True,2025-04-16T09:22:18.139040
7e948a792e1d4f03,False,
7b281910b757d0c7,True,2024-11-07T14:06:27.448497
ad6673f97268ed2f,True,2024-05-28T08:09:21.205882
a58802708146c3ec,True,2024-12-07T00:50:30.966447
dc65274f905773be,True,2024-05-19T01:19:07.067504
7e948a792e1d4f03,False,
eb7bc40daa5d36b8,True,2024-08-30T02:08:50.940338
a4a0e24363942769,True,2024-09-04T10:39:53.177958
004b697e738d834a,True,2025-04-14T14:48:04.286885
77e9daf44068456b,True,2025-01-24T20:23:10.580302
da951d13154062d9,True,2024-05-27T20:44:16.577496
725501c1e49bed57,True,2024-10-22T15:48:47.921850
64cb743a25871ecd,True,2024-05-30T23:33:28.909284
3b01a2aa65d0a2c6,True,2024-08-13T03:26:15.742152
56fd2c7cd7f306af,True,2025-03-26T05:13:47.182346
add258ef81cc6f44,True,2024-06-26T09:51:53.812428
93a28fff7dafa1b9,True,2024-06-25T05:09:29.064044
6aa7e781da097aa9,True,2024-11-10T08:45:33.279521
94f8ee9cf237ed18,True,2025-03-18T18:36:34.805810
e462943e7f20aa8d,True,2024-06-01T21:51:02.895309
db0515e25d6e373e,True,2024-06-06T06:48:39.948390
3dfe23a82e4b4df6,True,2025-02-20T06:48:50.132705
3435de2ed5003824,True,2024-12-15T15:05:26.550784
4d5cff89663fa148,True,2024-10-31T04:40:50.496519
a26f96466e2cf338,True,2024-07-15T02:39:16.164825
02ce1ca60edc0313,True,2024-06-05T12:37:08.307098
1c88024ccd26573a,True,2024-09-14T15:29:04.723156
22c783d06ea2bcf8,True,2025-01-24T17:31:33.537568
bf21e3d8c989ab95,True,2025-03-26T02:15:25.323187
7e948a792e1d4f03,False,
476fc0c27f84d5ed,True,2024-06-11T12:55:08.568126
f5cc5c6b459b938e,True,2024-07-19T22:40:04.614829
22ee57045082d05f,True,2024-06-22T19:08:06.151957
fb288a7833c24722,True,2024-06-30T21:01:01.173867
36e4ac7edb729a00,True,2025-02-12T21:49:43.109364
450fa9c4d352564d,True,2024-08-27T14:38:07.524271
7e948a792e1d4f03,False,
05e37991a9798c8e,True,2025-03-19T21:31:53.841175
a8275c2200a781d7,True,2025-01-06T19:42:56.975560
ff6f0abe24d5e672,True,2024-06-03T22:22:18.787786
934adbcfee0a257b,True,2024-08-17T03:16:11.334691
2ad3c1dc463357ef,True,2024-10-22T07:54:08.062839
c36c6673cdbe227b,True,2024-05-18T21:53:29.553165
7e948a792e1d4f03,False,
04363952dada6f3a,True,2025-04-09T19:56:19.049854
0f0c8544777efbca,True,2024-08-12T14:56:36.223397
4a67be9c76003d3b,True,2024-10-29T06:24:47.570732
5187ef3bb1244c65,True,2024-10-20T18:55:19.344097
1ee904e2c2e3209a,True,2024-06-07T19:47:07.085862
f114313d762d18b4,True,2025-03-08T05:37:35.386799
fc77f7160d92d298,True,2025-04-05T14:44:50.339995
ed2b2287af65e19f,True,2024-09-28T02:55:58.088272
5b4d303ead9959a7,True,2025-04-01T18:02:23.315522
7e948a792e1d4f03,False,
7e948a792e1d4f03,False,
6e08e90d81843b75,True,2024-06-28T08:11:06.862894
73cc7eef786677d1,True,2024-04-29T21:03:12.383753
93b7fb619ec4cf7d,True,2024-07-31T13:42:17.895499
21dffb27e5d48998,True,2025-01-17T18:46:44.190320
7be6b27cc306c633,True,2025-02-09T02:37:06.522841
7e948a792e1d4f03,False,
68f372561ff668c4,True,2025-01-04T21:28:21.111344
49e899fe4f36cbab,True,2025-02-22T01:41:49.471160
5a02df571c57dd81,True,2024-06-23T05:06:02.469881
af396c78a3137106,True,2024-06-23T01:09:55.873098
224b5eaabe48f650,True,2025-03-15T19:21:03.216437
7e948a792e1d4f03,False,
c6a69f41150fbea4,True,2025-01-23T13:10:11.257367
b3eccbc21b70fa2b,True,2024-07-05T01:06:15.739696
ee6930c74c7d1f9b,True,2025-02-17T00:13:10.172333
203833dd0d706693,True,2024-07-06T04:08:29.390908
f6c32f2062d2decb,True,2025-03-07T11:14:12.929048
8cc6f4b336bd5f14,True,2024-05-03T05:31:06.062544
99d2ec8caf6b2a8b,True,2024-11-15T08:19:00.827095
7e948a792e1d4f03,False,
d8b24e23e67594c9,True,2025-03-10T01:26:54.274252
7e948a792e1d4f03,False,
82c06f5e618b9118,True,2024-09-20T20:11:32.402171
addb93d88c0590db,True,2024-09-29T23:18:14.846051
44ead354a06d6541,True,2025-02-12T11:38:36.088423
7e948a792e1d4f03,False,
ed22e32f1edd3b83,True,2024-10-17T16:33:46.436500
20754bd7ff76d8a0,True,2025-03-14T17:29:01.979103
5cf10dd281c379c1,True,2024-05-29T06:41:22.451280
9bb4afacb25251e4,True,2024-09-20T14:16:58.963452
7e948a792e1d4f03,False,
ca1690bbb40b744d,True,2024-09-14T04:00:24.866777
7f02353678700bb0,True,2024-11-15T17:23:17.284767
19e05398994490c2,True,2024-06-03T12:36:51.237570
553f5ec472a77d54,True,2024-07-08T23:06:42.824502
e17107694bfe4538,True,2024-12-15T08:02:40.370917
a051874c8839be0e,True,2024-09-17T11:02:03.684534
16f768ce95e7e1fa,True,2024-09-14T09:25:53.287349
74a6b33d2aeeb43a,True,2024-07-19T17:38:21.439269
f33b9fc79c30ee42,True,2024-07-29T18:38:14.406866
bcb75ca099dc18c5,True,2024-06-04T10:12:33.235898
03661c738fc244b2,True,2024-08-24T07:32:46.668856
b029acd8d7ba15cf,True,2024-05-27T16:47:43.122968
a76a57c27c530dca,True,2024-09-22T08:22:58.732454
d8d4667b63ac917d,True,2024-08-21T13:44:37.854855
c7393419e92a544b,True,2025-03-20T17:00:07.750487
73ed9c55462d4844,True,2024-05-05T18:19:01.606064
1025accd030eaebf,True,2024-06-02T22:20:47.287391
a0649b4aa1e94cd2,True,2025-03-30T05:34:20.574936
656a15bb7e30bc74,True,2025-01-10T13:40:14.950154
d0ddefe80a685571,True,2024-11-08T03:21:22.727720
e50791e053b8f1e2,True,2025-01-21T07:47:25.565889
0e67eabc436369fc,True,2024-08-12T06:36:34.971496
623a01e8f26d25d7,True,2024-10-26T09:53:07.373554
f68ee0a9dfad74ce,True,2024-12-21T21:31:11.273807
c97032e12a3d3137,True,2024-06-22T03:13:46.374150
e9c1636f297d8775,True,2025-01-30T21:32:00.177004
0e5cda4853ff78d0,True,2024-06-08T18:46:33.980650
82a2309cc25482f2,True,2024-10-14T18:53:55.166320
f5c3230cd310f27b,True,2025-02-10T04:49:05.020852
c187303c465b1c44,True,2024-05-01T20:34:51.480059
2f53d23affccd5fb,True,2025-04-24T10:37:36.338824
7e948a792e1d4f03,False,
24d7f18d7bddded1,True,2024-08-01T04:09:07.649132
cd130dd346f884f9,True,2024-10-02T13:34:49.039454
f1bd8caac9aba8d6,True,2025-01-06T09:03:26.452289
1bdd6137aa5b320d,True,2024-08-03T20:06:26.938559
0549016bd63b5a65,True,2024-06-12T10:56:17.193785
a0096554d6e8888d,True,2024-10-16T11:03:59.534237
5ce60e6555006029,True,2025-02-21T03:22:11.162027
c50b001e0d8523ee,True,2024-11-30T03:17:58.931448
d632e55f5976444d,True,2024-05-29T05:17:25.484429
7e948a792e1d4f03,False,
fa52c86c1c0395d3,True,2025-01-05T09:52:38.359175
83ca0a9e88cbf38a,True,2025-03-03T05:52:53.869823
695957845472be33,True,2025-03-10T09:18:30.960272
df93e9f2d2b2a221,True,2025-03-01T04:04:10.075917
d7d1def0c601e774,True,2024-12-28T04:30:25.171938
7e948a792e1d4f03,False,
7e948a792e1d4f03,False,
7e948a792e1d4f03,False,
c93e169d030c4d39,True,2025-03-07T15:33:49.313202
7190d78170fbec41,True,2024-05-10T02:14:56.990166
4372ade04cfc34d1,True,2024-11-08T17:39:44.558392
c8ef70d44e9cb225,True,2024-11-07T19:13:27.598783
07471a2c2284ce47,True,2024-08-11T13:32:07.427593
6262719dbaefc4b8,True,2024-12-11T07:57:36.975396
a70a0cfa40b70114,True,2024-07-18T10:00:10.822011
8707c3e2996d27f9,True,2024-08-27T07:19:33.450397
8b38fc26f86c0c67,True,2024-11-13T14:13:53.631180
4b3cae11c26280f3,True,2025-02-25T12:46:07.407228
8feb8d909992a27e,True,2024-12-05T01:53:00.701469
9a9afa75969233d5,True,2024-05-26T17:41:36.331862
223768fe39c85aff,True,2025-04-13T14:44:38.066692
9c237c7543fa8bde,True,2025-02-03T22:13:30.494041
13ffd8b2df7f12f1,True,2024-11-11T23:57:23.139343
eea02b7fcd43310b,True,2024-09-09T17:32:42.628574
be7a94d8a06dd184,True,2025-02-15T16:07:17.665617
b55968167baa2758,True,2024-06-19T16:36:21.217237
030ad4c20ccdb84a,True,2025-03-01T02:23:04.846063
d8d7644baacfe873,True,2024-12-15T02:10:55.311678
7d1e9f558a06c2de,True,2024-10-25T19:37:24.007238
58dde7cbf322cf58,True,2024-11-08T18:05:51.729919
47abd25111b3ad78,True,2025-01-23T13:09:41.361887
ccf7dd366b11ca28,True,2024-10-05T00:40:29.862247
450490a8f3b6c500,True,2025-01-04T08:12:13.062329
f7942c2041db04e8,True,2024-07-29T01:45:55.388122
f170cc5eb92332cd,True,2025-02-15T12:39:16.011286
533b1f1b4e2b0b6d,True,2024-09-21T12:46:52.639289
9ceb06d49011bba4,True,2024-10-26T02:28:59.423120
6b8582381c181ba6,True,2025-03-02T08:28:31.980265
d70745e4b3d38724,True,2025-02-16T04:54:01.715821
891f0134c1ee90fc,True,2024-12-25T11:27:24.666173
baae509b7dd2712d,True,2025-04-25T14:40:47.848594
c5490c841f5b6c73,True,2024-05-23T18:37:26.064265
3d036967ad468df2,True,2024-08-02T10:01:12.026572
2cd6feb93b5a115b,True,2024-05-18T08:35:26.273296
939b549f93bd752a,True,2024-06-14T21:26:32.029195
0740bfd0f3636583,True,2024-05-08T19:55:32.995422
e856f9236891a8c4,True,2025-03-07T03:06:38.580013
7e948a792e1d4f03,False,
3e0a3b2caf9808db,True,2024-06-08T12:25:15.965789
de0d024e974787ef,True,2025-03-24T19:35:06.343545
6986d89ed9e7aa4d,True,2024-05-28T03:45:35.680758
0eeb5510c3fb1b8a,True,2024-10-27T14:43:58.822397
8deb9f0345c9a013,True,2025-04-01T12:09:24.969003
aadf1736f9c59670,True,2025-02-10T06:37:33.270649
e0ad84190102ed06,True,2024-05-25T23:07:58.480635
ad6c5fd1f6b22a59,True,2024-07-14T18:23:16.016213
d3a64699659c81e2,True,2024-05-13T01:33:25.368682
f6d8a05554ab6372,True,2024-12-06T20:14:23.567676
7e948a792e1d4f03,False,
7e948a792e1d4f03,False,
5a774279848a3a15,True,2024-11-01T23:25:38.929869
1c284ff24a9ed098,True,2025-04-23T10:00:53.578383
1171d1135cb94a49,True,2024-12-14T06:06:15.218229
a83d37e3d61b96c1,True,2024-09-26T14:24:23.355728
65ebd53a5880fc44,True,2024-09-26T19:21:06.574600
579ff66d6563d4f3,True,2024-07-14T00:23:47.867818
54f4f048b2257ac8,True,2025-02-15T08:02:43.043350
7ccba1a09e49307a,True,2024-11-21T00:50:32.548245
27b3df46580f9528,True,2024-10-29T19:24:28.527572
d45a00869961f859,True,2024-08-25T13:57:36.694225
0a61e8b9e072bf05,True,2025-01-22T10:34:57.422604
8b3e60e99eb49bc4,True,2025-04-20T10:41:58.221205
2f2f472c05062c76,True,2024-06-11T08:41:56.288344
a1453444b68cce6c,True,2025-02-15T11:10:01.095060
98600e4978858afe,True,2024-08-28T00:17:32.572825
81daa15728779981,True,2024-11-28T03:15:05.216089
f0590a38ee4dae4f,True,2024-10-28T19:00:50.436730
d9e47ca61d64146e,True,2024-06-16T18:35:32.851561
242a79a1877918d7,True,2025-01-11T13:22:27.802124
9f1e205e5aef8ace,True,2025-03-24T04:18:51.992742
bb3089587d45a137,True,2024-08-14T21:41:41.637326
8824c55ebf121bea,True,2024-11-12T07:59:32.959297
cef4770fa9980985,True,2025-03-06T17:01:04.638066
849107d96d075a86,True,2025-02-22T04:08:04.666794
8874305457f0a2dc,True,2025-03-25T23:52:46.703009
dd9e5da8bdb22fb8,True,2024-08-24T19:08:59.231022
95db30688d3d79c3,True,2024-07-07T17:49:08.536865
83ad2c591729277c,True,2024-07-21T13:14:20.486415
4088ca200ed16fb0,True,2024-07-11T18:32:46.138199
e8b8af0836f02323,True,2024-04-30T14:50:35.414730
9d251491a9de7163,True,2025-01-08T11:17:58.352545
8e5f8df8f624b316,True,2024-09-28T10:55:22.988571
12d5128fccd90b10,True,2025-03-11T10:59:13.933372
a8b2de02c835aca9,True,2025-02-02T02:01:30.082994
229fe5fd6e9565aa,True,2024-07-18T21:03:43.738126
a70e114480b385c1,True,2025-02-11T23:02:36.502029
f1cbac8850b4ebf1,True,2024-07-11T08:28:44.127436
7e948a792e1d4f03,False,
c1501109d9185431,True,2024-07-13T04:47:27.092385
a3c520704e5ba63e,True,2024-06-05T08:24:38.626929
f7fa48c48ed19b26,True,2025-01-28T23:18:10.127288
d15130baf1e653d3,True,2025-04-14T07:03:22.744703
db31347a983a65c1,True,2024-08-28T19:57:00.310604
10a06ce27a365eda,True,2024-07-10T21:24:48.992818
5cf7c3a0e0d86d27,True,2024-09-22T12:45:35.773112
8676f355c39ef9a7,True,2024-07-04T10:07:11.858540
89a18078776106ef,True,2024-09-23T09:03:53.343426
6430100bda095e5f,True,2025-03-15T14:30:05.512819
17825cb60e788159,True,2024-10-11T15:50:00.727223
27ede2873769b64c,True,2024-08-21T00:12:17.739408
d3e9b87a424e1235,True,2024-05-09T18:48:36.449943
7e948a792e1d4f03,False,
5207b9bf94138200,True,2024-11-01T08:50:07.697766
9e4b9aa0b8f35ac2,True,2024-05-16T11:14:28.505495
569e90cd527a562a,True,2024-06-18T20:04:16.308504
1b4e62fec05b1063,True,2025-01-09T01:44:00.224747
f7291aaa5e84a64d,True,2025-03-18T23:42:22.027351
216e809f8caa9dbf,True,2025-03-11T06:58:14.548933
331f8f83c55fb0de,True,2024-05-19T09:47:22.007896
7b0e72b6fbdb2879,True,2024-10-05T00:29:59.614273
b69f71d3bb3599f9,True,2024-05-25T13:33:09.879274
423e799d3c100141,True,2024-08-04T18:56:13.622421
a8ebb2d53ac7d044,True,2024-11-22T18:15:03.748480
82e02e476802e7f1,True,2024-05-12T15:32:26.956590
ab53b7f3c58f0c7e,True,2025-04-01T21:56:49.518651
d8d05f797a76435f,True,2025-02-08T01:51:34.172334
e1195a8fad66123f,True,2024-07-21T05:00:58.796448
252498e66015eda2,True,2024-06-07T20:28:12.473713
a5b499020a65a88f,True,2025-02-16T03:07:32.238963
b255348cdda25420,True,2024-07-29T17:14:14.225466
ebd3b78c60ed3e1f,True,2024-07-08T13:36:48.584279
7e948a792e1d4f03,False,
a20f967e5aa9f157,True,2024-05-03T03:38:13.719563
df362ab214223294,True,2025-03-11T00:03:15.152662
ff75d7dd30486902,True,2025-02-10T23:47:45.774066
da79e3998f22edef,True,2024-06-25T04:03:01.157951
aaef27be42f198d6,True,2024-07-25T05:14:56.383384
07a14a276bb0d9bc,True,2025-03-29T12:45:52.721723
30a40c393b4bca2a,True,2025-04-18T03:36:43.415888
34018cc0f72d8160,True,2024-06-25T08:36:03.675303
14856f9a006d7b8f,True,2024-11-21T22:03:56.887410
baf04c5664b02511,True,2024-12-05T14:38:52.805526
69e1a2fd8d9d8734,True,2024-12-24T15:46:17.146850
1143b3505d19ca71,True,2024-05-19T02:37:54.046762
5433185b49bcc742,True,2024-08-07T09:50:42.940810
7e948a792e1d4f03,False,
7e948a792e1d4f03,False,
e6e9a9819b06a175,True,2024-10-11T17:55:49.272993
643a7dd36a987487,True,2024-07-12T04:29:35.512978
7e948a792e1d4f03,False,
31bfd4e6f1254a8b,True,2024-08-24T11:13:13.693501
df4033f141272e9e,True,2025-04-27T18:56:22.693759
57fefde7395691af,True,2024-07-17T09:16:58.302143
fe533e765afccab1,True,2024-10-12T15:43:21.352717
7e948a792e1d4f03,False,
9de29c6ed9e79751,True,2025-01-09T03:10:53.995809
9d5e389a686cd1eb,True,2024-06-18T01:36:06.300340
7e948a792e1d4f03,False,
579307997c63f211,True,2025-02-05T13:41:31.300924
34555e15c72898c9,True,2024-05-24T04:40:16.969855
d1406721f11dd4b5,True,2024-08-04T01:36:24.001216
92b1ea425499d5b8,True,2025-02-03T17:10:03.929664
98d12181049db860,True,2025-04-05T13:53:00.827498
3d1198191a95de1d,True,2024-09-08T03:54:22.335112
517573e64489ef79,True,2024-10-30T07:31:43.836239
f671ed2e050d2688,True,2024-12-13T16:09:34.985939
7e948a792e1d4f03,False,
188d69858af79c11,True,2024-12-27T02:30:18.906483
9f965324f5fa8e65,True,2024-12-17T13:50:28.848391
989cae8542463ac4,True,2024-05-15T23:02:35.653391
470ca43494937e35,True,2024-07-23T06:49:49.873104
0c65d146c0499dd3,True,2025-04-11T14:52:08.474414
fac23345f3d2d189,True,2024-09-16T04:01:56.883893
7e948a792e1d4f03,False,
7e948a792e1d4f03,False,
c329cf9a703b7a34,True,2024-09-13T17:19:58.703902
893e722ec384f158,True,2025-01-13T01:09:24.518384
2e1b1d78fb8ddbf0,True,2024-11-10T01:50:17.883910
45763c5fa7ba9877,True,2025-02-06T05:22:38.783837
53a1da9989bcf8c4,True,2024-05-27T05:02:11.244916
0849c256e48dc097,True,2024-06-15T10:45:35.299509
7e948a792e1d4f03,False,
af5a7579c9de9c8e,True,2025-01-13T06:06:41.014344
516044c1a8750ac3,True,2024-06-15T20:56:40.301667
7092d64ebb4bf365,True,2025-04-23T18:26:36.858913
5f5e05b08b0f52c5,True,2025-01-14T12:38:01.066422
792bf33864378a48,True,2025-04-27T14:45:05.293057
024c9f0f9d5b8e25,True,2024-05-28T14:09:58.790893
462910192324b777,True,2025-02-20T13:45:11.412762
6d770758e97c52ed,True,2025-03-03T05:43:41.733827
5e7ef5a441273677,True,2024-05-11T18:52:48.016377
84d97be0a7c94b8a,True,2024-07-23T10:10:38.655529
3dde918a88511562,True,2025-02-06T02:11:52.433020
91b22d0ff41b91f7,True,2024-07-01T00:27:02.988249
d5eea1d6aa6dc155,True,2025-04-15T03:46:48.614032
7e948a792e1d4f03,False,
de481575d6328bc7,True,2025-01-25T21:30:00.429667
7e948a792e1d4f03,False,
85dd1586e9846eb8,True,2024-10-17T12:00:10.484907
32ea7e5935bde88b,True,2025-04-19T14:09:02.295937
9279e11a6e687ff5,True,2024-10-19T14:36:31.957698
b53070bc15a3d9f5,True,2024-12-26T14:54:58.175994
5f7bf314d25a113d,True,2024-10-16T20:38:28.394673
09718c0a05fdbe66,True,2024-05-19T02:16:10.978369
bf848536daaa5d7d,True,2024-05-03T01:35:29.537733
104eff58487835f9,True,2024-11-08T07:23:13.794573
0f5cf35825e72506,True,2024-06-02T08:20:19.385874
7e948a792e1d4f03,False,
95299e9758e12723,True,2024-06-30T06:08:47.199333
7e948a792e1d4f03,False,
ff56a7c7fdfe583a,True,2024-06-03T23:01:11.118973
7e948a792e1d4f03,False,
7e948a792e1d4f03,False,
068c07cc7622bd73,True,2025-01-06T10:05:28.155337
351bc476f2a357b0,True,2024-10-28T08:34:21.624716
c293a583ea75a7b8,True,2024-10-06T13:33:20.421317
a6941c2c6dcd6934,True,2024-12-04T12:29:54.139250
9e13fde9c7ebea9d,True,2024-10-23T05:26:07.218710
c10b6d4f4397183c,True,2024-09-09T06:05:16.405311
0c9e3fa00f0c3e45,True,2025-01-23T00:07:45.894961
a108954b59c88b90,True,2024-08-16T21:43:10.899620
2565cbc1ac1b722c,True,2025-02-20T12:57:07.448517
f7ba30bacd853767,True,2025-03-19T10:31:43.108052
54a7bb0cb2c6acb5,True,2024-11-19T09:19:00.662345
f2f0e4152e191762,True,2024-12-19T23:41:59.350058
b161a1300584ac3b,True,2025-01-21T23:59:43.383046
135d8bc50449a34b,True,2025-03-27T17:24:57.396532
d264461af5247390,True,2025-01-03T17:54:51.308269
ffad36e6d12d4be8,True,2025-01-27T02:22:10.306900
6c0e294557f79165,True,2025-01-04T23:17:01.717242
7e948a792e1d4f03,False,
b503e7a7e7875d15,True,2025-02-17T06:30:11.747092
b0de54023de34519,True,2024-10-16T01:01:14.128307
177f7f750759e298,True,2024-12-21T01:23:04.774067
78b4ba51090663be,True,2024-09-04T03:53:12.174601
f789ca82c8cc6f62,True,2024-09-28T09:10:56.753768
3dc2271875d1c1cd,True,2024-07-23T05:08:32.812835
7e948a792e1d4f03,False,
8f8c2b4ba1a7d678,True,2024-05-17T14:23:59.779743
fe9a5975bbe36fc7,True,2024-11-07T12:56:49.610540
af49f987507be452,True,2024-06-29T06:16:42.795392
163a0002aa811da7,True,2024-04-29T16:01:02.697931
f25f1104f3c838fc,True,2024-10-15T09:25:12.721856
85cf4d76a2f94c95,True,2024-08-29T19:41:19.503265
90771dd0133a9cec,True,2024-08-06T16:31:47.371809
70dee501dde59ba3,True,2025-01-17T07:50:01.929522
f5792f83732a52fd,True,2025-02-28T09:09:51.683792
3aac62773063c21b,True,2024-07-02T06:27:27.438724
8a256046260c5168,True,2024-10-21T12:54:57.331143
0f225232a1157183,True,2024-05-25T17:33:38.634959
f45da8d3b6afa7fd,True,2024-06-04T00:50:45.571297
e620caa9cc151d17,True,2024-08-04T20:47:26.724673
add43678cc2431f9,True,2024-05-04T21:57:30.703785
7e948a792e1d4f03,False,
b75865abbfd3b82b,True,2025-01-01T22:20:38.927151
1c5ce843f25ddc9f,True,2024-07-05T14:00:03.173637
d66f4c5fc31ad559,True,2025-03-21T21:29:00.647459
5c3673048ca287ce,True,2024-10-10T21:54:04.687249
2d4f7eb43bb173c7,True,2025-02-05T19:37:59.984755
3ad56a81c18940b3,True,2025-03-06T10:44:06.984720
5f20e95e3fe86377,True,2024-07-01T11:54:38.171769
6b5534560d0b7299,True,2024-06-19T01:10:06.270446
811e266aa620d995,True,2024-10-04T15:46:52.397977
d3949caa44bc1067,True,2024-07-16T12:21:48.925050
d6c660f946426a45,True,2025-01-18T04:09:52.327399
ebb15119cdc37e73,True,2024-05-27T15:11:12.197534
d84411338293c78d,True,2024-06-10T16:23:58.019120
74c45ed18903679c,True,2025-01-25T08:23:47.103137
02aee15111835de7,True,2025-01-13T23:24:02.152363
b0e23cc57139259d,True,2025-02-24T17:28:16.251393
c9a64a0e5272b161,True,2024-11-29T19:51:00.935329
8cb2eebbd231df74,True,2024-10-20T00:19:23.485090
532a089f2653794c,True,2024-06-25T19:02:04.285155
fc52c8657205a882,True,2024-12-05T16:56:53.584812
8454c6bbd55158b3,True,2025-04-19T23:05:46.215261
f7b912793cfe6260,True,2024-09-28T19:06:44.236811
c214a6086229b110,True,2024-10-19T18:06:54.696276
7e948a792e1d4f03,False,
1ea55ea7ed4a836a,True,2024-05-31T13:20:21.129688
d44d3867b9a8a832,True,2024-06-13T23:06:23.728084
e2d441601ab7c644,True,2025-01-24T20:24:57.487236
5e843934afa698e6,True,2025-02-02T10:04:38.730173
134f7d67253b2232,True,2025-04-02T05:55:48.097024
67da25eb4e596aa3,True,2024-09-16T10:41:01.987519
efb3ca9f0c0eae1d,True,2024-12-24T19:44:48.517180
73fa26dbe57e8c05,True,2024-08-20T21:26:16.670647
2bc978d02f17174b,True,2024-07-24T18:42:04.512776
c9f79ed50ce3363e,True,2024-08-20T16:19:56.309851
15150110698cb6dd,True,2025-04-23T20:46:42.968420
37b91e5b74ab8d1d,True,2024-05-01T06:05:47.826831
7e948a792e1d4f03,False,
ab7d52570648c411,True,2024-05-07T17:18:33.554476
eabb8d0b1fa27336,True,2024-05-27T19:07:11.124103
311e768031f2116d,True,2025-01-14T09:33:21.836332
9faeaa9e6bce8c50,True,2024-12-27T00:39:36.385375
7e948a792e1d4f03,False,
7e948a792e1d4f03,False,
68e82fd9d8e3d226,True,2024-10-13T01:47:32.307904
7e948a792e1d4f03,False,
db643c0c2eb2cc32,True,2024-07-21T19:02:45.343453
aa2f13075a84f020,True,2024-12-08T11:47:53.041885
7e948a792e1d4f03,False,
bf8b15f12980104b,True,2024-07-15T20:59:30.414365
bc71b6a3d5a9901d,True,2024-08-13T17:12:38.511249
9223c1f1cb32abde,True,2024-12-18T07:42:09.891287
28d176d9694e6d7a,True,2024-07-01T07:03:28.975158
033e5ea926d1284b,True,2024-10-20T12:28:54.432635
7e948a792e1d4f03,False,
6f9b00d392667a08,True,2024-05-25T17:02:21.373288
1b2ab2d9ed900c46,True,2025-03-09T16:44:43.676554
b30ba5349891dbb0,True,2025-02-13T00:42:35.417440
7eda6c48491781fe,True,2024-12-06T09:17:37.458488
9173986185e6a9c7,True,2024-12-28T06:33:52.418652
e86c79a5a200c649,True,2025-02-10T15:27:34.573669
f21738386abb724b,True,2025-01-24T17:25:41.051576
55c505387ebced93,True,2024-07-28T18:24:32.714974
5d9fd5fa2873f064,True,2025-03-12T05:51:16.054958
594a0ea5c88e3fdb,True,2024-08-08T20:16:19.679989
7e948a792e1d4f03,False,
ce77be62cfa5c33c,True,2025-01-10T23:16:18.206519
2ab06d79addd2ffb,True,2024-07-22T13:26:28.184274
28d173aed0f15839,True,2024-10-09T11:25:55.705805
e6d21153939cfacc,True,2024-11-18T04:26:21.254505
152e11f6c4fc2255,True,2024-07-25T17:19:44.068041
ed0ce02f701a3c0c,True,2024-12-01T06:34:39.046172
2c14b57134da0933,True,2024-09-04T21:35:36.794495
e7a1fbf66fd14122,True,2024-10-31T03:34:53.218025
a377991bf25474be,True,2025-03-17T11:06:23.970592
d34a3565837833ec,True,2024-08-05T21:21:03.250926
7d63049854ed6a9f,True,2024-08-19T13:42:49.182369
a7a4f216c19ced1a,True,2025-01-09T11:39:04.248679
ef864da7fe3dbe7d,True,2025-04-07T04:38:05.521020
b35d6a34eca96681,True,2024-12-20T20:32:08.993444
f72468ef3d46222d,True,2024-09-05T00:58:43.397550
942cb702f4231af6,True,2024-10-28T05:29:16.187377
e39dc40ac83469a3,True,2024-10-08T07:07:43.077421
dc3580bc05bb03f8,True,2024-12-03T16:26:19.501598
0248f9f82af3ed93,True,2024-06-22T17:55:22.272582
15897087570355d4,True,2024-07-14T01:57:38.093962
236a323069879b0a,True,2024-09-02T03:38:56.556982
5abcf75ea9b38b1e,True,2024-06-18T18:36:17.238408
7e948a792e1d4f03,False,
ba3d72e1fd1ac6ad,True,2024-07-12T23:32:17.534529
7e948a792e1d4f03,False,
2dd5c5a20993b383,True,2024-09-13T12:07:05.095054
ce1de2f047893048,True,2024-12-25T16:53:23.115411
26f912eba30d8a8b,True,2025-01-05T20:55:55.676638
020db7c9df75642b,True,2024-11-20T11:20:54.528321
d71fe6c66a240059,True,2024-10-31T11:07:49.917669
6a27f67dfa82ad30,True,2024-07-12T00:31:13.254902
d4e6bfccfe57c4b9,True,2024-07-27T13:57:32.860258
3e73f0e8c00ec5d9,True,2024-08-07T16:04:46.743398
7f903f37c88a41fc,True,2024-06-14T03:18:10.954429
37aa6722be8f7c98,True,2025-01-15T02:57:54.763893
323e3da645e768e4,True,2024-08-06T10:55:40.210743
d7df7f1f24071fe5,True,2024-10-13T09:26:43.237118
1bd3ea8a057cf7c9,True,2025-04-26T19:40:00.746676
1fb07947cf6c7e37,True,2024-08-14T20:59:31.109473
1a30151017e640a7,True,2025-02-19T05:21:30.128296
63462496fde6e3c6,True,2024-12-01T12:48:00.939421
0687eef69fe431d8,True,2024-08-10T20:26:27.424536
51951eebc14aa9f0,True,2025-01-25T17:41:32.729558
b905898540dc0518,True,2025-02-11T08:26:47.627120
f7cdebcb22412951,True,2025-01-28T17:18:38.077152
aecb0e12daf1819f,True,2024-06-13T09:38:14.068762
bf32691332d96565,True,2025-04-05T15:01:56.550787
9f84d7bbfab13424,True,2025-03-14T06:46:59.877505
df9350fc68fa3bb3,True,2024-06-11T23:02:30.131997
877ebcda5d108ba8,True,2025-04-15T08:52:24.650423
f0f02fd4ebda4d69,True,2025-01-05T18:22:47.654360
961f716cd289b3e1,True,2024-05-08T10:21:48.143531
d8523fd54f0fda1d,True,2025-01-14T10:52:52.675748
c513028d9cfbd313,True,2024-10-09T13:36:25.486524
a0eb35ffb2b14845,True,2024-07-12T19:32:56.386744
d090101f19064850,True,2025-03-11T21:39:29.919167
2d75750283a7d393,True,2025-04-20T15:42:27.806486
17e24354869cb63e,True,2024-12-16T02:51:49.280865
5d98e9889ad86bf5,True,2024-07-28T04:07:29.408923
7e948a792e1d4f03,False,
d0ccd27be2032b9a,True,2024-04-29T18:53:12.394803
bb016f3b42e6c35c,True,2024-09-19T19:20:38.764793
abca744b7eb235ee,True,2025-04-16T10:10:22.431871
5aede519a635881c,True,2024-09-14T15:25:20.007497
c333f2b83c3d6273,True,2024-08-21T15:33:35.880292
d1c685f6a5d97252,True,2024-09-13T13:36:21.241289
d7916229c1faca5b,True,2025-01-02T02:14:35.791686
cfcb5f99ec281800,True,2024-08-30T01:30:55.195224
c3445c8e95d64ddd,True,2025-04-08T01:44:13.848601
161d558f231f52cc,True,2024-07-26T21:33:14.950482
6f2a641e929b5252,True,2024-11-03T21:46:11.409924
5d22f0ef36476034,True,2025-03-27T00:41:18.581249
58d44651ed4efd2a,True,2024-12-11T22:32:41.138364
bf41eb568db49b87,True,2024-09-19T00:39:37.510147
e09f442f483aa8ce,True,2024-10-16T00:03:38.344769
df24e85d674c5f62,True,2024-09-23T13:15:38.026901
a9c582f8432fb4f5,True,2025-04-11T16:57:51.467524
d2a9769a6b168377,True,2024-08-14T12:26:16.947229
7e948a792e1d4f03,False,
5ff0d25fa23bd9e4,True,2024-06-09T03:30:04.624565
232a5ff5f38008fe,True,2024-12-14T10:34:29.770581
9bdbece33b80fdc7,True,2025-02-12T03:10:03.798415
ab3927bf9708aba6,True,2024-05-20T22:51:05.265118
7944f877ada152ba,True,2025-04-19T02:56:57.423761
e5cf6a42fd9822ff,True,2024-09-23T15:32:53.407237
3c21b689962e590d,True,2024-09-26T08:34:30.695089
17b9040204d5bbde,True,2024-08-08T19:50:51.145909
1bc7bd23582c3dd8,True,2024-11-14T03:42:30.693998
7e948a792e1d4f03,False,
5aed234508e6f6c3,True,2024-06-13T03:03:01.058835
7e948a792e1d4f03,False,
d1ed7074040795d7,True,2024-05-06T15:19:50.629600
f24c74d41b00b019,True,2025-04-06T08:35:55.789563
7e948a792e1d4f03,False,
2251fd262bfe857d,True,2025-03-19T03:20:50.150874
76f2b9a2536ff9e7,True,2024-08-10T06:17:44.435783
ffcc223e84ded3a6,True,2024-09-21T17:26:23.794936
37287aa4ccbac033,True,2024-12-23T23:52:44.463425
f0c8f37817a6d260,True,2025-04-24T16:05:15.972136
1010ba0dd7edd37d,True,2024-09-21T01:36:26.454881
6751fc664560c242,True,2024-10-10T00:48:16.646365
672068bbc39a7adf,True,2024-12-23T01:15:34.093703
a3e9117087659e30,True,2025-01-06T21:10:22.189821
2cd9550dd3e8cbfc,True,2024-10-25T03:15:39.104947
0f25f5ca49480453,True,2024-07-12T13:06:57.698315
a88da9723d00cbb0,True,2025-03-28T21:11:14.722328
e7d3af8ad6a7109f,True,2025-04-11T19:17:53.052907
60ed7213e8a63d21,True,2024-08-25T06:51:35.802502
730b1f89d2a26baa,True,2025-03-20T20:59:19.044216
8538bcfde060813e,True,2024-08-16T03:13:32.886906
8b66e2c58630375e,True,2024-05-13T11:55:56.426144
fc9b2f6fca3306c3,True,2024-06-01T00:00:02.981212
6c7a7b2bd743b71b,True,2025-04-08T20:26:58.462476
ce0ae6e4558377f9,True,2025-04-19T16:56:56.118786
d4d0ec196355609f,True,2024-11-15T18:19:08.730402
ca9473eb43712918,True,2024-12-14T00:56:21.536205
3f4475a86e41c545,True,2024-08-07T12:41:09.472245
4b3cfc23ac4035a3,True,2024-07-11T19:16:42.956023
7d50eca5c0bd3397,True,2025-04-25T05:32:46.870922
d22794bd3bc7a0a9,True,2024-05-04T19:25:39.438249
83c132da7dfcea69,True,2024-12-01T03:15:37.400895
42c9076a7eb0290a,True,2025-03-28T21:26:04.774614
66cba21348c0961d,True,2025-03-13T02:14:59.671627
9d761fb693a6c5bd,True,2024-06-30T19:40:14.227312
03467db30a75af19,True,2024-12-30T18:59:53.950232
fbee4eb364242da7,True,2025-03-13T21:22:16.350275
e7f617df69314a11,True,2024-10-02T09:24:38.132268
f3170b1110ae63b5,True,2024-10-30T13:34:02.461632
cad55ea8a79c64ae,True,2024-08-07T02:54:24.672094
05dd0e93ba590beb,True,2024-12-01T02:45:31.263754
ed736b058ae97557,True,2025-03-20T14:55:17.195582
ee2623b0a4e7a23c,True,2025-01-25T02:17:45.993371
1a5214ccef840055,True,2025-03-02T15:22:02.173185
d00dcc41216b476e,True,2024-10-21T19:51:14.388272
7e948a792e1d4f03,False,
4864965c884e3f1c,True,2025-04-11T11:04:42.955297
f0076d46ccc620ff,True,2024-05-04T13:07:03.546977
d775170897f8d747,True,2024-10-24T03:03:34.653430
535d63782a129572,True,2024-05-13T22:17:42.484347
60e3af097bf18864,True,2024-11-02T05:06:57.707403
5cdf6e3cdd9052b1,True,2025-04-20T18:52:39.432237
28df9fa2c7f2310f,True,2025-02-10T11:13:31.117985
7e948a792e1d4f03,False,
d8c3c888c8a5444f,True,2024-07-09T11:36:42.420303
29044de634d491b7,True,2025-01-05T15:08:25.061036
34e47368066c21f9,True,2024-09-29T01:58:32.158219
e63f0e4e9b35b8de,True,2024-07-11T07:37:55.964641
2ddc75a738a2dd25,True,2024-11-10T09:07:54.659665
9ee2f9fc7c2a14e2,True,2024-06-05T15:14:04.718757
32016da9f262a1d0,True,2025-03-28T05:47:56.053313
cc9870d5e2692be9,True,2025-02-09T06:16:15.291772
135f01142473a2da,True,2024-06-22T20:24:35.245058
f27d252ffd147aa2,True,2025-01-11T17:17:42.390802
4ca483ecbe91d3ba,True,2024-08-28T19:15:13.216352
a956e75fadc8908b,True,2024-07-01T17:20:30.883717
bd6f5db2d29c3ccc,True,2025-03-12T05:03:03.064237
69cb1a119550a989,True,2025-01-22T13:16:17.373288
42a9cfa53bbca81e,True,2025-03-01T10:06:55.667448
c36dc35c9d8d603e,True,2024-09-19T11:07:42.844951
4aecf3c43aa33956,True,2025-04-13T17:46:56.699703
822bda6b728bbac9,True,2024-08-07T00:05:59.370415
7e948a792e1d4f03,False,
36f93cb1184d9181,True,2024-12-15T10:21:20.821789
52f69a692e51cff0,True,2024-05-01T03:09:05.739620
c52972399596f990,True,2025-04-28T19:09:51.688403
7e948a792e1d4f03,False,
7e948a792e1d4f03,False,
7e948a792e1d4f03,False,
b3976989cc92119c,True,2024-05-09T05:07:10.047148
76a7163b602237f5,True,2025-02-08T06:42:44.386569
9532e70d5de32cb7,True,2025-04-14T00:14:23.845713
985681ceba7d781e,True,2025-01-28T23:53:53.056337
3f04effe14696d64,True,2024-07-06T13:26:10.851313
326c986eb0d5b1ea,True,2024-05-21T13:23:44.560657
73c8523a9bda3c62,True,2025-03-15T12:15:48.893339
19ada46ab1840906,True,2024-12-09T16:22:08.906400
68bf6ba7d1d78606,True,2024-10-24T06:15:19.599012
6b55495eb010feb3,True,2024-09-06T18:13:24.708007
0e06693f425de52e,True,2025-02-02T02:40:23.410899
9b2b0de3bb9f2add,True,2025-01-03T16:47:46.232133
2f7eb88b6645b95d,True,2024-08-22T10:52:52.640949
c9ac2a5d97efaa63,True,2025-04-17T07:12:53.653059
a5da1fdd7583a1f6,True,2024-11-07T14:38:46.696380
fc2bcb53d61fce7d,True,2024-06-02T10:35:38.748245
37fa1540ce6788df,True,2024-08-30T03:10:53.844259
a859f0c4fdb929f2,True,2024-11-25T16:37:46.079844
af03b5516601b8ef,True,2024-11-14T10:58:37.488827
d147847e609ae6d5,True,2025-04-16T05:36:30.274999
a50196a96159faea,True,2024-07-30T04:02:03.985026
0d2442bdc71140e6,True,2024-11-10T14:18:53.631831
3f2a5780ebeec718,True,2024-04-28T16:32:18.196111
5f8b7423fb192886,True,2024-09-24T16:22:46.928757
1e1a41f4d1911d3e,True,2024-08-06T09:09:37.523915
7e948a792e1d4f03,False,
022fc12131db0b25,True,2024-04-30T02:20:27.156590
89764d4ffe19cf68,True,2024-10-15T11:34:13.089342
d813e039497694cc,True,2025-02-17T06:27:37.005917
a6aa33ac07412da1,True,2024-12-13T15:45:30.539974
92a9e832c679b2bd,True,2024-10-18T15:55:42.202188
a667f2eabe6352d4,True,2024-06-18T08:56:09.589801
37008b3eca7f976c,True,2024-07-12T14:36:09.962205
5e676521e169457b,True,2025-02-16T16:35:30.090570
29fc0afbaa69cd72,True,2024-12-12T07:40:47.239723
9c7a994d756121d2,True,2025-01-09T05:00:21.834110
45c0b6fe10933ce6,True,2025-01-07T15:32:15.896942
3a6874c0afd9ad17,True,2024-07-29T10:09:50.686465
fb044c7930dba8a5,True,2024-12-10T00:47:50.400244
7e948a792e1d4f03,False,
3a02c744f1c7f955,True,2024-09-15T22:40:54.798839
45688fc8d17752dd,True,2024-12-22T01:54:14.117301
c90d4dd8a78f5fc7,True,2024-10-30T13:42:44.349849
00820d094cea7c0f,True,2024-05-01T00:20:04.693381
0de7ecfcec5618a2,True,2024-10-25T03:22:11.476362
15c4c8c7391f9335,True,2024-09-06T14:34:24.646474
7e948a792e1d4f03,False,
cc4a0893fbbda522,True,2025-04-13T01:27:22.086033
eb3ff3239a649e23,True,2024-11-10T16:31:39.537438
d9494c02f0e74f57,True,2025-01-28T12:07:53.274352
6b8161c5fcec9420,True,2024-10-27T08:46:42.235420
f22e9cb96fcff240,True,2024-10-24T01:49:29.458283
3a8ebdbc03bac15c,True,2024-09-08T17:51:48.016357
4befb45a7299e8b3,True,2025-01-23T00:13:03.922396
7b09d64f0eafc062,True,2025-04-06T07:31:50.220774
68958f892bd40451,True,2024-05-18T01:33:27.582121
50907a06408bb592,True,2025-02-04T04:14:36.657193
7b209ebcf049a393,True,2025-04-26T21:44:02.508111
7e948a792e1d4f03,False,
99076efbff1fce68,True,2024-09-29T08:10:34.032038
e7e3b2fd8e6e6bf6,True,2024-09-06T04:07:35.066908
47cf1c6d13bdf306,True,2024-06-22T16:58:32.520003
1daff094c95bf595,True,2024-10-23T07:05:37.130931
b56bac6ebfa0bfc4,True,2024-11-10T05:40:11.445428
b5e099676ff115e5,True,2024-10-11T12:15:29.869834
ab974462e229d35e,True,2024-05-29T12:17:24.505148
b89140e100d30d4b,True,2025-03-10T19:42:32.946726
c313e0bca8a429c8,True,2025-04-12T16:29:20.460494
604338a64bd757d5,True,2024-05-19T20:37:24.654704
a29fbab3f3efaed3,True,2024-12-30T01:58:13.796558
a1f07b3eaa6d2d1d,True,2025-04-23T03:07:13.122337
544a9d58f5c299e3,True,2024-08-27T11:36:47.518284
403c28b947328264,True,2024-08-25T14:06:12.332100
07793f13652ee91b,True,2024-12-31T09:48:39.495770
3c842ed32510b36d,True,2024-12-09T09:00:52.957791
f3f2c52a5e874e2c,True,2024-08-19T15:04:22.506712
14af2b2f7eb0282e,True,2024-11-20T01:40:38.754918
b448aa4b4a3300ed,True,2024-09-20T13:35:17.222445
a08a414621f85ad7,True,2025-01-02T18:07:30.893070
59ac59f28bf5381f,True,2024-06-01T00:19:00.873173
69797c4cca116faf,True,2024-06-09T19:53:25.076895
4ff836d5873b0527,True,2024-05-15T03:24:36.956623
833f1f3d1648baec,True,2024-09-28T22:10:36.482756
3d7fe1ded85c6aa0,True,2024-04-30T09:15:05.231550
5aa80d3c1fa5e3aa,True,2025-01-03T11:35:45.642363
7e948a792e1d4f03,False,
8a695a78f2f4a8fd,True,2025-04-01T15:59:36.295117
d937583ea42cc1c8,True,2024-06-02T23:27:51.049771
54680a5c46651ea9,True,2024-06-11T22:02:45.266352
7e948a792e1d4f03,False,
33bfa8a69a8ed585,True,2025-03-05T08:11:06.519242
b595cb1eca96c7d2,True,2024-07-18T21:38:33.069882
218c7666e0c8d16f,True,2025-02-05T21:31:48.435977
d3dc74a22a6b5e4a,True,2024-12-06T23:33:57.547270
64b437cdfe9a0f3e,True,2025-03-29T04:08:25.317423
9754dfab17a87143,True,2024-05-31T10:31:41.006632
449aad49d2804dcc,True,2024-09-12T07:56:14.598330
e6cd546545e01e67,True,2025-01-15T13:36:27.728563
bb2fb2b205d7f0c6,True,2024-10-07T22:03:15.395605
2adb151689b4acd8,True,2024-11-17T06:36:53.522097
b2f6cbd43241dbf5,True,2024-05-06T00:13:14.732797
ea8180d09b2b659f,True,2024-08-21T05:19:30.727418
7e948a792e1d4f03,False,
855631c2175da3f0,True,2024-10-24T13:25:37.857295
3808406959155c81,True,2024-05-21T11:36:41.854728
247a4be02c66acdb,True,2024-09-05T22:59:30.012141
3a835fef4126f73b,True,2024-11-13T09:00:28.133457
7e948a792e1d4f03,False,
b6ebfc8a871930aa,True,2024-07-27T05:24:22.771955
315470762fd02bb9,True,2024-08-27T21:47:19.123739
0b8555ae1d1d4fa4,True,2024-09-13T04:38:16.969524
0bddd2abe24873d5,True,2024-06-09T21:42:26.927111
c04580a1ec8af158,True,2024-09-12T13:01:47.281663
4badfc06017adf8f,True,2024-07-14T04:55:00.916960
135b677526a72c84,True,2024-12-12T05:55:19.133647
7e948a792e1d4f03,False,
55f5846d4bbbcf48,True,2024-07-17T22:31:30.541145
0963d60fdb79f127,True,2024-12-03T02:16:49.919159
7e948a792e1d4f03,False,
17ba11ee26f9ee32,True,2024-09-02T23:50:27.539919
8e567f95dad1b1e6,True,2025-01-03T13:22:38.243524
70795400903bbdba,True,2024-10-04T22:52:01.204836
5eab0941ce12288a,True,2024-10-02T08:03:13.506426
7e948a792e1d4f03,False,
db4cc9360dc569c9,True,2024-12-25T06:47:17.226359
7e948a792e1d4f03,False,
7009c59178d58e0c,True,2025-03-17T12:17:51.194754
a3f0cbda5e77a7ab,True,2024-05-04T00:55:38.992959
167e9f6b40625825,True,2025-04-27T15:57:15.582738
7e948a792e1d4f03,False,
782ba529cdb48412,True,2025-03-07T17:45:22.286959
046af0c3cdc301b5,True,2025-03-15T05:59:37.322609
8695b484e5f8582d,True,2024-06-03T12:20:33.043882
62cd0125cd1a8d97,True,2024-09-25T15:21:09.127480
323c8868a3e884f3,True,2025-03-01T22:18:58.153093
21371e81a7567df9,True,2025-03-17T18:11:25.421198
7e948a792e1d4f03,False,
90b40e06d976afcd,True,2024-05-31T06:57:28.192190
12d15f2b1416a38e,True,2025-04-20T13:17:22.776992
e8e3f53fce6c3427,True,2024-05-11T16:09:40.264775
12d3d79bb964f6ea,True,2025-04-18T08:44:17.630446
d104b1b496509535,True,2025-04-18T16:04:41.292869
c26c76ad443cc1c9,True,2025-04-06T03:56:07.385937
24c9288563404e68,True,2025-02-14T05:43:29.514293
165fbe537c6065be,True,2024-10-15T12:34:59.717874
7e948a792e1d4f03,False,
a9fcfb680dde50dd,True,2025-03-07T20:45:07.234333
fc8a6793008b2467,True,2025-01-19T01:10:57.481163
395781347c3a4eb3,True,2025-02-15T16:26:08.374207
41ed1ef69271b021,True,2024-12-09T21:18:57.027530
7e948a792e1d4f03,False,
0e1b8b1ea9eb5452,True,2025-02-02T20:21:57.518230
c4a8c9b92413c28c,True,2024-09-15T01:22:39.112109
7e948a792e1d4f03,False,
7e948a792e1d4f03,False,
671a2b68a86f17af,True,2025-04-09T11:04:47.062531
cec6dcd1cc7eb38f,True,2025-04-23T03:16:42.908600
b77963d75f0ddd48,True,2024-11-07T00:13:37.137880
06a92f85f9312b7f,True,2025-01-20T09:43:44.295870
6a701f6448fe8543,True,2024-07-02T06:00:59.590145
d1c21f9a7154c2e1,True,2025-04-20T01:17:25.746022
0f3748e84b514faf,True,2024-12-22T23:28:09.015483
3a5f3ff5570f5822,True,2024-07-16T16:21:39.206120
08a31803f019ee6b,True,2024-08-21T17:42:23.837758
dae3f4a438d677b6,True,2024-10-03T13:06:12.729102
58a503eb4ad74e5c,True,2024-06-24T04:06:48.854720
19638fc3b96a8795,True,2025-02-20T12:23:11.654051
0cd775e433d0b432,True,2024-10-24T18:26:32.824578
aede5eed1bf47b6c,True,2025-03-17T12:32:22.434456
df5569ddaa22c483,True,2024-11-16T08:45:19.090068
97215aa657115abd,True,2024-10-24T17:35:55.368101
4eeae014735c2666,True,2025-03-24T08:31:05.994049
4bad566689b9a85d,True,2024-08-29T17:23:31.029784
cd02caf07cfdb53f,True,2024-05-31T09:03:38.063148
ed4fadcd1865e1d1,True,2024-06-06T15:18:46.249464
79664287ef60ff1b,True,2025-02-17T22:48:19.785577
44b3375db5bf31df,True,2024-07-17T07:14:31.835177
36793ebe799d0c59,True,2024-05-05T00:56:20.451792
381dba2a3bf218de,True,2025-01-20T12:48:24.900321
45ebfaf0ea7f462c,True,2024-09-02T13:39:02.509362
575f13be0301edb1,True,2024-07-06T13:08:24.390783
eee81931ed59d385,True,2024-06-28T20:12:11.460613
40938b0069551b34,True,2024-05-17T13:07:36.710121
7e948a792e1d4f03,False,
ecd5246048a23424,True,2024-05-12T02:41:20.040438
c01f091385010285,True,2024-05-17T20:00:19.919561
409fb270e198af8d,True,2024-11-04T06:31:14.172237
065e9d1fca679cae,True,2024-08-23T14:09:17.710894
47d2c52988c0ae5d,True,2025-01-25T17:53:04.676057
818089b1a293b738,True,2024-10-01T13:14:37.414925
040f2800559bd08e,True,2024-10-01T19:46:46.779018
baf7f1ab1edfc2b3,True,2024-08-23T17:28:47.455138
6b1127eae2c72ce9,True,2024-10-14T01:10:06.774126
ac7efd985dc71679,True,2024-07-17T08:20:11.189886
a19fe4f411fa1fec,True,2024-07-02T05:10:35.540423
bfca75c67c80f32c,True,2024-11-22T07:44:47.548144
8dcfb845bfe739b5,True,2024-10-21T15:16:37.514043
8cfc02d6904f6c59,True,2025-02-22T21:19:34.938361
6d01a21b1d613f76,True,2024-12-28T07:39:15.132794
70dee8effbd51407,True,2025-02-24T00:25:15.470493
9eaf4751042f35a8,True,2025-01-14T02:13:26.081631
f1bcc82518abd736,True,2025-03-04T12:23:03.842480
331a81ec1cb49209,True,2024-11-22T16:04:15.689913
34379717bb1cba9f,True,2024-08-09T18:14:05.682300
807f27bce7285fce,True,2025-03-13T02:02:41.248413
7e948a792e1d4f03,False,
fb36a5e1376bcf16,True,2024-10-05T01:05:13.873155
d3004ddc82791c83,True,2024-11-21T14:42:08.951805
12add037d0dc00fd,True,2025-03-31T05:18:18.697334
d98ada97d56718d8,True,2024-12-29T18:35:31.601974
7e948a792e1d4f03,False,
7e948a792e1d4f03,False,
6cdce8a02c93eb45,True,2025-01-08T13:33:46.310788
8cc4ed9e496e3af6,True,2025-03-14T13:41:01.891869
19daf5d407a2240f,True,2024-10-02T07:08:58.683118
e6436723af9c1456,True,2025-02-09T19:26:31.456771
e5a936f70c1f9936,True,2024-11-02T10:16:17.170393
09619a87bfb8bcb6,True,2025-04-08T11:20:29.759844
dd38f41c608082b9,True,2024-09-15T15:18:15.713181
28eb1b41f8f29463,True,2024-09-11T09:35:20.606737
a3d07bd45aef58ed,True,2025-04-10T15:31:56.413928
c3e1c531d9b73728,True,2025-02-24T12:35:10.874592
9fe7599fefbbc5db,True,2024-11-07T17:22:21.682552
8b7a14d7361a8ba8,True,2025-04-27T17:56:04.296310
c76212801983939c,True,2025-01-10T11:13:22.939445
a00d4158c7766aa1,True,2024-10-01T05:54:22.743589
32cc12e50794fd11,True,2024-12-02T02:45:03.654494
239d9b3b3667330e,True,2024-09-30T23:43:24.355819
4dad391296607af5,True,2025-02-17T12:40:04.440792
7e948a792e1d4f03,False,
3651c96b28ab32d4,True,2024-07-14T13:12:39.708823
38ac7e47f5bc12f5,True,2024-12-30T07:15:30.483578
882db54d2da75b5b,True,2025-01-06T12:11:19.371771
8c98e1e050df32e4,True,2024-09-25T08:20:56.828970
84a0b6f571a7378e,True,2024-05-19T03:39:19.820940
18a23663e9c79348,True,2024-10-06T00:37:34.538429
1155a27cb4742966,True,2025-04-04T13:32:11.263577
f45fa2ae0bf0e693,True,2024-06-07T04:03:59.170104
cd657a0f28051c41,True,2024-06-06T05:19:04.107705
2442dc01ac2e8c74,True,2025-01-31T20:36:02.281660
decea1156c7f6bc1,True,2024-06-07T14:36:53.157172
6b2cef5f8616fa07,True,2024-05-16T22:26:41.567656
e9723e1681c1ac3c,True,2024-09-04T22:52:57.283679
db4588fc2394275e,True,2025-02-20T11:31:07.352204
7e948a792e1d4f03,False,
00e8de7717548700,True,2024-10-22T20:10:26.724465
7e948a792e1d4f03,False,
d06830e766970fb9,True,2025-03-07T18:55:32.686979
7e948a792e1d4f03,False,
97b83a2efe08e3b8,True,2024-09-30T20:45:09.623699
9cd866b4daa2bf39,True,2024-12-17T16:29:55.641180
7054ed7936da42e3,True,2025-03-18T21:48:46.963275
0a29e8cb1877aafc,True,2024-08-17T16:31:13.873749
ca960a4f5571114d,True,2024-10-31T00:30:00.153490
d7b20de832e15516,True,2024-09-14T22:39:16.171122
7e948a792e1d4f03,False,
afcabac0a40df41d,True,2025-03-02T00:28:08.528643
3d741679401914e3,True,2025-01-08T04:13:44.758641
6f717376d99b2db9,True,2024-06-10T01:29:12.663049
7e948a792e1d4f03,False,
7e948a792e1d4f03,False,
8644b7ba4ab3d546,True,2024-12-04T21:33:00.604223
7e948a792e1d4f03,False,
aca601ec70737cc5,True,2024-09-19T06:39:21.553673
816ab5f3e9960517,True,2025-04-03T19:01:42.146802
37de0c75949b7e17,True,2024-12-14T07:22:19.500431
fb090beb52a835a6,True,2024-09-08T05:29:10.973556
61ad1658bb10e952,True,2024-07-19T20:20:37.595768
7e948a792e1d4f03,False,
affba2ad985e5fe6,True,2025-02-22T13:12:19.385400
3a952c048933824f,True,2024-10-29T19:18:00.991096
1c3290bf79ffbb82,True,2024-07-06T21:55:28.081231
9d5ffad305005166,True,2024-05-01T09:37:49.330307
db72e1a30fcf7387,True,2024-05-26T21:53:55.520529
7e948a792e1d4f03,False,
aa1597fa09ef7a91,True,2024-06-01T23:19:18.962051
7e948a792e1d4f03,False,
dea25cb4c7634094,True,2024-08-12T08:19:39.598604
7e948a792e1d4f03,False,
4d88173e6b09e74c,True,2024-12-22T20:41:08.540131
0c3829c1c7100872,True,2024-08-09T01:58:12.043805
287cfb39f9e524aa,True,2024-06-25T04:28:11.043930
ffde0679ed4c8c61,True,2025-01-01T02:55:42.626041
9153b42691e80002,True,2025-02-22T05:51:41.194526
52fe0582da1c1826,True,2024-11-16T11:26:06.242450
0b89fd36d0d7624d,True,2024-11-09T12:48:05.613725
d1c13d68a76c6ce9,True,2024-05-23T11:45:19.200606
7e948a792e1d4f03,False,
7e948a792e1d4f03,False,
8c640d66d45b19c1,True,2024-10-17T06:27:23.275774
6fc596d80a924e55,True,2025-04-19T03:58:24.193166
60a27990018bec8d,True,2025-02-22T07:26:39.999931
7e948a792e1d4f03,False,
2c85dc5e87147ca6,True,2025-04-22T12:18:56.361264
cd4561b11b7fb60e,True,2024-08-10T03:02:34.344374
7e948a792e1d4f03,False,
7caeec0840d63948,True,2024-07-20T01:37:23.452173
a661e767e4f02c7f,True,2024-07-01T15:55:22.434731
91d5c8baed780f3a,True,2024-09-17T15:21:04.654967
d003fd120e663312,True,2025-02-04T19:04:13.063789
02f8c2cb1eb0bf54,True,2024-07-04T12:49:23.144750
66d48d4da4e25002,True,2024-08-30T23:41:47.869614
86db860608b60e04,True,2025-04-16T09:34:18.599320
3f22adabd3e86dcf,True,2025-01-03T18:54:48.973509
7b6a49310f86bec3,True,2025-01-26T05:02:33.532304
440ce8c895b959ca,True,2025-02-04T04:25:06.017680
3206535c1fc7867d,True,2025-02-04T18:47:26.650308
efc8c7e8ab300bba,True,2024-10-14T17:09:52.320968
d9cc0119cfdab91f,True,2024-09-15T12:39:11.678068
6d8c90089f659e35,True,2024-06-04T01:19:12.038912
7e948a792e1d4f03,False,
24d4328c69072f80,True,2024-06-13T02:16:33.201217
7e948a792e1d4f03,False,
654f6127f2095e7c,True,2024-07-05T00:12:54.964364
76c8d642febd8c37,True,2025-04-01T15:17:05.840921
be2aefb45ad390fe,True,2024-11-03T04:40:01.091288
70428362682200ca,True,2025-02-04T16:56:45.754821
7e948a792e1d4f03,False,
0f6fef0d237b0e8e,True,2024-12-11T15:51:26.688150
cfdf8c52440ae052,True,2024-12-19T22:30:56.632950
aed0fd0de4553cdf,True,2024-08-08T02:10:31.731416
793a813616e2d904,True,2024-06-06T11:30:37.318360
b29412ee0e86e2ad,True,2024-12-10T03:06:35.023086
92fde247c3d51bbe,True,2025-04-25T13:16:19.409503
e211e616d88202f1,True,2024-08-28T04:45:34.007149
fd6ed0ae2d97b995,True,2024-11-14T04:08:31.802573
7553b36e222aa24a,True,2025-02-11T11:15:36.778882
efc80c49b7ea1102,True,2024-05-26T09:45:08.374960
80457417c4a56620,True,2024-06-19T15:45:02.613341
f7acdc13f42697a4,True,2024-09-23T05:52:13.543240
e020b127cf3e1686,True,2024-05-09T05:59:46.858881
b3b49f1823c0ea0e,True,2025-04-03T07:46:35.628716
22702d227c01001a,True,2024-10-29T02:14:55.066740
e2e7480e7b38ba33,True,2024-12-14T20:28:57.349900
cd6f3250158e2451,True,2024-08-29T01:45:15.298680
7e948a792e1d4f03,False,
7e948a792e1d4f03,False,
7423798f052b34ce,True,2024-10-19T22:12:09.706352
3afe439918d6d0da,True,2025-02-19T20:39:56.661145
d7205facc76a7d61,True,2025-01-17T16:26:16.035110
0b3c0d2ab89973de,True,2024-07-01T03:26:32.906599
247dca2696eb16db,True,2024-08-09T19:54:40.958054
960cf16b090bd6d8,True,2025-01-06T14:44:38.945271
706a40dca79652dc,True,2025-03-02T23:55:13.737342
16b7dcceab7b9b27,True,2024-09-06T18:57:40.390700
c7e2db834e73ceed,True,2025-03-11T05:32:31.384080
434fbdab505546c8,True,2024-05-12T06:03:00.071820
a4209a50003f1e33,True,2025-02-25T13:58:02.474488
67436e85e970e3a6,True,2024-08-18T09:22:56.519668
d14606fab605e9f7,True,2025-04-05T23:21:52.173838
c91aba9700d41d40,True,2025-03-08T10:25:03.995366
5766be8cc1224aef,True,2025-02-28T03:28:44.765993
37b706b0bac02b90,True,2024-07-18T05:14:16.999076
f2da30525a6e0dde,True,2025-01-21T19:59:21.190301
7e948a792e1d4f03,False,
0e967381b5c673df,True,2024-07-15T05:05:36.743229
6bcc17a11d5a397f,True,2024-08-31T07:38:31.689638
c27176b1c8e65c22,True,2024-06-18T03:20:43.328763
6398419c2653870a,True,2025-04-22T08:17:29.449594
b267f8166a025bba,True,2024-09-25T03:51:17.038825
e434a7202f2399dd,True,2024-05-11T13:36:24.143617
7303de2155a31ca8,True,2024-05-31T18:37:04.424664
3de60a40ffd63bc3,True,2024-11-06T21:57:29.606994
d26ef1b220d8dc25,True,2024-08-25T15:37:12.021663
2247d68a3f4cd2b0,True,2024-10-15T14:58:07.422210
7657ffb70807a232,True,2024-07-12T01:36:31.716345
382af96d5350556f,True,2025-03-22T19:46:11.034448
0db3b05aa3350ca7,True,2024-09-16T10:30:03.762414
f68b281ae2c50fc7,True,2024-09-11T20:25:25.201147
fa15908fd270dbc3,True,2025-02-13T20:28:24.538826
fd51d076e098bb11,True,2024-06-20T16:58:41.310581
6207ead5dc5aaf39,True,2025-01-30T17:26:43.013273
7e948a792e1d4f03,False,
e889051589be1b62,True,2024-11-15T09:54:33.201887
deac86c02fdb37bb,True,2025-04-06T21:28:48.845814
2d1a6cad1c9dcff5,True,2024-07-26T07:37:02.376421
85409ce8c3714dde,True,2024-12-02T22:28:19.959828
84923a79ed4cc2bf,True,2024-10-05T19:17:01.608241
622a1dcd4f5e5931,True,2024-12-26T12:02:19.452938
14d09c91c0b42f18,True,2024-07-18T05:41:44.059829
0cf45f06f8c32c55,True,2024-05-15T16:01:52.297346
d2b59d4055383147,True,2024-12-16T14:13:44.888910
8f0a6b91f349b33f,True,2024-06-13T19:31:00.355106
663305cc849ccb44,True,2025-03-29T21:23:13.122918
c3817ed6a561ee97,True,2024-08-10T09:57:20.893282
e9fbd201e5969cda,True,2024-08-25T09:47:40.758968
dbadc51938d485d5,True,2024-07-22T09:53:13.053257
7e948a792e1d4f03,False,
fc9e3dcdcff05600,True,2024-10-24T16:51:48.011992
f587508521d7f469,True,2025-03-10T17:34:42.300199
cad782837a5461b0,True,2024-10-14T14:34:12.862457
376a26119a588160,True,2024-09-22T05:29:52.146150
386203f1f4e11520,True,2024-10-22T06:26:42.331969
7e948a792e1d4f03,False,
7e948a792e1d4f03,False,
3c6c4257e3b4243b,True,2024-11-02T06:04:30.473241
2ba69801b8df81b4,True,2024-06-29T20:42:07.430721
c91adeef7da32f29,True,2025-04-18T19:54:04.813500
3551b2570be12e71,True,2024-05-28T20:46:42.930233
980cf36246e1afaa,True,2024-09-29T09:39:41.616489
c688789728d1eeea,True,2024-10-27T21:26:28.127077
5c537de6ef336f79,True,2024-05-15T21:47:14.960302
346ca1c4c25088ca,True,2024-06-18T08:20:41.735432
50c8123b1f269d83,True,2024-11-23T20:33:18.749394
e24dcc47b4af9dff,True,2025-04-06T03:15:13.782650
8633c4dbf33f1acc,True,2024-12-15T04:50:53.536511
1a47a6e28a9d0edf,True,2024-10-03T02:30:01.050645
b008a98f8575dd9d,True,2024-12-05T01:51:28.678534
f8c7e697bd33ba90,True,2024-07-13T16:24:19.555782
731c4c61419469a0,True,2024-09-27T06:52:13.454542
7e948a792e1d4f03,False,
d2609d741b64bf5f,True,2025-04-21T10:23:44.420835
70f37ae6b5e91fe9,True,2025-01-13T12:27:26.177227
dccfc41378aa53a6,True,2024-07-06T23:46:33.949177
4999f26c28473f4f,True,2024-05-30T12:06:33.972440
7e948a792e1d4f03,False,
221bda907c5aedfe,True,2025-04-20T11:21:27.389061
af7fa19141bc53ce,True,2024-06-23T12:33:51.253446
7e948a792e1d4f03,False,
9fcd58229222cae7,True,2025-03-03T08:52:08.575917
3960b2bbfc1c8e8e,True,2024-08-17T16:12:36.261650
48e1cc76c77a0f61,True,2024-06-30T09:46:09.352381
7e948a792e1d4f03,False,
1b1169dbbf6735e6,True,2025-02-11T18:58:35.289106
97aedf5618e96520,True,2024-09-30T21:52:00.430107
c1d7b8a8a133faef,True,2025-02-19T07:31:23.858231
a4afcb35e8999150,True,2024-07-03T21:06:01.980022
347241439fea6f3f,True,2024-07-25T06:18:16.787362
8be88fdfafa3c40e,True,2024-06-29T03:21:50.301956
d747db3fa1451202,True,2024-09-14T02:18:13.505870
624ea85ab112546c,True,2024-06-18T10:47:44.889677
6308bfb3649b4966,True,2024-09-15T21:18:41.128673
73a02cf221756dd0,True,2025-04-17T15:02:38.971622
bb15c213caf0fc7b,True,2024-07-06T10:25:26.176306
5171b363a76036d4,True,2024-12-25T16:03:26.176844
941910a949f5cea3,True,2024-06-09T12:57:54.095124
fdb6275ace1f2417,True,2025-04-13T02:41:05.656668
b66ac39c7475f9e9,True,2025-02-15T03:09:11.362131
7e948a792e1d4f03,False,
1e4fd1946f6164b2,True,2024-12-13T10:05:01.217687
6cd8f73395bf1877,True,2025-04-03T02:32:09.316198
6f9673d28a5ca2ae,True,2024-11-15T04:38:46.847356
7e948a792e1d4f03,False,
7e948a792e1d4f03,False,
7e948a792e1d4f03,False,
e6f2e9bab04ea939,True,2025-04-06T08:45:17.644423
e4a3ff5b554260a5,True,2024-06-17T18:50:20.106430
7e948a792e1d4f03,False,
f2ce8419cfa803fc,True,2025-04-13T16:06:57.786130
7a9f847a7027bedc,True,2024-11-10T19:57:09.184323
c5a85b40c986c7ec,True,2024-10-15T12:58:50.600638
2f040440822e1475,True,2024-06-19T09:11:21.696860
f534a22269b6cf34,True,2025-03-02T22:56:20.586688
0c02b477ce9999bc,True,2024-05-12T10:03:17.638971
d93b29452325d1e3,True,2024-05-13T12:49:48.280922
1ceea68a833b85a1,True,2025-03-29T04:49:40.626354
3f1213e347237ed1,True,2025-03-04T22:08:24.307418
330e93d073154fff,True,2025-03-22T12:14:55.498482
7f6d0f9157fed584,True,2025-03-29T07:01:42.850117
1234e5deb3e8500c,True,2024-05-11T18:53:07.266309
c2b21fb0139fb54b,True,2024-11-15T05:09:21.052832
38e821a20aa7cf6f,True,2024-05-11T15:18:50.843621
b5cb3168bf80b715,True,2024-07-04T04:34:31.163363
19a2bd83020d2110,True,2024-08-02T17:11:11.250910
c624694d7ba67775,True,2024-07-17T02:05:15.182493
c74ec7b07b6d8893,True,2024-09-19T19:13:53.994590
3925c4ea721ec4fa,True,2024-12-21T10:13:41.989877
f7a5d44c68a824a4,True,2025-01-13T15:34:36.456749
b8e428455fea472f,True,2024-10-22T22:57:19.730936
7083c19f83f2d180,True,2025-04-03T17:21:12.820590
847c7dea94deff02,True,2024-06-20T21:07:19.217989
7e0569a18b4435a7,True,2025-04-10T23:59:56.269633
800f5edcf663ec63,True,2025-01-11T15:19:24.486035
79b572cbb332adeb,True,2025-01-23T08:56:25.629981
b963a9f4d7404864,True,2024-06-01T23:44:45.629494
097b88888ef7ddb1,True,2024-07-25T20:14:08.233177
8e09633200298097,True,2024-10-14T20:46:05.689966
82dd488ea6d798d7,True,2025-02-28T23:45:53.096480
21e09acc6d4bf8bd,True,2025-02-16T18:10:49.373893
d15e4ffbedfdf551,True,2025-01-20T13:31:54.097452
ed3b89c1ebdcf443,True,2024-11-18T23:09:53.484946
fea404f20739c68f,True,2024-08-04T11:11:45.902303
ea824f6e30631311,True,2025-03-15T17:11:09.597245
d4d689e3c9c7436b,True,2024-05-16T14:47:32.937090
e9f5b334a253b805,True,2025-03-12T09:43:13.074771
9669d43e9bdec59a,True,2025-02-09T12:05:28.932173
c727df2aff543334,True,2025-03-27T07:57:11.325894
84cc63cd57b55758,True,2024-09-13T10:38:53.656867
97326d904e3bdd1c,True,2024-07-15T09:46:53.751110
f12191aa17fb17ec,True,2025-04-22T12:10:02.751217
6c0e0ad46a1645be,True,2024-11-29T17:27:36.253201
e27367cf5c2807b5,True,2024-11-15T06:24:40.451930
000f364e4690aa16,True,2024-10-08T04:30:26.030646
3e58b39179ee4d42,True,2024-05-29T19:49:00.138949
1adc800e30656758,True,2024-07-11T23:43:13.550224
5c3aaee21d28f2a4,True,2024-10-23T21:31:19.428765
0d8648d6671a7f83,True,2025-04-05T15:43:33.670383
120b3258bdeaad25,True,2024-12-26T22:33:37.700111
18f806ddd70126d1,True,2025-04-17T03:11:53.650034
618136ccd81602f8,True,2024-12-15T13:19:51.573236
c566532920c62b3f,True,2024-09-26T04:04:08.788446
2ff36a444d5c049f,True,2024-12-31T17:41:15.070076
7e948a792e1d4f03,False,
7e948a792e1d4f03,False,
38948e70321a6b55,True,2024-07-16T03:07:50.423990
df58d7100331e21c,True,2024-09-12T03:16:00.563638
7e948a792e1d4f03,False,
02af5ba607ab432a,True,2024-08-27T10:00:23.733922
97571605f7ff1df1,True,2024-07-01T15:06:13.584222
842746f79e7a7124,True,2025-04-27T02:03:42.921093
5892a4dadf091c12,True,2024-07-17T04:32:44.953825
c2917c72dbf5dae9,True,2024-09-02T01:53:26.907420
3f6df2b2227595f1,True,2024-07-17T18:05:59.705183
b0676b8d8299d481,True,2025-01-16T09:06:30.070486
7e948a792e1d4f03,False,
f6b00242eddd5cd0,True,2025-04-18T14:57:51.993490
f30d9db4e69b7f46,True,2025-04-12T09:18:52.898604
8d8c6706e9d22540,True,2024-12-14T20:16:33.210397
73b6f4cee7bc49f3,True,2025-04-26T13:36:45.335387
8bdaf053ace44b50,True,2024-07-31T04:33:13.268251
bda5f500743c8d20,True,2024-09-03T00:06:11.341932
69c903878897a3eb,True,2024-10-27T19:14:30.179694
055b9eb9fbbca22d,True,2025-02-06T07:59:14.172332
b2c6f00ba3031853,True,2025-02-17T14:59:15.164224
b4cb0aee0d65bb2b,True,2025-01-29T16:46:37.265918
b5144810332814d8,True,2025-01-19T13:17:47.805741
a3ccd702983f5d9f,True,2025-01-27T04:23:04.667042
6fa26bdbe08ad313,True,2024-07-06T10:34:58.438829
05fe9d59d8e617f8,True,2024-06-14T13:33:28.615350
3f6e075f0ab0195c,True,2024-05-07T15:07:04.972354
b53640edbd535e4c,True,2024-09-15T08:27:43.459377
99b0c44672e7e2a8,True,2024-09-04T17:00:04.956691
a141f6c2c721624c,True,2024-10-20T19:28:10.604580
8eb240b6c8766822,True,2024-06-11T17:13:01.704665
f51a25df9497d782,True,2024-05-26T07:57:47.567079
5e66fbdcf3dd72e0,True,2024-05-13T07:53:47.035797
38060e6586bdae03,True,2025-02-11T09:25:03.094846
fbada82977b5c01f,True,2024-12-24T13:43:50.653799
c27dd5b239d2f588,True,2025-03-19T23:40:07.488694
471a256edf2aea53,True,2025-03-21T11:04:36.444316
73b687f4147c5b63,True,2025-03-11T16:16:58.590528
2ffab03b77c4d0de,True,2024-06-01T13:35:48.365088
b0c7d6a1ffdf38c6,True,2024-07-29T05:54:32.607421
7e9f8b4faba87e09,True,2025-04-13T10:54:10.389474
9c618f09e8fbb39c,True,2024-06-02T19:07:25.466493
9adcca87ec337b2c,True,2024-12-24T18:13:31.363705
eac626e20bbcff57,True,2025-03-06T13:07:12.656984
a2eb44b9a168fdb5,True,2024-07-10T14:11:03.104615
639a24b52ca8adb5,True,2025-04-06T01:05:38.414505
7e948a792e1d4f03,False,
9465789d87200e04,True,2024-05-29T02:55:00.675481
ba76e5d1526c0297,True,2024-07-08T17:21:06.717080
e4a3837764817f22,True,2024-07-16T20:16:31.710178
3bcd45911fb1e374,True,2024-11-20T09:48:07.910733
f43a7a60c6dd5cd5,True,2025-01-23T14:52:36.698847
11233f1507ec5ec6,True,2024-09-20T03:29:36.193923
9c2c00d5fced177e,True,2024-12-27T19:24:29.765939
7e948a792e1d4f03,False,
7f51953116ab429a,True,2025-04-24T11:29:37.288447
ecd02032d31c9923,True,2024-11-26T20:30:32.426590
71fa1e3a4cfe2355,True,2025-03-23T23:56:28.342986
37afe45269e42590,True,2024-12-05T16:46:05.746408
5fa9089efe823662,True,2025-01-02T18:36:47.901136
1414bbd113f8dc39,True,2025-01-03T23:49:25.981651
f0dccf43c309239d,True,2024-07-09T19:49:13.492364
50c0ed76bed75eac,True,2024-06-25T01:27:07.273121
cfe28231f8268c6d,True,2024-08-25T22:06:30.747382
048936657727e7ec,True,2024-09-08T05:39:04.229067
189cebff42466cad,True,2025-04-11T20:47:26.109657
09132a38b907ba5a,True,2024-05-22T05:24:31.619684
721fe21f444c83db,True,2024-07-02T16:36:38.618027
4455ead2ad875d48,True,2025-02-09T11:54:39.649237
9ac0efd0afbbe724,True,2025-04-19T02:14:30.325278
5d09d419be349413,True,2025-01-18T05:37:31.034127
ea47a33bb599ad63,True,2025-01-05T08:15:52.423460
6d19be51911340e2,True,2024-10-18T09:45:46.334670
5052c5d90cbf5f3e,True,2024-07-04T06:37:45.013315
69c578de17d0b8ff,True,2024-08-30T03:18:50.032605
6882597306ef16ec,True,2024-10-17T08:13:00.641261
288b277b0f6372ae,True,2024-06-09T05:47:30.599607
ad896ee5db3eb1de,True,2024-07-11T20:33:35.349962
49cb15e4471ce7e1,True,2025-02-10T21:38:49.633553
cd58da8c3beeb4d6,True,2024-11-12T03:13:58.319123
c6bf13d2bab76003,True,2025-02-02T21:14:48.480361
ddd908dd6a5bcbd9,True,2024-06-04T18:12:28.153478
b5efbb2c9856c967,True,2024-08-10T13:57:27.836116
7e948a792e1d4f03,False,
54f1fc2012ca6f1a,True,2024-11-10T06:20:35.600133
628512d0f91b97af,True,2024-12-12T01:12:27.044302
92003c5dc0275b03,True,2024-07-22T19:33:28.693723
7e948a792e1d4f03,False,
456de7dd659761bb,True,2024-11-18T15:48:41.354704
450b6743b4ce5f7b,True,2024-05-15T04:13:04.551815
7e948a792e1d4f03,False,
1bb1535e2491f6db,True,2025-03-27T22:07:35.216861
ae21f10437f8a230,True,2025-03-08T14:46:08.686388
8ff333cb20611924,True,2025-04-17T17:17:09.997561
72ca30dd99b6d08c,True,2025-04-14T01:02:32.750252
61816bb828ec1569,True,2024-05-11T04:31:46.863442
af1723c6cdfe9ef8,True,2024-11-02T10:39:25.647328
97ba3d18ea7ef54f,True,2025-03-31T22:53:35.599591
a3161f8e4975bb45,True,2024-06-10T08:40:54.336032
3f67e0d987faf4ae,True,2025-04-14T21:28:06.611201
d8a695b4b85b1648,True,2025-03-02T10:01:41.131968
7e948a792e1d4f03,False,
5f8e06c543e7a591,True,2025-04-28T10:49:24.607227
7e948a792e1d4f03,False,
ffc08090e79eea22,True,2024-06-14T07:07:12.665812
77538738fe23133e,True,2025-01-15T07:33:05.024147
594ab8b0884c10e1,True,2025-02-20T16:41:36.674908
9a9b2ae91e3993ff,True,2025-03-18T10:52:07.148806
ee4d96e206e239b1,True,2024-08-02T09:56:17.947589
0bbe71a5902f2811,True,2024-07-07T22:09:31.505646
e64e0f13867628ee,True,2024-11-30T07:34:42.430776
7e948a792e1d4f03,False,
4ac461f9decc7278,True,2024-08-17T11:06:13.823757
7ff91d789d5fb76c,True,2025-02-28T09:09:06.958642
5b0a78ebef1d0039,True,2024-08-18T22:34:51.175752
bbe7653f641b43ee,True,2024-08-12T04:14:16.653189
1eb2651aa007a383,True,2025-04-13T06:45:09.280939
3c4692c55cda3205,True,2025-04-23T13:38:14.071439
7e948a792e1d4f03,False,
719494269a0b1ff0,True,2024-04-29T08:16:02.289967
3a06983d77807f54,True,2025-01-28T09:21:39.864644
b5737e546f317fbb,True,2025-02-26T05:55:29.977812
5edd4d9c1f0c3f27,True,2025-02-22T04:13:19.452177
8c73a74d045358e3,True,2024-12-23T03:59:20.764332
7061edab7c8f3598,True,2024-07-30T18:48:58.251568
e1070df7446593cf,True,2025-01-24T04:40:05.637143
d88d26c1a9524fe7,True,2024-05-24T15:45:06.397983
d68c95ed996425bf,True,2024-06-26T03:28:06.695765
ae383a579d959979,True,2024-08-09T21:21:20.114940
3c65002b1114400d,True,2025-04-19T19:32:04.935456
056107e7e4d9a206,True,2024-08-05T01:11:18.629250
857b0e9d1f0a6d3f,True,2024-10-03T01:57:11.447703
7605f022d0a222dc,True,2025-03-08T01:03:42.021564
ecc12f059630b598,True,2025-03-09T23:40:07.888632
92082a94a2e36d5d,True,2025-03-14T15:03:49.353391
e32d2d6ef2668cd5,True,2024-07-03T12:36:56.377615
7e948a792e1d4f03,False,
a8b6fcc6d539792f,True,2024-10-22T09:21:44.797042
ae7fc20418aa8ed1,True,2024-12-13T13:15:48.467896
7e948a792e1d4f03,False,
130534b7036760c6,True,2024-11-03T12:07:28.109803
7e948a792e1d4f03,False,
fce716cedffd58fa,True,2025-01-05T14:01:34.735631
dcf1592bfde5beb0,True,2024-12-29T22:53:45.176089
d22114ce7746ca32,True,2024-07-25T23:09:43.356631
564e34fa44be36d8,True,2024-10-09T05:59:55.856799
2969130fdce1f23b,True,2024-05-28T23:10:39.714185
a4368748776ac8b7,True,2024-12-26T06:38:46.586599
ee7a169123faf57b,True,2024-11-28T00:23:56.656481
216aa78b1e10576b,True,2024-09-06T15:35:37.747752
9fa5364f3cfc54ee,True,2024-12-15T00:25:26.437755
c03e005a0253e950,True,2024-08-03T21:12:29.945430
ebabddac3173c166,True,2024-09-05T02:02:10.530478
5170e81e303dfb6f,True,2024-07-05T20:38:41.842232
36adbbd38e2cbe48,True,2024-07-07T03:23:55.061460
28cd45f634c2dcbd,True,2025-03-31T15:44:18.382928
7e948a792e1d4f03,False,
ae951de4efb5f630,True,2024-12-25T19:54:24.588716
b497db0188ad5549,True,2025-01-24T18:11:48.058149
335da1616a50bec1,True,2025-04-19T04:09:03.596853
1f13e9b0cfdb9b8e,True,2025-02-26T14:28:55.633101
824decd922014a5f,True,2024-05-15T12:50:50.031597
39c67655793a634f,True,2024-06-10T04:20:31.178644
5f955e102bcdfcb2,True,2024-11-15T00:41:00.104926
7e948a792e1d4f03,False,
7675949fa34fdf0d,True,2024-11-08T11:25:55.293711
5c812fb0e4771615,True,2024-07-08T00:26:21.566828
1caf506777f91e97,True,2024-10-09T08:36:23.962718
7e948a792e1d4f03,False,
7e948a792e1d4f03,False,
e52d7366fe5050ec,True,2024-05-06T22:31:56.424795
8a23a0c77d96ce37,True,2025-03-12T08:43:09.892199
14474908d572c23d,True,2024-10-13T14:58:03.435508
aea7e36da7c4b58e,True,2024-12-07T04:41:29.990742
07243cdc251f2096,True,2025-02-19T13:04:24.837284
5630f432b68e9a97,True,2024-10-30T13:58:04.166778
7e948a792e1d4f03,False,
7a8f64000d05caec,True,2024-11-28T17:58:04.938402
70a5c6c40da2e1f9,True,2025-01-06T15:25:56.806504
7e948a792e1d4f03,False,
d9a6b9568ccd5162,True,2025-04-03T03:44:49.561033
848a24768c9d3436,True,2024-12-13T23:00:58.523288
c0224d50f7679cca,True,2025-04-10T17:46:20.669290
8604ce3fa026c42e,True,2024-06-10T17:56:27.161304
bdb1a719793b0da1,True,2024-06-24T19:49:42.771434
3e4389fa39f7a8bd,True,2024-06-10T05:44:32.258084
7b5859e9ebb00839,True,2024-05-19T21:35:13.234521
504509e89152389f,True,2024-08-22T11:06:17.904184
7e948a792e1d4f03,False,
cb1005c77582d5d1,True,2024-06-28T18:01:02.517965
d917ffd1ec10c3ab,True,2024-11-09T00:36:10.783078
86706fa9e51405ce,True,2025-02-20T08:24:36.094035
e67c19204760c244,True,2024-05-23T07:38:15.459884
11bcb33c5e3fb9c1,True,2024-12-14T19:56:04.343058
1975a44a8bcb2fc2,True,2024-05-19T20:34:42.407781
31b4ec4c5a9aa5bb,True,2024-08-13T18:02:12.643888
7e948a792e1d4f03,False,
ff6a3b8b83ec519a,True,2024-11-30T05:36:51.472363
796e4dd8640cfd91,True,2024-07-16T14:09:18.172326
f8147b41502e7cd4,True,2025-03-08T11:32:31.543777
c162ec503a932499,True,2025-01-16T00:05:44.924461
d45611732fa0c8fd,True,2024-05-10T00:24:42.476921
20d7ffb6290c3b52,True,2025-03-05T00:44:11.876884
7e948a792e1d4f03,False,
839672ecc4b9aced,True,2025-01-24T15:02:56.662739
c7f0d4efc9feb9a2,True,2024-11-22T16:17:58.767112
ab9eb6e05e6502f7,True,2024-09-16T01:11:01.271541
df269db8bf237d79,True,2024-09-28T02:00:14.726432
7e948a792e1d4f03,False,
b0abeb6c9c651c52,True,2025-04-05T18:09:15.195066
9b046a4a5103901c,True,2024-12-15T05:12:21.079420
28831c2aacd9e2b8,True,2024-06-02T19:19:15.948254
47a96388af92da08,True,2024-09-29T22:45:16.838438
24491c8144a62cfd,True,2025-03-13T00:15:04.552252
072532e9d433296f,True,2025-03-24T10:41:31.375324
82aca62af1281ed5,True,2024-07-12T20:15:49.863635
974cf62455860130,True,2024-09-14T06:17:47.528600
7e948a792e1d4f03,False,
aa9a236e1fba1bb7,True,2025-01-04T00:31:01.388373
3cff426038dc40ed,True,2025-03-27T06:13:58.239154
7e948a792e1d4f03,False,
c9b39e14415938cf,True,2024-10-13T13:32:43.222138
d95657fc0c878757,True,2025-03-10T11:05:16.567261
ad127b058dad1e1a,True,2024-09-08T02:05:37.794967
3da9e99ad12602b1,True,2024-10-27T14:04:46.043274
f79c2f3550ef38d5,True,2024-11-16T16:24:00.456153
cb878b7ff118d521,True,2024-10-02T07:46:20.606251
4882d7cb502744db,True,2024-08-15T22:34:12.279380
75bdf6ecc803c05f,True,2024-08-17T22:05:35.395562
d55312099885d657,True,2024-06-29T07:02:46.708843
f28b45870c91a847,True,2024-08-20T07:10:45.979655
37752b8b65c47ede,True,2024-05-08T20:35:54.429046
8f4d2d5e2878aebb,True,2024-11-05T12:06:31.814714
a539e07a8b12242b,True,2024-12-13T04:29:22.396039
a83b24c9c3574db1,True,2024-11-15T12:28:18.232278
bd94ede65294b89a,True,2024-05-18T10:33:30.007253
d8032ca463fb11ce,True,2024-12-13T12:16:06.168250
7798046a4685a7b3,True,2024-07-03T06:02:53.879561
55a159d2fedb08d4,True,2024-08-20T01:18:21.204449
40798fa13c6fb5d7,True,2024-06-15T00:03:19.203947
e40ecce1a6b128ea,True,2024-09-18T00:29:39.538760
af74ab9b29a27b74,True,2025-01-01T05:42:01.134408
282093d780b069bc,True,2024-09-27T12:32:49.405586
586b7605e2f05722,True,2024-06-07T01:30:26.714233
dfcf078bae631105,True,2024-07-30T03:50:25.155426
b92376653d92c2ea,True,2024-11-11T05:51:13.622180
68bdc1115042710b,True,2024-08-07T15:00:57.411553
7e948a792e1d4f03,False,
7ce65a359b06525e,True,2024-07-20T21:54:27.388767
934e480db24bb9cc,True,2025-03-05T23:25:36.871891
fe156598df63af83,True,2024-10-20T14:50:32.772538
e9dbb4005c16777b,True,2024-12-02T21:29:40.824968
9ca9a3727c02b21f,True,2024-05-05T21:57:58.654691
8e31bf0fc69ea3f0,True,2024-08-09T04:39:01.293659
6da8a7e1e320b822,True,2024-07-30T11:36:08.129732
23b228b3d7b79fc7,True,2025-01-07T07:20:27.834372
d297aa16d0b306fd,True,2024-05-19T19:52:16.626310
0bbfcf816b3b9f85,True,2024-10-17T00:14:08.489363
7e948a792e1d4f03,False,
e073e793b261cd75,True,2024-07-02T03:34:02.669274
3414f589416ff500,True,2025-04-19T20:47:44.378600
94f48a5b50b8d9dd,True,2024-06-05T02:24:36.141898
dce08037d5ce20b6,True,2024-06-23T02:10:03.058404
ec38849076d4084a,True,2024-07-04T03:07:37.273107
7e948a792e1d4f03,False,
cbef0a2c8f2b8caa,True,2024-09-27T07:19:39.669307
b426f10a1cf9ccf5,True,2024-05-21T19:21:36.336936
38e81f53a7263441,True,2024-05-04T01:02:54.414236
96b1ed6106f5e312,True,2024-06-30T20:24:52.509780
c470d541d4321161,True,2024-11-05T19:16:29.083529
7e948a792e1d4f03,False,
8c8e93e72ff44d8f,True,2024-09-20T15:04:14.986813
fef19591ccb9c323,True,2024-06-12T02:17:23.472365
7e15721d10ab3613,True,2024-12-11T03:40:13.466720
5704a3183f8dffd4,True,2025-04-15T15:24:34.652764
7f08a4d9267c2bd9,True,2024-08-25T17:46:40.407346
e85defdc9cd92ed4,True,2024-09-17T10:11:57.919356
77f4a36e61f7f60e,True,2024-06-06T07:27:46.943777
63da2f71e6a6278a,True,2024-10-17T14:09:53.456226
9b2831c8cb50eb7c,True,2024-10-03T23:01:03.500299
4ee79dd89b7f3d37,True,2025-01-08T00:21:57.010964
7e948a792e1d4f03,False,
a2b9e240d046d602,True,2024-09-20T23:28:43.925505
9a0f453dc0864a88,True,2024-10-03T15:41:31.636688
7e948a792e1d4f03,False,
e293351a3ec7e1a4,True,2024-12-12T14:02:10.148326
b2c04fb94fdfc82b,True,2025-03-01T03:59:26.953104
481a846eac5afc4b,True,2024-09-21T07:10:28.973363
ee2e71dcf7a6d595,True,2024-12-21T00:41:49.615770
7e948a792e1d4f03,False,
f9649c6c7ad56807,True,2024-08-24T11:23:14.926521
3ae29ef1d874ce22,True,2024-09-25T00:54:48.013548
fd0ff19fd8cfd9d8,True,2024-11-24T22:43:55.284289
a06755158c453e84,True,2024-12-28T13:24:29.550991
c8467b36825907f5,True,2024-09-13T22:32:53.340173
edb608e04c9aefdf,True,2024-11-29T22:40:29.417917
7e948a792e1d4f03,False,
fb6ad06a8215664c,True,2024-05-04T22:04:31.711658
dfbe8c26938af6f6,True,2024-09-01T15:33:40.128649
c793bb14d7658003,True,2025-01-22T18:02:30.246975
ec21c6512efd63c1,True,2024-11-29T23:09:36.042934
b668a1b471b91eca,True,2024-07-25T17:42:40.848406
af4520a65dd8c6d8,True,2024-05-12T01:26:32.266939
28cb27a0e9212532,True,2025-01-23T12:15:25.351696
15c1d0300a9459f4,True,2024-07-17T13:38:36.630998
43042bd63e0f178d,True,2024-07-20T20:31:05.580702
11e9d8d608ce5e63,True,2024-09-14T17:35:48.742657
7e948a792e1d4f03,False,
e6cbd58d6d77296c,True,2024-06-25T08:12:25.015367
af2a18a43804877f,True,2025-02-02T18:18:01.594738
27251793dcfe41a7,True,2024-07-30T06:54:59.949656
653ec171a096a388,True,2024-05-26T16:45:40.394373
4345367309d274c1,True,2024-11-21T05:21:42.761636
7abb580ecbbf2d67,True,2025-02-16T19:07:02.120317
0d3c37c7c09f5d06,True,2025-01-13T02:20:28.705204
1a03b0cd717af05e,True,2024-05-28T10:03:59.230211
7e948a792e1d4f03,False,
503293aee79e21d8,True,2024-05-13T03:50:30.313643
40d57d633bae1965,True,2025-01-22T12:48:02.990389
e0cf559a9656a90a,True,2025-03-21T09:56:20.507074
8b695680df104f2c,True,2024-09-10T03:28:41.740254
1da9374b287d1875,True,2024-12-22T13:55:37.835550
97e70e0d559d63ca,True,2025-03-03T18:46:53.839422
b657673a0444bd29,True,2025-01-07T03:52:44.560383
278c28250f707c88,True,2024-12-23T11:36:36.920546
913a12ff836e5924,True,2024-04-29T23:12:00.362864
beda9f8e5dd2c276,True,2024-07-08T04:41:09.192107
d9ba67e0e75498fa,True,2025-03-02T06:26:44.495890
a307852749313aab,True,2024-12-13T16:46:11.461766
bbd354ffaa300961,True,2024-08-04T15:46:20.640595
c1c7c01e4b42c8be,True,2024-04-29T08:25:38.070693
466570f73173ace9,True,2025-03-12T20:02:53.036109
d4de04e1f0138400,True,2024-07-06T23:41:57.759938
66c4390019232d12,True,2024-07-18T17:42:52.007589
6eb270166ccdff19,True,2025-01-31T08:47:35.122292
26a78e2ed97eb38c,True,2024-08-25T10:47:01.222071
ce59f544fad9f104,True,2025-01-18T20:22:32.377423
277cf0949339973c,True,2024-06-17T13:24:52.358969
95e4c688aad04080,True,2024-08-22T19:38:11.859986
489ecfbcaecd2b98,True,2024-07-27T05:17:59.433141
15d6c94fa6debefd,True,2024-10-25T20:21:37.559807
7e948a792e1d4f03,False,
58b256f48ba966fe,True,2024-06-15T02:48:30.398623
842e3b7d0ebf9a29,True,2024-10-13T11:11:39.705950
0949672e06dc7445,True,2024-11-27T09:38:11.993819
817083455e2492c6,True,2024-11-14T19:32:27.219004
4fc69ffc67ea6e72,True,2024-07-16T05:48:01.589974
7e948a792e1d4f03,False,
7e948a792e1d4f03,False,
c42a9c14f5b3760d,True,2025-02-09T02:17:37.790696
11c98d43b6bb9db3,True,2024-08-05T14:32:45.893245
2e372dfa501bba7a,True,2024-12-23T10:34:34.011832
3293b493d3cc2ebb,True,2024-12-26T23:09:35.876330
ce903d11c3956402,True,2025-01-19T01:23:29.748430
a7e1341c8c50e9c3,True,2024-05-06T16:53:09.431777
5dcc86ed0065f7b2,True,2024-08-14T05:01:20.538774
6a8d5fd3a67cd5bd,True,2025-02-16T17:36:54.947294
0ee1a0ba531a8043,True,2025-03-27T07:52:29.989762
92704f9a263144dd,True,2024-10-17T07:51:13.312922
710199bb1b502d32,True,2024-06-29T20:01:53.004509
deaa0da68fc017dd,True,2024-08-12T02:35:58.080827
07d12189715d997c,True,2025-01-06T08:32:29.384402
57423f184c73d9a3,True,2024-05-20T02:34:57.620740
178c9bec32eb67f2,True,2025-02-04T22:19:08.198067
5eed740d108be448,True,2024-11-19T18:34:58.016127
b78fa83ab4785a61,True,2024-10-22T13:55:33.307724
dc0f370975b4a397,True,2025-04-14T00:51:07.788599
399b406f56fa7790,True,2024-09-30T04:27:43.618935
8af0c866999f691c,True,2025-03-31T16:08:17.172778
7e948a792e1d4f03,False,
18baa9ed8d71350a,True,2024-09-30T23:34:53.937103
46dc1d61574e28ad,True,2024-08-23T04:05:59.113494
676d4adec95b6de3,True,2025-01-14T06:02:48.687901
354c4d29bc6d148f,True,2025-01-16T04:37:15.969507
f15ac71ab463ac66,True,2025-02-25T03:01:55.618728
0f65b362e3b6b0db,True,2025-04-04T01:48:13.317798
fc541acc672e2c22,True,2024-05-05T20:50:51.807086
1b1250b59f7451d3,True,2024-09-21T11:03:47.016516
1f9175e817ca2c6e,True,2025-03-02T19:24:58.909854
be7e33349dd1ee4e,True,2024-08-12T22:30:53.142227
ed574ed3f8bb4a1c,True,2024-06-26T19:40:37.217913
d71ddc16d62d4187,True,2025-03-08T04:18:15.069922
697ccbbe57bd08c8,True,2024-06-28T04:36:02.768641
7e948a792e1d4f03,False,
13bbd43c104a8de2,True,2024-12-27T02:30:29.342554
83d93d2bf9711011,True,2024-05-30T17:18:39.122917
a777f43f38803e7a,True,2025-02-27T03:17:59.721775
e34a41b8bf0db2ec,True,2024-08-18T01:24:48.388578
35aa2c0a84151eb1,True,2025-02-25T05:11:36.031433
cc06a0c264fcd0f3,True,2024-09-01T13:44:41.169000
256ba3a004c8f35d,True,2024-05-26T19:22:36.180610
fe6e1cf46d038650,True,2024-08-23T11:54:16.534574
ca0a882097015c88,True,2024-08-02T15:54:51.885689
432d6b9db663c7f1,True,2024-10-07T10:55:46.462645
8eb9d858d237248a,True,2025-02-04T09:15:57.135841
cd850839d8267776,True,2024-11-22T01:26:54.801310
53f3ee39d919b99f,True,2024-05-13T17:03:44.451492
3394f55f1bcf418f,True,2025-04-20T17:43:19.164333
f85d8e56b900c583,True,2024-10-12T16:38:14.923617
9313868843f8d387,True,2024-10-24T02:37:06.254446
fc631a04089da483,True,2024-11-11T01:27:15.416657
15ef59b273bfcf7d,True,2024-09-16T22:12:00.242171
c9aaf2867e3ad7fc,True,2024-07-28T16:34:45.994881
9fc9c767bdf1e365,True,2025-02-23T15:15:14.413929
703fce0c3c2dec4f,True,2025-03-05T01:28:48.345417
3b24b643ce3d65d1,True,2025-01-18T20:31:29.328765
f22cf3ccb8492570,True,2024-12-04T01:38:20.895134
5fdb89e5fec4efa1,True,2024-11-02T18:49:53.942795
fd63065115364a0c,True,2025-01-22T22:27:51.094546
7e948a792e1d4f03,False,
a5ef8ea42fbc5988,True,2024-06-22T06:56:21.726712
2301ff28fb555410,True,2025-01-19T21:42:28.358086
9fd3727a73d341f8,True,2024-12-10T00:00:11.360461
38689461e663c706,True,2025-01-01T10:56:04.920010
7e948a792e1d4f03,False,
84322cd586fc8ac0,True,2024-11-23T12:29:03.783299
848f55223ea97af2,True,2025-02-01T17:14:21.521436
124409ddaa84e589,True,2024-07-20T02:37:39.074774
7e948a792e1d4f03,False,
a2a90ef824de3c2c,True,2024-10-28T06:08:20.057026
76d9fd14acecbcc3,True,2025-02-20T22:07:41.839638
e9a411a75c5c6299,True,2024-09-13T05:38:37.773480
d8144d63eb9a80d2,True,2024-06-17T14:11:52.433723
e5e251c9592d1090,True,2025-03-12T03:24:33.477088
e81a401a010f9e62,True,2024-09-05T13:59:59.807207
d4038f959188c51b,True,2025-03-07T19:37:09.235138
d5db22401014c4f6,True,2024-05-11T00:48:55.508765
0b7172ade110342d,True,2024-05-06T00:40:20.356409
bc2a7f28f49fd482,True,2024-06-09T07:53:39.619395
ee3029a9c5e323c7,True,2025-02-02T08:33:57.083174
823286960615917f,True,2024-09-09T15:47:58.038079
04a89acbf916601c,True,2024-08-16T04:07:41.024127
c7fc291110a8b02e,True,2024-06-21T13:24:52.377661
1eef7466c74e5152,True,2024-05-12T21:49:01.158533
7e2cf122bee1f600,True,2024-11-04T04:24:32.269108
a0af0b6fd04d5e6f,True,2024-09-20T16:54:46.376770
dae27b6ccb37f209,True,2024-12-27T19:44:23.413055
c1a74646364e78da,True,2025-03-22T16:43:23.569011
6d6d7dcc46a7c049,True,2025-04-02T10:11:34.409634
22fda20617f40afa,True,2024-11-11T23:31:47.859587
80aa9df2571e7753,True,2024-10-21T08:31:07.506173
dcb074e85380ae1b,True,2024-11-11T03:38:58.454753
247473d755e3eb49,True,2024-12-25T00:03:42.151352
a8c18a1c545e1774,True,2024-07-24T23:58:35.150888
7e948a792e1d4f03,False,
319ce467725ea8c9,True,2024-08-19T04:21:13.977161
ca71f4464c0df127,True,2024-06-01T16:21:02.548044
48a01fa86214fa5c,True,2024-09-19T13:34:22.838554
98b98f7337b1a186,True,2024-07-29T22:42:36.255263
0bc0c21f8310da13,True,2025-03-28T02:17:47.041568
d0fdb116b485c524,True,2024-08-06T00:11:07.286195
cdcd898fb115bfec,True,2025-03-27T14:10:14.672611
89f9de68e9cc9f63,True,2024-07-12T05:08:18.357247
705e3346e25e03f1,True,2024-07-14T17:02:45.080941
3d736cad8d220443,True,2024-10-19T13:01:05.450641
241035c17063381a,True,2025-01-20T07:01:45.419502
fc4bac33f82311de,True,2024-12-15T04:32:49.249880
0bdf18a639f0e9c8,True,2024-10-15T00:10:08.687067
26c40d24663ff2df,True,2024-12-16T08:06:14.422370
2bcccfb4979d9d6b,True,2024-07-15T10:24:19.348190
ecdae2a122082561,True,2024-07-14T20:20:59.295122
20c05d9c5f43158b,True,2024-09-28T07:12:36.832275
e81d289e9f8f9a7c,True,2024-07-30T06:32:44.105773
406b3f09fc6620d0,True,2025-01-20T22:19:17.177221
30e0d8faa6ffc642,True,2024-07-21T14:03:46.373406
4e3d28179a06c27f,True,2024-06-30T01:15:21.317086
5b1f2d81612c375b,True,2025-02-26T05:27:41.276037
e56718b04d5f8111,True,2024-10-01T02:29:10.618359
95872981708efb96,True,2024-06-05T12:36:48.257900
7e948a792e1d4f03,False,
660bd8a9da1597c8,True,2024-05-03T19:27:27.443098
842a201142b621b6,True,2024-06-05T01:50:05.001465
7e948a792e1d4f03,False,
0c0b96da60c6427b,True,2025-02-21T16:47:48.884171
f494d1b9debc4d8a,True,2024-05-27T19:35:25.982213
c16228a88db00dd0,True,2025-01-24T12:49:15.579498
d66dee7d4dec6340,True,2024-09-11T17:09:34.813535
93464bae85980c8a,True,2024-04-29T23:52:21.039541
db9ca00b213a5f90,True,2024-12-19T08:31:12.344429
dbfb2eae255b601e,True,2024-08-24T05:41:53.128420
8f68f19b6559641e,True,2024-06-29T09:39:36.632547
c1e073d1ae663f93,True,2025-03-01T20:47:27.194807
f9d08465f4fa9d4c,True,2024-06-16T10:00:59.996387
309d2c10b86477ee,True,2025-02-06T13:21:02.237785
1e8ad05d5ec6fb6f,True,2025-03-28T08:03:26.755456
d7e8670e9c8a2a78,True,2025-04-26T13:05:45.960599
0357237ebb31f70c,True,2024-12-18T02:47:21.677140
02b973c9bd6dc8fe,True,2024-07-23T15:24:30.519484
7e948a792e1d4f03,False,
ffce2fa241f3d90c,True,2025-04-18T13:45:50.635723
f72a64141b976e41,True,2024-09-03T20:17:00.549981
6ac51a627d7047fe,True,2025-02-27T01:37:27.769220
6cc6b8b9b9a6ac9a,True,2024-07-27T10:22:12.455573
f1ac8cdfd72fea76,True,2025-03-25T21:32:04.849826
80cc52168caa2a82,True,2024-05-02T04:11:58.401361
d598de1991b2671b,True,2024-06-20T13:55:19.681898
b986464fd2a82a6e,True,2024-09-30T11:05:33.722183
d3a43e4e9ee24a52,True,2025-04-01T14:00:19.371482
8773b47fb842c168,True,2025-04-16T11:12:05.068508
f28223035286858f,True,2024-12-04T22:11:49.303346
58530927089f8150,True,2024-09-01T15:55:59.960631
d5d45ca927875ca8,True,2024-07-02T05:30:58.250410
15f006231c11d238,True,2024-12-26T05:20:35.567626
87fef6e6ae873fe8,True,2025-04-06T10:51:03.978504
007441ae36c13949,True,2025-03-04T16:49:54.418421
c16a23dc6a620d4c,True,2025-03-16T05:42:01.826387
7e948a792e1d4f03,False,
057484330397651e,True,2024-09-19T20:48:35.702584
7355c26852467b65,True,2024-11-05T12:33:18.683492
4c495467a251a7f7,True,2024-12-18T07:10:17.267787
924ceed24b728243,True,2024-08-23T10:56:21.536381
8e44c83204d1369a,True,2024-05-18T08:38:36.022888
5473956a5964c1e2,True,2024-11-06T10:43:44.738849
5e29e60fa196bda6,True,2024-07-03T03:32:12.796384
3dcdfc5ea16a257e,True,2024-07-12T20:06:39.733693
17d953642e4c31f1,True,2024-11-30T16:58:26.284097
d9563d7a382d59f0,True,2024-04-29T03:44:53.949822
b225f6f4301b227c,True,2024-10-02T16:36:20.967710
7e948a792e1d4f03,False,
7e948a792e1d4f03,False,
86eaf0aa2b986900,True,2025-04-20T09:04:12.500552
bca50ff40cc7412f,True,2024-12-20T20:24:07.022060
7e948a792e1d4f03,False,
7e948a792e1d4f03,False,
cb9a95a0627c290c,True,2024-05-06T23:18:46.421269
ae2cd4cfb49f4b6e,True,2025-03-19T17:20:59.970003
706956b07ca8cea8,True,2025-03-13T08:38:34.122917
702439c1af450d24,True,2024-11-18T00:26:15.828684
7e948a792e1d4f03,False,
00bf4ab03947fdb8,True,2024-07-15T17:32:05.753182
337301ce1e63cd15,True,2025-01-22T13:48:45.183277
f83cb46793477606,True,2025-04-03T17:28:42.402878
a48875e4361a0b22,True,2025-04-10T12:05:25.811193
af5c42b043505a5f,True,2025-03-26T14:25:27.936970
a543e2b99f888892,True,2024-09-04T17:00:56.903074
355a02b9d82e71d9,True,2025-04-25T03:40:47.115133
7e948a792e1d4f03,False,
502188b8aa5689bb,True,2025-04-20T09:13:46.665665
bc81daa4fa4f543e,True,2024-11-03T10:40:29.238512
adcd38e4c0cfbe40,True,2024-06-09T08:16:02.354203
0d4fcd9574060784,True,2025-01-21T07:53:24.281973
0a7dfc537cae2b94,True,2024-05-15T15:25:28.979020
7e948a792e1d4f03,False,
47660af38e3ecd32,True,2024-07-27T10:38:51.910262
55d3d731eeeac02e,True,2025-01-29T19:41:45.546594
6832d3a2c7906d81,True,2024-08-20T17:50:02.549656
2120dea0a4e10da1,True,2025-04-01T20:34:31.123194
c5e9d8654a8d64ea,True,2025-04-15T23:21:10.035131
8389e2e14b600108,True,2024-08-01T07:52:30.651882
5f2f99863ac01c82,True,2024-06-23T06:31:03.618944
678b268cb19925ca,True,2025-04-04T20:31:02.938464
baa799e4419054e9,True,2024-12-23T04:00:57.017249
26930699b4e3daa4,True,2024-10-23T00:25:31.112108
7e948a792e1d4f03,False,
7e948a792e1d4f03,False,
e7be42722c18d455,True,2024-10-06T22:27:42.431256
b16fd777718721c4,True,2024-09-22T21:27:53.840590
6299461a2978a2ed,True,2024-09-08T02:31:40.646535
a96d463166010dd4,True,2024-12-17T21:58:13.576866
9f02600af077f147,True,2025-01-28T23:39:41.066202
525b3656a988028d,True,2024-08-31T10:34:38.906920
df98b82030ad9bc1,True,2024-07-20T15:22:22.715809
77c93830a1bf9eba,True,2024-10-18T19:31:40.974910
2dc7522999be1b48,True,2024-11-23T20:19:12.293347
d0a809d6278eba50,True,2024-05-28T11:53:14.911797
175e660fc0b9ab44,True,2024-12-26T16:33:16.122643
eb57be84eac0374a,True,2024-05-12T23:50:01.034040
7e948a792e1d4f03,False,
7e948a792e1d4f03,False,
a3e8e44ae71dc650,True,2024-07-08T00:24:05.844816
425152c1a364ab17,True,2024-09-15T04:54:58.231534
92a6a9da28b1c249,True,2024-06-30T20:51:58.777722
effbb65a61342eb5,True,2024-07-04T10:39:54.182660
b3ca7ebd6ae574ab,True,2024-08-13T10:05:12.764116
aac42e8cb87df7e7,True,2024-08-16T12:30:05.383799
87842bc7215f74d6,True,2025-03-11T21:00:07.677152
d8e1b52fe357153e,True,2024-08-27T01:05:47.387663
3db4458a7b06eeaa,True,2025-02-04T23:49:30.150585
bb6854f766c3b163,True,2024-11-16T18:44:10.133419
893236c98f995f27,True,2024-12-22T00:26:22.165712
3749afe699af2777,True,2025-01-19T14:49:19.448166
f2f09682a57f9f8f,True,2025-04-01T23:18:21.767194
b1e6fa7ab6e01828,True,2024-06-03T15:55:26.548330
dbc5c89c6fd8fbaf,True,2025-03-27T00:07:39.897510
35757cc72482eb80,True,2025-04-06T17:10:26.558089
cb02cdc6994a380a,True,2025-01-18T17:09:54.162789
e76df33d8fff4d76,True,2024-08-04T18:03:31.728777
2cad5733f8d42f32,True,2024-05-06T20:44:32.753973
7f46e9953a1dde43,True,2025-03-25T06:56:13.985726
7e948a792e1d4f03,False,
a51662d42baed913,True,2024-04-30T14:11:45.857441
66eb9b36e684fecf,True,2024-05-13T13:37:02.905995
adb75c103fbdc05f,True,2025-01-15T04:42:57.750813
97e1004ee143c6fc,True,2025-02-26T17:03:52.723582
3278121a7907f309,True,2024-07-03T14:02:21.416420
97db97eec51f6132,True,2024-09-24T03:53:36.463625
ddb6c47cd94e00d5,True,2024-11-10T22:46:05.153591
05d9b107cbe6906b,True,2025-03-11T17:58:32.338948
b6428636875a44cb,True,2025-02-05T14:54:43.115535
d12c2dbb631d9798,True,2024-06-02T18:12:30.945094
21e6669b3b01eacf,True,2025-04-02T15:32:38.571896
0fded6c409315a31,True,2025-03-13T03:53:40.366980
f4f8a4332ea9437b,True,2025-01-13T02:42:19.260208
7e948a792e1d4f03,False,
dc6edca88a8ec8f3,True,2024-11-27T15:39:20.098508
7d9f162a523e6e68,True,2024-12-13T21:58:41.677326
a50606a3ec712347,True,2024-10-19T18:00:42.030397
0e01c4260d2acace,True,2024-08-18T01:07:05.685175
5c3d576f35edcbd3,True,2025-03-14T07:29:05.385823
72d42c2d7eda1fc6,True,2024-05-09T18:39:49.602457
7e948a792e1d4f03,False,
2b2923ec21ef22e1,True,2025-01-01T13:35:57.155330
7e948a792e1d4f03,False,
369901bb08a9a407,True,2024-05-04T21:14:52.344563
af8c29fb1261d2f0,True,2025-03-12T13:48:45.010549
7e948a792e1d4f03,False,
f0bf43c9db352b84,True,2025-01-08T02:40:55.433976
725d579b4df03506,True,2025-03-16T01:07:33.449862
7e7ae897ed06311e,True,2024-09-04T10:04:56.812871
697d0e37edb24269,True,2025-03-31T00:53:07.225263
21a64c36a4963019,True,2024-10-21T23:33:57.340627
9769e39cd6bf1510,True,2024-08-22T19:52:53.095461
da42d9045a719d8c,True,2024-05-21T08:06:43.372565
00f5cbecd3d725ae,True,2025-01-03T04:36:23.121511
420eedcce3225ef2,True,2025-04-15T07:45:41.126944
64e44b54a386638c,True,2024-12-20T14:48:28.741654
c0c3be686725dee1,True,2024-07-12T06:06:41.462557
63d1933ab829614f,True,2024-10-01T16:01:45.564606
0272c23350dc3735,True,2025-02-19T11:01:00.976729
540cf3cb5fe31031,True,2025-03-12T05:11:39.165445
123bf231f178c2ed,True,2024-05-27T14:06:21.332506
f3bfed88f3da371d,True,2025-01-19T17:34:32.870445
120c681c1893123f,True,2024-06-05T05:55:18.509977
01dc86990efe928b,True,2024-09-11T18:17:31.965704
f14190787fdf8938,True,2025-04-14T13:12:19.737923
250214ad1e735496,True,2025-01-17T13:13:16.635290
79e3c519e8eec7a7,True,2025-02-20T06:04:09.530189
7bd492f4aa96f9cb,True,2025-04-23T09:52:37.327953
82636247a506f074,True,2024-07-10T03:47:49.099596
6302437715540029,True,2025-03-03T22:13:29.570736
7e948a792e1d4f03,False,
78b36d50b6a3dd5a,True,2025-01-21T19:01:49.429315
dcf704ca078b5296,True,2024-07-26T05:13:43.726957
7f7db48f4b57d3c1,True,2024-12-14T01:58:43.211434
cfee99c6149689a3,True,2024-11-07T20:17:09.187560
3ad2169260b560ff,True,2025-04-26T20:52:01.726913
8f3dfdadb0d4b6ea,True,2024-09-18T10:35:24.310347
a114362f6b455d08,True,2024-12-28T09:44:26.903394
f3f7b6ffb4b22551,True,2025-02-22T19:02:44.895162
14161d62cabd1d77,True,2024-12-18T22:01:23.216933
38b583c867a01ffc,True,2025-01-02T03:10:23.097694
10c2972444706502,True,2025-02-17T23:17:20.873474
54c7ca6bc925076a,True,2025-02-13T15:12:24.724809
326630ceb5db9c29,True,2025-04-19T16:54:29.779045
7e948a792e1d4f03,False,
136930936a34ec76,True,2024-07-21T00:37:13.353633
a6f8353fc1379343,True,2024-06-13T06:45:44.247800
186d4b86be0b00b0,True,2024-11-12T09:59:44.477685
37da633d268c7195,True,2025-03-14T20:47:21.525806
3b5a59970872abf1,True,2024-09-27T05:21:31.490451
3138884797b6d14f,True,2024-07-29T09:59:24.390939
46af3561813e538a,True,2024-07-14T13:51:38.345684
22800cb57765a7b4,True,2024-12-06T20:18:22.301887
3cdb0c29a7c3c1d3,True,2024-05-05T04:44:44.035655
e0ec16db1219f723,True,2024-09-19T05:20:52.298093
6b98bda5062a759d,True,2024-09-21T17:17:24.036521
25c8fe88458967d0,True,2024-09-29T09:23:30.782025
e1bc243353dce13c,True,2024-11-23T13:34:57.167431
5b38adea073e2a9f,True,2025-01-18T04:43:38.170151
472a0129821f2c1f,True,2024-07-31T04:14:00.928151
45a8892800ce3d9e,True,2024-06-17T23:56:52.057508
5955d1b52b1d2f32,True,2024-11-29T03:14:51.447736
b0f21e58267811ae,True,2025-01-01T12:37:27.421683
a2cdf6e5316d3661,True,2025-03-25T15:27:46.202291
eb79615ad2c008ad,True,2024-06-05T10:05:36.896388
092aea666750c378,True,2024-05-23T20:10:25.321658
dc933dd9869e0870,True,2024-12-07T06:20:21.429608
58d2cba244b3aec3,True,2025-02-24T03:21:41.385518
33e47894c4847e05,True,2024-05-14T01:15:51.113195
7d365b864c256fe9,True,2024-10-16T09:21:55.019245
cbce991ea6b30a9a,True,2024-08-27T16:27:42.880463
d21c0973780e5357,True,2024-07-21T11:46:35.881545
20da871ad28190a8,True,2024-11-10T03:25:56.080603
1d6094c18e7adbe5,True,2025-03-27T10:49:28.186235
5c7e5eab8a826901,True,2024-05-22T07:59:47.336117
2added724fd93e07,True,2024-09-13T19:37:51.367795
2be689863e7e33be,True,2025-02-06T13:14:13.399796
6b4a48db59cadf68,True,2024-06-07T15:47:51.366161
4de8e1bca7b1a5c0,True,2024-10-09T12:45:27.099285
f5071b3ba4d66fae,True,2024-05-27T17:06:59.763614
e359e26bc5f01a0f,True,2024-11-20T22:44:33.825727
0c353d1722fc3330,True,2025-04-24T03:33:41.922376
e29938171c6806e8,True,2024-08-24T05:35:43.053625
d743b608069e707b,True,2024-06-30T22:31:25.156924
e1c06086f27b418a,True,2025-03-26T14:05:57.172387
16ddabe7dd5c873d,True,2024-06-09T09:13:05.478087
807663760d656b5a,True,2024-06-27T23:30:27.186086
886a6a518b1acef9,True,2024-07-29T06:56:52.929290
64962191c27fc045,True,2024-05-11T08:14:07.950794
4412eff3af366360,True,2025-01-18T03:17:31.268615
e42113d68053d5b7,True,2025-04-16T03:11:59.529840
082b2e991754518e,True,2025-02-06T22:59:34.331308
f829f7f4515b035c,True,2025-02-24T01:58:14.769430
a6345f15b656ea4f,True,2024-09-27T07:19:10.158421
934ca40dcccd212b,True,2024-10-04T12:43:23.720833
b1fc66c236c1e495,True,2024-07-20T18:36:32.012353
ebebc013b77339f5,True,2025-03-12T00:56:01.713984
4fc69d4f190cd448,True,2024-11-27T18:40:07.322154
b5d0a67e7ec7b514,True,2024-07-21T14:59:37.371612
2d646f71051617d2,True,2024-10-10T19:54:12.667102
274a238afd0f9a09,True,2024-08-25T00:35:32.379669
948aebcb7729800f,True,2024-06-01T21:59:57.386886
244f7dc33390ae15,True,2024-08-31T07:57:53.470536
dbc5e56625d78cdf,True,2024-12-25T18:37:08.635244
1c6f30f85fc56de4,True,2024-09-27T12:46:16.209646
416a4bac41c3b3e1,True,2024-11-20T20:37:44.544532
12e5478ebd11334c,True,2024-10-18T13:13:07.527523
7e948a792e1d4f03,False,
09c4fa1fc9da3968,True,2024-06-04T07:09:00.018340
b7b5a2d78e7ae408,True,2025-03-26T19:32:59.996234
d4756299d2181773,True,2025-02-03T05:08:13.308697
b93c52b799fe591b,True,2024-06-23T20:25:25.083564
0ed7ec8a55e880d7,True,2025-02-22T06:51:52.434761
ae4db19a6a65a47a,True,2025-02-13T19:24:34.857890
28e14631a39b756a,True,2024-06-07T10:35:14.943950
27798bbc7ad97ff8,True,2024-12-01T18:11:16.434305
7e948a792e1d4f03,False,
b3b8cd18362f3e11,True,2025-03-18T19:53:39.820656
f339ec8857ccc6cf,True,2025-01-24T06:47:36.078937
a78dc198e1ecb90d,True,2024-08-16T13:38:02.683204
24ab8e85ec5c9632,True,2024-07-07T10:32:22.728936
aab303f3c3fc104c,True,2024-06-07T21:47:27.948165
cf133f58caa54f58,True,2024-05-05T18:40:06.376463
d1c0926a0476aacd,True,2024-09-18T11:33:30.338361
7e948a792e1d4f03,False,
5434cc033db02ec7,True,2025-01-21T21:44:02.994668
6c6231707e7df31b,True,2024-09-01T04:18:06.032202
dce13667ccd9a541,True,2024-10-14T10:34:57.449847
f0f942a6163d29ab,True,2024-05-17T15:32:02.297670
3eac92ce7a2dc79a,True,2025-01-12T04:18:03.210689
0e673740520ec2c9,True,2025-02-27T07:50:46.384983
e77f7ebb4bd1501e,True,2024-05-16T16:49:53.146386
6486885b70591ce5,True,2024-12-31T12:06:08.393757
82f62faa1de5a2da,True,2025-04-10T11:29:36.939899
6729b6fe2afeffa8,True,2025-01-14T02:03:18.201743
b310c28b7fdb5a8f,True,2025-01-10T05:03:11.715568
7e948a792e1d4f03,False,
ddb1e7321987ca3c,True,2024-06-22T10:35:35.070326
90cf59734071d6ab,True,2025-02-15T07:43:33.381229
e7e04e0a02ad7be3,True,2024-10-28T14:36:28.865295
68dbff9c58e0e80a,True,2025-04-01T07:25:50.112064
aaca2913c9d5c298,True,2024-08-14T23:43:09.886214
f1392fa8ed28f094,True,2024-10-13T12:23:16.415171
ce3519e304c1f8ce,True,2025-03-16T08:03:01.579707
1f1c9ef9f934dedb,True,2025-01-14T21:31:04.003217
d5fbafef3c155c04,True,2024-06-28T17:15:26.169224
d62c2b8e85c018a2,True,2024-10-12T18:38:35.368518
811474f8a31ac422,True,2024-09-04T08:41:40.947856
7e948a792e1d4f03,False,
c6539c7ca2c8bb8d,True,2025-01-07T09:55:44.716925
d1089f0e77b45ee1,True,2025-03-20T04:13:55.102457
003c42eb07625643,True,2025-03-09T02:26:49.221762
ca3648772b3674f2,True,2024-07-03T01:41:40.604183
1614514045f9bea3,True,2024-05-02T20:01:18.214302
08b43058578b1f3b,True,2025-04-01T03:08:34.474030
001fb969b9cb3208,True,2025-02-26T12:40:22.213581
009f458a3848f03b,True,2025-03-20T02:18:11.331052
f1096ebf2c598e97,True,2025-03-28T10:26:30.346580
626c884ca48d7dfb,True,2025-03-13T00:01:12.103070
41c55c889a6acf9f,True,2024-05-10T21:41:47.994087
020a7196a7879d9e,True,2024-11-05T22:21:28.404855
a7c1692e3796fb0a,True,2025-03-24T17:50:10.395530
e8436a70e6c34633,True,2024-12-16T04:21:23.186367
23185c38debefc1f,True,2024-09-07T05:50:56.091627
e06d4ab022b58279,True,2024-05-12T17:43:33.483113
617c89b8a86bfa81,True,2024-11-19T22:06:04.318962
01c857b2e8cbb5ca,True,2025-04-10T23:14:19.857897
7e948a792e1d4f03,False,
b403281e34e3d8d3,True,2024-12-06T19:54:18.446676
913c641fd50b4f2b,True,2025-03-11T09:23:32.646209
1081b5151713fb42,True,2024-06-28T15:42:46.980838
872ced41a5b6e80b,True,2025-03-06T18:15:23.098024
dd309464b3551c44,True,2024-10-14T20:10:54.919049
7e948a792e1d4f03,False,
f1ec09cf85d2b1af,True,2024-12-19T16:57:14.547538
e7c8324aafd0ed93,True,2024-12-09T11:42:31.187242
d073fda6c12edf0d,True,2024-10-18T08:55:24.495382
015044f9dd67c5be,True,2024-09-01T15:18:56.183391
bcb120d24f0ac95b,True,2024-06-08T05:47:05.670833
7e948a792e1d4f03,False,
5f29bbd8cab7e1d7,True,2025-03-27T00:33:38.479129
da57511eb1ee5b60,True,2024-11-27T21:47:28.328518
356e7801964fd41a,True,2024-06-04T13:07:28.044583
f974cde7151c0926,True,2024-05-27T10:40:46.512063
3834a3df104de90d,True,2025-04-03T20:28:33.020766
7e948a792e1d4f03,False,
6bea79fea12ea638,True,2025-01-06T12:10:14.003709
f705adeb24db09b5,True,2024-11-18T04:58:42.758165
84cd8ecb39e2bbd7,True,2025-03-20T14:23:21.939392
c97b11c6e0f42fd5,True,2024-11-28T19:09:31.107159
ddaeb653d1e0df96,True,2024-11-14T00:41:05.323273
d5ab9a56777e0c96,True,2024-09-18T05:23:30.013534
d0368fc9644e5d7a,True,2024-11-10T16:11:55.686608
1e10d47b5e57abe8,True,2024-05-04T14:04:57.194683
c37ea3fe624ea807,True,2024-05-27T13:31:33.096897
7e948a792e1d4f03,False,
2263e276365c6802,True,2024-07-28T06:53:16.434442
d709e4e1b8b91e41,True,2024-12-04T16:17:44.679956
6959b58f291a6770,True,2024-08-23T05:05:32.102321
94e2e23a28db8917,True,2024-06-15T23:36:39.791834
38648c6451910903,True,2024-05-24T03:47:05.885858
6558337a86a7fc9b,True,2025-02-03T08:01:09.202168
7e948a792e1d4f03,False,
9501bbbdc2b2ec00,True,2024-07-27T04:56:04.330806
b53fd9c5394f16c3,True,2025-04-09T04:37:05.720135
7e948a792e1d4f03,False,
c3dee9157e0bac93,True,2025-02-24T04:17:22.557067
65eb9837abe19317,True,2024-05-29T21:26:50.793858
4a3c00a9b1579ea4,True,2024-09-11T23:05:16.482936
af21d172528190b9,True,2024-11-03T08:04:55.738174
e136c6cb04a3a813,True,2024-06-18T16:08:32.328763
7af0c6b89af0749d,True,2024-07-14T12:55:07.510067
f99b396500b353c6,True,2024-05-20T12:10:03.073101
3ce2f7db53e05ecd,True,2025-02-16T16:06:08.750427
d2750de870e68135,True,2025-01-20T16:15:34.558099
7e948a792e1d4f03,False,
3169c8b28c0ff93a,True,2024-09-15T04:44:20.593933
1e31752964ddbc15,True,2024-08-09T00:40:02.449853
bb7f06ef263bbb4a,True,2024-09-25T01:47:52.199857
73b1ceecba231c2d,True,2024-09-21T03:54:45.746472
b092b84693cccad8,True,2024-08-01T02:07:28.393350
7e948a792e1d4f03,False,
ac958a205a126889,True,2024-07-19T04:39:05.108197
fb8fe707beb458e6,True,2025-04-14T20:31:26.500732
606a6cde0ed23c5a,True,2024-11-27T23:05:23.306097
450ff00791e8eb42,True,2024-05-01T06:08:24.089833
f7c23932681031d3,True,2025-03-27T15:34:41.314566
6856c29f68799527,True,2024-10-26T02:47:19.738211
49437633beb772fe,True,2024-11-05T03:33:38.405349
e6ace9fea4f65615,True,2025-04-22T16:44:32.156022
701529beec8ff572,True,2025-03-18T23:38:02.737701
a1df4e038bd5b240,True,2024-09-25T19:43:52.767415
f30a588433700a18,True,2025-01-21T14:48:20.749973
42f0f39ddde914ea,True,2024-07-19T20:39:01.934393
f0687711c1597cc9,True,2024-09-05T06:07:25.336460
b4b3d7d501f58bf7,True,2024-05-20T02:01:16.396279
600bb409f659ee46,True,2025-01-04T20:46:04.798710
8e83bc8e686b60bc,True,2024-09-21T01:12:12.300375
ab5d672d9bea14a8,True,2024-12-17T20:53:26.739267
7e948a792e1d4f03,False,
dee1745c95a10e9d,True,2025-04-16T12:07:56.689650
c57f3d3004b2ea53,True,2025-03-22T15:06:00.013984
7e948a792e1d4f03,False,
8c24436ed19849b2,True,2024-06-22T12:38:25.764631
f6906ca2f0d952f7,True,2025-02-13T01:34:00.154170
e168b5f707b21dc0,True,2025-01-26T07:48:06.007607
4dec1d0430b05b7a,True,2025-03-22T21:45:33.344414
2ad09eb02bd00de9,True,2024-10-12T20:24:32.325849
0366647cb49326d4,True,2024-06-25T22:22:59.357113
2cde6b8f73a26af9,True,2024-08-31T14:35:56.341924
617bd6cd54d07864,True,2024-07-21T15:06:01.231537
5042f127009d13fa,True,2024-06-11T20:32:56.686912
7e948a792e1d4f03,False,
7e948a792e1d4f03,False,
a769fbf1e29b5ac9,True,2024-05-10T21:35:56.293592
f4cc703025139a7b,True,2024-09-18T08:29:55.610897
e849a34128cad094,True,2024-12-28T02:42:50.095330
a402fb0ad81e1dbd,True,2024-07-19T04:01:14.333334
c952cba022f98837,True,2024-08-04T16:42:28.541345
4a73a3a33f7e04f0,True,2024-05-08T06:47:31.379468
ed1ee537f6acb84a,True,2025-01-12T03:54:04.426326
726d9d9d848ae8bb,True,2025-02-08T06:36:20.727759
07c0ae3794c6e690,True,2024-07-12T16:32:44.107188
e4d60b8a150fd171,True,2025-03-18T12:32:40.010655
11b15023628b9878,True,2025-01-11T21:15:22.716387
7e948a792e1d4f03,False,
5a9d61866b5d4186,True,2025-04-03T06:41:33.229752
d75ee70c3d3ae9e3,True,2024-11-09T03:34:38.045995
0efdcea60e316fb2,True,2025-02-09T15:39:20.455540
beca01d62a8cafdb,True,2025-04-20T21:31:43.027049
203b17e394a0798f,True,2025-03-08T02:10:39.388222
de7dee2820fdf98a,True,2024-06-08T14:27:01.040983
063fba75a4f4abaa,True,2025-03-06T11:39:43.576593
e67afa615053bb8d,True,2024-11-08T15:59:21.319919
dcb3a7cefcca149f,True,2024-08-27T12:49:51.757285
7e948a792e1d4f03,False,
7e948a792e1d4f03,False,
d77a33fb87e143b5,True,2024-08-06T05:30:03.513625
0f3e69cf26d08543,True,2025-01-14T19:59:07.221601
65137d12b843e612,True,2025-01-01T17:59:48.905160
b232f71ebc827171,True,2025-01-30T14:36:01.746491
82084d988ca23740,True,2024-12-16T17:30:25.805362
2dff6537f4a06ed9,True,2024-06-11T23:50:28.688350
29eb2e6681142fc8,True,2024-07-03T04:31:19.966511
5a34146f4bb7d810,True,2025-01-23T15:33:02.544234
0499f69e4779181c,True,2024-07-07T03:14:52.581403
7516f597ca6138ba,True,2024-12-22T05:08:12.372385
cc876824226eec72,True,2024-05-20T04:39:07.356205
a479ecb89d82bfcc,True,2025-03-19T01:12:28.483837
b2a4c7d4a8868323,True,2024-07-14T20:01:55.340979
5b5209a99a474a37,True,2024-05-28T03:13:53.259070
84d6d7c37d53f44c,True,2024-08-01T10:01:34.126995
de2bfa25fdf842a6,True,2025-01-03T16:01:00.870831
f56db7feb22a0d3a,True,2024-08-18T06:20:51.898813
2f529531bf08f3d2,True,2024-07-09T07:07:16.872736
411e8498305119e1,True,2025-02-19T04:36:27.281177
7b8c8e3316ba8ebb,True,2024-11-19T04:17:05.791030
c23d65bdb3f9eb3b,True,2024-10-05T05:04:24.020299
f3e6c5d13864f5b5,True,2025-01-23T12:23:38.457010
0a738ab4f71043a7,True,2024-08-22T18:11:02.249012
c2784087e7677f8f,True,2024-10-14T19:51:56.784085
6c6d065fcee2f151,True,2025-01-20T11:37:37.196919
e6d858fedfbab669,True,2024-12-06T20:47:49.919899
2bb8da23a6df8f5c,True,2025-01-05T09:06:02.862946
55b519b8ce798ec1,True,2024-12-13T00:37:17.205602
5ef86c1fb309fe67,True,2025-01-17T02:48:38.583162
7bf42abdeb20819f,True,2025-03-27T18:22:51.348477
7e948a792e1d4f03,False,
5d2d2d3d3d3dce00,True,2024-08-24T06:55:21.390530
1eed0a8486dbe3f9,True,2024-08-31T13:14:07.785379
e5b969aef51ca477,True,2024-08-13T18:30:06.730012
9f556f5f713eb437,True,2024-10-05T16:45:19.704501
ab08e2dd1bf57e77,True,2024-10-02T13:24:07.567642
5e3ae82f061f8961,True,2025-03-01T19:51:25.555516
0b7de008d3a0c325,True,2025-03-14T11:18:40.747350
d062369d5d28518f,True,2024-05-09T03:00:44.378919
f3bdf0568418b270,True,2025-03-08T10:33:11.233298
dcf052dbc319b8b9,True,2024-07-16T01:22:09.386217
17f2b18aa2e16e54,True,2024-11-26T09:02:09.941158
52a7271eb4d0a08b,True,2025-01-17T01:46:03.896366
db0b1b5000dd8ea4,True,2024-12-04T18:41:04.099594
29b09912e22a98a1,True,2024-09-28T03:08:02.752699
4dda0fc2180a1361,True,2025-02-20T19:23:52.961518
44c4186982d1dcd3,True,2025-04-28T16:34:23.068229
88840307a9c55e7e,True,2025-03-31T18:39:43.630585
fdcd3799300db3fb,True,2024-06-10T21:12:17.670161
555b1c5b95fdde66,True,2024-11-22T18:25:01.304989
53aaa2277135480f,True,2025-04-01T20:26:10.480986
39f9258e3eda46f1,True,2025-04-19T09:49:51.093811
024c7a0cf4507d29,True,2025-02-15T14:00:54.859087
7e948a792e1d4f03,False,
3d3781a0916a5db7,True,2024-07-12T11:05:46.593929
7e948a792e1d4f03,False,
fd69534bafbab14c,True,2024-11-07T16:53:22.620755
0cb5d285e4cfa747,True,2025-02-20T12:23:33.102142
33aab6ba86b95ade,True,2025-01-14T10:09:39.914266
8c556b2ad210fef6,True,2024-07-19T11:20:26.754639
5fcdcaba422c064c,True,2024-06-27T10:13:25.874474
6b3965abe9fb6761,True,2024-05-01T02:20:21.480204
7e948a792e1d4f03,False,
14070a21ef6e1072,True,2024-10-12T06:11:23.402231
ef07cae847da4b6a,True,2024-05-04T10:49:47.705168
0ba8fbaa585e6316,True,2024-07-23T01:27:58.966079
7e948a792e1d4f03,False,
f018f60638e97401,True,2024-07-21T04:38:52.977327
1d472b7a69f54f63,True,2025-02-24T14:26:14.636088
10459eae5c39de22,True,2024-12-06T11:44:04.696461
224ee92c15df2ec5,True,2024-09-09T22:16:46.760135
d64e8b58859ebd78,True,2024-05-04T20:14:15.537171
d83f95011e924c83,True,2024-12-05T09:01:14.178200
5b4fc764e3247bdf,True,2024-06-04T11:26:25.461864
7c6016553c9e7360,True,2024-08-24T10:23:08.044643
82f63df3c983db4b,True,2024-06-10T08:13:21.668779
65dfd47782e3d583,True,2024-04-30T20:44:46.074715
4619d1bda683db93,True,2025-02-06T08:06:23.041789
d1388d6151372ae1,True,2024-12-09T18:41:17.373270
0ab0aa5ddd8c0fa8,True,2024-05-26T14:57:54.077715
7e948a792e1d4f03,False,
f9ecb279f033e26f,True,2024-11-05T18:35:14.978100
d3c47bf35afe534e,True,2025-01-17T11:35:19.174312
fac139e3ee079810,True,2024-08-23T15:42:37.211901
7e948a792e1d4f03,False,
008096da597c906f,True,2025-03-28T20:35:28.585799
c6c3236721e2f41a,True,2024-05-05T21:47:52.553463
2bf9c5a000ef1917,True,2024-08-11T21:42:17.321939
cc7abba593c16cc7,True,2024-05-15T23:34:23.099529
277da0ef2d489467,True,2024-07-14T12:59:23.165308
0b903ec7fb70d4f1,True,2024-10-16T03:44:37.187480
8f2461999bef1466,True,2024-09-14T15:44:34.299594
486ba9d9248893c3,True,2024-08-01T07:05:48.756788
4bca08037eb73ada,True,2024-08-19T05:16:16.549365
7e948a792e1d4f03,False,
7e948a792e1d4f03,False,
a971cb64fd90152f,True,2024-12-12T12:23:53.393157
ea683560d556e310,True,2024-10-13T01:42:23.251777
7e948a792e1d4f03,False,
be446650573c62bd,True,2024-08-03T16:43:26.920290
7e948a792e1d4f03,False,
06bfb499453d028d,True,2025-01-09T09:11:29.992279
1eae9c6390cada3e,True,2024-11-10T06:49:36.949723
50fdc907ab7651ec,True,2025-02-16T14:22:11.016130
93e1c3f622c5f379,True,2024-08-15T22:08:26.419277
61afcc5ed5886c85,True,2024-08-22T15:15:32.202283
ad6b8b3d2d0724e9,True,2024-08-12T13:40:18.311801
7e948a792e1d4f03,False,
25d1b9dc3db63645,True,2024-09-19T03:45:16.650955
265567752a9406c3,True,2024-05-06T06:32:54.452408
62b86e08c64e80b4,True,2024-11-19T03:56:47.905457
e49f857a198e7904,True,2024-07-07T20:16:10.590723
1d6e332cdd02df74,True,2024-05-04T00:39:38.024567
7e948a792e1d4f03,False,
13dfd0a2615396fc,True,2024-06-20T19:26:40.769436
7e948a792e1d4f03,False,
40258dbe90f18154,True,2024-05-10T01:08:42.562072
12852a3b7ef79bd8,True,2024-07-29T18:36:45.825143
f78dfa155f8a2413,True,2025-02-04T10:34:31.602081
acc7a32b31df755a,True,2025-01-19T10:07:39.627008
f7fc47984d01f77e,True,2025-02-22T22:30:45.439362
ba556767e38234c3,True,2024-10-13T16:43:34.462845
bcd62b0591fe2d26,True,2025-04-10T04:19:01.347724
3c19b54e399d01cb,True,2024-05-11T02:45:22.424672
f6ff54b1e2729dd9,True,2024-06-14T01:53:22.814565
5d797e9dcec733ec,True,2025-03-06T20:04:31.845044
e5edca1530b931cd,True,2025-03-18T18:46:09.977682
1966e87247eeec50,True,2024-08-20T07:39:23.934181
ce359ec2b3a1860f,True,2024-07-26T13:18:52.639983
448d2153fe0fa3ea,True,2024-08-05T17:22:32.928519
e3d0c1f4635b568b,True,2024-11-03T00:44:47.410722
bf6dc011deec928e,True,2025-02-01T12:28:02.117104
ee5bb23f00361365,True,2025-03-28T08:00:04.800727
38f697a0f7ae86cb,True,2025-03-07T22:17:46.315097
058d755fab107b7d,True,2024-08-31T13:03:29.331781
cdbdc19ef16cc52a,True,2024-11-02T04:22:32.358386
4de7cac9793bfe7e,True,2024-11-20T20:56:11.998325
938c6248999f5b2d,True,2024-09-13T17:10:33.387912
3927d9c296cfb349,True,2024-05-14T15:10:42.277866
89486f95e1c77c96,True,2024-05-07T03:07:57.299993
7e948a792e1d4f03,False,
d70542d0b32c7659,True,2024-07-25T09:53:26.726364
be42a1936cf13d4f,True,2025-01-14T17:04:50.488336
78edda55af55b8f9,True,2024-09-09T16:50:16.875795
f929c08006015f36,True,2024-08-10T15:57:48.417256
7e948a792e1d4f03,False,
b2670ad269530783,True,2025-02-04T12:27:40.629004
fff8bae733d09581,True,2024-10-01T19:42:19.212287
a567eaef980c4008,True,2025-02-27T07:52:01.137042
d68d59d0b402416d,True,2025-01-19T09:59:29.758055
cc645bea6e73e666,True,2025-04-17T15:10:55.009588
6fb72088d65b3c4c,True,2024-11-25T06:30:27.668021
c4e0ed70241f3687,True,2024-08-15T02:37:49.460289
4b43e28f1af6a03e,True,2024-09-14T23:33:23.221296
55fc415d5e9b160f,True,2025-04-12T09:19:48.083188
7e948a792e1d4f03,False,
52b804534da4e933,True,2024-11-28T00:59:00.266379
7e948a792e1d4f03,False,
54ac59d68cc19723,True,2024-10-01T00:34:48.853419
6af7435de413c768,True,2024-12-11T07:54:45.411308
dab0ed77f696bdda,True,2025-03-05T07:46:35.134011
7e02613be995365f,True,2024-07-30T16:44:25.382735
eb5e55b971b4e143,True,2024-09-04T00:40:50.697397
7cea3a172a82cf6d,True,2024-07-01T23:19:30.058320
a0b0136da2601698,True,2024-10-13T15:58:51.984386
6a69a316d8ff4ce1,True,2024-11-10T19:36:18.622260
cb786dad99972c8d,True,2024-08-09T11:37:10.031156
5201713a7000839f,True,2025-03-14T14:43:51.142809
0284fd499a70f794,True,2024-06-06T01:45:03.942813
d1113990c30c4e89,True,2024-07-01T22:03:18.395389
5107c1fd757047f4,True,2024-12-01T00:10:36.755914
60d451294016206c,True,2024-12-03T07:01:33.580436
2bb93c4a397c3a21,True,2024-12-12T17:26:29.327252
5284723a87000140,True,2024-08-07T11:08:16.711071
736dddf4bc851608,True,2024-06-26T14:46:44.770489
c5e5e1536cb72113,True,2024-10-07T05:19:53.069433
152c2ee1a4e0a8c7,True,2025-04-07T16:38:17.866139
c77dfaadf971b18a,True,2025-01-20T20:32:19.751594
913bfdebcbc0a682,True,2024-11-01T16:54:03.397030
739c274cf7c40a03,True,2024-12-23T04:31:32.537153
d1a1cf01164cc323,True,2024-08-04T21:49:07.806053
b8ed841620538247,True,2024-07-21T02:34:54.241070
89a9f767dbc1e254,True,2024-09-07T22:01:00.379279
60e7b6f12ad419d9,True,2024-11-11T18:39:41.137780
0c527735b08b482b,True,2024-11-06T16:29:53.428855
b9ccf5647154cd74,True,2024-05-11T11:27:12.637865
bad4512ef31cf8ec,True,2024-07-28T18:43:21.690720
1a09ba894b7bee11,True,2024-06-27T03:23:52.840147
8e1e8dd9a83afd4c,True,2024-08-15T01:57:28.705076
dde0b9b55913f253,True,2025-04-03T01:16:24.510788
81a99e61cc4c7b14,True,2025-01-01T11:58:18.691629
029fa1cae0755a57,True,2025-01-24T11:49:46.470381
cf295b24db5f7611,True,2025-02-05T13:09:01.753013
7a2f2be640379cea,True,2024-11-29T23:43:33.431923
b42bf7a4a0825fc6,True,2024-07-20T18:35:25.613970
5c4be05be62f15eb,True,2024-07-11T03:32:59.766076
f97f1a1d4f767ded,True,2024-07-29T11:11:58.419895
49e8d3d514fc0ff2,True,2025-02-14T02:54:53.075254
a3fc448f8bdfcc30,True,2024-07-28T06:18:23.631974
0b962f9584361241,True,2025-04-12T04:02:26.173243
2d9f025a2bf80763,True,2025-04-17T04:58:24.954805
5afdc5c90c76b1a6,True,2025-03-22T07:07:06.029238
384573b80a55fce4,True,2024-05-10T14:01:26.709737
07f3a1c97f367a16,True,2025-02-02T15:43:18.519419
37347701bd81c354,True,2025-02-24T22:20:11.444897
f657317e7fe17e2f,True,2024-06-18T10:47:19.052342
7e948a792e1d4f03,False,
dc38cdc55f58aebc,True,2024-05-07T19:00:14.932699
7e948a792e1d4f03,False,
292880a42b33edad,True,2024-07-26T15:45:54.327337
87187964321d4c4f,True,2025-02-21T23:12:10.173064
176351fb3de93cbb,True,2025-02-07T16:30:37.504287
097ad6e2af3ec0d4,True,2024-04-29T04:07:49.651595
7e948a792e1d4f03,False,
7e948a792e1d4f03,False,
b8054eec223dad46,True,2024-09-15T07:12:00.577373
fa9a7c4941e35a41,True,2024-08-14T13:11:25.904713
7e948a792e1d4f03,False,
7e948a792e1d4f03,False,
abb1ba038c94707b,True,2024-11-19T01:36:41.089689
2b5ae4bce46b1e6e,True,2024-06-11T18:04:21.767858
dc20d73dce0da20f,True,2024-08-28T09:09:45.580147
bd967d9b8352a18a,True,2025-02-13T09:14:05.983654
8b764dcc948dbb4a,True,2024-09-05T00:20:11.442137
e262d430380e5299,True,2024-09-10T09:28:09.838724
af6ed27b5cf469a9,True,2024-12-29T22:22:59.716281
c0eae56e5aa08ade,True,2025-01-20T18:09:08.814531
6dff28928af0809d,True,2024-05-20T04:30:31.689074
547c315808fc0fe8,True,2025-01-23T03:24:11.191791
5bba2991e50d7557,True,2024-07-25T08:40:03.905611
4034723adc93a600,True,2025-04-25T06:29:35.363838
7e948a792e1d4f03,False,
faa347c5a313ea58,True,2024-04-29T21:04:50.758293
660094406354bb10,True,2024-12-04T05:19:52.957209
b069318972abd889,True,2025-04-03T09:01:08.039041
539f134cccb284ef,True,2024-10-28T15:16:21.759823
68a150910b5cdff9,True,2024-09-01T03:02:56.953298
bed5307ddcf08f4a,True,2024-05-02T03:34:10.586998
71dc4d3dc8a4317d,True,2024-10-21T22:55:36.177196
eb5e48d517472ef3,True,2024-06-01T10:19:36.407935
914e6d097ac5d199,True,2024-12-17T11:12:31.606567
35ca5bd28f9e09eb,True,2024-05-21T19:05:19.401377
50fa72dbe2c6796e,True,2025-02-28T16:14:50.642965
1afc89c348062963,True,2024-05-18T04:39:22.492895
b70386475355c924,True,2024-10-29T12:18:47.122415
e05a8f8b0305b261,True,2024-07-01T12:06:01.339487
20a3ea9ce027c21d,True,2024-06-28T11:39:58.525214
d70589a3f9e1b79e,True,2024-06-27T22:47:03.105579
db2afe26212e0cd6,True,2024-07-10T21:01:04.225505
fddec82ed3b2681b,True,2024-11-06T11:55:14.719542
4d765f8fe4d366db,True,2024-10-04T19:39:30.297151
38c008bb0a05c933,True,2024-11-05T14:50:53.581282
94ef8b646ac26887,True,2024-12-30T11:03:58.726401
226e3cc4ad7fc754,True,2024-09-06T17:15:30.284009
c9ad8d8e67811737,True,2024-10-14T02:47:54.645199
1a6b76b3f1315dcf,True,2024-10-01T17:19:31.180363
da15c3465d3834d6,True,2024-11-03T14:57:50.737928
f52da68e130c18ee,True,2025-02-03T18:57:23.785032
7e948a792e1d4f03,False,
bcfd84a87281ed45,True,2024-10-05T10:25:42.631960
070a19d9dfcc6562,True,2024-08-02T07:28:19.608065
ec122f53195845b8,True,2025-02-27T12:53:47.739610
e1c118f333904973,True,2024-08-06T23:23:32.777286
7e948a792e1d4f03,False,
3c5d9f018ced6a44,True,2025-03-05T15:17:37.240690
06be252f38106568,True,2024-05-30T02:53:36.923946
98fbf2fdc57f12dc,True,2025-02-01T11:37:46.407904
eea744161a18f523,True,2024-12-08T02:13:34.411921
acf28dc5e33340d5,True,2024-11-20T07:49:04.515621
dd461339ebb9d44f,True,2024-07-02T13:10:54.790389
4e39d231b5a60dff,True,2024-10-25T21:49:31.973327
1c02fb837a1c9ad1,True,2024-10-30T19:03:49.613523
50c312859e0df203,True,2025-04-03T23:36:33.017696
484183ba640397b7,True,2024-09-13T07:42:26.387118
93c94e2a3acf1477,True,2025-04-20T02:45:11.646690
7e948a792e1d4f03,False,
09c01e5fcd8bdad9,True,2024-07-17T21:17:03.453981
e28ad4ebba986a73,True,2025-02-23T04:24:16.265333
ea99cfffdef3f85f,True,2024-05-27T21:48:34.748794
bfb9254da1b87539,True,2024-08-21T03:54:13.410053
c44d96fd210f8f59,True,2024-06-05T20:12:48.631523
25dffdbe26b80c8f,True,2024-12-09T18:46:45.938498
51ed262aafc47197,True,2024-11-07T05:50:57.350556
87f05e5de7d94378,True,2024-08-04T01:24:39.431860
b06b9024407e889d,True,2024-10-03T09:34:56.276152
3f0078acb6b73e57,True,2024-06-21T12:05:23.051866
a39847799008039b,True,2024-06-18T06:06:21.830952
1eabeb5ef761afc2,True,2024-12-03T14:16:24.823995
3a9da86ec40b7c6c,True,2024-08-17T15:50:49.147197
001436788bdcdee8,True,2025-03-06T13:28:39.637876
746c67294372786a,True,2024-06-22T06:27:31.082174
9ae6f2c430363c3e,True,2025-02-17T20:08:05.745046
6fa917ad5b76f465,True,2024-10-24T07:58:29.433155
8b715333f5c0aa42,True,2024-12-15T17:31:01.124035
fef8a2d78082ee21,True,2025-04-18T05:55:19.690035
0817d06ffd153661,True,2025-01-23T10:45:26.019160
03ca84a0280a035a,True,2025-03-03T19:43:49.571187
3c7fba4a13a5e883,True,2025-04-09T21:22:24.599251
7e948a792e1d4f03,False,
747c06d31c16395d,True,2025-03-22T06:13:48.691305
17931660107308d4,True,2024-12-19T02:11:30.419356
ee84204173691030,True,2024-05-15T00:01:15.545447
4139aab2b86fb935,True,2024-10-06T14:15:42.868575
74a1feec43466280,True,2025-03-06T18:53:13.043324
9c53465dc39760dd,True,2024-05-21T19:01:56.133058
636acb009e3d152a,True,2024-09-10T19:49:43.871178
e9d3a8472ee9d4b0,True,2025-01-24T01:37:17.558419
7e948a792e1d4f03,False,
6ee085eee289e2c6,True,2024-05-27T22:01:01.999105
70a0ad36183ec14b,True,2025-04-23T16:52:45.067173
1fb8ba0943be9161,True,2024-05-12T06:00:54.252925
c0f08b4bef561b0a,True,2024-09-09T15:56:38.214490
a1a226ecba37d58a,True,2024-11-10T17:01:07.218814
97c93f6f8dbb7b6d,True,2024-05-09T05:29:39.444349
10e7096a2ce43c3e,True,2024-11-01T03:27:21.737016
322af823b4a92c87,True,2024-11-29T11:44:30.606528
7e948a792e1d4f03,False,
b630ea498ef7d3db,True,2024-06-18T00:28:49.144485
61a0db97dba9d16d,True,2025-04-16T23:21:23.037838
7e948a792e1d4f03,False,
7941b7f20086e491,True,2025-01-03T22:48:28.971285
dea7a238782473a6,True,2024-11-02T15:15:15.662826
4aa8ac4a55ff9efb,True,2024-11-15T01:37:46.243411
cbb875dcaee31361,True,2024-12-27T23:50:28.942735
7e948a792e1d4f03,False,
e850268eeacf2974,True,2024-12-25T13:04:38.842460
ccd26a359510ecdc,True,2024-12-13T02:18:18.537656
7e1aa183cb94f682,True,2025-01-26T07:24:47.638810
5939bf5e1a510546,True,2025-04-20T00:45:34.852176
d23b51da70b255fe,True,2025-04-05T00:44:14.840048
f61123ccbca50a71,True,2025-01-19T20:30:40.575524
bd132c67e036ca81,True,2025-04-09T10:00:44.841234
a8be27e067d5e5e9,True,2024-06-28T02:10:18.785003
ac50629c9f404290,True,2025-04-02T00:17:44.124939
78b39cf646fa9801,True,2024-07-24T17:04:19.066165
7e948a792e1d4f03,False,
f4d4f300ca327ccc,True,2024-12-17T00:26:39.735140
47d03fafc4a28b0b,True,2025-04-17T17:22:21.850409
1768c134073222b7,True,2024-07-02T04:34:11.386827
a9aff95830d2a6b1,True,2025-03-25T00:56:01.736641
bb48147defe40699,True,2024-10-05T04:40:33.856423
3e4668d76c0caf2a,True,2024-04-28T17:37:01.162016
3ebbf07e9240fc56,True,2025-04-20T14:33:29.903575
126a61edcc3c1e99,True,2025-03-26T17:09:09.710358
4bf8e989f58e53a5,True,2024-08-14T01:53:53.298651
e73688959265848a,True,2024-06-21T20:40:02.634260
4e2d8b65dfb9879f,True,2024-12-20T06:56:23.959549
68305a40902d3068,True,2024-09-15T16:17:51.919457
72e55bd240e07606,True,2025-01-07T11:04:37.439538
e9412bcaa9e3c863,True,2024-07-06T19:21:33.854907
f59c92b27914b58b,True,2024-08-31T09:55:42.336894
7e948a792e1d4f03,False,
bccef951d300f9d8,True,2025-02-05T15:57:05.164090
39db836ec170b9c7,True,2025-01-06T02:45:55.666436
bfffbbdac7929c87,True,2024-08-10T15:06:51.397974
a128a1333dc28c11,True,2024-11-18T10:27:39.411230
446e5cf41b901286,True,2024-08-21T10:09:04.553056
84a831f36d3fdeb1,True,2024-11-12T19:44:06.875301
ba895557f4573d4c,True,2025-02-10T13:09:10.954614
7e948a792e1d4f03,False,
f77cb93f6d8296c0,True,2024-11-18T06:42:57.302890
7520642786f2ca37,True,2024-10-29T02:12:12.441227
7e948a792e1d4f03,False,
40984f8d4b34a525,True,2024-06-27T14:38:43.402578
cb676128eaefa63b,True,2025-04-04T06:34:40.544613
76e5f9ffd1a857cc,True,2025-04-07T03:14:57.866542
805561e4c3aa2b17,True,2025-04-02T04:55:29.235179
7a0e46c932ba51d2,True,2025-03-24T23:09:39.302171
a4fb726ab6119184,True,2025-03-24T05:45:45.520793
a71aec45804c340e,True,2024-11-08T00:29:54.056708
b13e1f138278fa3b,True,2024-05-18T04:17:25.272020
ac26d17b43bb2551,True,2024-06-30T22:45:15.270488
7e948a792e1d4f03,False,
07e21b22599a9c63,True,2024-05-03T14:35:37.149393
bcf6100845069fce,True,2024-11-30T03:36:57.660649
902a88ae8c740135,True,2025-01-07T20:29:51.527166
db5926f4d77d7ee4,True,2024-07-10T14:06:48.547103
733ef95c3ae2d0ea,True,2025-03-11T22:52:46.623090
411b75bdd336ab91,True,2024-09-13T15:11:55.320224
3dc2c8239c091241,True,2024-10-23T05:01:20.930122
7e948a792e1d4f03,False,
5fc971c11b8c65bf,True,2025-04-22T19:54:20.209960
7e948a792e1d4f03,False,
f8f4643d60fe5b96,True,2025-04-08T12:27:36.260191
2ee05ce72b0892c4,True,2024-11-11T10:03:49.457180
958b2bf1b87a7890,True,2024-07-21T12:49:50.403354
45d9c364c780b48d,True,2024-05-07T06:57:40.646574
d1e84f5accb53d43,True,2024-09-07T06:06:36.660689
3af026fa602cfe8c,True,2024-11-05T12:33:08.307946
80d4e5c6ae540a0c,True,2024-10-09T02:13:40.012726
86bace5631ed5e61,True,2024-05-15T08:01:03.451289
7e948a792e1d4f03,False,
6e9f72ae506d44d1,True,2024-08-29T22:10:01.242384
feb9bf321302d78c,True,2024-06-28T07:42:06.768491
56f5513d9699f553,True,2025-02-20T00:37:55.890631
d69ba1d5ad65a222,True,2025-01-22T09:28:12.739871
9798b4c406693757,True,2024-05-06T08:03:57.333801
1240025a96c892b5,True,2024-10-12T07:56:51.849912
e58e249e1324912a,True,2025-04-11T04:22:19.811611
598f461ada7dc937,True,2024-12-08T04:33:30.366609
7f82d4b673db1c20,True,2025-02-26T17:59:59.096167
488eff6ea3c1e1eb,True,2024-06-17T23:52:14.801198
9787602d6ce4b89f,True,2024-09-18T17:05:55.391662
f3c94ec7504df95e,True,2024-11-23T10:55:44.048230
7e948a792e1d4f03,False,
7320efba28896207,True,2025-02-14T18:18:17.614840
7f0802673f6fbb93,True,2024-11-09T10:02:42.129916
f037b499d96ccebd,True,2024-08-21T20:14:24.796882
91f0a69eedec0fdd,True,2025-01-07T13:33:33.782921
67c7781625121e70,True,2025-01-07T15:48:33.310306
920a155d0bb5e758,True,2025-04-09T22:50:41.776921
5ea8757a61cd1ef0,True,2024-12-23T03:11:36.430650
5771bf8a4540232b,True,2025-02-22T01:12:44.415504
9b19ec30a8fba7e9,True,2025-02-15T07:10:27.267791
9ee6479b96b68307,True,2024-08-05T06:44:31.987761
8a133b971f71427b,True,2025-02-01T09:43:03.922158
dad27eba0d2bc333,True,2024-10-11T13:19:56.254396
73a400f985c2e78f,True,2024-12-30T08:49:02.790459
0389d9f3bc359b26,True,2024-05-10T04:01:05.581423
7e948a792e1d4f03,False,
80fd49d0b3166e8a,True,2024-12-26T06:45:04.190333
7c848fd430704db7,True,2025-01-05T07:26:22.402401
3fd110097b5bf024,True,2025-03-12T01:26:08.035469
260fefb1c66e9304,True,2025-02-03T17:39:37.905288
42928cf13c7a459b,True,2024-08-10T14:28:55.520998
fd80f2c1ae58982a,True,2024-06-24T01:39:29.452157
f22fa61bc4fc9ae9,True,2024-11-10T16:36:55.691965
7e948a792e1d4f03,False,
d094b604867fd1e1,True,2025-02-05T22:05:54.390453
e08584adfc91e385,True,2025-01-18T16:52:37.661898
0e0320837f3052e2,True,2025-04-15T13:05:32.322838
a1b6f2de6c6bec10,True,2025-04-13T09:20:19.469195
b7f4e3e2c58d46d7,True,2024-08-21T15:40:38.238735
d076a0181b9adbb8,True,2024-09-25T08:35:24.015857
a4e7934e32ec595f,True,2025-01-26T16:13:36.052256
328cdfd44b41e04c,True,2024-05-06T20:24:37.378901
2e364c4786a84bb9,True,2024-06-20T06:08:39.137891
9167fa82ea81d363,True,2024-09-21T15:10:43.589377
7e948a792e1d4f03,False,
e359666d4449a720,True,2024-10-03T02:17:19.221707
7e7677b6a953c539,True,2025-02-17T15:27:11.439863
88628663a4b221a6,True,2024-09-21T18:09:15.000553
be292b07799e1015,True,2024-11-04T20:05:22.805593
1ec66a46c024cf85,True,2025-03-07T16:30:15.187397
7e948a792e1d4f03,False,
53db60ccdef2edd3,True,2024-06-30T11:08:08.801853
480cc1d5c3f466a2,True,2025-02-24T01:00:12.695543
36283458c5f730b3,True,2024-06-10T08:58:04.034507
7c54f7888cbbde23,True,2024-05-07T07:15:16.256983
1155b742cee45765,True,2025-01-22T20:55:47.611700
2d6821c984544d26,True,2024-08-03T18:44:03.363442
db51726c37ded172,True,2025-01-03T20:31:52.034297
e99180cfdf6a2252,True,2024-10-02T15:44:54.676502
6c4b1f42149bb1b0,True,2024-12-07T17:47:30.058431
e625b60da8b5174e,True,2024-11-10T15:47:50.129078
c10c4e06d6d0d0c6,True,2024-08-15T09:58:56.518741
a2c465c305adf226,True,2025-02-12T17:53:03.871999
7501d19247170d16,True,2025-01-29T09:04:08.715073
5284e9a5bcb487d0,True,2024-09-26T04:53:24.437289
b9e913beedf367aa,True,2025-03-12T21:11:42.829481
7e948a792e1d4f03,False,
b0478573a725b3cc,True,2025-01-14T21:23:24.936296
710f6d1c4ff1f218,True,2024-05-17T20:23:02.057253
d264c7206f392db1,True,2025-03-31T12:02:11.495200
e3e0b3caf7ede8fe,True,2024-07-09T04:12:19.123369
d3de615bffe75b84,True,2025-03-02T18:01:31.526382
d16005cb86b4681f,True,2025-04-22T19:40:11.372413
9329571e5bd6a54b,True,2025-02-03T09:00:14.097479
832c5c5f96e928b2,True,2024-10-31T16:07:12.358352
2e6fb64d92ac80e9,True,2024-10-15T22:17:51.588622
73077926f6595cd8,True,2024-05-08T23:35:24.427567
eece2a0041c1cd8e,True,2025-01-05T05:39:25.974421
21b6acb532f22f5d,True,2024-06-22T08:24:18.429096
74953a1ce23b643b,True,2025-02-24T09:59:58.676298
173699e538725e09,True,2025-03-13T10:22:53.266177
0ab84e275b03cba2,True,2024-06-21T13:08:54.935359
da0467a08c9cfc1d,True,2024-08-31T17:06:18.727506
7adde1b4d0d2c25b,True,2025-02-07T05:18:07.655975
c20bfe42cc6e0bab,True,2024-10-08T23:15:38.368323
358cffb112aa9cfe,True,2025-01-09T12:00:48.250038
7e948a792e1d4f03,False,
eded68f4a35e0a5d,True,2024-10-04T18:01:46.717093
75cb6edb67f98165,True,2024-12-07T22:02:55.780865
5daf3fff2666bd31,True,2024-09-28T10:31:23.550699
eb6186a2ae559cc2,True,2024-10-05T02:05:23.460522
7e948a792e1d4f03,False,
5820910f7e805104,True,2024-11-08T19:27:53.089021
041fdbfd94e14854,True,2024-06-25T10:04:59.836210
7e6a64a8f527d3a1,True,2024-11-27T05:49:29.137582
da2452836051726c,True,2024-05-25T20:29:01.536515
a9e6119ba2e0dca0,True,2025-01-19T17:02:51.149695
bdde65326ab74594,True,2025-01-31T15:41:07.584643
bf32badd97a385a1,True,2024-06-13T15:49:25.928702
9e4e81e992d92272,True,2025-03-18T21:35:10.875552
7e948a792e1d4f03,False,
3241d0df02a2a63b,True,2025-01-04T01:54:56.417890
0efb24c2a0f5c8b4,True,2025-02-12T14:31:26.131187
bbe626b2a07f1bb6,True,2024-11-16T05:28:08.856225
c3ec0f5fe79abc06,True,2024-08-30T09:42:38.823473
528bef4fe0fa8466,True,2024-06-18T15:42:50.142021
eb2ff9e369466b63,True,2025-04-05T22:54:42.839275
f962be2077eb51ca,True,2024-05-01T01:21:41.715713
9fdd31c4959e9fd7,True,2024-09-27T16:49:58.855559
e284db63a7df451a,True,2025-04-11T04:30:25.402355
3ba389b740a9d524,True,2025-02-28T04:54:34.050993
43d1b4822464cf6b,True,2024-05-01T08:56:05.946066
60b5428ba37ffee9,True,2024-05-03T03:45:13.832852
f1fbe30a220153bb,True,2025-03-03T20:10:14.333905
d7c9442a52c1dad3,True,2025-04-16T11:19:03.325342
2e52402c984c4c17,True,2024-10-26T06:19:20.224772
8380c3f0311c23c9,True,2024-06-23T22:51:10.844554
c41a0698f91a1b2b,True,2024-06-14T01:57:48.962878
3477de1c781129f1,True,2025-01-01T04:08:20.487575
7e948a792e1d4f03,False,
0f44d235ee5956f3,True,2025-01-14T18:33:23.665053
64a264ecce9d4b6e,True,2025-04-16T18:53:14.236068
2fd8b34e819eba0c,True,2024-12-24T03:29:39.882009
bfbd0272b8bc26c0,True,2025-04-07T20:48:09.935172
60a1a032d2b547af,True,2024-04-28T20:50:43.701164
4a664329e3c58440,True,2025-02-08T14:36:03.886074
074baad0af3d260d,True,2024-09-15T05:50:47.290000
e0d524a69e12ff59,True,2024-11-21T20:32:51.504447
4d0c030d6a14c8a6,True,2024-10-28T04:51:59.519046
7e948a792e1d4f03,False,
a5934d9f90c73805,True,2025-02-23T20:02:07.036059
a3e21eb1e1280df8,True,2024-07-01T18:09:55.287878
727d5e35cb17745b,True,2025-04-14T11:22:19.733483
d18711992d665084,True,2024-07-24T14:53:50.495485
37c598a05c7a7bd8,True,2024-09-16T19:39:01.563695
e4d3eac6b9ecc032,True,2025-01-14T17:33:55.548644
1961fb63c64ceaaa,True,2024-10-18T14:58:40.455480
cdd167da3ea64260,True,2024-11-19T17:10:07.138473
7e948a792e1d4f03,False,
1d8524f11875c2fa,True,2024-05-07T04:16:43.232485
44edfea37f0e267e,True,2025-03-01T19:33:16.779082
d576f8a2d5d210d2,True,2024-11-18T22:01:21.088390
cc359e2bf1564fba,True,2025-04-14T23:01:49.403825
4de94ff51dc7fdde,True,2025-01-11T03:15:27.191521
bfaea455cf48aeb5,True,2024-12-09T10:15:44.737354
30041a4e74856577,True,2024-06-04T20:09:25.108368
4fad7bd64c2dc105,True,2025-03-02T09:27:14.680824
3f06d6a7983d84a4,True,2024-06-08T16:10:28.028187
3fbcfe69e7668a54,True,2024-12-14T12:59:38.204170
0a67a86082601e13,True,2024-07-29T06:25:24.845105
8501d9b8332b052a,True,2024-12-17T03:36:25.302751
69fbcd91d7f66926,True,2024-08-06T11:52:02.068827
71d890c56930e68f,True,2025-03-05T16:02:26.490674
e42d8d0e8ba283cc,True,2025-02-24T03:41:23.521568
ad8ad40a13b0ca21,True,2024-09-26T08:23:07.859192
7e948a792e1d4f03,False,
c3beaee49ac1c23a,True,2024-12-30T17:24:14.631306
a131725050c19f30,True,2024-12-16T12:23:46.841578
c8f1b7b371b9625d,True,2024-10-22T11:03:01.059305
ecc6b164f1848a96,True,2025-03-07T14:12:33.167113
7e948a792e1d4f03,False,
f4862406e06d5372,True,2024-12-26T10:09:03.810496
7e948a792e1d4f03,False,
a7bdf5151f7092ed,True,2025-03-20T09:47:03.824366
519b8c8f72af8830,True,2024-11-18T09:54:35.520467
1c6f0349460f6165,True,2024-09-24T21:35:40.051614
76d711f361015e72,True,2025-02-09T01:31:18.473493
a26c127501298de2,True,2025-04-24T18:57:13.285764
e4ff72fab3561dd5,True,2025-01-10T23:10:21.269898
d4d9754057a634e0,True,2024-09-23T09:17:28.624465
48e64c1a17e67cde,True,2025-01-19T23:15:53.080056
febbd591442153a1,True,2024-11-29T12:48:02.767511
7e948a792e1d4f03,False,
eb614da685430b04,True,2024-09-07T03:21:05.028064
3a3ea4cb4307fa3f,True,2024-07-01T00:23:11.748750
8bb4698fc79d512f,True,2024-11-22T17:47:21.415078
d607a0cee5124d4a,True,2025-02-21T22:59:08.958300
2045ce5040e3cc5a,True,2025-04-28T05:40:55.713778
873ada6b8b8d0efa,True,2025-02-12T14:30:06.362911
b46ed1c7eaf3fbef,True,2024-07-23T09:58:28.776942
eae33cfe5977cb01,True,2025-03-27T23:02:20.267758
eeaca3bafb37ae92,True,2024-09-22T11:00:01.363003
7e948a792e1d4f03,False,
aaf4dd83bdd3e31b,True,2024-11-24T01:15:08.217857
422ea7e2519cd21a,True,2025-01-29T10:49:32.827785
74d07f59c5690718,True,2024-09-08T10:03:23.308894
4316b5ee21b5f560,True,2024-09-28T19:13:41.629786
f8c4ccfa8e5b2d44,True,2024-10-07T08:27:57.780116
1837c310a05e1d83,True,2024-07-25T09:01:17.001571
edc4db4fc161ce74,True,2025-01-14T16:11:31.541155
7713ad1d61b638c6,True,2025-03-23T05:24:46.207590
ec53a0f692b67239,True,2024-12-25T17:36:58.521236
2c19c75e0af771a3,True,2025-04-16T23:05:00.468481
1e268969c63eb461,True,2024-07-10T17:57:08.286835
7e948a792e1d4f03,False,
ec173a31498f9365,True,2025-02-06T11:38:28.974763
f9c6c9085a85115e,True,2024-08-08T17:18:03.334025
e62ddaebac23a879,True,2024-09-29T02:35:13.782725
7e948a792e1d4f03,False,
c78a2a7f82549a21,True,2024-06-07T12:01:59.380679
7e948a792e1d4f03,False,
c2014d2f910d6121,True,2024-05-24T19:37:36.798275
781ec81c9e3a21a7,True,2024-11-03T01:41:52.784657
d20bafc4d96abfef,True,2024-11-11T09:21:46.559737
e2cfbe8091a609f9,True,2025-04-16T11:58:23.071446
2b61f9e403d9404c,True,2024-09-02T17:09:52.164147
bc1e94d65f52c83e,True,2024-06-19T14:00:23.863231
0cbfd853c6ada217,True,2025-01-08T01:53:36.415040
f853b55584cf119a,True,2024-12-19T12:22:59.267596
f0e5c6d4bebce24e,True,2025-02-27T17:08:48.753944
7e948a792e1d4f03,False,
b661e00694215a3f,True,2024-12-14T22:38:38.759226
7e948a792e1d4f03,False,
7e948a792e1d4f03,False,
7e948a792e1d4f03,False,
b5830b5625bfb0bb,True,2025-03-24T00:47:13.788785
a1cc7b3a182c7e9f,True,2024-09-25T09:14:05.545884
c29612ef44f8ac4b,True,2025-02-24T13:36:36.694939
82b22dbe0ee50df7,True,2024-12-04T06:55:54.833406
20cbcfe42b85d879,True,2025-03-07T13:25:13.362982
b700a70b953432e8,True,2025-03-13T00:00:25.772751
d8eb0eea47757bfd,True,2024-08-20T03:37:53.479455
3f5b3e3fb4d2cee9,True,2024-10-17T18:02:15.607852
f547875825673f9c,True,2024-06-22T09:22:30.325303
53ec0d570cceed9b,True,2024-07-03T01:38:36.097594
fd501e6dc32c8d20,True,2024-11-07T07:24:30.254142
a3d955186fbe291d,True,2025-03-18T17:31:29.891698
813830dae72ae69e,True,2024-08-17T20:31:04.604910
29c0b6310f03325c,True,2025-04-09T23:39:01.485787
990669ee41b1e0fa,True,2024-12-11T06:19:08.097630
7e948a792e1d4f03,False,
33358334cb8f1cab,True,2024-12-08T21:47:34.622507
e5b88ea48b56ac7b,True,2024-12-30T14:15:13.864932
10cbb29593c2e8d1,True,2025-02-07T02:12:05.776519
b1dda24701e20bd0,True,2025-02-22T18:39:52.716581
6b487c45b965e32f,True,2024-05-07T15:53:16.401358
661d69fa4188e73c,True,2024-12-13T01:56:30.248883
0377203d4b69ab4e,True,2025-04-13T08:56:55.437793
35663fb75f4417b8,True,2024-07-04T15:46:42.159900
3a9e28687e74f903,True,2024-07-31T07:10:00.241171
09591fb632caf491,True,2024-09-24T15:32:29.494227
266525183d51d81b,True,2025-01-16T15:41:32.439229
3812d279bd47567c,True,2024-11-30T23:38:10.424196
41c228c18bba4925,True,2024-07-28T06:10:27.034190
6fb43cedd308efce,True,2024-10-02T22:51:19.993361
91acae9d4fb7450f,True,2024-06-20T16:32:15.472194
c0e49e342af34785,True,2025-01-10T19:15:44.335857
70618141fd7f79b4,True,2025-01-26T10:10:19.865121
7e948a792e1d4f03,False,
b8560019984cae16,True,2024-06-17T12:23:21.110261
7e948a792e1d4f03,False,
b6119609047edb9a,True,2024-07-19T13:50:55.682612
4293a440fb2bdb39,True,2024-08-25T19:51:57.129815
5065910733d8dbcd,True,2024-11-01T22:18:12.682506
4df1561a3b3d2bb8,True,2024-12-01T05:33:44.352562
68b7e9d9695cefe7,True,2024-07-03T16:02:01.404799
7e948a792e1d4f03,False,
7e948a792e1d4f03,False,
7e948a792e1d4f03,False,
adc8ba0ddac68170,True,2025-03-13T21:53:36.193327
5e74905c29eb537e,True,2024-08-06T21:54:19.659369
662b82f1936a5f32,True,2024-12-28T17:06:50.794861
3d42525c69f7ab11,True,2025-03-28T21:33:24.530644
7e948a792e1d4f03,False,
b2b8096d59daa486,True,2025-02-23T15:48:00.932135
50229313a19576c1,True,2025-02-13T13:15:24.092397
ca540b24f61d217a,True,2025-04-15T10:46:59.316108
9fb847df8bae6c52,True,2024-12-11T00:32:42.749129
f73dfbe73775fd87,True,2025-02-14T06:07:18.390815
2af0faf0b301ac49,True,2024-06-15T08:37:14.072238
43d9c21ca4ee0834,True,2024-06-25T15:49:19.426981
81b45c82527ec37d,True,2024-10-25T03:35:29.377305
7f9989fc4d29ea98,True,2024-12-23T14:51:30.106218
768240f55aca75da,True,2025-01-19T04:41:00.511736
34318c825ca24508,True,2025-01-13T11:10:20.929289
4bedc84f4994a10f,True,2024-08-15T18:31:54.996981
e00f9d03a1a3a2e7,True,2024-08-24T17:29:02.448445
485d80c9a48bf27a,True,2024-11-29T23:40:12.781354
1f5f66183f52bb63,True,2024-12-13T01:43:16.833638
0a5d355381c21493,True,2024-07-22T06:13:42.572097
aa075bffdd2263d6,True,2024-05-04T08:40:31.040616
e40c9862165bb307,True,2024-05-02T06:40:11.313905
15afe5e42f8effbc,True,2024-10-26T12:13:57.211976
b4bbc709fb32ef00,True,2025-04-28T17:05:32.566164
21ef3de32e0f0540,True,2024-08-19T01:56:49.988649
11b10af4aa41c33d,True,2025-02-19T09:28:27.389086
edb77a78b2d3e090,True,2024-10-08T16:11:56.126866
ee08835314c9f7b2,True,2024-05-11T17:33:36.369875
0f374a1d0d9ede1f,True,2024-12-25T10:10:33.865953
7e948a792e1d4f03,False,
7e948a792e1d4f03,False,
c55700a39ed37e76,True,2025-04-22T06:55:18.026644
7e948a792e1d4f03,False,
b019f74d00ce12db,True,2024-08-16T06:01:41.199832
7ef522de198e8c1c,True,2025-02-22T15:23:02.440887
f5635e6a09c655a3,True,2025-01-26T13:15:01.903293
8564eee705fe1f32,True,2024-09-11T02:45:13.030661
7e948a792e1d4f03,False,
e1f535da294d7e67,True,2024-06-25T09:08:08.829992
8558eb6c3b975335,True,2024-11-12T06:33:08.273392
4f3b58215836d446,True,2024-06-09T08:29:50.582161
ded6f93f5987f27a,True,2024-08-27T23:33:13.975089
78d7ff52a50a0869,True,2025-04-10T22:09:12.686235
c5dc80be23a34757,True,2024-11-28T00:22:27.167591
58f5989a65cbd239,True,2025-02-18T06:25:26.161554
7e948a792e1d4f03,False,
821dc9dcf9cf34c7,True,2025-04-24T12:21:19.910079
00d9a3126a14375b,True,2024-07-11T15:43:39.375603
a08d732ba0be7231,True,2024-07-28T18:47:12.780274
ce35e5ce14da0af0,True,2025-04-08T04:31:11.521607
a0113650a9a0dfaa,True,2025-04-03T07:35:21.744649
d919cc10f8c33719,True,2025-03-12T02:24:02.381459
9b35d076c7a635a5,True,2024-07-19T07:47:04.525838
7e948a792e1d4f03,False,
b0b85d998a6b6be9,True,2025-03-28T07:14:05.338068
d46e6c1face2c590,True,2024-07-13T20:27:08.631940
85f36ea2757546ee,True,2025-03-11T20:53:04.100070
fe048a2116f2b0bf,True,2025-02-12T21:50:44.372366
6668bbfb9c714f93,True,2024-12-22T00:59:02.360626
f06d25eb3a25dc2e,True,2024-07-13T18:00:21.744857
d892680058689b0d,True,2024-10-12T05:19:16.952642
edbb8648329976d3,True,2024-05-23T13:50:31.699144
6c01f22945def201,True,2025-02-18T13:54:41.278050
6a142fa9633a3ef2,True,2024-08-03T16:39:48.673741
26a3876f60af7a6f,True,2025-02-15T14:46:17.123377
31bc04aa04681dcb,True,2025-02-06T18:02:28.855164
32cf9ac3ab023b0d,True,2024-10-12T01:31:59.359668
3c1a9919ec6b825b,True,2024-06-20T08:19:23.982104
25603b41233a9a80,True,2025-01-11T18:20:47.529099
303fb938fee21cec,True,2024-04-30T15:12:49.071090
e2025e98a65fa7d4,True,2024-08-28T08:31:20.091875
4494b662767d6fec,True,2024-10-13T17:01:30.577983
5cd358c707ffec9f,True,2024-08-04T08:16:57.796936
cdfe26c6c4e83c9a,True,2025-04-19T02:37:23.402401
8e1d961a2b2e6ee2,True,2024-06-14T21:28:59.290694
3a8f697d0025fd78,True,2024-10-29T11:36:36.750689
63f5ffd0c9132d3d,True,2024-07-29T15:25:17.714720
f46a0e9316b1393a,True,2024-05-01T14:09:33.395966
55b84d6feb36d23c,True,2024-12-11T14:36:14.374836
d418b0c314e3e9fa,True,2025-02-27T01:42:15.913239
6b50c492f507dca4,True,2024-05-04T21:56:18.945036
7e948a792e1d4f03,False,
3efbd809cf5842d1,True,2024-07-24T00:33:22.492121
5c382d3f14e66fbf,True,2025-04-08T18:54:02.197590
1e7abffa9b347863,True,2024-05-31T03:49:53.810824
f5481e1e3442d46f,True,2025-03-31T13:57:54.259101
0c1c47bab29b84cf,True,2024-06-05T11:55:55.353530
ef8ddc41d325cc4d,True,2025-02-22T00:36:47.360445
f090099cfd0a3ce8,True,2024-07-03T08:12:15.720239
1180dd07fba1954d,True,2024-05-30T18:24:34.862668
0c5e973a2045443a,True,2024-05-03T07:53:49.974268
1dabe84f439eebbc,True,2025-03-25T22:25:35.080316
c4db9c45aa5f0de4,True,2025-03-25T19:31:32.031011
7fe943951fbe25d9,True,2024-09-06T03:27:33.298347
7e948a792e1d4f03,False,
84edce96226617f5,True,2024-05-28T05:44:09.246800
5497711b7d91da5f,True,2024-06-17T06:43:52.685844
c1cd018b8fa0880e,True,2024-11-12T20:43:09.273805
1219ba4c0aa46935,True,2024-10-07T04:46:38.376465
9bc72d441f383eb2,True,2024-08-22T01:04:29.651572
e4249c0953657725,True,2025-02-13T09:52:26.424436
f6a050f3b7517305,True,2025-01-15T13:12:57.884326
fbb6e0d756b16854,True,2025-01-31T12:49:06.657514
2396a76943928b7d,True,2024-08-28T06:22:03.701432
041dbc8665c297ce,True,2024-08-15T10:07:59.726233
6c4393c36bce4ffb,True,2024-09-20T21:10:58.040988
7e948a792e1d4f03,False,
b7e615b481d211b2,True,2024-09-06T23:06:58.857990
af39bb83d2a9ad51,True,2024-08-11T18:09:24.103366
f2b21adac0f8dad3,True,2024-09-04T21:54:38.358112
0e75c1fde608cf9f,True,2024-11-30T07:49:37.433512
b817ff0aa5c27ce2,True,2025-04-14T10:26:24.535651
338eabb16e42928e,True,2024-08-21T10:51:56.046248
2f648a2bd3c26b96,True,2024-06-28T16:58:46.569835
900110e7521fa46d,True,2024-08-05T18:45:28.437796
2890e4540a7f142a,True,2025-01-15T15:17:34.945848
45a9d50c9d58c41b,True,2024-06-17T10:48:15.093704
25a747102050a47b,True,2024-11-14T02:46:46.652573
f6b356a777e019f7,True,2025-03-07T08:31:34.371156
1ae5ee192b38e982,True,2024-10-12T05:12:04.822703
a1ee5ffa3dbc1725,True,2025-03-22T20:53:49.163375
42c8a5f13d2a074b,True,2024-04-28T20:44:32.176490
7e948a792e1d4f03,False,
8814df2a3773486b,True,2024-12-13T23:43:12.342927
7e948a792e1d4f03,False,
ce5384553c59c032,True,2024-09-21T20:13:56.598465
507827cb788614b8,True,2024-09-15T13:34:12.488611
7e25702518284646,True,2024-05-11T03:54:30.879696
15566f66ae9f126f,True,2024-07-30T05:16:41.512571
ec40138d7a058de6,True,2024-05-02T11:18:34.190810
46d89c5c3e2fd298,True,2024-07-14T00:11:58.687271
4d4bac2271bf00ad,True,2024-08-10T13:49:47.688413
19781f1e14be4b62,True,2024-09-30T07:20:22.464439
05257988715c2383,True,2024-05-22T19:36:34.485862
742d2e520813c421,True,2024-06-07T12:21:51.340994
766090d9eef3666b,True,2024-07-11T16:09:56.832459
7e948a792e1d4f03,False,
42a0fee023e59db2,True,2024-12-06T05:58:34.448425
cc210025d6b7d477,True,2024-07-10T11:20:11.185361
b3298429591793cf,True,2024-10-04T03:12:38.524686
6809eacbcbc902c9,True,2024-08-31T17:31:33.345721
9cdb79c7458ec77d,True,2024-07-27T23:09:57.823917
f46d5b516cfd2a23,True,2024-10-16T10:03:51.413096
57168a369ea275ef,True,2024-09-27T19:59:44.195453
514e875eab29f8e1,True,2024-07-13T01:40:40.214234
1cc53de382e07148,True,2024-12-01T23:39:33.251180
aec5a3ebf05b277d,True,2025-03-23T15:31:38.505725
5bffab667ac11b1e,True,2025-01-02T04:29:15.916376
dea42f3c8bdf9ccd,True,2024-09-06T01:45:25.317472
da322d9f8a150896,True,2025-02-21T22:50:36.325760
f9806b9224090fe7,True,2024-12-15T04:51:54.368706
7e948a792e1d4f03,False,
cf0c4f5f06f07c7e,True,2024-08-20T02:02:16.479935
7e948a792e1d4f03,False,
abc3d2717c92fe52,True,2025-01-18T14:33:26.567541
a81a98eb5d34e308,True,2024-06-08T07:17:53.915960
2116763c706180bb,True,2025-02-28T08:59:19.657181
225fcb902af1d1f2,True,2025-01-07T13:24:59.964590
c6186ccd7dd84896,True,2025-02-02T19:53:35.464931
d56314ff00465a9d,True,2024-09-04T05:13:08.939950
cc4d05456ba9675d,True,2024-09-23T11:32:52.077041
12fc455b40e2fe5b,True,2024-12-27T19:22:53.945467
95a4a8c46c41029e,True,2025-04-19T03:15:10.532275
40d19d5076b59b55,True,2024-12-31T09:31:19.017445
bd14056f3bdde083,True,2025-03-03T02:28:39.492502
557056a0fc8ce74d,True,2024-08-06T16:49:44.007673
1695a35aff583c17,True,2024-07-19T00:00:42.508314
74a4f056f8ffff9c,True,2024-10-07T17:49:24.348343
74ccefe0c032a083,True,2024-05-01T02:51:21.236611
a13a3f8ad30264b3,True,2025-01-23T16:03:14.939789
d0358d99e2c3b3c4,True,2025-03-25T15:27:07.684270
41c0c1c90ff95b11,True,2024-07-25T10:27:42.209651
6267e78c5b998643,True,2025-04-10T18:06:30.660253
fc48d9f8026df84e,True,2024-08-10T13:40:25.562285
7b72ed1a87065a9f,True,2024-12-13T10:54:51.689874
7e948a792e1d4f03,False,
10f5015da297f711,True,2025-04-17T15:13:08.527434
5e3124ba78469086,True,2025-04-07T01:32:19.142409
0a630e67e173f67c,True,2024-11-28T10:52:16.414057
43b25d37497a05fb,True,2024-10-09T09:44:18.678353
a566fceb48a964f1,True,2024-10-08T01:06:46.494850
634ba1fc38274d34,True,2025-01-25T17:39:36.266126
7e948a792e1d4f03,False,
eaaa5866b9f30ec6,True,2024-05-13T04:26:02.423371
5489560f455a08da,True,2025-04-05T09:48:28.308583
f5fdc9ae3530f71f,True,2024-09-11T12:44:55.012584
5088be08952937b0,True,2024-11-30T03:22:40.798330
7e948a792e1d4f03,False,
88fa1251850a2de9,True,2024-07-26T19:23:56.020997
f423ab5f2987cca0,True,2024-11-02T17:29:35.684094
b83d729f49c6b060,True,2024-10-23T22:21:35.063370
65c78836894bd1c9,True,2024-10-22T18:42:23.790770
5c8c27c9ed9bedd5,True,2025-03-21T11:55:14.417522
62115701a795b420,True,2025-04-21T03:37:55.831602
0e266d1c52042557,True,2024-08-30T20:28:39.787359
d1ec7715df107caa,True,2024-09-07T16:02:29.759510
7e948a792e1d4f03,False,
7e948a792e1d4f03,False,
804cfa368b102cf2,True,2024-06-13T12:07:14.680378
6a1f642c0d4f135a,True,2025-04-02T14:09:10.373463
0e391d4b9b311951,True,2024-11-15T13:23:10.242143
554e7abb1eb72f11,True,2024-07-13T18:08:02.307590
a303ce3958b06db1,True,2024-08-21T10:45:32.003113
38833db215332f92,True,2024-07-12T23:39:34.437691
e70cfe0881a66563,True,2025-01-18T11:41:55.976792
4e3cad727005cbd0,True,2025-01-29T15:40:45.406712
7d2a8a6d0abfdcb5,True,2025-03-21T01:37:51.766713
0eb26a583c22719d,True,2024-06-08T08:33:59.935960
75bced0fab2497e1,True,2025-03-06T01:50:44.485223
4a9af4d80fba8c22,True,2025-01-29T20:53:25.109831
72e84eea02d599ba,True,2024-10-13T06:35:28.154418
99fd7790527ecf52,True,2024-11-02T00:29:30.913141
bcaa87419073dae7,True,2024-07-22T09:31:38.550821
68103423731f72ce,True,2025-01-16T16:02:04.532960
7e948a792e1d4f03,False,
fda8083467ccd639,True,2024-11-16T13:53:33.767463
e6fcbd1dbb5a2fba,True,2025-04-13T18:21:23.929560
39d478ffc5c45a47,True,2024-09-17T10:49:15.871675
121dd4274e71c577,True,2024-09-05T05:23:58.695406
b79765af52217d0e,True,2025-04-03T06:51:18.047506
d6b23cbae47c57a6,True,2025-03-21T20:04:25.198932
7e948a792e1d4f03,False,
1643fbb264887ec0,True,2025-04-03T08:22:20.926264
7e948a792e1d4f03,False,
415d2f55726244f7,True,2024-07-13T17:06:22.689904
922fd4a31cf87d9b,True,2024-10-17T09:49:42.268456
b9a9a874b7d50fca,True,2024-05-29T00:05:30.204477
b298c80e9e09da75,True,2024-09-17T08:41:05.543029
eec5ddd60affbcfb,True,2024-06-17T18:05:38.710962
2ca00e7bbd30c58a,True,2025-04-15T21:16:57.181000
f8e6ed956e4abf0b,True,2024-09-26T14:09:28.459550
61f06664f99e2cc4,True,2025-03-30T17:27:03.242533
1e5bde78b6825eee,True,2025-01-07T19:48:47.284057
2ec530a9b96d2a7b,True,2024-05-04T09:19:40.737545
3340f08cb240afc8,True,2025-02-17T23:28:16.429622
7e948a792e1d4f03,False,
14b3883b8227d6af,True,2025-03-20T20:48:01.317753
b5e9b85deced0ac1,True,2024-07-21T03:29:48.589768
a8bd912fb27739a4,True,2025-03-10T14:27:31.175946
23ef5af7ec2d3301,True,2025-03-27T06:19:04.608601
ff3c0131c4a3d76b,True,2025-01-03T00:59:41.464094
a1c981b883e79dd2,True,2024-08-02T17:27:25.487333
2c2c2b28d6ee9937,True,2024-10-31T18:50:49.913268
c5fddd70a93aa97f,True,2025-03-04T02:54:48.015161
118a363b3b113560,True,2025-04-19T03:41:08.471710
a333e51e0d0f9c1a,True,2025-03-27T18:44:01.700443
d202d701270256a2,True,2024-12-21T14:53:55.086229
0591867317564b02,True,2024-10-04T02:49:20.275547
c099df07ad44d182,True,2024-10-10T21:08:52.545900
2aad51d2296af9ad,True,2024-11-25T17:25:40.408900
31908d72f2ab022e,True,2024-07-30T22:47:18.195494
8b4614b3ee396620,True,2024-07-15T11:54:15.580136
d1784f165015796d,True,2024-09-16T20:23:47.560917
bb6ac9155d0efb05,True,2025-02-05T09:40:07.455271
a86e4f0e71f1a385,True,2025-03-26T10:40:44.729691
c1e96ae8f19d7b10,True,2025-03-09T20:59:28.601549
6cdcfcea92abcd3d,True,2024-07-12T07:09:00.304691
08ed3e25036acba1,True,2024-12-13T21:05:18.633367
7e948a792e1d4f03,False,
252694f9e7f025ba,True,2024-12-12T02:34:52.263309
44b7c58f1c7c42fc,True,2025-01-18T09:24:29.204983
3abe061e04ac4241,True,2024-05-10T19:52:27.404188
32f375ecbb2c90f2,True,2024-10-09T04:00:43.080343
0397a5bafe75c9c7,True,2025-02-21T12:18:54.571950
2b77a18dd59df51b,True,2025-01-17T14:31:59.554218
fda34bbd8fc7a529,True,2025-03-31T01:10:24.923654
2df66b88266c20cb,True,2024-09-27T14:40:34.198377
870107e3919d5313,True,2025-03-21T21:47:13.440947
53fc27de5d78adc7,True,2024-06-26T00:16:21.755917
7e948a792e1d4f03,False,
a25f9b86d17f55c5,True,2024-11-13T22:28:42.082308
79e25fa059953b2a,True,2024-12-07T16:42:18.773017
42756a65039b4b16,True,2024-08-16T07:39:53.968306
f01c0d6e17453498,True,2024-11-05T20:39:29.000911
e9d3f29c15eea5c9,True,2024-07-15T17:50:31.744432
de101a30623664d5,True,2024-06-30T23:00:30.109404
2e04a6a57cfbdb5c,True,2024-08-04T22:51:58.956994
60c0119723e6fd1b,True,2024-07-04T18:18:26.469689
d0f323892d5a6ef1,True,2024-09-01T04:54:51.412853
545695fcaede7c4d,True,2024-08-06T02:41:21.098908
6be6f4501aeaf5bd,True,2024-06-19T19:01:28.757102
68473379b484511c,True,2024-06-17T10:32:29.892463
c5e88058d5c6ee50,True,2024-07-04T21:03:47.491949
b00eb6ca28270e19,True,2024-06-23T22:31:05.354207
6049228ad70ef2d7,True,2025-02-06T12:57:15.700932
082516ef2c1c7d5e,True,2025-01-26T09:01:19.121069
c86ace0ba7879a7c,True,2024-10-30T17:40:33.554819
93c7dc30de02e66d,True,2025-01-16T12:58:35.782069
ab3469c824520fe0,True,2024-10-10T13:33:26.977819
dc2e12686f48a741,True,2025-01-17T22:53:48.280699
7b1c53a482b1c58e,True,2024-05-05T07:36:34.752596
5eeff29d79389301,True,2024-11-16T16:59:17.304899
ff7b62862486e733,True,2025-04-28T08:38:25.071371
82f40a6c94ac437c,True,2024-08-17T10:45:25.675927
b486d0958e91f8e2,True,2024-06-05T15:20:49.269334
89f28de9a24fa458,True,2024-09-30T23:56:51.099869
70226079d33dcfa2,True,2025-01-17T11:18:38.110505
7e948a792e1d4f03,False,
7a91c88fba9b3cd8,True,2024-08-18T07:03:11.885794
7939d36e5ee7bde3,True,2024-05-10T22:35:22.352316
610fdf8867b99ae7,True,2024-07-29T22:56:02.888609
a2205418769893b1,True,2025-02-08T02:18:13.639842
f22339a169c969f3,True,2024-09-22T01:14:22.334078
ef0dbe6ac616c915,True,2025-04-02T19:28:18.659440
1f4b1c95a9ecb00e,True,2024-10-21T16:38:21.839058
7e948a792e1d4f03,False,
465578340f5ad40e,True,2025-02-03T05:26:26.877930
128d354d7feb351d,True,2025-02-09T02:53:03.514311
538021e739421e81,True,2024-10-20T22:35:35.457081
762790494f871d3f,True,2024-12-23T09:43:26.062278
5cd274b025864360,True,2024-08-27T23:10:39.235642
7bc5113d1f89abdd,True,2024-07-16T06:42:19.526805
167391b2971e1b1d,True,2024-10-10T05:57:55.627538
d66a4bd2b446a1a1,True,2024-11-06T06:16:49.347042
a38f3d22ace8bcec,True,2024-12-12T20:45:50.121893
e25d3c948785925b,True,2024-07-04T19:08:32.246055
952471e820c07bc2,True,2024-10-02T21:25:37.109721
a2eddd4182431568,True,2024-10-10T14:55:37.819149
8866addbee225992,True,2024-09-22T23:21:30.292279
2fb2d1695479b888,True,2024-07-20T04:16:29.525523
cd273a835f002ca1,True,2025-01-05T17:17:59.728693
4a8bf0ac375caddc,True,2025-01-02T10:30:17.678391
27c1478bba5c59b9,True,2025-03-28T14:28:13.547161
8d730e573a786d75,True,2024-05-21T13:31:26.090802
7e948a792e1d4f03,False,
a75e70c81344ec9d,True,2025-01-02T18:46:40.924124
6ef176c1f87645cb,True,2025-01-09T07:15:01.620137
fb7bc7410321250a,True,2025-04-10T18:29:23.060247
ac9b2a462812310f,True,2024-09-21T21:06:21.049757
90a3962c90795077,True,2024-12-22T18:27:53.910161
d75fe495bf9724d8,True,2024-06-11T07:39:39.206647
b3a8cdd96cbc6367,True,2025-04-14T02:12:43.816793
4a7f40011b89e8e9,True,2024-06-30T20:07:14.383446
f4a142b0700238dd,True,2025-01-09T05:01:13.207594
764ec57ef99b155a,True,2024-06-05T14:17:38.188498
1473c283e5353dda,True,2024-10-25T19:22:44.818931
e6b04de64dc1bfe5,True,2024-10-23T11:18:27.506366
8825dff8879c9ef4,True,2024-08-21T04:48:37.424198
7e948a792e1d4f03,False,
c775d946adb8f8ea,True,2024-06-02T00:37:03.961588
3da27f287bec33b0,True,2025-04-27T05:19:01.961479
8a9d492060f95639,True,2024-11-02T15:36:52.657404
a615dcbfe7967137,True,2024-05-14T07:07:28.242034
84f07c4b060a8a5c,True,2025-02-21T15:44:19.568008
19ab92b9cb9a27d6,True,2025-04-18T08:01:47.954213
ed4291d77fc7a70f,True,2024-07-15T13:27:59.936114
1aabda67e0489add,True,2025-01-01T01:35:56.309183
f35367c870668535,True,2024-10-31T18:57:04.819073
2f26b364da9fedf4,True,2024-06-18T12:08:30.518787
32bad552e46fd63c,True,2025-01-27T01:42:20.162396
e5ba7ec7ab09df31,True,2024-08-29T09:53:37.279808
338a850ec93154d8,True,2024-08-14T02:29:17.391870
cf6d2f840318cf2b,True,2025-02-25T12:44:10.428509
0f43ab2d2d63ec3f,True,2025-03-05T00:23:42.704972
2570675d57e3dd5f,True,2025-03-10T05:43:00.630997
ad7a2a1f7840ef66,True,2024-10-16T23:22:03.141468
37664d397305aa3c,True,2024-06-03T00:35:18.776935
7e948a792e1d4f03,False,
4e5d55f31e4e2853,True,2024-12-03T10:43:05.127793
f87c8bd43e2af855,True,2024-12-29T08:12:33.690629
e37765246a9a437d,True,2025-03-01T06:51:05.312329
7f75c541bb9d00d5,True,2024-09-15T19:59:48.998391
7e948a792e1d4f03,False,
d19cf5c11ff851f0,True,2024-05-08T02:37:50.435083
b259b9f8de1ac3ea,True,2025-03-29T06:24:33.561006
25f8b93ccc358c20,True,2024-04-29T03:03:59.096405
53851a88cd41378a,True,2024-07-06T20:33:26.722171
d3ef20c834634bdb,True,2025-02-08T21:27:13.395608
1083a265124a936b,True,2025-04-06T04:05:27.946152
6bbfd0b5ecfc9660,True,2024-11-08T03:51:47.409007
109c082d11b16c55,True,2024-08-06T01:49:02.505898
afb6094838947040,True,2024-12-11T06:29:33.704976
af1d31ee970a6c2b,True,2024-07-28T01:15:05.265582
a21dd670811a71cb,True,2025-03-16T05:51:40.761345
5cb427c6d824a31a,True,2025-01-18T23:39:50.797763
88f40b20164a2830,True,2024-05-12T19:27:43.496340
3ba04863e75003f9,True,2024-12-06T03:22:31.369385
85583631253d6d1a,True,2025-04-04T09:50:51.832008
ac9e991992bca91a,True,2024-06-18T06:09:55.460231
ea049cd10c1e2263,True,2024-05-31T21:57:06.419652
3e68335fadf71524,True,2025-04-13T12:34:07.567356
d76de8bc50a663ba,True,2025-03-16T19:06:05.566824
967fa712c9ccd63f,True,2025-01-02T14:24:27.557748
fc761568d4af8065,True,2025-03-30T01:02:27.701100
7e948a792e1d4f03,False,
1c1d172eb32f7e3c,True,2025-02-12T21:51:24.047438
06588d88ad7aae0c,True,2024-12-09T10:31:18.765842
cb4f45a218ad7f6c,True,2025-02-17T08:24:49.906591
20c36f07901e7d7d,True,2024-07-06T10:58:32.563491
ed4df992cd0c1b1d,True,2025-01-03T02:16:15.894225
6129fa2550b11afc,True,2024-11-04T03:34:49.345489
9ede702ad8b73bc5,True,2024-06-29T19:25:43.418531
83f696f49007acab,True,2024-11-26T08:10:19.691806
ab1b97eb4cf815a8,True,2024-09-12T22:05:09.001114
4255d10f1b8841ab,True,2024-07-27T01:54:50.375956
e8f560ef1185b7bb,True,2024-07-11T19:39:54.824690
c1b655040f87b4b1,True,2024-06-27T03:11:39.681632
09c366ba40bf654b,True,2024-06-02T03:22:35.470194
776affb68e3e2558,True,2025-03-15T06:41:45.839000
e449b8d9357bbb79,True,2024-06-30T14:38:57.188287
baef700f781256e6,True,2024-08-26T18:08:03.769909
1057426b9942bf7f,True,2025-04-22T16:40:16.022229
2862c756ea6b09ec,True,2025-04-07T03:58:51.147007
75bf138751b3c6f4,True,2024-06-06T16:20:26.127258
3eaa618659234a92,True,2024-06-11T11:23:35.284431
374c2882759b0b94,True,2024-10-31T20:42:49.277788
bb13eec3f389bea8,True,2024-07-14T01:05:01.878830
393516448e7b912f,True,2024-06-06T16:41:40.408080
09a86198a1c45edd,True,2025-04-02T23:00:35.554716
519da17fe04af0ad,True,2024-11-23T07:51:07.746712
df1ad65e90deb618,True,2025-02-07T22:51:58.713268
7a7f3ca14e7a9ace,True,2025-02-10T03:48:30.573244
6b29f28c2851b01d,True,2024-09-12T15:49:45.751407
7e948a792e1d4f03,False,
1eb95625db363c25,True,2025-02-09T21:49:47.362900
82097e67cdd097b8,True,2024-06-10T17:02:10.559864
470990060921b6e9,True,2024-05-08T19:56:39.617393
7964930013356ca3,True,2025-04-06T17:12:01.650774
b927b386afa8121d,True,2024-08-05T20:41:32.697340
da4be1162f8db1f5,True,2024-07-05T20:51:17.020705
f9307cbace99c0f4,True,2024-07-02T01:53:56.100987
6d24bd71f04ee36e,True,2024-09-18T17:10:51.954133
8a95cfe658c48db4,True,2024-05-14T08:22:19.556063
31c5dc0beecf7738,True,2024-11-19T08:11:31.535646
b5c09ab6d5d7bc35,True,2024-11-13T14:57:56.529540
7e948a792e1d4f03,False,
d86563a3f034febc,True,2025-03-29T11:19:40.746454
41b72557bc8d1bb6,True,2024-06-02T18:41:12.886905
c3835e0a7df3f639,True,2024-05-01T17:49:29.178668
aef2b025d3c4862c,True,2025-01-14T16:59:10.522176
09ae8e69c0fbb1cb,True,2025-02-23T08:52:06.011681
94f9b4c0199c6b6c,True,2024-06-30T18:23:49.304277
c6a577954ddc5b6e,True,2024-11-20T11:27:57.964616
7e948a792e1d4f03,False,
30130031b14c971b,True,2024-07-21T06:37:33.643342
48a0c7009d5e6099,True,2025-03-01T11:56:59.346193
6bfe581e4f3a193e,True,2024-05-04T02:22:02.476449
dbe6ce25c411f870,True,2024-12-27T10:57:49.654852
90470d3621858d07,True,2025-01-14T19:18:34.002418
fc5e12105330df91,True,2024-11-26T19:11:16.175349
e15158374ed56933,True,2024-12-18T10:56:39.694600
7e948a792e1d4f03,False,
b2a5ccfd0d53a101,True,2024-10-04T03:28:27.595859
464b63e1ed7424bc,True,2024-05-27T17:55:00.874342
b4e405f52f3a0427,True,2025-01-12T08:49:25.775935
19e05ae9058d4b1f,True,2024-12-03T14:58:21.046346
ad60cf61b1ed32df,True,2024-09-29T00:53:51.236377
f2d1d2a2ccd94e12,True,2025-04-14T21:27:43.167170
2666b7666c9c0f81,True,2024-07-30T12:44:49.750634
fc12dfbcf33f3454,True,2024-12-11T16:25:53.890754
05d32929166b4bc7,True,2024-08-23T04:08:54.936350
fea169953fc73583,True,2025-03-03T15:20:40.497041
02cef64647144967,True,2024-07-22T09:36:35.179433
36282447e5d60958,True,2025-03-28T21:43:04.902477
a38b730a37983185,True,2025-01-12T07:22:24.645211
7bcb4af53e5ac71d,True,2025-01-31T19:09:15.446651
38b7e6526d950520,True,2024-09-24T21:22:06.727981
60cc30a235d18e39,True,2024-11-25T15:56:08.341354
60a521aa5c4a0c5b,True,2024-05-28T04:57:30.591260
97dc86399ee99942,True,2025-03-10T23:59:04.543269
01c0bf717eac9aaf,True,2025-01-09T19:14:09.830503
67de9353c1c83755,True,2025-03-22T13:31:00.269377
6579101aaca31575,True,2024-12-27T15:59:13.023391
4bea911ff73eb262,True,2024-09-23T12:48:05.145163
0346605b5f7f0caf,True,2024-10-25T13:22:52.396172
6987dbf41a0b3b32,True,2024-05-23T14:53:31.946167
ffe4cdd29fe9a9d2,True,2024-06-12T04:05:04.384669
97a915f502f4f612,True,2025-04-25T14:42:44.919776
fcac0525b6b13922,True,2024-05-17T15:32:24.952730
21b9de1c11939ab9,True,2025-01-03T17:44:00.482128
cb9b285bea637ea0,True,2025-01-12T08:41:57.174441
86d0b549f70a0ec3,True,2025-03-27T05:56:06.034297
9a8b66c4469e4473,True,2025-01-15T04:36:36.176924
04c7f210c9efcfb9,True,2024-11-10T20:28:39.623162
1abe480d393ab17f,True,2025-01-29T04:34:06.314034
20a361f3f48809ea,True,2025-04-21T07:49:26.335059
b69db6b420f781b8,True,2025-04-21T13:23:31.477743
a7ef929a97eb135a,True,2024-08-21T14:41:59.778588
b4af1df298743294,True,2024-08-01T10:03:59.205351
e6b3ce43ce190c73,True,2024-12-13T19:41:12.318793
41b2c533747bc57a,True,2024-10-24T15:20:38.154455
ee3cc87db16f6daf,True,2024-11-05T09:29:27.275817
aeb91db8315bf95c,True,2024-04-29T07:52:56.742357
80445e589ebfbdcd,True,2024-12-29T07:49:56.141514
963c1c192e60e86c,True,2024-10-15T00:29:03.087827
e4c160bcc093e7aa,True,2025-03-25T17:19:10.169615
e567a11b15040b5f,True,2024-06-09T02:30:28.160702
5cdd97a56fc7beeb,True,2024-06-22T01:26:01.582985
145aa49a057dd324,True,2024-05-16T13:47:40.389630
fff2b2fbee56c8ff,True,2025-03-13T23:10:39.358069
37153559e334c608,True,2025-04-18T09:39:42.110325
7e948a792e1d4f03,False,
d9c6212958e63325,True,2025-02-15T02:39:17.187454
7e948a792e1d4f03,False,
04dd7b67e4306a56,True,2024-06-05T12:33:10.424796
edaafea0c2e39d43,True,2025-04-16T17:14:04.341636
dc917681be2f9ada,True,2025-04-22T15:21:12.188390
f49424fa5790039b,True,2024-08-17T20:50:58.882497
e29651593f756f0a,True,2024-10-25T16:18:17.912049
4b8ad10d52199db3,True,2024-10-03T08:24:36.624349
35e59546840741d0,True,2025-01-25T10:57:44.505483
c2641fc5bb3a09d8,True,2024-08-14T22:16:28.678529
a02469e5471582f5,True,2024-11-02T17:27:33.326935
837cabe7906d189c,True,2025-04-23T23:15:29.181844
49dd27ac4f58fe68,True,2024-10-27T14:59:15.293482
808360d92ee73721,True,2024-05-07T22:50:10.421409
17351a25bd00c01b,True,2024-06-21T08:32:27.922094
a7b7e55e9a1d9366,True,2024-09-06T21:10:51.791935
c087b63225700547,True,2025-01-22T12:49:39.800286
32dd8de0139137b5,True,2025-04-17T20:07:46.555998
7a5bab32a8b1c789,True,2024-10-29T20:01:53.059291
a047ebe27b90f0d9,True,2025-03-31T15:00:25.564931
b51dab2d03fdd289,True,2025-03-04T15:15:16.932795
5c9f99ea09ea598a,True,2024-06-28T03:40:19.912078
9ad5f08ed2202653,True,2024-08-14T04:48:13.463571
953e80e20466a155,True,2025-02-24T20:13:27.490335
c73be236c3c91e9f,True,2025-03-02T21:43:14.591115
08ccb223abfd5a07,True,2025-01-27T05:55:14.697386
9c7b30b7d8ac85e7,True,2024-10-13T17:57:45.132009
543237cbdfc3979e,True,2025-01-02T12:06:50.618159
625d17b1171ea6f7,True,2025-01-25T14:59:40.330742
14e880381e3c3848,True,2024-07-09T23:29:07.817823
8d773b4e85318761,True,2024-09-01T02:04:33.609701
20e3fe5a82a6e05e,True,2024-12-27T05:36:44.715537
7e948a792e1d4f03,False,
32ecae8caa6bbe65,True,2025-03-20T07:10:06.295269
f06a1a897ae9e2d6,True,2025-01-17T00:10:32.632936
1b42a4b46fcfddc6,True,2024-09-23T01:42:34.431364
7e948a792e1d4f03,False,
90483e7d659ebbc6,True,2024-11-12T19:55:35.532881
42d5f0febc45834c,True,2025-01-30T20:33:09.921037
42e93d6fa14e6d3d,True,2024-08-05T22:00:37.992721
b6d8af741f4ca373,True,2025-04-13T16:41:17.069632
4fffcda9d6374859,True,2024-10-10T01:26:52.968598
69c9be372e729c44,True,2024-10-20T16:16:57.496074
d2fcc429de6b49d6,True,2025-04-05T08:15:37.065308
7e948a792e1d4f03,False,
e633f612c1a32832,True,2024-10-24T03:24:52.641235
a68df8af3a91ad70,True,2024-05-04T04:02:43.159778
ae3cb222351fa0f7,True,2025-04-02T08:16:17.937259
bde99626cee47b1b,True,2024-06-08T01:49:18.269711
db2cf440be64de50,True,2024-05-28T06:46:41.091292
78bfbe9d1ae3d9cf,True,2025-03-03T08:02:00.615022
fd55c455495c7d02,True,2024-07-02T02:25:51.877953
d8724b4ebd593a50,True,2024-09-15T14:30:05.375633
096de64fa82c1a70,True,2024-11-18T13:57:49.245366
9b8b91f2063878a4,True,2024-08-02T22:00:55.143473
6b58d884b40c3101,True,2024-08-04T18:56:11.113482
8a1f7eab03e280af,True,2024-11-13T12:04:05.907188
d278e4b5d207d5f6,True,2024-10-21T10:32:13.181424
55e6ff101c1667c5,True,2024-08-21T05:01:49.634876
f78392cf9f46d533,True,2024-09-30T23:27:55.011554
68f764a21ea7179e,True,2024-10-25T09:43:46.903128
68fda350bb5c1205,True,2024-12-23T08:25:00.291149
6d3736c64944e714,True,2024-08-17T21:00:08.139921
7e948a792e1d4f03,False,
fabeb16370a442d0,True,2025-01-13T14:52:10.012415
47efbbab01134998,True,2024-05-22T18:22:49.203680
ff8126a469c86443,True,2024-07-17T02:55:28.153242
bfc5b337389e8fdf,True,2024-08-07T06:33:02.205392
7e948a792e1d4f03,False,
c9c5cf4f2a4e1f00,True,2024-11-20T18:09:38.099100
7e948a792e1d4f03,False,
29643e46d0fb13ee,True,2024-09-22T12:10:54.379956
ce119a4aed912730,True,2024-07-23T23:54:27.881162
11c6b8d915c48131,True,2025-01-04T15:02:48.163798
ab9fb7a759aad186,True,2024-07-29T04:43:18.957451
b001237de202015d,True,2024-12-26T22:24:00.514309
c987b861e9f8089a,True,2024-10-15T06:46:04.080945
eb7027749b1eeb3f,True,2024-06-02T05:22:49.714509
05f2a209e977ffe6,True,2025-01-27T05:17:37.288925
98c946ebe7bf48fb,True,2024-07-08T09:10:13.029379
a1defc18d1d587f3,True,2024-09-25T05:17:20.114887
da616784a94d3e50,True,2025-01-29T03:33:16.743371
3549cdf15c993c8a,True,2025-04-08T06:29:43.765987
9b9c0083ecfd53cd,True,2024-10-29T15:17:34.205464
ccf0f26e13181c8c,True,2025-02-10T16:29:16.564998
7e948a792e1d4f03,False,
c896c376e9c8666e,True,2024-06-19T23:20:09.119336
b383bf3fa0e266cf,True,2024-06-02T09:49:41.426180
571014be09d6cb39,True,2025-04-19T02:54:33.507729
e4e7cceea0588ddf,True,2025-02-24T09:42:49.783140
0d6b27eb05dcee37,True,2024-12-13T23:02:28.876831
ac1045da9179e409,True,2025-03-20T11:58:54.593040
604f11537d375829,True,2024-09-25T18:25:06.746103
dd7d371f721fb2b6,True,2025-03-13T13:03:36.666984
7e948a792e1d4f03,False,
7e948a792e1d4f03,False,
7def11beb08e0fdf,True,2024-05-05T19:07:21.298762
e91a15332a27415e,True,2024-05-05T05:01:58.124224
06dbd8faa7389c4c,True,2024-05-08T15:55:12.570146
9b218e7715e94f86,True,2025-04-19T18:04:28.086412
e1cda62cd7cc7f35,True,2025-02-06T08:32:54.189312
72376920bb801acb,True,2025-01-14T13:12:48.773726
94ea842c18903fc0,True,2024-09-03T23:54:01.557526
10e3f485c2a26e65,True,2024-05-21T05:52:35.354647
cb8a11abcaf799f8,True,2024-07-23T01:30:37.423035
6f374be53b7f17ea,True,2025-03-03T08:47:13.109731
e7d13d86b8ae0774,True,2024-06-24T10:57:21.685877
c4deeb9a8bb1dbf9,True,2024-10-04T14:49:00.022433
5ce94da635f6deaf,True,2024-11-27T12:53:29.109074
acff9b5ede1c42d6,True,2024-04-30T10:39:08.581359
d5f55991eeff0987,True,2024-11-12T01:56:05.588449
7e948a792e1d4f03,False,
a5d5dfb50570f187,True,2025-03-03T20:02:58.158046
b9ec8d557649fa2e,True,2024-09-27T08:55:39.110324
60a0dcb1703f839e,True,2024-06-28T19:11:44.927491
bd861a91bc6a1c83,True,2025-04-10T18:02:23.831306
e901b77424331a62,True,2024-11-14T01:46:17.745373
f283cda7e0fed4a5,True,2024-06-21T21:01:02.482268
7e948a792e1d4f03,False,
7e948a792e1d4f03,False,
57b4643e7ed1b148,True,2024-11-02T23:02:47.477348
2d93aed80ad76399,True,2024-12-02T09:25:04.829241
599da758b21b5526,True,2024-05-26T07:12:11.977804
55dc5908a04e5d5c,True,2024-05-14T02:46:43.177120
c208fe50662581d9,True,2024-12-13T13:09:34.298283
554c4efaecbd1a87,True,2024-05-20T19:19:33.474736
7e948a792e1d4f03,False,
7143d18717ccb740,True,2025-02-24T15:48:59.444427
0723445d715bfebc,True,2025-02-18T03:37:01.865951
173c91e9ae379ee4,True,2024-11-04T12:44:18.409808
d7fee21243f51e62,True,2024-10-21T20:22:13.463088
104dceb92891e8b2,True,2024-09-18T16:40:08.227495
f13902dd5ead43e2,True,2025-01-29T20:01:06.081575
945ebff09ea5cd20,True,2024-09-19T10:22:54.899157
f682eaa1afef9161,True,2024-05-11T04:07:55.363073
98b52fa7046a3a01,True,2025-02-16T12:32:13.730603
04bb4b98fae21958,True,2024-10-09T13:39:15.055300
62b34f058dcab23d,True,2024-07-09T03:40:39.553024
3db47628170b2199,True,2025-01-22T09:15:13.467761
e61e39dc237497b0,True,2025-01-05T11:17:42.199837
8d2864a51aa49510,True,2024-06-21T06:49:27.085713
f83faec9b1109beb,True,2024-06-06T23:34:28.081873
3fb439894e5ac691,True,2024-07-09T20:12:45.729665
8169a78a6877d33f,True,2025-04-07T14:10:05.182592
68e6fe2c554c1206,True,2024-08-25T16:19:03.609013
0f46d70b811aea2f,True,2024-11-10T13:35:10.692152
6466af1917f5e489,True,2024-09-04T05:53:13.402454
4c9a6b8460fd5aed,True,2024-11-28T08:04:52.431731
3878dd95d6676629,True,2025-02-07T14:14:53.138660
7b76cb36621cca7f,True,2024-06-24T04:57:08.671164
4f47e7d70b4ec841,True,2024-12-03T12:57:15.517153
bac099ba0a433180,True,2025-03-29T16:18:29.846309
fa6e6a3c22e5fc4e,True,2024-08-06T03:41:04.465703
7e948a792e1d4f03,False,
ae0b7fb305161109,True,2024-10-01T08:09:39.745952
7e948a792e1d4f03,False,
48773ca0e5de9490,True,2024-05-26T21:36:28.438218
7e948a792e1d4f03,False,
45f259e47e5b4967,True,2024-08-08T06:26:33.030014
1f1a0b15a7baa80f,True,2024-12-25T17:45:57.006079
cbc986f6c41ffe10,True,2024-07-09T19:52:04.698606
7eb2a8b83b2ba8de,True,2025-01-15T20:17:18.399900
85b6255454cd855e,True,2024-07-01T01:31:10.527674
e7221ea157bad201,True,2024-08-06T09:55:54.110333
4153adc18d19ef2c,True,2025-02-21T06:49:19.323859
53d5ff880d1f8510,True,2024-10-06T19:48:06.477545
2ee6c0e63df34e20,True,2024-06-07T05:48:17.176071
b5d1d48f11538374,True,2024-06-23T15:20:18.690279
792d3123a4fa8aea,True,2025-02-02T10:54:34.178546
319a9eddfc688394,True,2024-08-31T11:16:59.973008
1e356dc7f2d2eb01,True,2025-03-11T14:43:29.626940
5261e87060cecd7a,True,2024-07-06T03:48:05.552656
7e948a792e1d4f03,False,
c911e774b9a2f572,True,2025-01-31T10:15:37.066237
0b0c867c6cdcc0c0,True,2025-04-12T10:36:49.181817
0b0c9e56c0745fc1,True,2024-09-23T02:17:26.956690
8a5496cb4e91a3ad,True,2025-03-04T11:48:19.213882
c5220cb68a17ceb9,True,2024-07-08T02:19:24.894681
7e948a792e1d4f03,False,
a47c7742af81f04c,True,2024-12-06T12:40:48.336131
16a103dc5ced0109,True,2025-03-04T19:59:49.406316
515d8b28f2407820,True,2024-09-19T20:11:38.083153
110acfec92c81382,True,2025-01-27T13:59:59.837579
595e154514653e24,True,2024-05-20T20:08:52.091950
8da33b566cebf41c,True,2025-01-12T12:57:13.461463
cd8f0f3ede442fdc,True,2024-11-02T21:02:48.180470
a1cb0e585066a08f,True,2024-04-29T17:47:20.871785
7e948a792e1d4f03,False,
7e948a792e1d4f03,False,
8fee18c403c38f7f,True,2024-05-09T19:41:46.927983
5cc0890ac4c3fd54,True,2024-11-07T17:03:17.227177
a27afb11dd2cd88d,True,2024-04-29T14:48:58.493004
7b3a35aa410e2506,True,2024-09-10T20:00:57.408684
a35d35be93eeb510,True,2024-05-24T16:02:45.319540
b0edf2bf8889bb06,True,2024-06-23T19:57:53.501939
d7d79c15c95e0b71,True,2024-09-07T08:22:30.351817
dfdaa635973887f8,True,2025-02-28T00:38:41.322222
02d6ec72942d1fc7,True,2024-12-16T16:13:58.515766
016fbc33f9e15881,True,2024-09-28T12:31:52.605508
5e2045f90de5209a,True,2024-07-12T06:32:25.181271
58e9b1c9e85598bc,True,2024-10-26T22:11:04.775625
d3ede5843de7186b,True,2024-06-28T19:53:12.358639
78e05b5e9eac772b,True,2024-09-27T09:06:06.413881
33b50e5872c00f7f,True,2024-11-06T03:08:03.623913
d495c24466c63d3f,True,2025-03-13T17:38:02.945816
7c89ce43c7c4456c,True,2025-04-17T20:27:21.749428
a5ca428f6b3f5bb8,True,2024-12-03T19:19:46.029216
13f6bed5ed8dcf87,True,2024-10-01T12:42:13.419544
2c2e5b100cf0b535,True,2025-02-22T20:07:49.407851
1bdbf13aad45b04e,True,2024-05-02T14:14:15.676214
fdc4b3f07f1b3b74,True,2024-12-30T22:07:05.852003
12339150075e1c51,True,2025-04-12T00:21:17.509605
55f0c7f672e1241e,True,2024-05-15T17:44:47.721048
c8ae11fd2f5dc36c,True,2025-01-01T14:18:02.329606
5d9dbc9c4ac8ca85,True,2025-04-07T16:12:21.409061
7aea10af0fb40189,True,2024-11-10T17:51:27.403785
9a1044a0e1ec6094,True,2024-11-23T12:02:02.947697
8d8d558658a8ad51,True,2024-09-09T06:50:19.177758
e96807f7c5d2096d,True,2025-01-30T01:51:05.547310
ef4bf0414752852f,True,2024-10-27T13:26:38.764079
cca8ddf264c21b69,True,2024-08-11T10:10:04.705971
0f426782a3b2b84e,True,2024-08-02T09:45:28.136666
579f7370265a03a6,True,2025-03-08T11:05:54.443476
6c22e377598bf632,True,2024-05-04T08:10:53.821404
4ba1deedaaffda68,True,2025-03-19T18:17:28.428097
595f37086809091f,True,2024-10-20T15:23:35.519455
67b990739a507959,True,2024-10-09T00:49:54.389335
f1cd38252b0a0a15,True,2024-09-21T15:09:36.587177
678b2c60d84e0a0c,True,2024-11-22T00:46:05.553178
0e9ef5d8b25c6a7f,True,2025-04-14T23:17:28.228215
873751f9874bde40,True,2024-05-11T19:14:43.905651
c8bf86e28ac9eb72,True,2025-03-07T22:15:18.523283
59b5d2aa18adfbcd,True,2025-03-26T04:44:27.012197
d8903e542c757035,True,2025-01-15T10:13:47.034288
e5ab33aa140516b0,True,2024-12-07T05:26:40.625334
4feb7b3b60fde8a2,True,2025-02-21T06:26:43.549290
8b4cf6486a87cd03,True,2025-01-13T17:35:50.406085
cc45e96d6d04dc2c,True,2024-12-17T05:14:31.516241
2c89b6c8f8a53836,True,2024-11-14T02:24:44.273499
a6d5b1ee8e2a9c31,True,2024-08-24T17:35:22.196002
e093c58dab94de04,True,2025-03-03T08:16:00.784730
686fbece2ae8ad2c,True,2024-12-02T06:28:56.081221
3fbfdfefccd42004,True,2024-06-02T02:04:13.556600
6f205496d510fd97,True,2024-07-22T05:37:47.897209
7e948a792e1d4f03,False,
7ffa950490bac2d2,True,2024-06-21T14:54:37.501478
f9575876c508a2fb,True,2024-09-17T01:15:00.169163
7e948a792e1d4f03,False,
7e948a792e1d4f03,False,
df29553b0889727e,True,2025-02-23T06:50:34.863485
e60b23e630258927,True,2024-06-25T08:23:54.885584
f2203911a3e17977,True,2024-08-20T19:19:34.298099
7b3b491fca26e16e,True,2025-03-21T13:06:59.050255
d352497267c74c6a,True,2024-07-18T22:33:09.286774
4605f5d16f0f3081,True,2025-03-06T21:36:44.313313
cb5f4408c7c30db7,True,2024-10-30T16:02:13.980069
7e948a792e1d4f03,False,
7bdeaf1168ff3069,True,2024-10-17T23:42:15.934336
799358ada78b5248,True,2025-02-13T23:38:48.915718
7e948a792e1d4f03,False,
224eaa61ce32441a,True,2024-07-07T12:47:59.506218
cff02665bf0d7287,True,2024-06-05T12:16:48.727051
a1717f71f2add13b,True,2025-01-02T17:36:30.721661
5c1b9efd403183f7,True,2024-09-23T10:47:04.750714
cd8a3024ca6225c2,True,2025-01-31T11:41:42.577145
d2c8133785c92c02,True,2024-11-13T08:51:21.577485
d558e16b84012eb4,True,2025-03-13T12:00:21.046077
c571fba46f2199cb,True,2024-07-12T04:12:38.378824
900cea67c8d0f0ce,True,2024-09-23T07:46:59.708532
7e948a792e1d4f03,False,
1a5a9b650eb546ca,True,2024-06-23T19:11:34.359351
452b59fecb44e79a,True,2024-10-01T19:13:38.752057
e8f931443cd4890d,True,2025-01-03T18:36:56.731515
a0dfce42a691b36d,True,2025-01-16T13:22:55.880407
c5400b23d44e7d0b,True,2024-07-18T19:38:21.514369
7e948a792e1d4f03,False,
d856865dcbfcd9e3,True,2025-04-09T21:34:48.970390
665d4b747dd58fc6,True,2024-11-26T11:28:02.409725
51ca2e4518ad516c,True,2024-12-26T04:43:30.379197
ffab21ed08b01790,True,2024-09-05T01:44:25.415767
2a4514973d129429,True,2024-08-26T02:07:14.004968
4c13507cce57ef8e,True,2025-03-05T21:35:32.637253
7d6f392cca9d2585,True,2024-12-29T05:55:59.465848
a4ca5b26dff680c6,True,2024-07-17T17:42:39.614000
6aa80e6e1f884182,True,2024-04-29T05:54:05.519789
09868cd7668a3791,True,2025-01-09T01:28:42.923599
7e948a792e1d4f03,False,
ba79ee10ebd3d7d4,True,2025-03-12T07:44:48.348055
4b8aaa89c00e140d,True,2024-07-08T16:00:24.525743
b522bbf58f2874d5,True,2024-06-25T11:31:25.678483
c03cb2834a5dbea9,True,2024-05-11T15:44:45.070218
7e948a792e1d4f03,False,
70d8d6126bbe5006,True,2024-05-24T16:08:36.201722
42d1f35f346a08c4,True,2024-08-04T09:45:21.143572
0e170bacb865f384,True,2024-10-26T16:15:36.415344
6e751c3286e757a1,True,2025-02-16T16:17:58.803855
65f626f7bb74d2f2,True,2024-07-21T23:59:18.750010
cda5c29e97a5e48f,True,2024-12-25T09:25:16.117392
23ff9a122b5b3dd4,True,2024-11-16T16:46:41.150452
9e7434f0c429dc29,True,2024-06-24T17:42:00.320648
af589cae13957817,True,2024-09-12T05:16:47.339141
9631f904245f5d2c,True,2024-11-21T10:57:48.002753
73556241ea79d013,True,2024-06-04T21:17:35.282546
283e6bb61adcbdef,True,2024-06-17T04:29:46.971044
84c503204bc065b5,True,2025-02-08T09:49:50.081323
7749f694f490532f,True,2024-10-23T02:01:25.525035
a795a6f4a0fe7419,True,2024-05-23T03:00:29.410660
58bb738f717ac606,True,2024-09-03T05:04:10.805159
2db753e8e1eafdeb,True,2024-12-20T19:22:52.240905
2d5c6ec7af708823,True,2024-06-17T02:37:07.032261
b09f6cbae8492cd9,True,2024-10-28T15:23:10.844443
41aecafeea983247,True,2025-03-02T08:39:10.272703
24a8faf83605159f,True,2025-02-13T08:56:52.289296
82e35aec006e762b,True,2024-05-11T13:31:30.469289
3ef56c0633d94d21,True,2024-10-30T15:06:54.832507
aced9e5101104881,True,2025-04-14T11:14:14.210990
5bf22a1e0b254454,True,2024-06-29T22:37:15.142302
e85b05d33468714f,True,2024-07-09T20:40:11.029528
7b7a41a1231198be,True,2024-06-10T04:56:09.034270
7e948a792e1d4f03,False,
30798850c1b63908,True,2025-02-05T19:23:20.229525
a7680f2652514fe3,True,2024-11-17T03:30:55.898340
2147e96e8874f043,True,2024-12-30T01:02:07.141863
cc9dd6b6fc5fb65c,True,2024-10-16T04:01:51.404683
92ae64fed63aff24,True,2025-04-12T21:25:21.375734
ec354679b7f9f70d,True,2024-07-17T14:02:58.336274
222c32fd10e30bb5,True,2024-04-29T03:30:43.862114
f76c96eac10cd1fd,True,2024-11-25T05:37:27.398215
e328c7b66bf2a7b5,True,2024-06-15T09:51:00.762853
3a467a102418fe09,True,2024-06-28T16:12:06.422917
67e0d2a01a6f6930,True,2024-05-18T00:54:35.485779
7c3037089208fce2,True,2024-05-07T14:10:22.905960
7e948a792e1d4f03,False,
dbfcb9b232ddac00,True,2024-05-30T23:44:37.391030
a1c48bcdf50228c7,True,2024-08-07T15:21:56.995885
19b921f4f6c94fdf,True,2024-10-20T01:31:26.248276
93cf55ca79b5d7b1,True,2024-10-30T04:59:01.919533
6d987adaab6046c4,True,2024-05-18T03:00:35.146214
9228f264f075dada,True,2024-09-12T19:47:55.563257
5ef33cf7516c3df5,True,2025-01-26T02:52:50.812874
4a093295b7e19081,True,2024-10-14T04:54:15.387403
50c891320f51e4df,True,2024-07-08T16:45:32.222216
2042dfefd1199661,True,2025-03-11T00:36:30.259510
05749aeb65484d73,True,2024-06-29T14:50:26.394257
e465b0b5e8b0ef0d,True,2025-04-08T12:18:11.726714
5ad230fb9dcdd47a,True,2024-07-06T11:23:10.680245
7efbe27382439957,True,2024-06-16T14:45:53.037752
8dfb17bba88bf90b,True,2025-03-27T11:09:34.514180
18331a6f8ca84047,True,2025-03-01T01:22:17.607490
56c660cb016ce501,True,2024-12-10T01:20:09.212521
12e58b6b680d2df3,True,2024-07-21T08:47:36.418230
ae88fac97075ddf9,True,2024-08-20T04:55:48.049515
ef55c5ce0c9a44c0,True,2025-03-07T10:49:13.967420
7e948a792e1d4f03,False,
e047a9b165b66891,True,2024-10-21T14:37:21.204126
6f8f898852f2b2a3,True,2025-01-13T10:24:45.846811
ebd0cba2f1089d78,True,2024-06-28T09:19:40.696080
63a1edf10ffb0fcb,True,2024-08-10T20:41:50.539603
87474d8d33f82fa8,True,2025-01-17T18:49:58.329964
4f15405e6ceb9820,True,2025-01-25T00:47:11.790779
2e1bfb13425bd7d8,True,2024-09-27T22:21:50.626847
d1720bcd81889459,True,2025-04-21T20:42:29.890541
9d4cce0249ae4025,True,2024-12-14T03:27:50.141277
ab4c1395f70986d4,True,2024-12-20T12:40:23.771119
3712e40078d9af95,True,2025-03-15T19:11:26.321920
7e948a792e1d4f03,False,
15498a6505f1f936,True,2024-10-17T18:50:30.131983
74c8ca79d1d0e793,True,2024-05-16T09:16:08.796156
22189ab11592aa0b,True,2025-02-15T18:34:27.719805
7e948a792e1d4f03,False,
75a70836d1c436ea,True,2024-07-10T22:00:44.450741
f6e31accd53d023d,True,2024-10-01T14:17:07.601915
12536b2e992d2db1,True,2025-02-17T19:37:35.336446
c9d3cc6e9b129614,True,2024-06-27T23:23:25.957284
a585ffb68938b27e,True,2024-06-06T20:19:50.031472
97edec70fd0c326d,True,2024-05-06T04:57:33.802576
c3401e2f9eac274b,True,2025-01-14T13:53:17.432758
cdacd01e93c7c59f,True,2024-07-11T18:05:07.369182
29eaa6d58bbd1920,True,2024-08-12T00:48:36.717943
7f4dd67a48e73e7d,True,2024-09-19T17:22:47.958313
807b0abfd00a6170,True,2025-04-23T04:23:54.860355
d2ccd43207889868,True,2025-02-20T09:00:33.992682
e72cf4d76e165cae,True,2025-03-19T00:44:42.992740
f37c53ef5d8b7419,True,2024-12-22T10:14:42.374152
f7e33736a6830ebb,True,2025-02-19T21:15:59.788063
2620eed43e44b9aa,True,2024-10-02T00:09:04.590668
bf58a0c4155cd1d1,True,2024-06-08T08:34:21.479998
50a9b3b14aa542cf,True,2024-11-21T11:35:40.833673
f479b743c890cb25,True,2024-05-05T04:52:28.710286
7e948a792e1d4f03,False,
738a328a05a7ee09,True,2025-02-06T12:50:19.994704
06ecddac0656dfdc,True,2024-06-17T19:15:51.079171
0693ee60b89b04d8,True,2024-05-18T16:02:18.301615
cf29a24538f05a17,True,2024-05-15T10:26:35.262407
299cd38b102a08b6,True,2024-12-08T18:13:35.845690
b37416f5f5afc38e,True,2024-06-23T05:08:57.435435
7e948a792e1d4f03,False,
48276a75857998c5,True,2025-01-23T23:17:11.900555
0e5b532fb0696a2d,True,2024-12-10T05:14:31.541269
26f72a463febcea9,True,2024-06-09T20:41:28.847664
7a3384212309919f,True,2025-02-24T23:50:00.601605
0942679d0f4b8ff5,True,2024-11-05T09:51:41.625938
f8c124f630a3fc79,True,2024-07-05T13:52:15.386148
74094431c7fd0b37,True,2025-03-17T20:31:33.077131
33c59e1e0cb18b38,True,2024-10-13T07:03:00.854420
ba99615a245a22d6,True,2025-03-15T12:03:36.140668
2a737c710a9ed9a0,True,2025-03-28T06:24:15.135295
3f97e60e8d5a9e95,True,2025-03-27T22:04:30.759563
ecbe854afd87d442,True,2024-07-04T12:40:47.965378
e4d1792884e8857f,True,2024-05-08T09:59:52.311891
510c3beba739bc89,True,2024-05-30T21:56:19.700950
1aaf6ca851503a2a,True,2025-01-16T01:58:02.494083
8897e0b272faaf0c,True,2025-01-15T20:21:12.264801
7a8f13879c7f7021,True,2025-04-25T07:37:17.526014
e4b6d87eb74c8cfc,True,2025-01-28T08:59:19.402304
7e948a792e1d4f03,False,
f198eaf2d5870c15,True,2024-10-17T18:55:43.861064
d2ee0db252f22bff,True,2024-12-12T07:52:27.002226
f9cd85c103f05330,True,2024-10-19T17:09:14.772854
4bb6e632a7f118d2,True,2024-09-18T23:37:48.224808
7e948a792e1d4f03,False,
3506652a0df7d7d3,True,2025-01-18T22:55:28.173460
e8c356bfecd69120,True,2024-07-16T16:42:34.604336
d06da200fa9e7226,True,2024-07-25T03:52:46.303261
7e948a792e1d4f03,False,
274fc11697c6246f,True,2024-07-24T22:13:51.007724
b4e72fb15e9c3978,True,2024-11-24T01:13:57.543751
87bbad41b2214257,True,2024-07-13T21:00:33.909965
7e948a792e1d4f03,False,
b1fbfd1d574eab14,True,2024-10-30T06:28:25.103451
365e5fcc40b3a8a2,True,2024-12-23T03:48:19.441431
d5e4399b87cb503e,True,2024-06-25T22:21:46.391007
26c12888df7906b1,True,2024-09-02T03:25:09.432045
447139c3625ba3cd,True,2024-11-07T12:37:19.558680
7a56b5029f8c2396,True,2024-12-17T02:21:07.555891
7e948a792e1d4f03,False,
ddbf95dcd7396f8c,True,2024-09-13T04:08:14.947405
277653fccc6e6180,True,2024-07-05T16:10:05.685935
8c060286a8b21cdd,True,2024-08-24T13:20:38.045274
7e948a792e1d4f03,False,
5ba643735b9adea4,True,2025-03-21T03:21:58.722317
ef6ceb857a61b113,True,2025-04-15T19:22:41.646073
105afb7d78da3742,True,2024-10-23T00:23:25.408557
4904db66c896977f,True,2024-10-26T13:42:03.186020
2e0c8bf6e5f67c08,True,2024-11-04T22:45:30.183047
56d2f11f58424f67,True,2025-03-03T00:58:39.422298
ffdfdec6292c4359,True,2024-05-24T15:11:09.982364
88fc77533e5e1c53,True,2024-06-06T09:13:34.963758
9c431fd35618340b,True,2025-01-29T12:46:00.980985
127a85a1d7cf33d5,True,2025-02-05T13:01:01.538730
60c77ad527bdb5f6,True,2024-12-23T09:44:27.648548
e4ef86f3658c26ad,True,2024-12-03T20:34:09.112668
6c92798e1bf7e3af,True,2024-08-11T00:11:23.000679
84d5b5558da858d9,True,2024-11-04T14:21:46.282075
1681cf3051d6619c,True,2025-01-08T03:18:06.102692
48df131854ee9064,True,2024-09-14T11:58:33.030881
52c448fdbc6ab50d,True,2024-07-30T14:34:20.971454
03c302d70ab7ff14,True,2024-10-30T05:20:43.727557
d4c113a711390c91,True,2024-12-12T08:15:55.287444
7e948a792e1d4f03,False,
63fe6e208329ad23,True,2024-07-11T07:45:55.559018
599969e6f1afc31e,True,2024-07-28T17:05:07.711509
3ad321b0b6653bfe,True,2024-06-03T20:36:00.450292
d45141f165e470b5,True,2025-01-18T13:08:04.932662
0dd361c06c9e2b5b,True,2024-11-13T15:54:02.657720
16ccf467f2f8e3d0,True,2024-12-14T07:06:29.673898
e309d0a3beece77e,True,2025-03-07T02:26:41.851944
54167bdf81252f70,True,2025-03-19T10:57:35.702847
7e948a792e1d4f03,False,
b49e25fa13666977,True,2024-11-15T18:53:52.828900
ba100b5fe2954a00,True,2024-11-08T15:35:04.390260
074f3acc8bd3c748,True,2025-03-30T21:40:35.107561
eb5123f92284f551,True,2024-08-26T18:32:10.371169
29f4bb2396cff24d,True,2024-10-14T09:35:49.725950
5a99f185e3fd61f4,True,2025-01-26T06:20:52.478292
c4d54c008550aa3b,True,2025-04-09T06:12:41.377512
86de7c5d26154ebd,True,2025-02-07T05:45:19.128930
7252181f0ef81627,True,2025-03-18T08:38:54.835388
c9339d13ad96d511,True,2025-01-31T12:22:17.024422
035b675eae41a76d,True,2024-05-16T06:16:54.683596
8599f7d8f546df01,True,2025-04-13T13:35:20.938487
f8d24b0b7d66956f,True,2024-05-08T11:15:37.335681
756d8c2bed614087,True,2024-05-18T06:33:33.208730
b447ae9f11910793,True,2024-08-13T14:11:49.969654
ca03903d93ee2f95,True,2025-04-03T00:04:36.860382
df4785151776d2cb,True,2025-02-04T13:04:33.048645
bfae6ffc52473c1c,True,2024-11-05T17:38:49.492617
de72bfef11d4c28a,True,2024-09-18T21:11:59.707360
e4fb514a995d345b,True,2024-05-16T09:31:07.351789
8c5f7ab9d010c55a,True,2024-05-23T21:49:09.836331
72c03e0d2aa234cd,True,2025-04-13T15:47:53.382010
c9a5ffd0325b563c,True,2024-08-16T10:58:46.974914
e152c4d30ab314c4,True,2024-08-09T17:19:47.903968
031de77ad89d09be,True,2024-08-18T03:20:07.656500
c08d4ac227a516d5,True,2025-01-18T20:19:46.146983
ecc408177b995bff,True,2024-05-26T19:31:16.901677
bf5855bcd368e71f,True,2024-04-29T15:36:50.304766
7e948a792e1d4f03,False,
2bdf2d2ce71a5243,True,2025-02-16T14:23:33.801235
c0673b32e2437b31,True,2024-05-13T22:13:38.990576
4c27e8d768318008,True,2025-03-26T08:11:08.932254
4048f70acba7c07f,True,2025-04-02T07:29:13.400615
eb42594d5d3984b0,True,2024-09-11T22:57:49.930857
347ff2b4a8c02f33,True,2024-05-04T22:35:36.202370
a120517f574d9e2d,True,2024-06-03T16:04:34.674308
23b5d75f2d0c3b67,True,2024-12-06T14:05:33.750661
16ded1c15dec06ac,True,2024-08-15T21:35:54.064733
decf1b37ddf223d3,True,2024-10-14T02:47:56.755778
285899cde18741b7,True,2024-08-16T22:33:32.337816
d5f0497911135eb5,True,2025-03-17T17:26:43.998604
7e948a792e1d4f03,False,
7e948a792e1d4f03,False,
b99e9dfab3b95ba5,True,2024-10-12T03:06:22.786822
4f9c19d1e85a7d7c,True,2024-07-05T04:43:32.605346
09f5ca331707c69a,True,2024-07-29T23:19:27.313643
d24dc07f6aa8e240,True,2025-01-17T16:45:31.177010
217093c8fd3b6f60,True,2025-02-03T19:11:48.389054
93443293cc9a5669,True,2024-12-16T05:23:32.902546
9cac4a1702eb99eb,True,2024-05-23T20:17:47.256632
8e56da0c9943b922,True,2024-11-07T04:54:10.848228
7e948a792e1d4f03,False,
33c9a7e82b90bacb,True,2025-03-31T06:38:45.852174
7e948a792e1d4f03,False,
aae77a525de04da9,True,2024-05-27T17:56:39.893458
b7045c113f2a1d42,True,2025-02-26T14:40:59.550061
8fbf2e91bf77f162,True,2025-03-29T06:43:25.126400
ee384be35e41f589,True,2024-12-25T19:46:56.502854
2ce8ae87599d050a,True,2025-02-17T13:47:30.643201
7e948a792e1d4f03,False,
66998cd763bb2e74,True,2024-06-08T14:00:22.061846
076d9d84fc4486f2,True,2024-05-06T06:36:20.011195
b79172fd5e848bc6,True,2024-12-10T00:34:59.089067
b8684cf758ca07e6,True,2024-05-23T13:34:19.086925
7e948a792e1d4f03,False,
2fad79bcce639db0,True,2024-08-19T17:21:02.542085
ca05b29c28934b73,True,2024-10-09T23:47:37.698028
93def99c7393283f,True,2025-03-11T11:02:19.888377
6c0fd94477c2afa7,True,2025-01-24T19:52:42.669015
30b753bd16925c92,True,2024-06-01T07:29:40.761797
7f6b97608dcdffc9,True,2024-12-03T21:52:46.962456
562b65124da2692f,True,2025-01-01T01:45:04.279590
7e948a792e1d4f03,False,
c05a23138286fb0d,True,2024-06-27T04:30:17.286834
d53481dd3ce6d133,True,2025-04-26T15:04:39.572361
629092fd4adae32f,True,2024-09-27T14:45:27.946522
0a4578ba2130260b,True,2024-11-23T19:47:44.775193
6ea7d29c89e24c11,True,2024-06-17T00:55:02.337620
a72afe3283286708,True,2024-11-18T02:30:45.793995
ed38be79b27035ad,True,2024-12-06T23:19:42.783453
793c8fd6cfddeecf,True,2025-03-22T07:50:36.185189
33426d67431dff12,True,2024-11-02T18:31:34.139139
c319225899bf514a,True,2024-05-27T10:54:53.851210
f5d274c5f2577e13,True,2024-12-01T02:13:40.403669
a2790d91fd7d84bb,True,2025-04-15T08:08:35.942563
8617ed107314cac6,True,2024-05-03T17:38:18.248785
90c4a7d4c84a60a3,True,2024-05-28T05:26:27.375397
504ea38d20f768ff,True,2024-09-29T10:47:14.986280
14ec5b528088498e,True,2024-08-07T19:37:51.710543
81a8adea3e734087,True,2024-05-03T15:57:57.372218
888c56f2df6b28cc,True,2024-05-02T21:04:11.885845
5238a856a85dab74,True,2024-12-25T08:57:32.111305
d0e3db497faff3c7,True,2025-04-07T11:30:54.178888
7e948a792e1d4f03,False,
5dafdc78143c2282,True,2025-03-05T16:22:41.655963
769c1c2c7ee7a749,True,2024-11-16T06:04:18.642600
bb33526cc822bc1e,True,2024-10-07T12:14:36.586107
7e948a792e1d4f03,False,
ba3e56ff675ed696,True,2024-07-07T15:24:00.744649
94ba0678757b6bf8,True,2025-01-25T10:08:28.828228
baaffaa7106a7a4b,True,2024-10-22T08:48:23.388852
9dc2f0b1554d7ea8,True,2024-11-06T00:16:07.322919
41ad9108af439e8c,True,2025-02-03T23:09:25.709723
c2e6aaa78bc17467,True,2025-02-22T09:23:40.861679
87b86a3ce503a75e,True,2024-09-17T21:56:37.830244
979aeaf622b5b9fe,True,2024-09-25T01:24:19.801297
b893eece5c5d2543,True,2024-05-17T07:32:28.284419
7e948a792e1d4f03,False,
e6ec17235b6b932e,True,2025-04-26T09:43:32.168876
bd2cd6505b9d6bf3,True,2024-08-28T01:45:35.095272
effc8df94f7438a0,True,2024-06-18T15:48:16.697561
eee3a153e7e04ca0,True,2024-12-27T06:01:39.517040
f2236d9e7d0d92cf,True,2024-09-19T00:05:32.192775
dbe5cedd80045398,True,2024-08-24T02:28:04.887615
708591c7e3276ccc,True,2024-08-04T10:03:53.910011
7e948a792e1d4f03,False,
1305530699a3effa,True,2024-08-01T16:33:32.581819
e762cb913f516480,True,2024-06-20T22:58:52.199480
7599c7ced828980a,True,2024-09-09T18:35:39.290870
1b05078770cf0086,True,2024-10-15T17:54:13.317930
6f8607f968a8f191,True,2024-09-14T03:51:09.438950
47011a0ed2a48dbf,True,2025-02-08T23:49:41.719393
973776f9f003db01,True,2025-01-08T09:03:31.418212
df31ade47428bd43,True,2024-06-10T16:31:28.239559
ec931268f1537410,True,2025-03-09T08:21:51.282906
d0465eca7d86eda0,True,2024-10-20T01:46:34.952835
909ed2e47adac816,True,2024-09-01T12:13:00.742460
c2a0b63b9b65619e,True,2024-10-09T04:19:54.990875
064f77fecce73fe8,True,2024-10-07T20:12:10.447315
4b9a79c712dd29ef,True,2024-09-23T05:12:26.882359
7e948a792e1d4f03,False,
fc52f98c8a680be8,True,2025-02-08T15:39:28.842497
3f3382b21493ebaa,True,2024-11-20T13:58:23.992839
0bcf83abf54748f3,True,2024-10-02T19:10:03.633720
d135d7057d7a2749,True,2025-03-27T23:46:58.732361
b788a7f718b82d60,True,2024-06-21T19:48:40.139222
5d0b7b29cd4ebcb4,True,2025-01-18T08:57:12.118762
7e948a792e1d4f03,False,
690c8205d1a7b04f,True,2024-06-20T23:13:58.696466
61531d7e941dbdf5,True,2024-07-14T01:02:33.831696
484adf9e623db8f2,True,2024-07-28T12:24:09.540923
c699a927caeb6912,True,2024-07-06T00:44:36.369993
1a18c52e5ba80b7a,True,2024-12-17T07:44:45.200569
b76fe39cccfbbea8,True,2024-12-11T09:02:45.211857
8e89f9554eaef724,True,2024-12-11T09:50:13.463804
314e4eb51776abd1,True,2025-03-12T00:59:11.219499
d9df5c001ed7b897,True,2025-03-31T08:27:13.312517
b5e1f09a46415b32,True,2025-04-20T01:29:46.800351
b718b12d69853af9,True,2024-05-13T18:54:45.836530
c2297e77a83bd53d,True,2024-06-28T08:24:06.612707
efc06a2520492a26,True,2024-12-11T20:15:03.012097
51be6eb7fee06b69,True,2024-10-17T13:32:18.952520
ebb31002fe1e53fe,True,2025-03-08T01:50:02.323103
6570228fe29a1222,True,2024-07-26T23:40:00.183211
7e948a792e1d4f03,False,
50d83a7b84fa623e,True,2024-12-03T22:05:39.495738
335457f78c1d45fe,True,2024-07-06T05:48:03.012843
f192e9a627903096,True,2024-11-15T18:18:31.606696
7df9c238a0946f75,True,2025-01-27T10:42:30.248339
95a0311e5bd7f9da,True,2025-01-18T01:06:43.235230
7e948a792e1d4f03,False,
04020597739781e0,True,2024-12-10T12:41:14.116554
7ad2e17d2a6d34ff,True,2024-12-20T20:27:33.182775
3f6b315bbe4433a7,True,2024-06-24T02:43:37.720988
d6d0119726a13f6f,True,2024-07-06T14:05:33.983449
e147007b1d13a454,True,2025-01-15T22:52:12.631946
f51e50d8359ce433,True,2024-07-02T16:37:58.126518
338298a5882a990c,True,2024-12-06T08:47:59.550467
d188f1d1b7ee98a8,True,2025-02-17T09:13:49.854213
3de5a6a3b0fb2ce4,True,2024-05-09T04:18:13.629233
966520aa229ee7b3,True,2024-07-26T13:40:25.060599
a03bcd8027f2cfd2,True,2025-01-20T03:54:20.128740
cba6e9ea2ebba086,True,2024-12-02T06:14:11.430272
631175618cea2c1c,True,2024-06-04T04:35:55.202315
15861ce0b331ab57,True,2024-08-27T09:03:45.864590
128ee8cecd544cfb,True,2024-08-11T18:49:26.563829
923a790394ac8969,True,2024-10-29T12:50:32.985394
5f26c4c0e45b7dc3,True,2025-04-17T22:12:09.626145
52d6951fb94bb727,True,2024-09-15T05:44:18.657043
3448978525bd835a,True,2024-10-21T09:37:26.105646
cbe0c862622b7690,True,2024-07-30T11:53:45.967110
7e948a792e1d4f03,False,
55345dbd6be2aa3e,True,2025-04-28T03:16:51.517378
edd032f8024b919a,True,2024-09-28T07:17:15.898269
dd3833d01be87e75,True,2024-06-24T01:26:44.825441
de92ffeb72d464b8,True,2024-07-23T17:08:39.550970
7e948a792e1d4f03,False,
77f3d8a30cfc1f14,True,2024-08-23T07:02:14.614927
49c8625ab29b0b25,True,2025-01-19T14:59:31.757133
66ce1dd98ff63f5f,True,2025-04-25T16:39:02.936059
7e948a792e1d4f03,False,
7e948a792e1d4f03,False,
8084dc177412a65e,True,2025-01-19T17:05:41.787435
d58a1a1aab2efa93,True,2025-03-04T13:58:45.202999
d86d8a0d8492516c,True,2025-04-24T08:35:10.545036
5f603f2c710708a7,True,2025-02-24T02:32:39.305015
e0b8c68ddddb29b8,True,2025-04-03T18:11:33.517844
2d8f78ab2b52ffa9,True,2024-05-23T08:15:49.248695
b90a85d262c4498c,True,2024-07-18T03:01:54.148808
3d7634fcd30798e9,True,2024-05-14T15:44:12.516340
7e948a792e1d4f03,False,
a3327f8413f817f6,True,2024-08-28T09:06:05.599393
f8276ce38f9a53e1,True,2024-11-22T12:38:20.099513
0a34e6562fb48b41,True,2024-06-24T08:03:38.292637
b31a89c0eabe174c,True,2024-07-14T12:00:21.751127
301ee7b4d570ecc6,True,2024-10-28T01:35:31.679734
3ab2b8a6a07b33f2,True,2024-06-30T09:34:22.379564
ed0f78cd7b95293f,True,2024-05-31T01:16:27.224593
bedb1aa059ea9192,True,2024-10-02T06:31:11.163630
32ebaa1c81e00c03,True,2025-04-04T00:55:35.310113
83cb122fc08627d6,True,2025-04-14T15:46:59.462515
d83091903d66bd5f,True,2024-06-04T08:40:48.235695
faefcc7f5f5ee2bd,True,2024-05-02T21:37:19.203716
955ac36320e36044,True,2024-11-28T17:51:21.465460
3baaffddd7b55575,True,2024-08-03T22:39:52.730645
4e6f4a6c6d545930,True,2024-09-28T13:29:30.586233
79ab00eab6cc0cc0,True,2024-12-12T03:29:12.689997
c11fd1291b971086,True,2024-09-05T20:42:25.261389
1cccea4ae3c2a14e,True,2024-08-09T20:08:45.344333
76cb5c62e1c281c9,True,2024-10-03T06:21:53.409761
4733645aaa5136ec,True,2025-03-24T13:12:18.307129
9d1bf7210e4b4157,True,2025-04-18T20:48:28.699192
95ef974e87d3d6bf,True,2024-05-06T15:15:37.119586
7e948a792e1d4f03,False,
ddbea2438808ac3d,True,2024-09-30T02:01:37.530478
7e948a792e1d4f03,False,
7e948a792e1d4f03,False,
0e0a0368bbff412a,True,2024-10-17T05:13:34.305713
54e4a002d1f2377c,True,2024-09-30T00:58:45.923889
3a4c311614bf966f,True,2025-02-19T09:15:39.416795
0a8cacb92df77766,True,2024-09-22T07:28:53.680141
c0d5402af9488619,True,2025-02-21T18:56:09.088431
67d227d963b3e7ca,True,2024-11-20T17:19:39.197507
2325e5c271bd90b9,True,2025-03-14T17:18:36.801786
7136b6854328c5c9,True,2025-01-02T21:37:27.547753
e233f35ff32a50b6,True,2024-08-27T20:56:43.887127
c7abe5436bbb8e8f,True,2025-02-24T14:33:02.491947
9de23dbe3cf4b819,True,2025-01-24T17:59:34.529728
9f6d23ac09c2e32c,True,2024-05-06T17:42:38.704024
80190ead22799e9f,True,2024-05-21T02:18:27.669219
9f21a8dd15f12343,True,2025-04-25T00:08:04.049387
a7ca2e7eb13c3a40,True,2024-07-14T06:41:22.817772
e2efbdea6a5db9fd,True,2024-09-04T23:11:09.878126
fa187785889122e6,True,2025-03-18T04:10:52.494721
b8d247cdeee266f1,True,2024-10-05T01:52:55.704954
ebc93d66a77ea4d2,True,2024-05-01T23:02:12.549561
1e16fd08089991e7,True,2024-07-16T03:29:54.273363
af921fd5a6d4b2c5,True,2024-07-23T02:16:23.366318
853126686c408372,True,2024-08-19T00:14:02.591145
3a45b9dd2e730fd1,True,2024-06-28T10:38:15.867549
7e948a792e1d4f03,False,
edefe1d0a3483c62,True,2024-12-27T00:00:00.106004
a9f40224d801d272,True,2025-01-19T23:01:27.333283
07f937691a62e255,True,2024-06-08T11:18:05.710951
689382af0a89c379,True,2025-04-24T10:28:49.878937
263c9bec55c3d8f4,True,2024-05-08T10:58:12.460061
872199b5b50f24f6,True,2024-12-23T09:23:05.221114
9191de88175634e2,True,2024-07-11T12:10:44.128088
7e948a792e1d4f03,False,
193750835c2e6bfe,True,2024-06-12T00:20:00.019314
fb748bbbc6b4347b,True,2024-06-06T10:13:41.493904
bf1991d6f9ef35a9,True,2025-02-10T23:18:31.265388
c7b87e12b84bcbb1,True,2025-01-15T17:29:11.580642
1b02e576e61968f6,True,2025-03-29T22:07:19.948768
6fb9aca1469a9d7c,True,2024-09-26T18:27:10.797175
73c13df26ee3fd12,True,2024-07-25T15:44:12.449301
2bf5c7b0a793bac7,True,2025-01-10T22:14:14.471488
b081899d719cb711,True,2025-02-22T01:07:50.651285
34fb0975bfd789eb,True,2024-10-24T13:39:00.751223
7ee6e5b2c4e651a5,True,2024-05-02T23:58:53.282676
004167ea81015915,True,2024-11-22T20:11:24.333476
52fdace5d1d6b90f,True,2024-08-15T02:56:03.788518
ffc219b9bacdcaaf,True,2024-07-31T10:04:37.594058
50607264b545dacd,True,2025-01-29T12:44:32.632072
b786981e48f8b263,True,2024-10-09T01:46:14.606625
aecde2f535e5b3e0,True,2024-06-30T00:15:14.606913
0554db0ee4fd4feb,True,2025-03-02T23:53:01.863889
78817ded778054b6,True,2024-06-18T00:23:33.572955
a0e0ec196ab7878b,True,2024-04-28T17:33:59.908094
7f3e2c1b01d6a3d9,True,2024-07-25T10:58:23.181688
7e948a792e1d4f03,False,
06f0054aff20d577,True,2025-03-03T08:17:07.435272
3e098efbc957419e,True,2024-06-09T01:49:02.196060
66de16ad48dc0f9d,True,2024-05-21T22:58:49.750833
34adaeff9e588eb6,True,2024-09-18T18:38:06.954397
e7c12e88e5420959,True,2024-10-01T18:04:36.938500
002a941305413ed1,True,2025-01-23T16:54:07.998242
251827989c8d1735,True,2025-04-13T16:50:01.890439
d28a06d72be41982,True,2025-01-16T11:23:38.211142
8c965920f1b3079c,True,2024-10-16T05:28:41.215819
992993fec8b698ce,True,2024-09-08T18:46:55.298484
313efea27ea49896,True,2024-05-30T03:39:25.525846
e13d5cda2606a246,True,2024-06-22T16:58:46.279298
7e948a792e1d4f03,False,
1cc46f6e2b7eed38,True,2024-12-27T12:29:38.553357
1f939dec8d1d68cb,True,2025-02-06T02:39:20.978789
389af43e9289b79c,True,2025-03-12T15:46:23.403362
7e948a792e1d4f03,False,
9cb317589d5c3f89,True,2024-06-05T09:56:07.008237
b4f86146c70c17b7,True,2024-08-02T14:13:00.866934
019b2dd54dc33cb4,True,2025-04-14T03:07:49.745464
95992e139dd40244,True,2025-03-27T17:29:08.702268
421caa3a0788f8c6,True,2025-04-02T12:07:44.312770
7e948a792e1d4f03,False,
2ea15eee4d30a0fa,True,2024-07-05T14:34:09.451699
ae72e7ab6eddf502,True,2025-04-12T14:20:05.584634
358deb394890e2b3,True,2024-07-21T06:59:45.621182
04de049d6a8bd6ab,True,2024-09-15T07:41:05.138402
c3e6df911466f231,True,2024-11-10T16:48:18.329787
3b94dfa46b9c90a2,True,2024-05-20T09:02:51.980041
79980a1a74abb192,True,2024-07-15T18:56:39.768423
fd73de631949d96e,True,2025-01-30T04:59:06.222203
ae4a5e212ac04401,True,2025-04-19T21:55:20.966801
ddb7318bb79863bb,True,2024-09-09T15:42:19.625083
d067e1bf5055daa4,True,2024-09-22T23:57:42.678583
27a030974d95df00,True,2024-09-01T01:17:51.463064
c1f72a3507b4acd9,True,2024-06-22T03:41:24.722897
1c5510e8e4d8733a,True,2024-05-14T20:22:01.476540
1e15bbf26beba98a,True,2024-08-19T16:58:25.534813
aa2f5021b668676d,True,2024-10-21T17:51:54.146230
108ace1256cded0b,True,2025-02-04T07:06:38.138000
3fe2bbfa2c63be33,True,2024-12-10T05:06:50.469064
8d130cfa898f9535,True,2025-04-04T14:00:40.244955
1f4c3f140d94770c,True,2024-12-03T08:06:15.519913
7a208d74e2286ae0,True,2025-04-04T08:12:31.469672
7e948a792e1d4f03,False,
eef6c5a5c7498854,True,2024-07-23T06:35:27.590147
5997329829cb6ffe,True,2024-05-08T19:23:41.033820
d9ce15460f5e716d,True,2024-09-11T05:48:10.747655
19c592321aa7f17b,True,2024-10-19T03:08:42.323096
691e7668b1744ff5,True,2024-10-27T22:13:50.434322
3867b29ab2190885,True,2024-10-18T14:28:47.188367
48fa4bcca1a9b873,True,2024-06-07T19:22:15.430784
b1ff7d74f68a433a,True,2024-10-23T18:10:10.767613
dff63a1cb95c186f,True,2025-02-01T15:17:26.781983
5ea95f67a07c1108,True,2024-12-21T11:46:40.415720
29bac6e381c282ec,True,2024-10-23T04:38:53.548180
6dacbcd5123cc245,True,2024-09-03T03:31:33.518725
7e948a792e1d4f03,False,
7e0a3a0c37d75a5c,True,2024-11-14T00:38:03.803200
bbe5744e679de761,True,2025-02-10T15:07:34.364326
5a0644a8641dbd2b,True,2025-01-10T02:32:15.893376
a9722d72346c38ce,True,2025-01-06T00:51:44.573842
eced88c82695766f,True,2024-12-21T22:08:45.060640
41dcf64664e0e02e,True,2024-11-03T04:20:13.697293
26cbb9d27196a37c,True,2024-11-22T20:23:30.693853
b493796b21a07146,True,2025-01-03T01:13:12.804228
f24fe5dcc2b26e29,True,2025-01-27T12:50:10.420128
e9b34328b5c00739,True,2025-03-03T07:18:54.463406
831e60ee5c521e5a,True,2024-05-01T23:33:03.735420
8551d774be204e04,True,2025-01-03T21:42:07.137437
2c985412e3aee2fc,True,2024-05-01T18:26:00.998606
d67d5c57e60717f4,True,2024-07-12T20:30:01.519145
3ae8b4a6e515cd37,True,2024-11-20T19:49:59.039959
b00aebb0ee9473d9,True,2024-08-30T02:09:42.860846
737e78399700a69e,True,2024-09-06T07:45:39.948457
875e8b375ff2a15f,True,2024-08-05T00:11:31.067098
788ceffa63163e4c,True,2024-05-01T18:57:28.231209
b562da2b41218e28,True,2024-06-24T19:51:19.017265
d651651552cf0712,True,2025-03-25T03:42:31.040323
c197c410d4c6e9b1,True,2025-02-21T20:45:09.072444
ed4b619e3804334e,True,2024-07-21T02:17:57.685994
4dcdf7c567b2f7dc,True,2024-10-12T10:45:22.528011
545ea8ff85f2091d,True,2024-11-14T19:15:29.512305
7ac23532e4c73002,True,2025-02-17T17:26:47.996592
bfdaca15314db7c8,True,2024-06-06T02:21:34.564826
9e0aebfbc12adfd1,True,2024-10-11T20:42:36.657064
30edd938ce2be029,True,2025-02-18T03:19:08.664857
7e948a792e1d4f03,False,
f56e9fe102a18b15,True,2024-08-27T20:27:04.119319
161b0c9290c0ea8c,True,2025-03-10T11:18:37.221898
311b24e1584990c0,True,2024-12-27T19:01:46.018107
93f9919247b80201,True,2024-08-17T20:07:49.306183
9827fe58d9ea61d0,True,2025-04-19T03:40:35.454368
88f2cf556a86e648,True,2024-11-07T22:59:24.948268
ee975aa3298d0383,True,2024-12-30T13:30:19.552793
7ecaee6a7fcd490b,True,2024-04-29T17:13:10.387658
abac500f49a7bbbf,True,2025-01-05T06:21:51.975487
b8009c5177621a71,True,2025-03-08T08:51:59.379330
7e948a792e1d4f03,False,
3cbeb341b3cdedf5,True,2024-07-25T02:40:49.901144
b76685e8ca2b31f9,True,2024-06-24T01:51:24.996076
b5d947f043770d42,True,2025-03-14T12:35:57.819700
ec8950b115fc699a,True,2025-04-24T13:45:45.485278
68e8157f788d2013,True,2024-10-10T10:13:59.869086
99e6063781c7f704,True,2025-03-13T00:29:31.701207
4422366cf09dd220,True,2024-07-09T14:20:37.648951
5695d82af7eaecf3,True,2024-07-29T07:55:30.864756
cd72502d0082e3c3,True,2024-05-21T23:48:56.993819
7e948a792e1d4f03,False,
c4e715632f31537a,True,2025-04-15T02:45:10.990877
d010bb3491be8c32,True,2025-03-26T21:13:35.641106
bfb11aa1023e54a6,True,2025-04-25T06:20:38.181933
f8a8693306dc8ecc,True,2024-11-12T14:23:17.908843
e05f371789d51c71,True,2024-12-25T06:22:24.012978
8887d2aa8c2bd7af,True,2025-02-12T01:40:46.889252
9032c76d6ef09359,True,2024-08-03T17:07:54.417027
65cf9772bc9da1d0,True,2025-02-20T23:56:41.116794
b9810237603f3758,True,2025-03-24T16:43:49.875767
ce63cd12c7a2aa9c,True,2024-08-28T00:33:11.085674
e303c45a66f9782a,True,2025-01-01T08:43:06.346949
415e66db0280ea19,True,2024-10-16T07:31:10.795935
0d154b8ff5243b0d,True,2025-02-17T14:48:12.587869
336a5af613e6985e,True,2024-08-27T10:58:48.087546
53d07933ca0f0819,True,2024-10-12T07:54:26.751217
b75525fcfafdbedb,True,2025-02-28T14:21:00.769352
a1f5794548c62a3f,True,2024-08-22T15:37:18.897707
e93a14b4de8e1d7f,True,2025-03-02T03:38:32.039872
7b6bbb1a7a06494e,True,2024-11-05T21:15:06.135712
6fd3b5990501b16f,True,2024-05-14T23:50:50.382720
7e948a792e1d4f03,False,
00ffa25462ffcd75,True,2025-03-21T01:24:02.844262
f06cb00823fb5ed1,True,2024-10-18T05:09:04.935434
ac2a2ebf31188a27,True,2025-02-26T01:11:09.379258
7e948a792e1d4f03,False,
a1d166b6119646f2,True,2024-12-28T11:46:06.866781
eb1a766d1c77a02b,True,2025-04-25T05:34:23.315263
fe3cea97baa0f3ba,True,2024-05-11T06:26:47.958694
5686b8a6c3abe1f6,True,2024-11-07T20:23:36.576987
ae53c207bbc501bc,True,2024-11-20T19:03:53.464100
b19550dcd6607a06,True,2025-01-26T02:40:14.351056
a60c396f1cbd9a4e,True,2025-02-20T08:34:48.494866
7e948a792e1d4f03,False,
26ec077370b1f1d3,True,2024-09-04T18:41:08.362103
0bdfd8ed1dd8e7d9,True,2024-11-24T05:01:34.317492
93aa86e126002f80,True,2025-02-27T15:19:19.133859
281dc56e9902e0eb,True,2024-07-31T20:53:54.111357
91b710acf34fcbc4,True,2024-05-31T15:45:10.627649
df5d53fcfd6e477b,True,2024-11-08T20:02:50.920054
80a7a43bfc27b7f2,True,2024-11-24T18:03:08.280993
7e948a792e1d4f03,False,
65ce89a530d7adcb,True,2024-12-13T12:49:23.239871
d13185c69201246b,True,2025-03-29T18:23:53.592919
439d1bb8c8774f7b,True,2024-11-30T19:10:23.941858
70a1468fa5df941b,True,2024-07-26T22:18:18.354520
96dcff4f06063f82,True,2025-03-26T14:05:45.402227
7e55eed0d46ee8a2,True,2024-09-06T19:35:27.446651
7e948a792e1d4f03,False,
9553973f4c02bc26,True,2024-05-20T15:47:47.670022
ed64cdb8063cb322,True,2024-06-06T10:39:20.502391
e674f93be2f578d7,True,2025-03-13T04:57:57.451095
b824952851aabb57,True,2025-03-02T08:29:05.858077
f52d10790245879c,True,2025-01-30T19:35:32.768958
c493400de9dc3b0e,True,2025-02-22T00:55:40.894231
1d9969746efdea1b,True,2024-08-09T00:17:16.287488
1627d482e7985d1b,True,2024-11-10T11:14:56.181626
e5e0913d091ac44a,True,2024-11-02T01:42:48.031824
c3d14ebab6b8b41b,True,2024-12-12T01:56:39.811913
7e948a792e1d4f03,False,
f6c153b3f73533b6,True,2024-08-17T12:40:44.021513
afd4296d8bcae449,True,2025-03-21T15:58:09.734228
e1800bc6d5cac378,True,2024-05-10T10:13:51.048784
ad5f30e4178903f5,True,2025-04-10T11:58:08.184988
8ff2da81e91765b0,True,2025-03-07T17:12:14.588912
81924cd291f91e4f,True,2024-10-19T12:05:32.194089
7e948a792e1d4f03,False,
f8f4752f816ef832,True,2025-04-23T04:19:23.963216
9277066044524721,True,2025-04-22T01:18:13.914544
500965bea5092372,True,2025-04-09T06:31:10.007210
49dea2d585c12c2d,True,2025-01-11T02:07:16.664910
20d03d9788c3fdec,True,2024-12-27T23:13:01.742131
2c4bbf0e77464665,True,2024-08-16T02:41:20.621732
a8c1602c328746c7,True,2025-04-24T16:00:51.231801
5c78880efbcd73d4,True,2025-04-26T03:07:52.063518
7745478aace6a582,True,2025-04-27T22:01:25.772175
7e948a792e1d4f03,False,
7a1b6ceec6c8a65d,True,2024-05-09T02:12:34.768903
6182183a5a16dca4,True,2025-03-19T20:48:46.706334
57b4a9a7631e60ac,True,2025-02-23T06:33:17.013454
3920c8ef11033d11,True,2024-05-24T18:09:08.073097
6e70f71b31dda2d5,True,2025-03-31T23:15:00.951867
377ab1efb3b11cf9,True,2025-02-21T16:01:36.458950
35ad25b87973e883,True,2025-04-21T13:40:49.645774
c0faa8ca7a1cd141,True,2024-12-21T04:29:01.360901
9ea73f28195fd5f7,True,2024-06-20T18:34:37.838198
c455863acef9812c,True,2024-10-11T16:56:19.233043
749f1effadc54c82,True,2024-09-28T06:26:47.673790
3b508cf50cba4dc2,True,2025-01-23T12:44:37.119127
2265c48a8405ed24,True,2025-01-19T05:23:29.916718
ca21a919d03853b0,True,2024-06-29T20:43:20.114164
7e4c61a83a8ba3c2,True,2024-11-10T20:46:10.911855
b990d8c84994b120,True,2024-10-09T15:43:46.235702
24d1bde313ca5442,True,2025-02-15T04:02:02.427885
484350369321aea6,True,2024-06-21T07:14:54.851705
0ffc865d2130ca20,True,2024-08-08T21:50:04.643612
345ea06c38e6a430,True,2024-10-09T20:33:01.877410
32ccdf592944ee8d,True,2024-12-16T13:20:41.089142
4362e7616e19cac8,True,2024-08-12T15:31:45.257963
1a3ca90d58764f81,True,2024-06-18T06:35:34.599499
6a66e86dbc8a5899,True,2024-05-03T19:02:52.572731
d097f75a5186aa43,True,2024-10-23T23:40:24.804828
d950da3732864076,True,2024-09-02T21:09:24.308460
5aa27f78978f67a7,True,2025-02-13T06:03:17.597487
7378f644ce5b4212,True,2025-04-05T06:15:34.806105
75d47eb365e87e67,True,2025-02-24T07:30:01.702299
551628c4136a00dc,True,2024-06-30T05:44:23.878398
5b363e54557d4381,True,2024-12-31T10:30:19.934622
c345bdd3dc74dcb6,True,2024-09-16T14:49:31.944421
56df5b75317428be,True,2025-04-02T05:33:25.625754
a25db220d0c31a27,True,2025-04-20T23:55:12.879164
121fcc48f22d620f,True,2024-08-24T16:58:23.945930
55d313a36dd3639b,True,2024-05-18T22:53:23.734672
4370e1ce3fed3f07,True,2024-08-12T23:23:59.242072
8c0447cc3e62629e,True,2024-12-18T08:23:55.847141
614c2f869af1c696,True,2025-04-05T09:39:04.345653
7e948a792e1d4f03,False,
7edbf31d7bd71724,True,2024-08-23T09:08:09.660174
183ecf83bce1910d,True,2024-07-07T20:52:55.103104
b6ab59fb78700782,True,2024-12-11T16:22:09.213446
1b7021e7c6641722,True,2025-01-22T18:54:54.336635
7e948a792e1d4f03,False,
1411c1c1453a5f35,True,2024-10-21T03:51:24.055154
042a66851d663fb3,True,2025-03-12T04:49:30.744521
fe150e13ba84235d,True,2025-03-29T19:41:52.784763
d5fa7b5465aa885f,True,2024-09-11T17:18:19.410048
495474565275ef26,True,2024-09-27T08:49:56.251829
2cc306d2e78eb73a,True,2025-02-03T14:39:55.284698
92b01107c0660cef,True,2024-10-29T09:25:37.316042
e68e11b604e4b0a7,True,2024-11-11T20:31:19.834395
b1f25d6207cd4c14,True,2025-04-28T18:12:34.358075
d51d3df17480f9fd,True,2025-03-29T02:38:34.891094
e2ec2ac45dd6a521,True,2024-08-16T19:22:23.309729
1e44081f954fde06,True,2024-09-30T11:35:08.873209
722167f547d0bf8f,True,2024-07-17T13:29:36.194812
f7a114ad7d622f50,True,2024-07-17T00:37:20.451777
d98df90a00a99984,True,2024-06-01T15:50:42.922582
9496496a40fed9c0,True,2025-02-10T08:18:24.898383
1fbb297419158625,True,2024-07-19T23:47:09.444496
f00de940ca63cfef,True,2024-12-30T21:03:56.784009
df9e81cd81e75c66,True,2025-02-16T10:37:48.651178
b92a61ac7c61faf0,True,2025-03-05T07:01:52.055185
535b2d6a8682be47,True,2024-10-22T19:28:30.436437
48b2d38136eefa9d,True,2024-12-23T06:44:30.283357
b421c46571422847,True,2024-12-24T12:34:00.121142
45f8610d3d2d1493,True,2025-02-10T11:57:22.714154
7e948a792e1d4f03,False,
a42a5ae587646725,True,2025-01-09T12:37:46.694983
7e948a792e1d4f03,False,
b3c2f093081b82bd,True,2025-01-16T03:05:05.765623
4c9f14a9a7a98726,True,2024-06-20T20:10:45.330371
423fbe82f8e170ab,True,2024-10-05T22:15:55.651068
3227e35af28a0547,True,2024-08-28T13:19:45.058811
ba29d279d605ea0b,True,2024-08-29T08:48:06.725017
31943f5e7d828109,True,2025-02-13T01:32:59.499517
43ad5a2e9a14c4ef,True,2024-08-02T21:23:09.049278
5de92968b0832da3,True,2024-04-30T20:32:13.143773
7e948a792e1d4f03,False,
a0c314eee7e214a5,True,2024-12-25T00:57:50.900454
a64bd7cea835eebf,True,2024-10-25T00:32:01.649671
be4cf3e310328635,True,2024-07-16T04:21:35.749000
8b9bcf7e0ab6c8f6,True,2024-11-03T15:14:12.227907
7c0c831ccade071c,True,2024-06-06T06:34:45.982760
68c9419272a1046a,True,2024-08-22T19:28:42.569123
1b9e997240c18f03,True,2025-02-09T09:17:16.559419
84aaf1f8a337dddf,True,2024-05-08T14:31:59.751972
bfa2e1ea6d05f246,True,2024-10-26T23:26:55.066341
7e948a792e1d4f03,False,
c299bf8313a7502b,True,2024-12-29T12:41:45.882362
23414cb028986123,True,2025-04-04T19:04:58.003271
c999231a990d093f,True,2024-11-05T20:52:31.714253
3ce372200ebfcde7,True,2024-12-15T00:42:03.629658
876ff6da2d2cb084,True,2024-10-12T07:14:25.654959
f13b5f95ebf9a872,True,2024-06-25T15:54:21.491570
7e948a792e1d4f03,False,
5952525af5ae1f84,True,2024-10-03T14:23:13.316405
0b03533626aa8491,True,2024-09-20T00:06:19.240975
574ccd86bd27fc78,True,2024-12-05T14:13:23.781372
635921c448f6b7af,True,2024-10-15T02:56:41.456056
7e948a792e1d4f03,False,
80915e9f9c01b0a1,True,2025-02-02T21:57:08.088413
7e948a792e1d4f03,False,
274225e5b34009ca,True,2025-04-22T04:05:52.378696
22662b06317b2da7,True,2024-10-09T08:07:53.521465
c0e84b748a46ccec,True,2024-09-30T00:28:51.325912
7e948a792e1d4f03,False,
7e948a792e1d4f03,False,
7ab8a7d13f2122ec,True,2025-03-03T01:15:46.112140
cfaf2f6f2711333f,True,2024-06-19T02:32:24.850874
7e948a792e1d4f03,False,
15c0b9f0e9065e44,True,2024-10-06T05:56:35.867259
a3463d9ea6a4346f,True,2024-08-07T10:28:48.086744
28cf77f46910462d,True,2024-05-18T02:07:51.513468
3ae6a86f5a37c1fd,True,2025-03-26T21:42:48.634538
6c4c0c1262cc9fd7,True,2024-12-13T05:14:46.029791
ac976f97e527213d,True,2025-02-11T11:07:37.320741
7efd30524814afde,True,2024-12-29T07:36:39.944832
e5ce07c4130f9700,True,2024-10-13T20:54:21.166613
7e0a9d8c76afa006,True,2025-03-03T03:58:11.782710
b8610661df0e3403,True,2024-07-15T03:08:02.961052
80962c0b7a829231,True,2024-10-10T05:37:52.438671
7671e159a4f343bd,True,2024-11-08T00:57:43.040289
530a2467bbf7dc28,True,2025-04-18T05:15:33.471350
99dfb09f17ef4578,True,2024-07-07T08:28:49.476937
ca578d52b3808899,True,2025-02-04T16:55:36.885469
3a4b4be6194b36c6,True,2024-07-01T21:50:40.102216
0d17f0726c7f2217,True,2024-12-08T00:42:03.373303
4f50785074e6a2ff,True,2024-07-14T12:48:27.343480
8b5bcff97021bf9e,True,2025-02-22T00:46:35.947016
157784c6fd484367,True,2024-12-29T00:57:52.960572
401ae190aef4226f,True,2024-05-14T16:01:10.627953
c2943c5137c57f2a,True,2024-09-19T14:04:11.996651
6a34388557480128,True,2024-07-15T02:25:41.984400
a163ea4c615f812b,True,2024-12-29T23:19:11.874891
530d5e852a3024d5,True,2025-04-24T22:33:56.174196
3b2d81c1a4ca7d44,True,2024-09-24T02:23:35.353383
d3dd54870ae52b6b,True,2024-12-20T12:21:01.331716
361d0ec1f6a1d918,True,2024-11-17T22:01:06.812047
7e948a792e1d4f03,False,
8b6e1651688884b4,True,2025-04-13T18:27:16.204505
977796d9b259f4d3,True,2024-05-01T11:04:20.343086
c95174c68d15417e,True,2025-04-09T13:55:45.865614
12e4b834f3f5f918,True,2024-07-18T22:59:34.068068
339401b954e24263,True,2024-08-04T17:42:34.061686
9b20f4892d694778,True,2025-03-26T09:06:30.348257
7e948a792e1d4f03,False,
dc4689bd580337b7,True,2025-01-03T03:51:02.504269
7e948a792e1d4f03,False,
42e207129f8e8c6b,True,2024-11-04T16:32:47.749399
7108bf6b24593ce8,True,2025-02-16T02:24:45.816083
0ba01ee9ffc7888a,True,2024-11-22T12:18:47.045110
56692e4553a203b1,True,2025-04-21T12:10:53.322899
daef332c25a83cdb,True,2025-04-22T13:33:18.817222
3b6eaa6f58116de0,True,2024-06-25T10:43:29.552876
7e948a792e1d4f03,False,
dc09d34363477a11,True,2025-03-23T13:40:23.020579
d973f292d238bdd8,True,2024-07-01T09:54:41.697767
1ffdcd130796b316,True,2025-04-20T04:31:46.600146
23fb85e7186d1b47,True,2024-11-07T09:22:23.689061
5599d83659a4aa7c,True,2025-04-20T03:06:01.391584
615bc922d93ffd71,True,2024-12-03T20:22:46.085223
8fc86c6ca211bbb4,True,2024-05-25T05:39:24.952806
d8b71186eb83daf0,True,2024-05-18T20:12:58.423163
1a0af3b7ed8bfb5d,True,2024-09-14T07:28:47.179239
006e48f2458a3b8b,True,2025-01-02T11:26:40.537281
95ecc617d7394369,True,2024-08-14T11:04:30.116017
fade9c64bf146e4a,True,2024-12-29T20:20:06.108380
f20bafa5b27878f5,True,2025-02-27T21:34:06.618968
a21dc604ced73fb6,True,2024-09-21T16:24:15.781506
0344c263f74aba20,True,2025-01-14T09:46:16.049882
322cb4181a5e802a,True,2025-01-05T07:22:18.644516
90c5c37f4cbf9ab4,True,2024-12-17T02:24:24.106246
ac93b552f826b1b5,True,2024-05-19T05:31:16.972505
cb3a19bbaee2a79b,True,2024-08-22T13:09:43.869132
72c326d2bd36bc73,True,2024-06-16T14:10:20.277846
9aacd60fd1d8d38c,True,2024-11-08T16:44:54.545073
2475bb9ef17515c4,True,2024-11-18T11:28:11.932378
8101f34892bb26b1,True,2024-05-14T20:06:51.048706
f233725cf16c260b,True,2024-07-12T12:05:34.736550
7e948a792e1d4f03,False,
faa54401d065ed2a,True,2024-09-06T07:45:43.304983
9ae5c1f2bdc2c308,True,2024-07-05T06:43:30.356878
7e948a792e1d4f03,False,
3e4ed45b85d27163,True,2024-12-16T07:34:06.633479
e403d07eafa0ea84,True,2025-01-11T18:00:00.614109
e8b705512bc31390,True,2024-08-12T11:48:28.762785
5b2ea52f53cafd9f,True,2025-04-01T05:01:27.553604
17a3770931e86426,True,2024-12-25T19:03:28.470853
ca9cbbb06a933015,True,2025-02-09T00:15:13.209812
ed268011e542b02d,True,2024-08-14T15:12:06.408163
7e948a792e1d4f03,False,
1ab56d04957b4d0b,True,2024-12-03T04:26:57.884992
8d7dcfedf92b909e,True,2025-01-01T06:26:11.224576
c23dafb3e1babf70,True,2024-07-02T18:30:57.026417
a721b645fef95f3a,True,2024-12-06T08:15:02.061057
dc61e0856340c2f6,True,2024-10-21T03:23:59.438039
d9d2266f60f003dd,True,2024-05-26T13:42:49.322115
34ee720a42fd9226,True,2024-12-11T04:38:59.240757
24f19f9779a9406a,True,2024-09-26T13:58:59.145233
af295ee7d928cef2,True,2025-01-30T03:16:57.699945
8ea135ce7ed6319e,True,2024-08-28T05:43:09.478929
f1dead05de420037,True,2025-01-15T15:28:56.929999
069fd87b75536bc1,True,2024-10-02T12:37:04.052944
cee14b8dc064fdfd,True,2024-08-02T23:07:32.431692
1e08424f5d1a072f,True,2024-05-13T16:03:16.058576
552ecb7a7ca8bfd9,True,2025-04-22T15:57:12.950239
0d5a02aef64ee0e6,True,2025-01-12T12:52:25.910399
110518b3b3bfe0d8,True,2025-03-16T23:26:25.178033
18a8e926d432e127,True,2025-01-19T16:52:50.096592
47ecedbe46c10c17,True,2025-03-22T16:08:53.156034
155ae31144de0817,True,2024-08-19T13:23:11.977470
3d3d1a5e275ea586,True,2025-04-16T04:48:04.469544
27abd1a34a0074bf,True,2024-05-14T00:21:28.539898
563af02da1dec500,True,2024-12-06T04:40:15.874512
08f7779fa72d0419,True,2025-04-08T11:28:45.224729
de807d5a5198f4ae,True,2024-11-04T00:31:52.554959
aa7b58a57fdaa8a2,True,2024-11-18T13:33:14.645088
b99bbab1c153b220,True,2024-09-24T11:11:15.881553
8a2e4fd376295b84,True,2025-04-15T06:34:04.839283
195a5f85fe8187b2,True,2024-08-11T10:41:33.600084
7a321bcee640a8fe,True,2025-02-02T17:03:50.778425
c564f281ca4c39e6,True,2024-06-20T08:12:06.074952
9a28632f9a53e0f8,True,2024-05-03T20:59:10.784113
491d4f51886c60f9,True,2024-11-26T15:17:27.853415
27b09fd86ded31d7,True,2025-03-31T21:25:25.523427
4362a143e7a383ab,True,2024-11-07T17:15:33.287458
5ff971bc5ee98d26,True,2025-03-18T03:18:42.367740
e076b16f81344337,True,2024-12-19T05:04:57.515404
9ba131376cbcc76c,True,2024-10-02T01:15:52.571754
eeb892143eef82fa,True,2025-03-05T16:21:59.759520
2556c9437f6634ca,True,2024-11-18T00:23:52.424803
1728de2472837237,True,2024-11-13T09:56:37.285776
8de096d66dfdeff3,True,2024-09-12T11:24:03.883804
47725590edabbcd4,True,2024-12-31T23:01:18.873593
7e948a792e1d4f03,False,
7a06f4a6c560878d,True,2024-06-17T01:30:58.718974
e674ff6753ee1263,True,2024-06-25T17:26:50.598566
6783d729feb5ae81,True,2025-01-27T10:55:22.893677
6a9fad78776d6027,True,2024-12-19T12:59:21.650665
7c10b9d6aed2051b,True,2024-05-26T14:36:02.017478
367ccfca35d2159c,True,2024-08-05T23:59:36.137959
a9eacf50ac8823ce,True,2024-06-21T06:19:08.074991
adc0cdd310f0ce83,True,2025-03-26T09:58:57.733607
268e8c0002f53943,True,2024-06-18T22:58:30.791081
6a67ed107abfe618,True,2024-12-12T23:55:00.124084
980add5f87dff5b1,True,2024-05-15T21:10:30.993381
12a993e292e8c329,True,2024-06-15T11:48:00.399934
c33ee97a573b037d,True,2024-05-26T04:17:49.723747
df0b0aec34092cc2,True,2024-08-09T16:48:51.390726
7e948a792e1d4f03,False,
4fd514b9f7e078e9,True,2024-09-26T04:08:15.703837
31ca7fce63159e6b,True,2024-05-13T13:50:50.424384
5571453e959cbe33,True,2024-05-20T08:09:01.506274
43fb47341d4aa145,True,2024-09-19T17:23:25.642898
312dde089fcde49c,True,2025-03-11T23:12:40.526742
213ef72bd73545ce,True,2024-06-07T11:51:39.935348
386a2cdec4d8be84,True,2025-02-23T09:16:46.610997
d54776f55c776d1e,True,2024-10-25T01:23:35.205994
1ab23fe68f1e3665,True,2024-10-07T17:51:21.386137
eafeb5290b2d74fe,True,2024-07-24T20:51:43.949543
a2ec362bc2c951a2,True,2024-12-07T18:47:41.127319
9122bb10e50feac1,True,2025-01-28T07:03:44.615956
6b5a78304133324b,True,2024-09-19T23:27:12.189232
7e948a792e1d4f03,False,
7d79b0e347d187bc,True,2024-08-10T23:41:18.846293
81ca843f8f1b26a5,True,2024-05-16T17:27:20.879987
f35c1abd35bff346,True,2024-09-16T00:11:45.097878
d6898419ed7fb772,True,2024-07-18T11:48:54.354845
7e948a792e1d4f03,False,
59ef9de6a25b50ff,True,2024-07-24T10:05:01.833171
8bcc827945b575c6,True,2025-02-21T11:29:53.839234
a7b59d8c051340cd,True,2024-07-01T00:00:00.327408
2b1f54598fd9fec7,True,2025-01-30T12:00:57.655775
64e8a6e0ebec59e2,True,2024-11-19T19:27:54.157916
072caf10d39c5ec4,True,2024-10-31T18:53:00.121890
5b2ad5e12042fc15,True,2025-04-16T19:32:59.803897
c931ff5a518ae64f,True,2024-12-22T04:30:29.026615
7e948a792e1d4f03,False,
ae416f3c66c41278,True,2024-12-19T02:16:47.238162
2e9eb731bdbd2a31,True,2024-06-13T15:55:53.529965
7de271797c43ef4c,True,2024-05-27T00:35:42.766658
3107a80a832ec94a,True,2024-10-09T05:00:32.651635
76dc7ff5cb439e4f,True,2024-10-29T13:16:57.897835
b9666c65fea46cbd,True,2024-08-12T19:02:25.190104
4358dc3a737b50ec,True,2025-01-22T00:25:30.431072
b1796341eb31c503,True,2024-10-20T18:43:34.521013
bdd2e006aae51810,True,2025-03-17T19:18:37.454173
c8e3b02f17c0c584,True,2025-03-25T09:14:03.673857
9387a6bf053fd5f6,True,2025-04-07T06:39:52.242757
4574e5d3f920d10e,True,2024-11-05T05:12:26.342560
172f821cb8a44a88,True,2025-04-15T17:30:34.219389
672fc89d5c10693b,True,2024-10-28T23:51:39.298358
2edfb0880b2450e6,True,2024-05-13T13:49:01.415297
82f234e5df880a55,True,2024-09-14T23:36:52.688526
50bd0d724e4e690b,True,2024-08-03T19:17:08.973287
3718bdb7c86ebfac,True,2024-11-29T10:30:47.024295
25f7b07bdc12fe89,True,2024-06-04T20:49:08.988495
df3e5a63133793ee,True,2024-12-19T06:17:19.586671
821e8686760e6e14,True,2025-03-13T15:30:17.699889
4d1287988c3168e0,True,2024-12-18T13:40:01.786667
6c684faf9e1546a6,True,2025-04-01T09:02:52.436705
f1a69b44955c1d90,True,2024-07-26T04:05:19.096475
e833bd855082cc2b,True,2024-12-05T06:01:03.668682
e7afbfc96862d5e7,True,2025-04-02T09:01:29.705388
9826143b8f5367ce,True,2024-05-06T14:06:53.028305
4aa813dce99a4451,True,2024-09-09T13:03:02.046509
4c66b00456376fc8,True,2024-12-08T02:25:42.018179
56026b7bf47d742d,True,2024-06-20T17:49:47.869549
035872fd3d933f48,True,2024-05-03T18:54:24.527604
7e948a792e1d4f03,False,
8dd5c4b95c3a8518,True,2025-04-20T12:50:37.955596
2466948b950d00f5,True,2025-01-19T15:44:59.858424
a18251fa330ae300,True,2025-03-25T10:42:59.052928
d318d9e6e638c9a1,True,2025-04-08T07:25:42.854040
be6783b4ed8ec4a1,True,2024-12-05T10:23:41.085454
2e0cef94978b6432,True,2025-04-23T19:47:25.028385
f6e11aa4f03728cd,True,2025-02-05T11:58:02.716985
7e948a792e1d4f03,False,
7e948a792e1d4f03,False,
0810ccf8b43354aa,True,2025-03-26T14:10:49.176285
7e948a792e1d4f03,False,
7e948a792e1d4f03,False,
7765bd1aa7dd49a4,True,2025-02-13T20:26:48.805529
457439d554f41bd0,True,2024-08-18T11:34:31.213828
0dc8951d378dfba4,True,2024-10-21T05:06:50.887976
b23627c2a77c3323,True,2024-06-24T13:50:01.351706
929a6f6bb9a819a5,True,2024-06-07T13:38:02.553872
a7a27f99e18f9fe5,True,2024-07-12T15:31:13.751235
54c8554f48689eff,True,2024-08-03T08:19:57.521516
04ff9391fe8adb42,True,2024-08-09T07:00:39.633326
17513315db806d89,True,2025-03-27T21:10:41.128289
2188ac3fe6c48b52,True,2025-04-19T11:28:49.607362
3ffb5b4b2587f1ca,True,2024-09-08T18:45:11.996917
fa8a9ca9dc412cc3,True,2024-08-06T14:08:16.989707
8858aa6d7c9ec436,True,2024-11-06T19:06:45.816520
b9c4cb9c9e474a19,True,2025-03-04T05:33:31.085320
3f0c43ce4d3a72b7,True,2024-11-16T17:13:40.638748
7f32742d3f27e059,True,2024-10-06T02:52:32.427876
958b87d2a383a6b4,True,2025-03-27T21:59:42.170038
4b68ff86aa06f6e0,True,2025-01-12T08:42:12.141459
ef45c8c13028d9c9,True,2024-06-03T17:39:02.264069
4b6a8cc408b89a5a,True,2024-10-29T16:59:14.781342
a612f1290c3e5bde,True,2024-09-19T07:14:11.573425
66b6d5aeddf1bec3,True,2024-06-07T13:28:02.379608
7e948a792e1d4f03,False,
72d98303cfeaa1a5,True,2024-05-13T10:26:00.701982
a8bc39feb4e34cdb,True,2024-05-22T01:53:49.530732
732dc809b44b3be8,True,2025-03-03T19:23:32.452005
b8303b14daa4bef0,True,2024-06-01T05:16:20.413930
26ba7588f4fb0ed5,True,2024-10-06T12:28:33.336064
0913e39931d09c10,True,2024-07-27T04:52:28.970227
7e948a792e1d4f03,False,
0975b29957e2b0c2,True,2024-06-29T18:48:42.868575
5a43d27115a1a442,True,2024-07-19T09:17:37.825001
cc72856e4a23631c,True,2025-04-10T18:06:31.837197
bb8a30ade62f8ba8,True,2025-01-04T05:20:09.138160
3116b02c97271520,True,2024-12-26T22:30:42.396654
a97f60a054f5d64d,True,2024-05-17T12:45:49.493588
682891199a7ae22c,True,2024-04-30T18:11:33.901226
8b80d4b434de1619,True,2025-01-16T13:47:11.743313
d4adf97aa2d0c42b,True,2024-05-09T20:31:25.027140
b491449972755a5d,True,2024-05-16T19:55:29.050081
0df540164c227252,True,2024-07-23T20:58:18.401011
73f91638f4e9d39f,True,2025-01-30T11:49:30.578706
cc29f45a349331f0,True,2025-01-15T11:18:44.868883
ef6ad51009ee74d1,True,2024-05-26T06:11:36.431735
7e948a792e1d4f03,False,
eddff6ed49611dc5,True,2025-03-27T05:47:33.797078
4745573b681a7e4b,True,2025-01-02T13:34:46.342612
e719ac8f09173bac,True,2024-07-26T14:53:23.996734
7e948a792e1d4f03,False,
a0d59365e36a43c6,True,2024-10-17T05:48:15.464764
7e948a792e1d4f03,False,
abe6f067df8e875c,True,2024-08-24T02:21:35.315390
4c08b1ec9758dce2,True,2024-07-08T00:38:54.835659
ec4900ea479755a3,True,2025-01-13T18:18:04.650482
bb9c7cf27ac189f7,True,2025-01-09T12:17:52.112724
a4f1d4b14d3d59ec,True,2025-04-03T04:40:15.613633
f1ea25fc4c9f14c2,True,2025-04-03T04:29:36.931004
717c8e6fa5dc11a9,True,2024-08-06T10:48:51.522337
988b4ec21c4614d3,True,2024-10-06T17:43:31.296595
92800cf3df1a85ca,True,2024-07-05T20:25:21.703275
8d422d7fed494f84,True,2024-07-05T05:38:35.623258
66d127373e8ef726,True,2024-09-12T12:12:59.133087
8b49e2b04dbe0f0c,True,2024-12-07T02:09:00.695897
1c17eff3bef94b23,True,2024-08-06T12:56:26.026799
bc94a06baf524e2a,True,2024-09-22T07:35:11.128588
7e948a792e1d4f03,False,
3045e0b13cea6ad0,True,2024-11-14T21:59:32.619591
8bc734796573a52b,True,2024-10-18T17:37:28.274562
f65380da9374d0b9,True,2025-04-20T01:16:15.206538
5a6ff1266bc8a8e9,True,2024-05-23T14:14:02.428565
6ec5079d3d932e86,True,2024-06-14T08:13:13.605661
610a49d79e76f713,True,2024-11-06T17:45:49.890258
249c05fe51773647,True,2025-02-14T17:59:30.278057
42a33a12df7a6c2d,True,2025-02-12T22:28:22.009866
9b1675663fd9bc48,True,2024-09-15T03:05:54.090585
69a2ca0e6871e649,True,2024-09-18T22:39:48.707206
c2e4360d0961c63f,True,2024-07-03T18:07:54.501452
b3992730ccda6d37,True,2025-04-15T11:45:45.459744
da5522666938acc7,True,2024-06-17T17:39:11.986956
f33ef00cecbf165a,True,2024-10-26T12:15:47.792607
7e948a792e1d4f03,False,
5b558e9bfccd713b,True,2024-11-25T06:08:03.394568
fe5994f1c55b5d6c,True,2025-02-20T03:03:19.197117
8f5c8caf8aa1275f,True,2024-08-31T09:34:25.005072
78cacd5f5ec022cf,True,2024-07-25T22:35:37.890339
163d44b42b2b3767,True,2025-02-18T19:26:11.525295
16072ac308577975,True,2024-08-17T17:36:13.562472
3fef6bbf2ea1ea89,True,2025-04-19T10:09:30.149892
58b16cb88e89b58d,True,2024-10-27T13:05:43.532256
88f4aab2ec942d96,True,2024-06-12T15:17:36.740318
bef2f4c274058fe1,True,2024-07-09T09:30:47.668973
3a2866566178b7aa,True,2024-11-26T11:54:29.500448
cc501a6b00152da9,True,2024-08-11T08:14:04.411330
28e73f61221df291,True,2024-08-15T09:34:28.088082
714e1c52f475e2e8,True,2025-01-24T07:47:51.214494
40eb6b045aa1a2d8,True,2024-08-01T09:47:10.230434
4b34363b754f26af,True,2025-01-09T12:31:13.498402
70631673b776801e,True,2024-12-16T06:41:28.154767
6f3f09039410c471,True,2024-09-29T21:44:10.675618
7e948a792e1d4f03,False,
8e15b4fbf552078d,True,2025-02-02T08:39:13.192907
dc9d0d7b0ce917eb,True,2024-05-14T15:02:16.138250
2ee3c74807bfd156,True,2024-12-15T09:41:46.343228
6defed2fd8a19683,True,2025-03-02T10:41:57.906006
7e948a792e1d4f03,False,
7e948a792e1d4f03,False,
7e948a792e1d4f03,False,
d93d5fcd72e5f533,True,2024-05-13T09:05:05.107226
6eddde1f4dbcfd4c,True,2025-04-26T02:02:22.876468
210c698151c14692,True,2025-02-04T18:40:32.977480
8924f9d402793db4,True,2024-11-12T02:57:10.068925
7e948a792e1d4f03,False,
8016d6affe5c8c72,True,2024-05-31T22:09:28.194101
c23f668dc6b2d646,True,2024-05-11T07:49:13.107838
c343a26038682dd6,True,2025-01-08T18:58:54.797539
d359dc2ee9fb1ab0,True,2024-12-31T14:25:57.700305
7e948a792e1d4f03,False,
17b33b5a2b1f1108,True,2024-09-23T11:35:29.034686
1c26ff5a114e23b9,True,2024-09-25T03:16:41.565752
3e2f42503569932c,True,2024-07-10T16:35:39.953416
d62d55f8faa219c7,True,2025-03-12T13:38:26.039738
12b2ff813bce62cb,True,2024-11-27T13:57:58.205139
6e90159345ca4265,True,2024-11-01T06:21:44.926607
0a10a510256b4402,True,2024-12-24T13:13:55.883781
f083ea90c74ed6a1,True,2024-12-23T13:35:37.485240
74f4b41a33bec942,True,2024-07-20T18:54:15.644389
347956ae2953b0b2,True,2024-05-09T14:46:31.627425
891803cf4e5f18b3,True,2025-04-08T11:20:58.817974
5e309872144401e6,True,2024-05-22T19:52:46.183759
5a9a25f1153812f1,True,2025-04-08T18:58:30.955660
2b31857d4a5f3934,True,2024-09-22T15:11:23.029780
b80b81ae27f4afa9,True,2024-05-03T10:16:52.597770
e763feb862454ead,True,2024-11-28T22:03:12.259716
1b3a7619464eca79,True,2025-04-14T15:44:53.404429
935e68004d64381d,True,2024-12-16T13:02:50.206322
b450265e985fba30,True,2024-07-01T08:09:05.720057
7e948a792e1d4f03,False,
49e7b3a8fada629e,True,2025-04-14T07:40:22.869288
d7e53d390923fdbb,True,2025-03-25T21:13:49.265540
ebad916d7e96e211,True,2025-04-03T08:45:32.245351
4cbadb6f54e4f92e,True,2024-12-29T22:00:01.142559
81558cc37263aeab,True,2024-10-19T03:47:05.910220
2a1f6762c0492dc8,True,2024-07-21T17:50:42.102175
4a525cf7dfda1c3b,True,2024-06-08T00:44:47.660005
6839d71e18639b8b,True,2025-03-21T13:42:20.491083
ef7c84b956274eea,True,2024-09-22T13:06:15.732709
ff3ed64c4cd23709,True,2025-03-12T23:09:24.814474
7e948a792e1d4f03,False,
d8e95b3f61bd17d9,True,2024-05-07T20:15:11.462881
6d1d6dbc17c704d2,True,2024-05-20T18:01:57.119310
5185de231d234806,True,2024-06-10T14:06:41.727283
97e7cab15e2554bd,True,2025-01-17T14:48:37.748217
7e948a792e1d4f03,False,
75be89a7bab7711f,True,2024-09-23T13:15:06.168705
78bbf412eec2f02f,True,2025-02-01T21:25:37.733795
a963f5789ac78104,True,2024-08-12T05:32:46.864894
fe2984148c10e2f2,True,2025-04-28T18:23:03.953580
6e1d9e6dd94f772a,True,2024-12-15T20:37:47.824718
24af1db411a5285b,True,2025-04-12T03:41:22.646269
1bb7cd29fb520b2f,True,2025-04-21T02:04:09.621148
7b03d94fe8313a08,True,2024-06-29T06:12:27.400753
711ff47523a78d2c,True,2024-09-15T02:45:24.983941
7e948a792e1d4f03,False,
4889fa28516fbecf,True,2024-11-17T03:27:05.736826
459c6846516117d8,True,2024-08-02T14:44:15.240419
c0bdca61aa1604d3,True,2024-07-18T12:07:56.720349
7e948a792e1d4f03,False,
91246ddf3b8b0fbe,True,2025-04-05T03:58:37.661844
56a5eedb03ded77f,True,2025-01-29T11:16:29.174296
2d169569395959c2,True,2025-03-26T12:25:00.537848
7e948a792e1d4f03,False,
8809ff59cdcdf55f,True,2024-09-27T00:46:39.106118
11c25e4157bb0bf8,True,2025-01-30T17:56:04.111130
cb3abf4293244009,True,2024-07-11T11:46:12.270882
c06a6d80fe64f694,True,2025-03-14T00:44:05.329051
410036bb343fb622,True,2024-12-24T03:27:31.917478
7b6b497e7b92679e,True,2025-01-14T14:49:30.875402
1b079a34962fc1ee,True,2024-10-29T12:45:01.149690
928e522aee8017e3,True,2025-03-03T11:28:12.589306
dc091c8b4054b011,True,2024-07-07T14:45:37.201280
83a7e4601bcb8f11,True,2024-10-17T03:45:31.507922
30d9de68db06c936,True,2024-08-01T05:49:00.612375
1aec014d66fa4cd2,True,2024-05-27T23:19:46.197523
56ce296432f0197d,True,2025-03-29T14:43:48.905870
7e948a792e1d4f03,False,
cb2966b3745f8e84,True,2024-09-24T15:02:41.449792
a51495ae9719fba3,True,2024-10-30T09:22:39.445735
f79f97f9a98ef85c,True,2025-03-05T04:34:43.173661
7e948a792e1d4f03,False,
740989102d7251d7,True,2024-08-16T03:36:48.321250
8675e3f8847007c4,True,2025-03-28T06:51:47.791070
b21ec495d6d038b2,True,2024-09-05T17:03:18.401835
0a541277c3f11024,True,2024-08-21T15:52:27.931929
9c39c9295f8a3710,True,2025-03-20T17:07:48.051022
5bdd97e2146b4932,True,2024-07-11T08:14:27.793954
55776ccbcc9176a4,True,2025-04-07T02:35:12.194289
bea3d30ba2b5f4a3,True,2024-07-19T18:59:20.447348
56aa7642c556a813,True,2025-02-25T20:00:48.967524
06eed0af30978ec0,True,2025-02-17T05:41:28.355646
3974e5ec0ccb7c4e,True,2024-09-13T01:42:17.968716
660db52af570e1bd,True,2024-09-23T06:12:34.023160
7e948a792e1d4f03,False,
7e948a792e1d4f03,False,
e71c096b510d6af0,True,2025-04-11T12:24:32.413041
9edda477f3e29f01,True,2024-09-20T06:06:07.786972
24fac6da41f4f638,True,2024-11-01T20:44:13.078081
53815a321f88ef50,True,2024-11-06T17:22:23.544764
8c1bb9a1049c409d,True,2024-05-15T06:01:18.593800
eadb7ea78b06b336,True,2024-06-02T14:41:47.100629
dfe412cb484daed9,True,2024-09-22T08:56:30.332671
bdf525592932fa0b,True,2025-02-23T02:47:47.909431
21269667ce219bb7,True,2024-06-16T01:48:41.859778
2e788d32c77271ed,True,2025-04-01T22:25:28.555286
8ce4785d12f092e5,True,2025-03-30T02:06:34.698590
4f33d5c1ca815485,True,2024-09-17T05:42:24.646495
224bc5f0ca18b7d2,True,2025-02-01T08:06:35.700475
c5bd13635289d22b,True,2025-04-19T11:12:31.820041
2bf602966829f6fe,True,2025-04-26T18:51:32.890654
939f683d9b954979,True,2025-04-10T08:12:56.845108
92d19b9b8885a45d,True,2024-07-25T19:11:59.419549
de6af1dacbca1d52,True,2024-12-12T00:21:33.871889
4edf5c2327058c04,True,2024-04-29T14:03:45.729505
7366f6def84cf846,True,2025-01-19T01:40:10.187754
8ec1b6c9424ca7cb,True,2024-10-26T19:16:37.500309
ad7096746c85953f,True,2025-04-22T10:54:00.451931
e0432a2689595483,True,2025-01-27T22:45:36.762185
b840b7962beb7fc5,True,2024-08-13T21:48:34.001256
bd86bd9d77e4ed25,True,2024-05-05T23:33:16.064444
7e948a792e1d4f03,False,
12489f5ef23c826e,True,2025-01-04T04:08:10.489731
7e948a792e1d4f03,False,
c3bb98f982bb5ea2,True,2025-03-09T17:30:26.402467
b3f761f2438fbd7a,True,2024-09-03T20:31:46.595843
3dab462ce540e6c0,True,2024-07-18T10:53:24.369035
5dbccac99c94b44b,True,2025-04-03T21:28:47.952193
58bf85f924c83b45,True,2024-10-18T19:48:52.332908
7e948a792e1d4f03,False,
ad82fc34ffe67713,True,2025-03-24T22:37:32.015672
435a4fb0f21c71a4,True,2024-08-16T06:54:28.011855
0519764da006d03b,True,2024-07-21T07:45:14.023467
0ab24ea68f98f487,True,2024-09-24T07:14:53.624326
daa2f31591b0c85f,True,2024-07-07T06:52:39.763978
b5442f69c31ae773,True,2025-04-15T19:28:56.091066
38b3484969046624,True,2025-02-24T22:44:27.970068
f92cec1b6185a439,True,2025-04-02T04:12:01.104273
5a2188b340f00fce,True,2024-05-24T15:11:21.892505
fd56981b7bb47900,True,2024-08-23T07:04:11.513041
6441c8edf325db07,True,2025-04-14T14:31:03.494143
fa7163b4fce37d57,True,2024-08-11T22:08:36.311678
33f255c7e106d0b5,True,2024-08-24T01:40:15.753039
b33407deb14050f7,True,2024-05-07T20:32:26.417598
7e948a792e1d4f03,False,
592c20cc1e530443,True,2025-04-04T22:43:58.856874
7e948a792e1d4f03,False,
4568e895ee341262,True,2025-03-26T06:01:38.270072
44fed8e7e522079a,True,2024-11-01T13:04:52.276036
f46f9c6e071c26db,True,2024-06-07T17:26:31.522225
57335a0c8e20dd2b,True,2024-10-08T01:50:44.709265
7e948a792e1d4f03,False,
ab5b984f12ac7afa,True,2025-02-16T12:48:30.022658
f74aa65fde3ffa1d,True,2024-12-09T13:21:27.165054
b78afc28f4bdf4e4,True,2025-04-25T03:39:44.993493
eca62d45df411069,True,2024-08-18T12:56:09.579436
d04be6f0ce25a838,True,2025-02-11T18:22:02.817924
aa163d194096e274,True,2024-06-13T04:44:50.083649
d09ff07d5655751c,True,2024-05-23T16:19:41.404403
4c1609c9b29232f0,True,2024-06-09T12:30:35.923227
05b9ea56deb0981a,True,2024-06-28T05:14:36.468914
316f9d3c28291f50,True,2024-05-30T12:50:13.177857
f885686d6640fb87,True,2025-01-22T11:01:21.337059
360b62ec71ba0526,True,2024-10-03T11:31:33.525932
0a0cd7825a6162da,True,2024-12-23T03:40:16.782271
7e948a792e1d4f03,False,
7e948a792e1d4f03,False,
55eedf79aade3756,True,2025-01-27T02:50:54.026293
5e96c1e0b5b22125,True,2025-02-20T13:28:48.278007
4f360b6dadac6df7,True,2024-08-29T00:48:38.998005
615cdcc1bb712d08,True,2025-02-13T07:00:45.987511
7004dca96348f51a,True,2025-03-09T10:58:47.656799
fce5ff9d9cd9af5f,True,2024-09-12T12:27:19.562932
c1cb867ef820b4d3,True,2024-05-29T12:58:31.636686
376ce22b6ece75d6,True,2025-04-11T04:00:16.867088
f43e8e8d75c5887a,True,2025-04-08T10:49:54.824276
b8e0ee4aa4db79ac,True,2024-10-31T15:21:48.133292
29ef5e89d76094a7,True,2024-05-16T16:11:48.419338
6a2378ea64b95cd8,True,2024-09-13T03:39:19.344766
fdb565e839398761,True,2024-05-19T13:31:58.775717
315a6a35ee2ef4d3,True,2024-10-18T05:45:42.662472
4381e6a80aa3535f,True,2025-04-12T08:46:51.868393
7e948a792e1d4f03,False,
d930a92bf9f2b44b,True,2025-04-15T12:56:41.193259
7e948a792e1d4f03,False,
dba4d78e9ae31d5c,True,2024-04-30T02:59:58.350240
34aea76ac61fa9df,True,2024-11-27T07:03:48.642400
45771a43b5827e0b,True,2024-06-06T17:09:35.919156
4b90e6fabc049b8a,True,2024-07-17T12:55:17.028482
3735045fa63c2ce1,True,2024-07-27T22:06:56.885983
030f934c8b9cfb6a,True,2024-10-08T06:43:55.843637
45701e4dce15d84d,True,2024-10-22T20:37:27.167567
60291b64afe95d44,True,2024-12-31T07:09:39.503748
280a0d77d60199a4,True,2024-11-18T23:54:58.458302
9cab0af84632e203,True,2025-02-24T22:26:59.832406
367d97c29d630b89,True,2025-03-18T08:32:50.146713
7e948a792e1d4f03,False,
e19aeacae0784932,True,2024-05-06T07:56:31.373417
85556e5bff24c19d,True,2024-10-25T05:53:30.577832
1ae44f1a8ce3926d,True,2024-08-03T13:38:29.882388
b38f9ea2b5ae7b1e,True,2024-05-26T19:04:17.290145
3b64d262583e7e1e,True,2024-07-27T16:08:36.132768
0a547cca748175f9,True,2025-04-17T12:24:43.378965
eb0cc1d78695cb27,True,2024-07-16T03:20:10.683869
0220750f64157cd8,True,2025-03-25T06:07:40.598111
6b19d3432646cbe5,True,2024-08-09T01:28:15.317986
429a9df21c7f87f5,True,2025-01-04T01:32:24.239839
d4e5d3dae156a0db,True,2024-10-03T07:55:28.722371
7c1b51488c28b4b2,True,2024-05-17T16:18:12.880413
f89c3d5550c88643,True,2025-03-25T00:59:08.189495
1df2fc331c8d8143,True,2024-08-16T09:43:57.720245
4baca103515478f8,True,2025-02-09T20:35:58.640167
381cb21452bfe1de,True,2024-12-09T02:14:20.188872
203aaa8604d6a793,True,2024-09-28T13:37:49.201995
7e948a792e1d4f03,False,
d976643b725be298,True,2024-07-30T17:08:41.077350
6e1cdcb36376cad6,True,2024-05-26T07:15:54.777157
f07e7dcf92991cb4,True,2025-03-03T21:42:44.069035
91367b51e18f73ae,True,2024-10-29T17:38:35.945058
e8642ae709e226bd,True,2025-04-09T05:06:22.048361
d8731e911deb51b7,True,2024-08-28T11:33:59.696360
1de53bd426a3e460,True,2024-09-11T11:53:10.982099
daae9a765a44b424,True,2024-10-25T14:01:18.151129
376cb66ac71b90c4,True,2024-05-11T19:34:05.312357
36f37d67902b228e,True,2025-03-27T10:12:55.575317
7e948a792e1d4f03,False,
ccbc53524764bad6,True,2024-12-16T04:26:37.932214
c84c909ce7275f91,True,2024-08-19T11:32:04.961927
187eb07bf0d862dd,True,2024-07-14T03:39:52.711015
99ddb20408565e1c,True,2025-03-28T13:57:41.332999
99627a48303c5bce,True,2024-06-15T08:06:14.006095
10b4390de3cc10f8,True,2024-10-18T12:34:57.999158
8f9fd02f7a7ea6cf,True,2025-02-13T19:21:15.957476
c0ebc09e7fe5a2ab,True,2024-10-04T03:34:26.098290
453fe12ba1fba47f,True,2025-02-04T12:06:07.806298
54001fe8ca2f7bbc,True,2024-05-03T15:11:22.335525
43348123e677f506,True,2024-07-14T14:25:46.234508
fe5fd87c61a4b147,True,2025-01-25T11:23:57.656128
70896a636a6987bc,True,2024-12-15T05:57:14.597224
502298ba1fc166f4,True,2024-12-16T05:58:07.009041
56ded94bb87c13a2,True,2024-11-08T12:46:46.983503
7dde7052c30d0782,True,2024-10-07T06:55:57.331261
911dd5e1bd329c57,True,2024-12-13T01:30:30.634989
5328fff3e51cd560,True,2025-04-06T13:54:45.407230
55d225bf078570e1,True,2024-05-15T05:43:32.437826
9c1122c7b8286bae,True,2025-01-14T08:33:33.136148
50744cdb57d4253b,True,2024-07-22T18:13:13.518271
2b10532c10227301,True,2025-04-07T07:53:06.799845
d31a622dd8ebc23f,True,2024-07-19T22:03:40.623244
c2ab2f157e80ec53,True,2025-01-07T12:07:06.018417
db38f8a0a641b725,True,2024-05-27T20:29:09.028754
dab0c5bd83a61e30,True,2024-12-31T18:34:04.414611
7e948a792e1d4f03,False,
a781d2784b6500de,True,2024-06-09T19:29:20.272621
04a93341850dbfce,True,2024-12-01T22:05:24.910727
caba572be020de2f,True,2024-10-24T04:57:36.077606
1d2a9ad645bfe027,True,2024-07-06T01:44:54.781902
fdc7c6ab39c9e5fc,True,2024-09-30T15:38:32.517172
34af39c338f62af8,True,2024-09-08T12:42:03.030531
47701a5617998f73,True,2024-11-25T00:50:16.651509
d1e67cd719879611,True,2024-08-12T20:09:52.460418
c0cd1324cb0312b6,True,2025-02-19T05:32:19.997054
8473bae4857ef3dc,True,2025-04-22T05:15:03.012191
aac5edc310fec3f3,True,2024-09-08T17:26:35.225638
15719d35f49a7a6b,True,2024-05-27T09:59:37.494987
38030732b12aae1a,True,2025-03-27T20:58:01.418923
2c76ffa1ed384e75,True,2025-04-04T09:19:06.442596
dd9e7d0636eb8656,True,2024-11-21T23:23:41.098702
d8dfd52cfa237234,True,2025-04-10T10:33:43.457903
fb0efca2cc4fbd13,True,2024-07-11T04:35:06.883355
ea281ed9a1eb3b5a,True,2024-06-13T01:09:08.134186
b74e511238fd7cb2,True,2024-07-26T17:22:46.824072
bd287eb33c2a360b,True,2024-05-20T17:54:53.388958
85507b979336da7a,True,2024-12-22T05:09:37.568337
74707b9f53f7148a,True,2024-12-16T23:20:01.135653
ea6496e8f8e277a6,True,2025-01-03T08:21:25.737557
7e948a792e1d4f03,False,
ea585d6362c7ee44,True,2024-10-05T08:36:34.105166
401d204e3924502d,True,2025-03-23T13:25:58.662981
7e948a792e1d4f03,False,
d7177ef15354a8ed,True,2025-01-20T04:24:37.554393
93e45b469934f46d,True,2024-12-15T15:04:16.379388
1002ad5c30253295,True,2024-10-22T08:18:41.160714
67b8f9b72e128db4,True,2024-09-19T13:25:01.545923
7e948a792e1d4f03,False,
90b600c556f024eb,True,2024-07-29T05:42:32.111356
5a76b7e561c0d8b9,True,2024-12-15T09:56:08.633944
ff6b9735b0a81f27,True,2024-12-16T06:29:47.947231
6f11f53299167995,True,2024-05-15T00:44:48.750888
fc046ae054ebde8b,True,2024-11-13T21:23:01.976444
cb15db83e998966e,True,2024-11-18T02:56:20.492967
e62fc5e3dc007622,True,2025-04-21T18:48:43.414984
1c5496766c9c7adf,True,2024-12-08T07:18:07.600160
f53df99aebe19fe2,True,2024-08-01T11:10:09.123636
d5c627c1474e4105,True,2024-05-16T02:36:10.638975
25e3d3102aa71c6a,True,2025-02-07T12:01:21.617285
6bc03fccd6d37538,True,2024-11-23T16:29:17.471404
0c0dac127a69ed32,True,2024-10-27T21:02:42.672406
63b94fcfd24ce8e5,True,2024-12-26T04:56:53.244656
64a2c1b04b0ccc88,True,2024-10-12T09:48:29.976530
1563c44a88386095,True,2025-01-04T16:20:47.856786
cd186ab3b79b57d5,True,2024-10-03T22:55:58.912559
7e948a792e1d4f03,False,
f6d78c41006d8a45,True,2024-11-28T13:17:32.663985
242df738578e5387,True,2024-06-05T05:33:03.731092
e79a021fd5e11072,True,2024-12-25T02:17:46.220806
104730e820b99051,True,2024-09-17T21:34:56.203568
00051301869fc345,True,2024-10-05T16:21:50.715767
9ac640ef5c66af02,True,2024-05-18T16:09:50.844835
fbd2b0b53993af8f,True,2024-08-22T11:52:31.456124
8d56cdf79e73b73f,True,2024-05-15T11:17:57.585992
b80d9f71b4a3211a,True,2025-01-20T07:51:51.738120
7e948a792e1d4f03,False,
7e948a792e1d4f03,False,
be043ed693aa1d5c,True,2025-04-14T15:41:31.028334
5f2444e5d2df451b,True,2024-10-06T03:39:03.315055
33692c78882ca55a,True,2024-06-14T18:43:24.386184
ecaefa14f706f53e,True,2025-02-01T08:42:17.919700
9a4c58ccf90cbf87,True,2024-05-04T23:53:07.075688
49778c175e772b76,True,2024-09-05T11:12:58.331408
e470728c83a2e50a,True,2024-11-01T09:48:18.291879
7efae8d5eb98f508,True,2024-11-23T20:06:26.909262
dd5b4daccbba7eee,True,2025-02-10T11:38:54.577419
67779ca2f5a19537,True,2024-06-16T03:07:51.182345
e452b4385adac2ba,True,2024-12-26T19:55:57.659852
f0fbac6bccbbbd46,True,2024-11-17T05:03:55.935825
faa718c6fe4044c5,True,2024-09-11T11:21:57.493396
bb428f666febabc9,True,2025-02-06T08:04:27.565126
4a84054248967527,True,2024-12-09T14:41:44.395426
90a138a83b61686e,True,2025-01-23T01:43:07.550356
b80e3540bcf1199f,True,2024-06-25T10:14:34.408378
9641c613766e4247,True,2024-06-14T21:32:47.127978
7e948a792e1d4f03,False,
cfc181bbf7537edb,True,2025-01-20T17:40:33.539876
80a34358f609e6e2,True,2024-09-08T22:28:28.599627
c511232e671574b6,True,2024-12-25T06:16:21.233335
32cdb1dde1670fde,True,2025-01-13T21:43:01.596315
45d234ad8bfbae1b,True,2024-11-09T01:01:34.100827
4855d192f0f2b5d6,True,2024-10-26T20:06:10.926277
4097d80481067cde,True,2025-03-14T11:52:40.575572
f5151d4fe999b168,True,2024-06-10T13:34:19.425246
61c6ffa5d0d273f4,True,2025-01-06T16:22:14.451346
7e948a792e1d4f03,False,
29ff20995a7f71a3,True,2025-01-02T15:25:17.455023
cc06a51ffb6170b8,True,2024-06-17T13:19:59.558938
7e948a792e1d4f03,False,
b275b55528ccedce,True,2025-01-17T18:17:42.451810
743cdf5e7fcf6cb4,True,2024-09-28T04:04:56.484885
7e948a792e1d4f03,False,
0c7743a964fc222e,True,2024-09-07T18:43:57.142443
f56e86434007e4b4,True,2024-07-08T00:10:39.528060
7e948a792e1d4f03,False,
f9c838971611f9a6,True,2024-07-24T01:49:59.752425
bbe0779876999880,True,2024-05-07T08:29:04.502097
ced70f0539fb908b,True,2024-07-06T19:18:21.644709
505cbbd97f93148f,True,2025-03-25T19:07:17.371207
a05753388264d709,True,2025-02-20T14:51:40.393164
7022c257bda291ee,True,2025-02-27T22:46:21.649787
35db45a0118603b9,True,2024-12-03T03:54:27.104824
2efe36720c736494,True,2024-09-27T19:55:25.890093
2090d66720d17587,True,2024-07-21T18:51:36.349530
de4731ebe76bd5bd,True,2024-08-05T17:15:31.554655
e7dfeed813a2bb40,True,2025-01-05T12:26:33.009305
fa41d3ad204a7e72,True,2025-01-25T02:49:41.948770
f77a03a09a40ed06,True,2024-08-02T16:45:37.068466
ce5257485e1593eb,True,2024-07-12T01:15:41.355323
df080b3450dfbb23,True,2025-04-12T08:44:40.726695
57d187f24e423d8d,True,2025-02-20T15:20:46.736006
2996e5b8509663cf,True,2024-07-04T12:39:13.329870
b58d949dd8b1c6be,True,2025-03-12T22:34:17.039768
adcd837b7b71e47b,True,2024-09-09T16:53:50.763485
6544731e70fff5b0,True,2024-05-25T21:03:31.677272
dc67656d17f181dd,True,2024-10-06T06:57:42.034394
ec4415471267f066,True,2024-09-02T05:13:50.213962
0170546272cfbeed,True,2025-02-26T12:03:57.245719
9085a249e3617219,True,2024-09-11T10:35:50.668614
0b1e297e65eba95c,True,2024-10-07T17:15:02.331462
606a84277598c674,True,2024-04-30T17:07:39.489222
e5ef5f2100e77da0,True,2024-06-25T20:10:23.040460
a9729d834a3c34e8,True,2024-09-11T11:19:09.813236
7e948a792e1d4f03,False,
28e7b18be093c446,True,2024-08-07T19:03:21.635769
720a4e04f0df7bab,True,2024-06-10T05:17:52.574636
5a644564c85dcfa7,True,2024-06-26T00:37:50.034358
ad98cbc00325972e,True,2024-07-06T01:59:20.791165
9d90f670618d0e86,True,2024-08-27T08:02:59.521246
322015e86a412980,True,2025-01-12T16:11:37.498613
30791ea4a848ec10,True,2024-07-02T11:58:30.989082
9d3a24307ace479d,True,2024-09-13T17:02:03.255999
883b60aee1700328,True,2024-12-26T23:05:46.234816
94dcdb23f73a65af,True,2024-12-31T07:28:38.862438
75fcea364778b323,True,2024-05-10T22:27:29.682839
7e948a792e1d4f03,False,
08193a6dc88eb08b,True,2024-11-03T04:54:08.009699
bc6e435d27a0b9ae,True,2025-04-13T05:03:01.006209
7e948a792e1d4f03,False,
7e948a792e1d4f03,False,
1609e97eedee2c05,True,2024-07-19T10:04:37.622807
7e948a792e1d4f03,False,
080f66290e7316e1,True,2024-08-22T15:14:44.124133
234e0d1f417b0ca8,True,2024-07-06T11:27:16.226598
b37e6550c5c053c8,True,2024-07-15T18:13:09.630458
f581e8fd76ef0b25,True,2024-08-23T14:21:40.404553
4609eff8d9e347e0,True,2024-08-22T08:52:56.580493
6f66109af26b2eb8,True,2024-09-12T04:12:40.284721
a34eecc07ca1c0dc,True,2024-12-18T04:18:16.835425
1b0f38914b40d818,True,2024-06-01T06:22:09.207847
99f3d77e26d7512c,True,2024-09-13T19:13:13.539116
c4197540fb7271ef,True,2024-09-25T15:07:03.051343
8534b98e76d4838a,True,2024-05-30T08:43:04.552770
234213763b096cca,True,2024-09-16T15:05:43.026966
65da6691312bb07e,True,2024-10-09T05:08:50.919124
7e948a792e1d4f03,False,
86ace25ca9dd0578,True,2025-04-23T23:08:09.849048
c05af33842fdd598,True,2025-03-20T11:04:26.094217
505ef8148d7035e4,True,2024-10-27T00:59:12.477148
ecc30f594905a7c7,True,2024-08-11T12:46:03.536254
0fb44ec1c1200089,True,2024-08-05T16:30:39.674043
46bda8d9c49ce747,True,2024-05-09T15:23:47.830668
6433896b611c14fa,True,2024-07-21T02:59:56.051719
c99853b28a2f9461,True,2025-03-15T00:59:01.095815
809afd8aa00b60c8,True,2024-06-22T19:22:50.656065
17d64e7ef413c26a,True,2025-02-10T14:46:51.192139
8e06213a73707d12,True,2024-05-15T18:07:48.874662
42598343d379f3b6,True,2024-08-01T04:42:38.549250
7e948a792e1d4f03,False,
6dfa4912a3227b66,True,2024-05-05T08:06:41.153677
742c43bba79fe599,True,2025-03-04T04:32:35.961854
3825a540223af607,True,2024-10-06T11:10:11.354284
129ceda1f99daae8,True,2024-10-22T10:17:18.948106
fcb920ec4e4b4e33,True,2025-03-04T06:15:57.780149
fda634ce29879bf3,True,2024-12-28T06:23:33.586153
0749e1596e7984d8,True,2024-07-18T23:48:38.516514
464892d60794c7d9,True,2024-05-02T01:50:16.487203
8a4917fd16bcb44c,True,2024-08-21T11:28:31.615840
13ee73f4a2b2aa0b,True,2024-05-23T06:43:45.896776
9615c46a88919f26,True,2024-12-31T14:02:17.303358
40197645d01cb2f1,True,2025-01-02T22:11:42.204666
51db7e1ae6ce56b5,True,2024-07-04T10:28:18.817271
73389d2281a8890f,True,2025-03-26T10:23:51.410421
f03c4af7ad42cd5a,True,2024-07-05T06:51:43.274528
323e2f28b64df896,True,2025-04-22T06:21:31.039383
af34f459d0befbb7,True,2024-11-29T02:40:08.277358
de4772c0408fec98,True,2024-06-27T12:10:47.056540
0a2c37ef9c74088a,True,2025-01-09T01:43:19.479045
6b70fab33f2c9cb0,True,2025-02-16T06:58:27.027580
ed23b01b12e87ba8,True,2024-07-14T17:40:43.802968
6c776f57dbd140ef,True,2024-12-28T03:42:10.503475
e9589d0a3676592c,True,2024-11-23T04:23:53.634781
cad7a3b16b2f3fe3,True,2024-12-14T06:56:41.930020
7e948a792e1d4f03,False,
5677ea7ea70cd7ec,True,2025-03-18T11:44:05.501722
9d710b86dd1bfa8a,True,2024-09-08T22:41:15.633473
34049539f1872c6a,True,2025-02-25T19:29:33.279146
ecddf0baca5da41c,True,2025-01-10T15:59:00.641182
5b505f1ac622736d,True,2025-02-17T16:21:27.957439
62143f6882353489,True,2024-08-14T04:16:21.211600
d7e2106b3163621d,True,2024-08-11T09:09:39.939687
10e54e63a5597369,True,2024-11-15T18:12:38.818063
b3330574668c5a18,True,2025-03-01T00:15:34.973426
7b6d2d602da410cb,True,2024-11-06T11:35:50.531477
d25234055c19ab6a,True,2024-09-07T16:16:32.492393
26bc81506d9e7ef8,True,2024-10-01T11:57:31.830319
01bee7204a2a9f9c,True,2024-11-30T13:05:14.163080
1e5793cd763a3558,True,2025-02-10T04:16:16.624725
c2cd99596faf645d,True,2024-07-02T07:29:18.082374
49e49cb3f7b54f7f,True,2024-10-25T09:55:06.335478
46d4a904461ce405,True,2025-02-12T09:38:44.721289
7d016e9a29664a86,True,2024-12-20T16:25:22.258541
524fd665fbf195f1,True,2024-12-21T17:00:19.287270
f01e42f2eb36dc30,True,2024-07-01T07:22:27.503076
7e948a792e1d4f03,False,
5963fa5b31628582,True,2024-08-09T06:16:49.180280
832e633e4ba62286,True,2024-11-09T02:20:15.547655
020d064dcfa99bdb,True,2024-11-07T06:40:42.024034
5ebf18affcfabc8d,True,2024-09-13T07:37:10.232564
3f641d2115a2f1ce,True,2024-05-05T04:58:10.476568
d6ca5ff3ed440c81,True,2024-11-10T02:58:05.441482
e87d65ed95873462,True,2024-10-20T03:36:33.711650
4ecca2a6e6934564,True,2024-05-25T13:18:21.405404
1c47e1c592686eb3,True,2024-12-15T10:04:53.481117
1c4dd908182c78d6,True,2024-11-25T17:58:19.255188
8a8aad2c98e0ecff,True,2025-03-01T19:35:24.728585
0dc3b3ccc17fafc8,True,2024-10-16T19:23:57.491130
8205c758b4f17102,True,2024-09-22T19:23:29.276923
0c20d383b9d3e38c,True,2024-12-14T08:00:10.619448
9d8c4dea81f23ae5,True,2024-09-16T08:02:56.561541
7ece0a442d5c6b6e,True,2024-10-25T13:28:15.358735
38589ec1fe9c0da2,True,2024-06-09T19:51:53.005213
5be217e534ca9063,True,2024-05-23T09:17:56.877720
3f70e4fd86c85d25,True,2025-01-11T17:07:13.460860
cd0bbd8f4387337f,True,2025-03-12T18:42:55.204725
82a783710b6c3432,True,2025-02-19T05:09:58.151916
449acabbde2c25d8,True,2024-08-10T15:38:35.537164
a434b8fbf71080a7,True,2024-06-03T05:21:24.705469
855f45758f755a12,True,2025-02-19T04:47:04.607867
444445f080ca759c,True,2024-10-26T09:25:40.439216
8be8c7736e45a239,True,2025-01-05T14:34:43.987387
e59787c3afb96abf,True,2024-07-22T08:21:21.156487
d1084acf49a4fbd1,True,2024-12-20T14:34:36.224470
4cf560a2e474eeb4,True,2024-09-18T13:06:22.547185
11e732496cbb56e5,True,2025-02-11T11:28:05.595489
588321f716579c3e,True,2025-04-28T05:15:02.755973
55fafbdc43488000,True,2024-10-13T04:57:28.698696
79c8e5fbc4ecf924,True,2024-05-31T14:31:00.776097
31bcae406a0f1c1f,True,2024-10-22T08:37:40.594604
b453889a815e81fd,True,2024-11-06T18:02:40.776455
ad2dacfa6eb387ae,True,2024-09-05T11:42:30.552293
7e948a792e1d4f03,False,
8e6d841300f7b16e,True,2024-06-09T10:20:59.341615
08a366b58e314f76,True,2025-02-13T00:21:56.477473
4f39abbcd5922b89,True,2024-09-01T08:41:51.674980
3b6e57b5ca2f78c7,True,2024-07-29T12:57:42.775548
59937ead878e8391,True,2024-12-30T17:38:40.967440
148b9e8371ce9e90,True,2024-09-06T12:50:58.450804
f094552a358c26b2,True,2024-07-12T10:29:54.436489
c6cb96575502b519,True,2024-06-09T17:37:21.719607
df4aab0c5292b4dd,True,2025-03-07T06:43:55.062378
a50da602e7522b38,True,2024-09-10T10:46:30.523398
1dd0b22a22d81149,True,2024-11-29T16:20:05.630787
7e948a792e1d4f03,False,
5e4f0d3d19eef5ab,True,2025-03-01T07:14:18.422442
3aec64271b63b5ce,True,2024-06-25T18:44:38.279774
d18c1082b62fa8ff,True,2024-10-07T19:26:14.431288
0a1010b973237233,True,2025-04-11T00:25:29.185022
fcd0a624e8c5812c,True,2024-05-29T21:04:59.638239
9fcd309f21538c04,True,2024-11-14T11:30:16.933689
ed7660a68b889ed7,True,2024-05-30T10:53:26.440375
2ccf3858e2b8eeb7,True,2024-07-28T03:46:22.325176
fa624d56ef3b4324,True,2024-06-27T18:59:29.225423
ebefb05407a2a5d3,True,2024-11-24T15:23:21.602978
edeed525907b6784,True,2025-01-24T17:31:55.155282
44107db835791f4d,True,2025-02-10T14:31:50.173828
95132184aff65688,True,2024-10-28T12:05:10.296395
f79ebcd63d115cef,True,2024-09-27T11:47:02.306067
b4dc1f6b170146d7,True,2025-01-18T23:34:41.416659
d3d8188acce9877d,True,2025-04-19T19:44:53.336341
beb9277608475590,True,2025-03-08T18:38:17.578823
1bd48cfc06c1413f,True,2025-02-09T05:08:52.338067
7e948a792e1d4f03,False,
f5c33e7a9146c663,True,2024-08-22T23:26:38.123183
8231045e2845345c,True,2024-05-25T12:50:58.125690
e3821ea7c24ea0c5,True,2025-04-17T07:13:14.538739
53f99bf0c3b3545c,True,2025-04-26T05:59:40.791010
2ffa34cebc728144,True,2024-10-12T20:46:02.658360
d587e020a42336ea,True,2024-07-06T22:30:04.445888
9ef27030f0b356fb,True,2024-05-07T20:49:45.222088
7e948a792e1d4f03,False,
7e948a792e1d4f03,False,
7e948a792e1d4f03,False,
7a0811698c6c8445,True,2024-12-18T11:25:37.443281
c26762e339055c06,True,2024-06-20T23:09:46.515890
7e948a792e1d4f03,False,
e4b038514bcdf40b,True,2025-01-11T10:58:38.167060
ee49fb00619c0a3f,True,2025-04-23T23:35:56.556029
3a68dc2157083ec0,True,2024-10-15T21:51:23.746006
333a6516cb0a6444,True,2025-03-12T13:18:56.205293
b827ccd5b580cd90,True,2024-08-27T14:09:05.797494
7e948a792e1d4f03,False,
6dfc1606c720d111,True,2025-04-28T16:02:51.398849
71db16982c7b493c,True,2024-07-07T03:12:19.595248
7e948a792e1d4f03,False,
78be95c5c1dbc194,True,2024-12-20T02:17:27.536571
a4308960322671b6,True,2025-03-22T11:48:09.111730
c3bb0c69051275f2,True,2024-09-22T15:54:30.224796
87e4668e0750d1d1,True,2024-05-12T20:14:38.289460
c96e2ed732d6715c,True,2025-03-21T21:55:49.157544
fcb1b3b51fcc09d2,True,2025-03-05T01:32:51.258097
7e948a792e1d4f03,False,
4be7a6745b488cda,True,2024-06-04T14:36:37.457189
90005b688c73f454,True,2024-07-12T09:59:02.560238
7e948a792e1d4f03,False,
7e948a792e1d4f03,False,
7e948a792e1d4f03,False,
446f95067158a159,True,2024-08-03T11:25:59.159576
e142270ec0ce34d6,True,2024-07-09T19:15:44.535025
b7d8f9514ab1fcaa,True,2024-09-04T14:40:14.784998
e5803cb4a120f5d5,True,2025-01-23T23:08:21.842793
1bc9834a0aa40405,True,2024-05-24T10:14:09.016877
03011e5436dbccb5,True,2024-05-18T05:34:31.190576
d38865ba7412da99,True,2025-03-15T02:44:32.327041
7e948a792e1d4f03,False,
96add94574b68747,True,2024-07-13T04:46:54.604167
64632aabf2373a70,True,2024-05-11T12:33:49.807037
6f158026f42716db,True,2025-03-25T02:32:10.297475
1498aff4761a08db,True,2024-09-14T09:41:56.637507
aec53d4b24756d45,True,2024-12-13T01:55:40.115412
6de78469270b3a8c,True,2025-03-19T16:54:43.195727
2fbb23211f8b0785,True,2024-11-11T03:01:38.489791
7e948a792e1d4f03,False,
d529e07428eb7ee5,True,2025-02-15T01:18:25.687563
f88a0e8d39ba0819,True,2025-03-29T16:08:16.008440
7e948a792e1d4f03,False,
eb749e37b8662b93,True,2025-04-27T13:07:44.892702
bda9ce8bd1d3bbe2,True,2025-03-27T12:11:01.632501
41c2a11551a47915,True,2025-02-03T09:43:33.630598
cc931854bb25bd8c,True,2024-05-14T08:16:54.135208
7e948a792e1d4f03,False,
7e948a792e1d4f03,False,
728a877306efc8e1,True,2025-04-26T14:49:52.923808
a864b2f97c890865,True,2024-07-28T20:42:32.328754
62fc330f88c9e521,True,2025-02-07T21:57:44.155910
001851eac34825d6,True,2024-11-19T16:52:00.085662
add403e6e48e6164,True,2025-04-19T17:43:12.212646
9cdfa71af24615c7,True,2025-01-26T02:03:40.021307
617d34dbdcbc8a42,True,2024-07-24T15:38:14.418488
8e35e3565e5d6671,True,2024-11-24T06:57:20.349236
11b9ac1f74eaa56d,True,2024-10-23T21:01:58.919453
0b8aa1dc954c7c99,True,2024-09-22T07:48:23.220008
9141b9c35c6468d7,True,2024-05-02T07:46:21.144511
aaee85a6c6feca80,True,2024-07-04T15:57:15.363945
b1ac58f3f43c8e65,True,2024-08-29T16:05:32.969023
9a83774e75f52c54,True,2024-08-11T17:09:09.419958
7e948a792e1d4f03,False,
92666735068910c7,True,2024-04-28T23:00:56.243205
5f8ad15158fbfdd5,True,2024-09-12T01:54:41.140606
083a4d396893d74d,True,2024-07-09T07:26:30.948004
1d31208e07d3ccd5,True,2024-11-11T04:08:00.072578
7e948a792e1d4f03,False,
0e0f962c3c08c387,True,2025-01-14T08:24:18.042800
92fcc33651e00357,True,2024-05-30T05:07:16.756101
697f1f51762bb3a3,True,2024-12-24T04:24:17.622685
6ae0c265713daebe,True,2024-10-16T11:38:55.180576
882941bb1152907e,True,2024-06-21T10:04:20.620064
80aa0e5269a7ce86,True,2024-12-07T17:00:43.418256
7a8adc2cc7e221b9,True,2024-07-06T23:22:04.947723
be374589c7d31de1,True,2024-09-19T01:45:55.301205
914d2fb7e5b9db06,True,2024-11-24T06:38:41.025890
0c9b866230623505,True,2024-08-14T17:12:39.081273
52ebfc359969305e,True,2025-03-31T13:49:14.097648
c515ab9c85ad9f06,True,2025-03-11T11:08:15.714378
7e948a792e1d4f03,False,
977105974cbe6c9e,True,2024-10-10T19:59:20.525837
56e38e3bfa1a52fa,True,2024-12-23T22:24:01.330719
1d9885da8738611b,True,2024-12-20T04:54:55.025252
f80d4d310d687427,True,2024-08-06T23:44:12.731347
8672fc0f5d88f5b4,True,2025-03-13T11:50:00.847786
6a5020b04c8b593c,True,2025-03-24T06:19:07.480059
8ddad033312d1f75,True,2025-03-05T22:40:08.475533
1196196697c95072,True,2025-02-09T19:49:01.631955
6c6b4f1d1c8e695f,True,2024-08-29T22:41:34.295246
c414a2cd85ce66ee,True,2024-11-18T09:20:05.258802
4b5733bc725ac5e5,True,2024-07-15T11:24:21.096887
e90f1ba90ebd6211,True,2024-11-17T22:34:13.117216
7e948a792e1d4f03,False,
5a35327a530d8b62,True,2024-09-13T01:14:39.987998
ff75fb4f71f094ce,True,2024-11-04T14:22:05.396669
451b02a0b3cf3d45,True,2024-11-22T11:21:11.288143
25132c21c6e7e971,True,2024-09-20T01:19:49.274329
faa5f6729b698091,True,2025-04-22T15:24:28.398840
56a8aaf4e40689d5,True,2025-01-11T09:37:05.627432
52e32232ac0c9445,True,2025-01-14T02:31:32.926841
3a7504d0d3efbfec,True,2024-06-13T00:23:13.487264
47077aa66b21ebec,True,2024-07-28T07:49:42.830876
673dbc7ec67995e6,True,2025-01-30T07:55:10.051338
2881c978001dbbd8,True,2024-08-09T17:48:22.303000
340f40797c9f9d8a,True,2025-02-09T03:46:30.211088
56132ae3823de8a7,True,2025-02-10T13:36:42.603458
f33ce70c6971e3ef,True,2025-03-02T00:32:29.006102
e86cf7de93c9842b,True,2024-12-10T22:47:12.312141
6c653835c9511aa1,True,2024-07-19T11:35:47.711766
0c1fe8b974be5cf9,True,2024-06-10T14:55:07.741278
de40a5c03a53c5cf,True,2024-09-30T02:06:38.789225
0da1af25787e59c4,True,2024-12-10T04:53:40.216040
2a31c0f0f1033089,True,2024-12-04T05:00:54.655830
2839616b3786c99b,True,2024-09-21T05:47:06.575183
48720e1b5adb57e0,True,2025-03-25T10:08:23.514638
f2b1f6093303114b,True,2024-10-21T20:37:32.353199
7e948a792e1d4f03,False,
646030dfe7433a51,True,2024-10-12T10:35:31.601006
df08fe6049a108da,True,2024-09-25T03:24:54.463495
7e948a792e1d4f03,False,
17e44bf89a969ef4,True,2025-01-09T13:46:26.977765
81f0f14e06f0ed27,True,2024-08-21T12:38:42.382589
b689c2d2fa07adfa,True,2024-12-29T09:48:45.099535
542269acd07683a9,True,2025-01-20T23:08:14.060398
71f8078bf4a40d8d,True,2024-06-16T22:48:21.103754
26f24e0c74b4e968,True,2025-02-04T08:18:21.282081
d65b32656733a56f,True,2024-06-13T19:26:23.837558
f0df70b4048d8a72,True,2024-12-18T09:49:06.752453
55a6db0d6a001dcf,True,2024-09-01T23:03:20.162261
ddca936a811c6b22,True,2024-05-08T23:45:19.675708
a7b369ea0aeb41b5,True,2025-01-19T01:28:10.328482
e116e3f6777fcd12,True,2024-07-31T04:05:27.906704
b1f08030d994c7de,True,2024-11-25T05:43:39.358592
d432d8d955679ba0,True,2024-08-26T19:32:50.246123
f801e26a9a65e15e,True,2024-05-09T19:45:20.306217
1cdb75714d9b6e3a,True,2024-10-08T14:41:21.403707
b040459a5ef256d3,True,2024-12-20T21:41:16.675666
7e948a792e1d4f03,False,
d93186b457516a95,True,2024-05-19T17:55:23.494762
bc5ec678baa551c5,True,2024-12-07T21:51:38.030353
12c0d02502f2e99a,True,2024-06-01T13:55:55.761675
6650be4b3a34921e,True,2024-08-12T17:06:39.432638
be492c6b0fdaaa19,True,2024-06-12T21:45:33.049999
7c5b462558c8918b,True,2024-05-22T18:38:06.209645
c1f5b59975a49c75,True,2024-10-11T07:05:37.910283
f447091a50dc7205,True,2025-04-13T17:30:44.384093
a114f372d8f2c6be,True,2024-05-15T22:02:27.004681
b78d406cf5ceecaa,True,2024-05-11T11:52:27.071114
f831c48ec7cddffa,True,2025-03-09T12:48:33.340846
4be3d062dd85d6f7,True,2025-04-11T16:05:31.398474
a0851c3e61c6b0d7,True,2025-04-09T19:01:29.235424
6e83cf6f3880d0f1,True,2024-07-11T06:02:25.014096
0f23a4ef6166bf71,True,2025-01-27T23:46:27.554713
f4724546c933978c,True,2024-10-15T07:42:48.775936
3ac1e085cbdbf237,True,2024-11-11T03:23:28.898719
2e1489da689fa11d,True,2024-10-05T05:17:21.327139
254029d07ed1c67c,True,2025-04-04T05:13:49.917228
c28fa02cf6434cfe,True,2024-12-03T12:09:12.189541
85bd71c19accaaac,True,2025-03-13T21:43:44.331179
7e948a792e1d4f03,False,
7e948a792e1d4f03,False,
e8e7fa354a6c18ed,True,2024-08-02T22:56:23.881528
5d06120859e16e58,True,2024-08-04T13:28:49.456432
c7962a202bdf630a,True,2024-10-01T20:51:55.671911
1a0f30d687da4b68,True,2025-01-01T21:46:29.536473
b27b2f8ea048baeb,True,2025-02-13T22:45:09.527182
9ea28105b5c2e59b,True,2025-02-23T05:30:24.655851
b1d32196e34ca0a8,True,2025-01-18T09:55:28.645251
48155e89e12350a0,True,2024-08-11T06:54:51.608914
c00a30bfb03247a5,True,2025-01-16T08:47:02.149883
f3bc4574512e805c,True,2024-07-20T05:19:17.515980
174a67a914057219,True,2024-09-16T14:09:41.490371
68d7e6ed42b2d9d2,True,2025-03-15T05:14:11.646537
936c54945365d716,True,2024-12-25T16:40:47.333169
7e948a792e1d4f03,False,
066e7092b1383cf9,True,2024-10-13T00:49:48.290642
6f9a4b02564ba743,True,2024-12-28T14:39:25.971286
cfff82032de47a91,True,2024-11-18T13:45:43.352045
96951f7c1bcb7ed2,True,2024-08-27T23:37:05.912700
7e948a792e1d4f03,False,
0a61fd19bdf33016,True,2024-10-02T12:12:24.452562
3cb097518d5f035e,True,2025-02-24T04:47:58.504433
2af7802e694f58f4,True,2025-01-26T09:13:13.897117
383c5005ce09f751,True,2025-01-08T08:38:29.593066
e2c397f577674f80,True,2025-01-20T04:57:50.646801
df1f25ba21648000,True,2025-04-20T08:50:59.457675
b323f920677b8c5e,True,2024-09-08T13:31:55.981019
e5a3374c0a6fb52a,True,2025-04-23T07:03:30.604850
1a7253ef6874b46e,True,2024-09-16T02:27:19.002580
7db062eceabbbdd3,True,2025-04-05T13:53:21.934262
fbb7ad9358eec47c,True,2024-11-11T07:19:46.096881
7e948a792e1d4f03,False,
8bc85c2f11a5e41b,True,2024-07-07T05:16:03.868999
3cac150dbef01f93,True,2024-12-16T19:01:35.360477
494c99fce58cac89,True,2024-05-02T10:20:36.535224
71a1a7885ee976ed,True,2024-10-05T11:14:21.426806
7e948a792e1d4f03,False,
d030b6cb5caf0143,True,2024-05-31T06:10:54.989651
620d79bac5a5bf54,True,2025-04-21T18:25:43.220396
81e20d212ad2f6d4,True,2024-11-06T00:24:40.515118
b0597e4359f7cc3c,True,2025-02-09T16:11:10.061245
d1ca28a0027c6eed,True,2024-10-05T17:32:36.070602
fdb911980448edd5,True,2024-12-15T04:29:49.360053
e79d354404344c8a,True,2025-03-28T16:30:14.192918
f52186de57febfbc,True,2025-04-13T20:03:46.313871
65f2d2185c1d2c59,True,2024-08-03T21:38:39.789880
a9f836087cc5b3dd,True,2024-10-30T21:12:46.638916
d0c0abb2a7d877bd,True,2024-07-28T03:26:14.366780
3aabc4323fc66a47,True,2024-10-13T12:16:11.906009
15cf7b4ddde7a344,True,2025-01-12T09:31:14.366062
7e948a792e1d4f03,False,
7e948a792e1d4f03,False,
f4f64abd6726bdd4,True,2025-03-08T07:59:23.460751
931cb5b2ace1feb6,True,2024-12-18T16:31:49.579367
d2f21d9cb5580652,True,2025-04-06T01:38:26.617611
c87e41c72689ec57,True,2024-07-21T21:33:09.739547
8b90eb033b575c11,True,2024-06-26T10:43:17.985037
e557875d07d990d5,True,2024-09-18T21:13:17.492130
f65003a513c8c248,True,2024-06-02T14:43:27.793529
376b4ad804624416,True,2024-08-14T21:53:52.757213
7e948a792e1d4f03,False,
4ca1a10f2ab489fd,True,2024-06-26T22:17:24.177309
669dc0bdd85e0856,True,2024-09-09T12:41:26.777725
84ce7c25d04357bb,True,2024-07-01T08:20:51.818241
7594d2eab3d18bc5,True,2024-10-09T05:52:19.502373
bddf6a04f5552557,True,2025-04-13T08:13:22.790250
86d2884358b2a075,True,2024-05-22T20:32:20.237242
a82fd4a2702779be,True,2024-10-18T04:07:01.603155
5b704b4d597b4b7a,True,2025-02-20T04:36:31.488708
587031ba0d63b9f0,True,2024-10-03T04:24:44.702201
7e948a792e1d4f03,False,
fd344faf3717b370,True,2024-08-06T10:21:17.166552
f5cf661b6c568c72,True,2025-01-19T13:15:45.961212
922fc3ae70b22ba5,True,2025-02-13T15:27:06.629628
707916fdf0b5bdea,True,2025-03-19T21:18:28.622648
0eadd2e8869301cd,True,2024-11-29T03:07:49.875257
b2488f3807454e8d,True,2025-02-07T21:04:02.376544
3ce6d8912a4ba216,True,2024-06-18T15:25:18.794214
2994712eb1d47dc9,True,2024-05-16T16:56:19.578327
af0ab945c3823522,True,2025-01-19T05:06:50.473864
7980f3c37481ca00,True,2024-10-06T18:50:55.901287
f96bcef5659b7759,True,2024-09-19T02:37:40.497830
05519ab5fb3300c7,True,2024-10-22T19:15:30.026396
f95acd327dacb4fd,True,2024-11-01T10:55:46.275998
6527b46064372ff6,True,2024-06-09T15:13:38.652179
389766ae3963f15b,True,2025-01-19T16:25:47.219058
85a331dff9f826fa,True,2024-12-13T12:09:22.584052
a4f70cf7e9e01777,True,2024-11-29T22:13:53.876425
762fd340945dd1e5,True,2024-07-12T19:46:38.935419
da5772a10b2b92a7,True,2024-06-10T02:31:45.364192
215cef41ecc3d208,True,2025-03-04T02:37:28.649759
aed21bc899639ade,True,2024-06-26T12:35:12.896315
aadbc2ed2c166756,True,2024-10-15T14:57:57.934573
e4d4a3a2800d2f5c,True,2024-09-23T07:05:10.335006
91be075fccec65c0,True,2025-03-20T20:09:04.932795
d41e374de2c3188f,True,2024-10-23T22:37:25.667403
112afd4e36b3cd21,True,2025-02-03T21:42:59.709094
b8b470bba542e622,True,2025-04-07T19:41:57.897215
797bb73218fdeb14,True,2024-07-08T01:20:55.677734
3085ae4e730813c6,True,2024-11-10T16:07:08.810724
7e948a792e1d4f03,False,
88a82ed478549bdc,True,2024-11-10T02:01:17.591723
c7cb70cd7d72c950,True,2024-07-31T21:36:42.109863
f6d9b6954c2e46f2,True,2024-05-07T08:39:20.649569
b8d987b5b8693e5a,True,2025-04-28T06:05:24.505278
a6dcb7679e308b63,True,2024-12-01T16:06:14.571310
096fc23725376416,True,2024-05-12T13:16:06.766052
819fd6f4e1eb9e73,True,2025-04-28T19:55:41.206000
5abe804ad517055b,True,2024-08-14T02:56:51.528269
6bda4bb68cc41f95,True,2024-11-04T01:31:28.022250
d5826e0587d1f33c,True,2024-12-29T11:03:42.505929
d8ac0d57b0ce1548,True,2024-10-29T22:13:15.022462
7e948a792e1d4f03,False,
01859b73cafb05e5,True,2025-01-21T00:03:46.975711
7e948a792e1d4f03,False,
12e1c526ce1cf1a4,True,2025-02-13T12:56:42.673319
55b3def5d292ea90,True,2024-08-01T21:18:15.502982
315141a7c443af39,True,2024-11-08T03:29:19.721495
8ba1670e66a186e4,True,2024-10-22T03:26:46.558348
e99f36fd212b28eb,True,2024-10-29T06:33:01.621677
1778bb7b272ea236,True,2024-07-22T01:34:13.105977
1f3e9f6201a877b5,True,2024-10-08T08:08:28.262326
eca742059f5f940b,True,2024-12-06T22:52:22.241453
3faf825426ce9737,True,2024-07-09T00:20:37.618334
fc94fd8369445e16,True,2024-09-15T02:05:11.159448
d1facf0ffe48ab12,True,2024-10-01T20:25:17.803157
a795b31dd1d67270,True,2025-03-01T01:26:59.440683
6a14653d770089bb,True,2025-01-04T05:51:41.878163
7e948a792e1d4f03,False,
484b7c7f7c86f989,True,2025-02-20T23:28:41.058926
4249e130631e5d13,True,2025-01-31T23:43:34.835534
e501d791ab5caad2,True,2024-06-26T19:19:31.208018
92647011654d49b2,True,2024-05-18T07:44:50.901277
2a7624a4c1ec0408,True,2024-08-20T01:47:12.041942
7e948a792e1d4f03,False,
b626cbb7c1ce4d65,True,2025-03-20T05:01:05.898696
218d988bf528e681,True,2024-08-13T12:29:10.217490
b003fb2cb4125d78,True,2025-01-06T08:12:41.830748
3edcfde8e886fc90,True,2024-08-11T08:07:59.628817
2df5f21fa5abe1cb,True,2024-08-03T18:52:53.867203
74c1d287632271bd,True,2024-10-09T12:36:22.337142
f14357843269183e,True,2024-05-26T17:21:43.221358
a423d227b688fa2a,True,2024-11-01T06:36:51.629737
7e948a792e1d4f03,False,
f4b966416c03c55e,True,2025-01-14T07:02:05.619565
7b46a396c9377d5d,True,2025-03-07T16:35:55.269161
6f147c8287901c4b,True,2024-11-03T21:17:30.639633
00ace2bb21a32b35,True,2024-09-29T00:43:13.403462
e4e9bc608372adb2,True,2024-09-04T12:36:27.224530
1f8646b289df42dd,True,2025-04-15T02:23:08.274598
db58605e99293db4,True,2024-11-14T06:39:43.772891
213a7b640aaa544c,True,2025-03-03T03:47:07.532437
500b71297d2e7282,True,2025-04-15T02:44:25.339273
03911f2fef8cdd5e,True,2024-07-03T19:01:30.714352
a414e1e5b686f865,True,2024-09-21T19:29:10.043441
4a6e3501188369db,True,2025-03-05T20:02:48.369309
f4735c62744e70d0,True,2024-12-11T10:42:44.808803
7320aad263a43bb6,True,2024-09-04T15:39:33.258639
5b116cbf549833ee,True,2024-05-02T20:51:15.281225
7e3a9fc3bd5f9d83,True,2024-12-20T23:47:43.120825
e608375c24bd371a,True,2025-04-09T19:25:54.817300
c2255779ae3a1a5c,True,2024-08-12T19:09:15.688985
76751b166e85585c,True,2024-07-24T00:42:23.287171
8c35c7f363004390,True,2024-10-22T12:47:22.328481
cc56659a675f4d8c,True,2024-06-09T14:03:20.128353
7e948a792e1d4f03,False,
966b56a3dc34144c,True,2025-03-28T01:14:36.938408
8584aa7caccc6ca2,True,2025-03-13T20:33:22.218032
3b8edb02e36aee78,True,2024-06-27T09:07:42.497915
e3dbad43e20b4725,True,2024-11-06T19:02:52.846506
8e3916b10f9807ab,True,2024-10-23T23:50:49.722711
7e948a792e1d4f03,False,
60c72d22d2ddeeff,True,2024-10-22T18:55:42.084558
50b636488ea6d2d5,True,2024-07-02T06:28:44.051207
9d15c8c977e25bf5,True,2025-03-16T19:35:44.659040
d4947d3e4290059e,True,2024-08-01T05:06:16.658110
84c3d5a492986ef7,True,2024-11-12T15:53:43.793418
0521a5077c15bf64,True,2024-04-29T12:46:19.059186
f477670b6ff9a719,True,2024-06-29T13:35:34.021666
f825378b7b7675e6,True,2024-09-14T12:15:37.469347
b2feb187edd44e52,True,2025-02-20T16:44:35.647253
956bca96d7b5c044,True,2024-11-19T09:58:13.429111
241a56e38f1915d5,True,2024-10-31T20:48:39.515065
3158566491e99973,True,2024-05-13T10:19:04.299756
87dd867e1509b06d,True,2024-10-10T03:47:29.732531
e74f7ec527df2a5e,True,2024-08-30T16:58:38.815394
a6d25b27601f8884,True,2025-02-15T10:32:57.394670
193b5391301114c0,True,2024-08-25T02:18:36.099091
1b719461ce52687c,True,2024-05-03T04:49:16.528857
7e948a792e1d4f03,False,
fac778c89e50195c,True,2025-04-02T22:15:19.365424
7e948a792e1d4f03,False,
adc303a23dcd9675,True,2025-01-08T06:10:39.978948
1b2edb7ecb03b7be,True,2024-05-22T13:41:07.121955
8c3d3bda7a5467be,True,2025-02-14T17:46:07.181400
565df3fc92139dc0,True,2025-03-29T23:51:06.240848
d7cd170d19da5763,True,2025-04-16T13:12:15.364293
68de126e198c6663,True,2024-09-05T01:47:46.044858
465c8f9d65508676,True,2024-11-17T08:55:00.548596
1e02c13f0c6c686c,True,2024-07-21T17:49:49.362947
3d966634fa8103e4,True,2025-01-21T15:00:16.491260
ee3fc774d793db62,True,2024-12-01T00:11:03.194752
6f2a045917a44dc1,True,2025-04-23T02:04:38.224421
13a11a4c2b7cc074,True,2024-08-11T04:28:51.718790
7e446abfa5f3479a,True,2024-08-20T07:15:45.514272
47d72b3a13b0a7ba,True,2024-09-21T01:57:49.265270
e45cfd1c1e2107ce,True,2024-06-13T00:31:19.703268
5f612f9cfafec77d,True,2025-01-06T10:16:47.560246
6afbb90fc86ba63e,True,2025-01-10T21:23:31.237495
6dfb91a7f8e6a51c,True,2024-04-29T23:31:04.928790
9dc573fed48f57fd,True,2024-07-25T11:46:28.861053
0e240338d4516466,True,2024-10-16T05:27:14.637244
95dfdc13886f10a5,True,2024-10-17T07:04:14.314726
6f402242e621497f,True,2024-10-12T02:46:22.230641
7e948a792e1d4f03,False,
7e948a792e1d4f03,False,
e1d61f7bf4816622,True,2025-01-23T18:00:09.986345
203c3ab05f10360c,True,2025-04-02T23:33:30.929245
c38e6de017af9453,True,2024-12-04T20:11:57.302156
92708851e0fd288b,True,2025-01-14T20:08:10.518917
7c72c3cc8e8e1f0b,True,2025-03-24T02:01:33.061541
435da64a6adf7214,True,2024-07-26T07:29:26.970346
e862e5da2f7251ab,True,2025-02-14T14:25:45.937171
97840a571409f98a,True,2024-08-25T23:49:46.920566
1fcf0dea12aa5e36,True,2024-06-11T19:21:32.297144
d419a873051cc422,True,2024-05-03T12:36:55.396211
ed92a99b5214c5d6,True,2024-08-14T14:26:34.376034
a2630273b852c482,True,2024-10-29T01:35:08.568963
7e948a792e1d4f03,False,
5ea2e290493443bd,True,2024-06-02T03:57:39.110526
413189e55fd21b3c,True,2025-02-25T12:29:00.327865
6779b0fd8bd7b59b,True,2024-12-07T13:41:59.691278
8a02b5a48ea5e012,True,2024-06-02T19:06:50.453276
81522f91a6756c55,True,2025-01-05T21:16:04.159375
c0393ad93eead658,True,2025-01-24T21:07:34.099830
3bca58d940f1ef62,True,2025-01-12T10:10:38.196772
d057b9cc5bc3100f,True,2025-02-07T15:58:01.191530
23dfc08db0b32fba,True,2024-10-26T02:10:14.729977
1ed570841eff5bba,True,2025-02-23T06:51:57.645213
79c9cdbfb78f3e3e,True,2024-05-05T13:30:10.365750
c72d8a663f567c65,True,2024-12-28T09:02:52.422051
7c69ec09a42a24f3,True,2024-09-07T21:53:32.384211
8ca9dcb4b75900a9,True,2025-04-04T15:29:44.365896
7da139ef4310bac1,True,2025-03-08T17:00:57.204963
60f61c2b9392b438,True,2025-02-16T08:13:25.141957
5c584aa9db56f09a,True,2024-11-19T22:04:09.528266
8a8867d54ac8e971,True,2024-05-11T16:01:10.776122
7e948a792e1d4f03,False,
6e26b7414b3a1707,True,2025-02-19T16:24:41.971391
129d5c5ae505bb60,True,2025-03-19T14:12:47.030373
bdf3133fe9703389,True,2024-05-30T01:06:13.913079
6786a4b0f357994d,True,2024-11-29T23:13:03.157231
a3abf47ea498bb35,True,2025-01-09T03:09:00.122019
ecd8c02e35a93de2,True,2025-02-16T10:29:27.952038
4fa9edadf31bbe70,True,2024-11-26T11:18:49.124632
6d4c288c4995db98,True,2024-10-26T02:15:26.737420
f5d502973390c751,True,2024-12-31T18:51:24.210933
8fd454102a57d2ec,True,2024-09-02T20:16:15.111063
dfa3232245bf054c,True,2024-06-07T17:16:04.402394
53caac9c065492c0,True,2024-06-04T03:15:19.277195
7e948a792e1d4f03,False,
3c6b1cb3a20fe0c6,True,2024-09-04T16:07:33.725291
cf1a602d3046be2f,True,2024-06-27T09:33:01.002676
b11bf2b4bc68f67e,True,2025-01-09T12:24:35.886900
7e948a792e1d4f03,False,
1fabc9f736b30a0d,True,2024-06-22T09:39:13.811538
3d1198e1e620f6b2,True,2024-09-20T04:07:25.533438
c75f71fe7d99ffe6,True,2024-07-05T15:33:10.048463
aec8f4f0458c39b2,True,2025-02-22T07:24:47.598853
be6070594f3b57c0,True,2024-06-20T13:58:30.450035
bde9efbd53453b80,True,2024-07-09T09:33:49.473350
49129397256f4695,True,2025-03-11T06:39:11.382059
693886ce07c8769d,True,2024-10-01T02:59:41.468554
a197f859884a0f9b,True,2024-07-15T01:19:20.235946
a4b6ee29edbedbd6,True,2025-03-04T16:10:00.243623
a8d435d11d686bba,True,2024-09-13T17:10:04.189141
7e948a792e1d4f03,False,
50907b3fbfa195f5,True,2025-04-07T18:43:41.427234
2d7043fe370cd15d,True,2025-02-14T10:27:25.182681
2c097ae53dbaa192,True,2024-06-30T20:53:37.014029
b17b1f4756b035ac,True,2024-05-20T03:15:05.132618
10aa53465033de59,True,2024-09-21T06:18:15.523085
02c233c66d8ab216,True,2025-02-15T09:44:03.064303
e85ed3f6d6d6234a,True,2024-12-07T12:23:41.655969
a818c92a4ad158a3,True,2024-12-27T17:36:52.360452
164f0643a3d021c3,True,2024-08-28T18:35:38.075647
7e948a792e1d4f03,False,
7e948a792e1d4f03,False,
f317bd931db07fe7,True,2025-03-14T03:08:37.699249
ce0162609aa61b9e,True,2024-12-23T06:24:57.807102
a648651563ee0252,True,2024-12-07T08:45:12.353610
7cecb192e6d527e1,True,2024-07-27T18:20:53.894913
d51a3ef368b29910,True,2024-07-27T05:29:47.369834
fffe7e6c1f8d6772,True,2024-06-04T15:14:40.589979
9ae33439a69a430c,True,2024-07-25T15:23:42.697995
352b0295f8aaef42,True,2024-09-11T22:50:45.563665
e11f66009e7415cd,True,2024-05-09T09:56:15.918361
4e2a52db3c3b9e1e,True,2024-10-01T10:34:39.693665
523b962ebddfdeb5,True,2024-06-30T17:54:47.244186
230ba8c349340e87,True,2024-06-09T17:00:05.565998
7e948a792e1d4f03,False,
7e948a792e1d4f03,False,
0b91bd4fc092010e,True,2025-03-31T16:20:49.950126
ad7e64fca1825316,True,2025-02-09T12:43:50.141879
01bbd2e5e7e83c49,True,2024-06-21T07:01:48.567797
d5e3117194d0ca04,True,2024-12-11T11:43:51.873486
608e1dab46e6b283,True,2025-02-14T06:02:08.445719
5d601747cc740516,True,2024-06-05T05:51:56.375559
b96dff6e3c6015ba,True,2024-05-08T16:48:02.114214
a6013b42f8e73aeb,True,2024-08-30T01:04:38.630097
ca22fcdcab2ecd47,True,2024-06-15T14:22:14.213496
f50909b1355fbb1e,True,2025-03-21T03:55:16.207625
7e948a792e1d4f03,False,
eb7b8071e6884800,True,2024-05-25T20:56:53.836675
aa15af96dd603cae,True,2024-10-23T02:18:49.533042
12637a3115e8ee71,True,2024-05-09T21:00:56.994993
a3e54f6c736eba9f,True,2024-06-26T02:13:00.044906
d3ab5878e01cff31,True,2024-07-21T18:27:03.669115
83d3b35e8e6abd20,True,2025-01-27T11:12:09.172771
f9d62bbcb1bef10d,True,2024-12-06T19:33:20.818937
2820d9641636b931,True,2025-04-18T17:58:31.202050
62930e3ebd4d7f19,True,2024-08-28T00:09:20.513816
70873852e593a04f,True,2025-01-02T09:34:58.503089
9df26d88a9548478,True,2025-01-04T13:14:29.283220
0894ed72968354c9,True,2025-01-12T07:55:10.971318
6274fa853b57bee0,True,2024-05-08T15:34:02.716618
056b3031ed7c850a,True,2024-06-16T18:49:48.140519
ee09e6219e809213,True,2024-06-07T19:09:19.407955
d9063dec8126e536,True,2024-09-16T07:03:57.347884
557bc4f8af0c5e1f,True,2025-02-09T01:20:06.530920
7e948a792e1d4f03,False,
fa671da63642962c,True,2024-07-07T23:23:26.450883
19a6f68ea00897e3,True,2024-07-26T01:00:02.968903
ca5a94006e59f352,True,2024-10-04T10:44:47.597584
315bfb2ca9057dba,True,2025-04-04T00:54:04.140127
aca972780f128cea,True,2024-10-31T04:08:17.600415
33ab03a4f2f17979,True,2024-10-20T07:51:31.149065
7dcadfc2cef162b0,True,2024-09-21T22:54:17.965270
bf763f2b07e5b618,True,2025-01-11T15:31:00.279508
e45fcd5a96e1211a,True,2024-05-14T01:00:13.243452
6afc6f338b72dd01,True,2024-06-09T15:16:18.025064
b9c7585121297e00,True,2024-08-07T17:48:12.356791
6f7601c3c7dacf0c,True,2024-12-28T22:00:12.473839
e0d0c486840ca83b,True,2024-08-17T04:20:56.067103
7e948a792e1d4f03,False,
7a8bb3828463932e,True,2024-07-11T01:18:07.954660
2a7b0f5a0b4989a2,True,2024-12-19T22:04:55.706488
7e948a792e1d4f03,False,
c9c565b123bdb19d,True,2024-12-03T11:24:37.712528
e72352ff7d84e542,True,2024-10-20T07:55:12.668283
f6ddcda8c2822bdb,True,2025-02-14T04:33:29.732738
7e948a792e1d4f03,False,
89fc7bd99e371b72,True,2025-04-22T07:53:19.876988
05465f874ff99d56,True,2025-03-17T10:57:57.946491
b367ecd7c9c2c7db,True,2024-12-20T20:18:39.286945
935532846f66c6f3,True,2025-01-09T14:30:19.692561
45adaf7d52c2f07d,True,2024-07-16T22:46:29.470977
dacfbd1a2434eff6,True,2024-07-13T08:42:00.517337
f921f47ecbfe7ac5,True,2025-03-14T17:40:32.802416
59ec5ba185c92b11,True,2024-07-15T06:10:36.877540
444545e3525732dc,True,2025-01-17T02:19:42.660849
5940456e0c69ef87,True,2024-07-22T07:08:45.278113
beba2db43d5963a5,True,2024-07-28T16:40:05.658855
9bb1065aa21427ec,True,2024-09-22T14:57:40.255773
e4856ecc4c48c5f3,True,2024-07-06T22:32:52.154546
f00176d5ccee6338,True,2024-06-15T14:27:38.639051
175bbf498562fa63,True,2025-04-07T12:13:10.950466
8ccfeb584a3153d2,True,2025-03-07T03:01:29.044737
fa06e1435ff147f1,True,2024-10-28T16:05:24.240037
ee40778a44c38159,True,2024-08-21T15:11:23.159410
256637bd4291a004,True,2024-10-04T08:06:32.938879
af0f9754f43f9d73,True,2024-05-31T06:38:16.048126
ca5d36d16dd08ecf,True,2025-04-25T07:04:20.641996
83fce68a5183c005,True,2025-03-18T14:54:38.348309
ea28fa8f14074acd,True,2024-10-10T15:24:51.803451
7e948a792e1d4f03,False,
7e948a792e1d4f03,False,
3892423981b41aa8,True,2024-05-13T16:32:01.196329
a093c5e07d2aa5b7,True,2025-04-15T00:40:54.140584
5252a96092d8ca82,True,2024-10-14T22:39:23.267241
7e948a792e1d4f03,False,
b3936bd56b8e1fc2,True,2025-02-13T19:47:28.465030
7e948a792e1d4f03,False,
80e1f2561910f53d,True,2024-07-31T23:51:56.872360
c0d5d8540a3ceddc,True,2025-01-17T09:07:53.267635
69a818fd3dec78a3,True,2024-12-31T16:01:44.094097
caef4e02bb75085e,True,2025-04-21T05:31:46.910014
a94c8e04e867b751,True,2025-03-09T22:16:10.526216
9dafe67dfdd2ddf3,True,2024-07-15T07:33:19.154802
042ddf0498b500ce,True,2024-10-30T05:07:21.310462
a87a747a17288e8e,True,2025-01-28T04:43:21.103738
916ce387ba6c7613,True,2024-09-25T16:14:26.493697
2cf924e02d9e627e,True,2024-07-11T16:50:57.371147
035caad37d7fe9ab,True,2024-06-10T17:36:31.791293
54ad21e9e80dd06c,True,2024-08-04T16:34:29.220732
6ddb0f75bd4e4db9,True,2024-12-07T23:34:23.418546
7e948a792e1d4f03,False,
6fde89a0da54a806,True,2024-05-17T01:54:47.901164
e498836178beb455,True,2024-08-31T13:04:19.850379
92ca538ad7306e73,True,2024-11-20T09:42:44.939643
e291925ed9ff9092,True,2025-02-25T08:34:47.584469
97d875b8960808bf,True,2025-01-29T23:34:55.026850
944d70aec692a6b6,True,2024-12-03T23:57:43.290443
e5b950a497d952b7,True,2024-06-06T16:39:13.519904
150cf686c6ece29d,True,2024-12-20T07:57:28.515588
5566b6a58e4ad401,True,2025-01-23T06:29:08.408705
b47be3bfd60d06a5,True,2025-04-24T15:24:55.391404
2c02bd3c7501518a,True,2024-07-26T00:41:23.880406
776fe2febe95cce0,True,2024-07-23T13:59:35.491169
96bfe412c94c6e18,True,2025-02-06T15:37:30.769487
58796d61c5a85060,True,2024-07-28T06:23:11.038573
74a11e6bb20ce000,True,2024-10-23T01:39:01.855241
8ee20c978ac46e6b,True,2024-08-30T01:06:11.114144
847fdf20d98d591c,True,2024-08-28T12:47:41.812936
87213212644e584a,True,2025-04-12T08:12:01.255408
8a405ed1341ec601,True,2025-04-23T18:31:35.849057
fbc34a9c10e4e07d,True,2024-11-15T11:26:24.450890
5f4e3b2c860ab09f,True,2025-04-11T16:14:01.854015
c7b33b5356fc03f5,True,2024-12-06T08:05:08.701370
11e570bd32c9ea1d,True,2024-06-26T12:58:54.672054
34d6d7c1b6cfc079,True,2025-01-22T06:19:43.227185
265ab94068b0018f,True,2024-07-01T12:56:49.857178
79a32879ec106b26,True,2024-10-27T13:34:08.425515
7c04f79ac44f5ed9,True,2025-02-07T07:14:34.218416
79a5967b9f1c1ead,True,2024-07-01T08:42:50.906445
0317b8e8ada9eb8e,True,2025-02-25T05:01:02.370202
cf091b209cbd66bd,True,2024-10-25T07:53:03.468137
4b4dfc062e48fdc5,True,2025-04-15T21:59:06.654854
5145d63f012e8d1c,True,2024-09-20T14:08:43.868094
d8f85df1da1777cc,True,2024-12-28T22:39:58.996117
0bac20e52cef5eaa,True,2025-01-02T08:27:02.501679
687712f10a6f4a9a,True,2024-12-16T04:52:20.254787
8b7643705346734a,True,2024-10-20T13:35:59.938964
9e2b377f35b62776,True,2024-07-04T19:09:29.338303
36bf76c341261041,True,2024-05-16T05:19:57.121481
b0b18b3c980f136c,True,2025-01-26T09:51:19.932847
0e0d399c5053d411,True,2024-05-10T09:58:55.587466
7e948a792e1d4f03,False,
ba20964dec410355,True,2024-11-04T01:35:25.136471
4e98da6d68d36999,True,2025-02-03T16:25:20.414613
10b3ea9f027389d5,True,2025-01-11T08:58:48.630415
ae99ca52f6ef76e9,True,2024-09-25T08:35:03.307418
019671e9adafd876,True,2025-02-26T16:05:19.559753
c7b14495165787c2,True,2024-09-04T17:08:20.835727
62dab838d9f21ff2,True,2024-11-20T19:42:27.771778
0b34a456e6fded59,True,2024-10-27T14:42:47.837092
e92f894752bbc395,True,2025-01-22T21:42:04.131288
aeb9830facc41174,True,2024-09-15T22:22:35.940542
f3afe4aa7b75540d,True,2025-02-15T18:59:32.985651
4f07ebd4c23b35c2,True,2025-02-27T15:45:43.436946
0bcdc5f01341bcef,True,2024-12-02T15:42:52.236222
741c27b2fe903399,True,2024-12-19T13:14:52.084980
2ba4a1647e07924b,True,2024-08-17T07:51:36.322817
0ae40df4a0ba3194,True,2025-01-02T20:13:47.397134
e5699ce11998dc06,True,2025-01-11T04:28:20.983973
7688ba28af500294,True,2024-06-21T19:16:56.121554
41e59904822a4ac0,True,2025-03-12T13:20:51.869669
3ab9a39ef38ed15f,True,2025-04-17T19:00:33.111910
e7de96899a076d90,True,2025-03-15T14:54:52.799610
69d42091c14e8dbd,True,2024-11-10T16:46:16.077765
12641868fdacba58,True,2024-08-08T02:27:11.400092
7e948a792e1d4f03,False,
5e7200a801edae01,True,2025-04-02T00:58:48.090932
b9392285d5b4f9c2,True,2024-04-30T23:26:26.283299
aadd06427da72b38,True,2025-04-19T07:22:14.528043
b950787d3ce14bde,True,2024-08-31T15:29:16.125039
e83e435eeffcd94c,True,2024-09-02T06:07:17.501927
7e1801cc8c139570,True,2024-11-08T13:08:33.508029
5e99eb8f04df6163,True,2024-09-12T04:01:13.876258
451ff1ebb0f254c0,True,2024-07-20T10:30:31.813431
939776d4beec873d,True,2025-02-20T00:09:34.914926
f2cd7191ea9fca91,True,2024-09-07T17:09:04.294075
3dd7d4f1bf089686,True,2024-08-03T02:55:15.166842
a5045884d6e08dc8,True,2024-11-24T02:46:41.357513
bbc862b29c0b417a,True,2024-12-18T02:44:52.684427
7d468dba196932a3,True,2024-12-21T06:25:03.731438
b5c22fb936668082,True,2024-11-04T02:18:40.604987
c18493709e0ed2bc,True,2025-03-07T05:44:08.990630
d7e79678f9d95e62,True,2024-07-07T02:53:16.593023
7c2454404f53dd90,True,2024-05-18T16:03:43.716434
34a2c11d23aa3088,True,2024-11-13T14:06:37.343276
7e948a792e1d4f03,False,
cecf98ca8cdd239f,True,2024-06-28T09:13:39.383255
93199fa702c9fb3d,True,2025-01-14T01:06:34.245191
004860295cbdd520,True,2025-01-04T18:28:12.854933
fffd0840256e4741,True,2024-12-09T09:33:38.755056
c737548f4e845cc4,True,2024-05-24T13:27:36.314384
e96dcd7c13fae350,True,2024-06-22T16:30:32.751950
e89df962f46025d6,True,2025-03-14T19:03:27.110972
3349b9dbe0c6ae62,True,2024-04-30T23:01:34.050486
aa9981b3f8a02688,True,2024-09-30T10:58:54.546998
65100d4b14d09d40,True,2024-08-07T15:05:51.455471
3e75303ad6743785,True,2025-01-06T13:01:44.152447
8fc42b7e5a0d7f8b,True,2025-01-24T06:04:08.919518
8be845b86f214534,True,2024-05-30T02:20:50.818752
82822800ce296cc7,True,2024-12-27T07:07:39.231347
d42383a6c22da4cd,True,2024-06-07T13:47:25.181323
e856f6c75cd9d95f,True,2025-01-05T19:56:23.828619
36eb8c00df50cfcb,True,2025-01-08T00:10:08.220260
d51bd89277ef45a3,True,2024-10-31T05:06:13.362691
bbf2b0889a2ea35f,True,2024-10-26T15:07:01.042542
7e948a792e1d4f03,False,
fdf13015b66b1d23,True,2025-04-01T04:25:13.213027
312c526670145e32,True,2024-12-31T22:41:01.629513
f00190629a3dd665,True,2024-12-08T15:43:15.010210
7e948a792e1d4f03,False,
e9ebf6586738f06f,True,2024-10-18T00:24:34.975572
3c432c5437ca2447,True,2025-01-12T09:00:24.863945
4eebfa9e637833b2,True,2025-02-02T17:01:31.071976
111e0c8b4b2a0c73,True,2024-08-31T05:00:01.253613
7b1068a84063fa7a,True,2025-03-28T16:21:54.277212
3b10b1538df994bb,True,2025-04-05T16:39:17.944082
67c25088ab5d4bd3,True,2024-11-11T06:54:14.674607
81af683efff8eedc,True,2025-04-28T00:53:21.846515
922bd63b87b4b5fb,True,2024-10-16T02:00:20.913615
12da6f2d6b110bea,True,2024-11-06T12:33:26.101645
89efb018d79f491d,True,2025-03-17T02:53:06.519324
b97edd7cc30012cb,True,2024-08-03T14:54:01.295633
26aaf11bab1ee7d7,True,2024-11-26T23:55:42.568052
8e391a447436ffff,True,2024-05-26T13:21:19.699592
1db4c261e71cd202,True,2024-08-22T14:33:50.271779
5929ba1e721e6553,True,2024-06-22T06:20:04.357236
c41eb35c26600c81,True,2024-05-05T00:32:00.407712
ba02e5599ca48043,True,2025-02-07T18:57:31.471494
f9c914ba8c9f5d8d,True,2025-02-28T01:14:19.186440
f3033e05ce8ca32f,True,2024-05-25T11:44:05.265257
047593cf9724237d,True,2025-03-16T22:12:05.310671
20352c125e3bd6a6,True,2024-12-14T06:13:55.876311
fa006291ecebef1b,True,2024-06-28T13:56:58.191534
9ca5aaf0313e0c07,True,2025-01-31T12:11:08.297387
7dcbc5060ae91b19,True,2024-06-30T11:11:55.296577
bac4813b7b736b70,True,2024-11-06T08:48:53.814068
e357dc06b7860082,True,2024-11-07T05:09:06.133238
5fd44d6345a5394e,True,2024-06-26T08:04:21.278840
3c018344e5aedbbf,True,2025-01-10T19:16:57.760909
5cccbae633646146,True,2024-11-14T03:06:40.383153
714095913591feb9,True,2024-08-08T17:39:17.716964
44112bba3fd805cf,True,2024-05-05T00:37:24.683609
e61c5dc3e5c0f23a,True,2024-09-28T10:33:05.460625
b90f8f212cfe632f,True,2024-05-13T19:56:30.347548
04c35ce9987d1b70,True,2024-05-15T19:41:40.703506
7b4aab4176afc486,True,2024-06-13T17:05:40.953040
11fdacd9cf7505b8,True,2025-03-02T18:43:31.848391
1a04f31d00d35a7d,True,2025-04-18T15:36:45.555166
63aaa03043af103a,True,2024-09-20T22:18:08.216560
bd88a88e504d50c9,True,2024-05-30T20:07:04.719020
cbafb8785ece1449,True,2025-03-20T12:20:30.734751
7a18964b7d5c3ece,True,2024-08-12T17:38:53.350408
808a9f01c80b2db7,True,2025-03-16T18:15:19.388498
6c0f5ca77f42c5ff,True,2024-09-23T17:54:39.033430
647700dd89608d98,True,2025-04-03T03:18:49.343216
434521b18ddd2415,True,2024-08-10T04:17:53.795014
3b5264acee39604e,True,2024-08-02T22:37:38.570981
bd7be67e2213455d,True,2025-04-14T21:53:22.681580
71cd069a20ce0946,True,2025-02-23T17:52:51.771834
731b0a2b21b9e7a6,True,2025-01-31T05:49:38.974673
7874a9bdc59c415e,True,2024-09-13T19:53:14.437756
2ba1a916b9203680,True,2024-09-19T10:55:06.484636
7e948a792e1d4f03,False,
786da01bc7a169fe,True,2025-04-20T04:41:19.936967
52be30f89b08b8e1,True,2024-11-11T18:52:49.400696
ed704fedbc95c9fe,True,2024-04-28T16:39:01.999005
24b6cbdf22e22866,True,2024-11-17T06:47:15.343357
7e948a792e1d4f03,False,
fac4add27e23ecc6,True,2024-08-18T19:50:16.139456
04f29dfe4f1caf3b,True,2024-07-24T17:04:27.089838
8ff497cc69a1da45,True,2024-12-10T23:58:58.704599
934c3b765a890483,True,2024-07-29T02:53:35.903641
2d7bb829a1c9da4d,True,2024-11-12T19:34:11.499695
d12d462790d57e21,True,2024-08-10T06:28:56.456526
50d3a9e496592081,True,2024-08-26T07:59:04.420278
a8768ac6a6b4d010,True,2025-01-02T23:16:53.234080
7e948a792e1d4f03,False,
4eb5bd52e5c2fffd,True,2024-05-15T08:59:04.488143
7e948a792e1d4f03,False,
640362a5a299d613,True,2025-01-09T13:18:29.461925
1e1c170c2d37460a,True,2024-11-19T13:27:02.545707
f4f2c30e6a939c85,True,2024-12-19T14:35:15.688761
862c0a75e467d975,True,2024-09-18T23:20:02.657380
ccabb0ed890f597f,True,2024-09-30T15:56:46.677496
cb322631074ade0f,True,2024-12-17T15:15:27.853263
5ec11bac0119829d,True,2024-12-13T12:22:38.466278
52d74cc67bed8eb7,True,2024-08-18T07:57:04.039246
302589df25250023,True,2024-08-29T17:23:09.399628
845077cee9181cdc,True,2024-09-18T00:27:53.463606
1ee66116387f7eb3,True,2024-12-19T06:58:57.143773
c0d0a1fe0a9a8680,True,2025-02-09T01:32:14.451260
11f3858313009d8b,True,2024-10-22T14:17:48.143919
30ec4c2cfabbbf70,True,2024-10-17T01:53:04.164917
f3358696108e4225,True,2025-03-01T18:31:25.003756
1769bfa689b0e29e,True,2025-03-27T17:30:40.907840
9fd7997835bb3ca9,True,2024-10-20T23:12:33.020408
7e948a792e1d4f03,False,
1d0e99a8d41464c2,True,2024-09-06T17:12:03.871247
b10e241e7b10568c,True,2024-05-12T09:37:58.646066
4a140046df9b6de5,True,2024-10-21T15:12:03.797778
836c10c54d47069b,True,2025-01-17T23:38:56.940498
01dcd2b31249052b,True,2025-03-02T12:16:12.063888
cad271dd82d41d54,True,2025-02-16T01:36:44.112271
2c116accd99a75db,True,2024-05-31T14:03:23.881733
9bb3dc2c18132ab2,True,2025-04-13T14:07:45.132406
513d7269d2a4d2c7,True,2024-12-15T04:12:09.398574
7aa683485452bb08,True,2024-10-31T20:44:47.404432
acbb03bad899d4ae,True,2025-02-03T20:37:09.793762
7e948a792e1d4f03,False,
580006edf2be70f4,True,2024-09-02T14:45:25.178002
35481eeb296db8b2,True,2024-08-22T10:33:06.695706
c7d591fb64278bab,True,2024-12-16T10:20:20.862452
6a3e464632431a86,True,2024-09-12T12:54:24.498818
7f61ff18eb6bded1,True,2024-12-02T13:09:49.590767
6aafb5a577f75d82,True,2024-12-30T14:06:53.204678
a191c44f2cbecc52,True,2024-06-30T05:21:07.943876
aa8f32fb37df5e24,True,2024-08-20T08:19:04.280087
f8098cd103a381ca,True,2025-02-22T18:24:53.863633
7e948a792e1d4f03,False,
e1705fa5303e3efb,True,2025-01-14T19:53:35.767024
7e948a792e1d4f03,False,
f9eee001615bef79,True,2025-04-11T14:11:45.821412
a310d18cd7c6d6dd,True,2024-05-02T06:58:12.404066
d0a6b6d55515144d,True,2025-01-25T00:04:30.837551
fd7a53149fb51d0d,True,2024-10-01T05:22:20.467292
6c9d3891e3e30804,True,2025-03-15T09:18:33.979122
7e948a792e1d4f03,False,
9e2b0550811d9a00,True,2024-09-01T02:39:53.136942
84b1eed1d8762249,True,2024-07-28T14:49:34.592357
4bfffbf3c7d43f1f,True,2024-09-11T11:34:13.352350
f44d2ef7be640f8b,True,2024-05-19T10:46:34.450670
7e948a792e1d4f03,False,
276dd34d4db02109,True,2024-06-26T02:20:50.876668
44598d380996b9d3,True,2024-07-23T04:57:31.816994
2e7e64cb59506b50,True,2024-12-28T23:55:26.364475
9d466e9aca619fa4,True,2025-03-03T05:08:34.440312
c6ce984f5336fa12,True,2025-04-02T11:59:02.710394
66c3445dfab01668,True,2024-06-10T09:40:21.412501
56c8519d7b36037e,True,2025-02-05T11:14:47.409061
96d3221b26dca319,True,2024-12-25T08:07:26.343735
365658e4a4cf3adc,True,2024-12-02T08:43:39.313562
8af764f5c7285cb4,True,2024-11-09T06:11:38.659918
0def219098724171,True,2025-04-22T15:24:22.354312
43a94dcefd8bdc7b,True,2025-01-17T09:56:09.830871
66567b85948da3bd,True,2024-08-21T02:53:23.128576
4a3cada257571b5f,True,2024-07-04T11:45:12.162284
8a7e9f0964c4fe1a,True,2024-07-10T15:01:48.209257
c0a73dad1ee1ab1f,True,2024-09-08T20:35:37.629805
9697f8e9a255e732,True,2024-09-09T04:34:00.295956
0bf37eaa8e48c430,True,2025-04-09T13:24:24.440382
ca2e20ca9b6958a0,True,2025-01-10T10:27:27.777776
7e948a792e1d4f03,False,
1d6128c1234b62bc,True,2025-01-27T17:17:53.218477
05ab2b0e0dd2a950,True,2025-01-03T00:30:26.501953
79bbaac2cae14275,True,2025-03-14T14:39:13.028451
7db58be569c652cb,True,2025-03-30T13:34:00.622297
cede89848cbc554e,True,2025-01-23T01:49:30.602511
d28c28a184049333,True,2024-10-09T04:09:38.917715
45a04694964c2148,True,2024-12-19T10:48:31.638597
b1935dc90965d9cf,True,2024-09-06T00:50:38.903682
27443b2b2202d417,True,2025-04-16T18:15:22.001724
346388925d19e253,True,2025-01-15T14:52:44.800701
77767a77b7090b11,True,2025-01-12T13:59:27.599249
7759d9d44b2faf36,True,2025-03-23T07:25:55.236678
54ca735ecfb70441,True,2024-09-10T15:41:53.010682
78a8109407c24e9e,True,2024-05-12T13:57:36.151307
161808cf6affde0c,True,2025-02-04T13:32:55.879351
786d1d09b45c26e5,True,2024-08-27T23:11:42.012170
9344534916cc0505,True,2024-10-06T12:51:46.580860
aa26413fed6a69b2,True,2024-10-13T15:22:10.082010
8adaf60340f72741,True,2025-04-25T13:25:12.801782
d4779940bc5d5332,True,2025-02-24T21:27:24.216928
b40605fd10928cf0,True,2024-12-02T02:52:59.895990
c1febfcd7a1791df,True,2024-07-15T07:13:05.985070
c408270553750ac7,True,2024-07-23T17:54:45.799455
849169f359921d26,True,2024-12-25T06:03:27.839678
4f42345ef1e62902,True,2024-06-18T11:09:30.247300
478eaadaaca1ac9e,True,2024-06-03T18:05:41.454951
58997fc2b9fd6a87,True,2024-05-10T03:52:24.924994
a5f3e495a887fe5d,True,2024-07-27T16:31:04.981089
7e948a792e1d4f03,False,
821bd1b3000bb6f3,True,2024-08-18T07:34:00.391815
68a0169b5e87275a,True,2025-01-16T01:49:57.473420
6e2bddd7349a4311,True,2025-04-18T03:53:31.367823
aeae0d7c92400546,True,2024-05-07T13:51:17.113134
ccc7d77323e4980a,True,2025-04-06T04:51:02.962930
e090e39df06bd274,True,2024-05-13T17:33:15.120696
c5b8ef5dcb036606,True,2024-08-10T17:08:59.576780
c1f5d45060d07c1a,True,2025-04-16T06:47:23.429573
920178ee508802d4,True,2025-02-23T02:15:02.002205
1dd887ac19ed4576,True,2024-05-19T05:07:18.349171
c0846cdca7a03335,True,2024-10-21T04:46:01.586812
7063b3bed79609d2,True,2024-05-09T00:46:45.795463
a1fe2e8bef92eb4c,True,2024-09-05T22:14:27.362269
4f993c3f2dcef42b,True,2024-07-25T16:17:48.555166
9b088a02dbac86b0,True,2024-11-13T07:12:13.203148
76ec814ef5e54fe3,True,2024-10-08T15:14:23.071419
c63a54dfe02309db,True,2024-08-31T21:16:59.183242
d4fe4898cd49aff3,True,2024-05-28T01:07:54.640281
db3d9f3f62f577e6,True,2024-09-16T00:55:23.208104
acfa89c030820f12,True,2024-05-29T20:29:20.353421
b1aaa902be1526aa,True,2025-04-18T15:44:03.551665
e1d267f5695fec8c,True,2024-11-06T19:44:53.660531
6ef161e35035c1e1,True,2025-02-06T02:19:37.947668
ba134236c17d9e30,True,2025-01-22T19:12:05.232218
56c6cc89cda370bb,True,2024-06-12T02:39:07.750760
7e948a792e1d4f03,False,
90be83bbb925aa92,True,2025-03-12T09:32:53.359222
3e264a4a4cdf6c0f,True,2024-07-02T10:17:06.737581
b5b9c3af7bc2940d,True,2024-07-24T01:45:20.786624
b23b51443a27a8cd,True,2024-10-31T03:45:16.966026
da3c2994d7241b4d,True,2024-11-16T07:48:18.870221
4e0f86728e09be5b,True,2024-12-22T21:46:58.433296
b05ca69c4b910f98,True,2025-04-21T15:42:56.642289
97158f7e5e63afd6,True,2024-08-02T09:28:13.713251
4d330841e9fc0d50,True,2024-09-22T20:09:45.605551
cb8e22a8cf1f74db,True,2024-11-30T20:32:27.489969
1a10b80004a7149b,True,2024-07-24T16:23:41.776037
23492bb18e78f625,True,2025-04-17T00:04:12.109419
74adcdd5984d3ab0,True,2025-04-17T09:36:00.310079
ae6f00c43413ab46,True,2024-09-10T01:23:05.336733
da1ece9d1c616352,True,2024-07-16T14:07:39.909127
352106d650120a08,True,2024-07-12T16:00:07.587083
2eed079d6a11877f,True,2025-02-21T09:28:28.879027
3a060f5f424c0de9,True,2024-05-23T20:27:52.447843
f8717db29bd064cd,True,2025-02-16T06:41:21.034860
7e159612bd9dd64a,True,2024-06-11T14:15:39.672400
68f500bdcedaba27,True,2024-06-30T03:25:37.040304
6583ca523305e699,True,2024-05-10T12:38:21.503122
d94d5399732f0f88,True,2024-09-22T18:38:38.085775
cc8f1e514f87e872,True,2025-03-23T04:50:19.636997
5bbcebb0eb6b9f55,True,2025-03-09T08:42:51.327044
6d0346c6020990c5,True,2024-06-25T20:55:18.817272
8ad955cc30ece2b7,True,2025-04-17T01:17:01.532088
7a228ff3bea1f8a7,True,2025-04-10T05:19:29.627524
b22e308b9859a105,True,2024-10-21T01:30:09.815790
7e948a792e1d4f03,False,
d7f7e7d06bb252ed,True,2024-12-15T03:00:18.974002
7345b156cd120746,True,2025-02-05T13:08:22.071443
30cb6580d0464815,True,2024-08-24T22:55:10.729589
b9e39e120244a52b,True,2024-09-14T21:20:03.007651
0b8c1e1f1e64b358,True,2024-09-01T08:53:41.492875
1f57420f03300cf6,True,2024-09-01T03:46:53.723902
0c5210943715b296,True,2024-07-15T17:05:25.869044
791bbca6691e54bf,True,2025-03-07T23:04:20.293066
b7bc2fc483a4c9de,True,2025-01-31T03:52:35.072373
5f4f9b3080d894a4,True,2024-07-24T03:10:41.629725
9b410b153a5c9b19,True,2024-12-27T18:49:20.472678
e87010578dd0b84c,True,2025-04-01T00:19:59.767508
dd87f26014b6123f,True,2024-10-25T08:26:53.171321
b9b37d9c8abb8191,True,2024-07-02T22:21:06.270390
d3ee9edee2a6769c,True,2025-03-12T10:19:53.076817
44f46dd82b1d95e5,True,2024-10-26T15:35:16.035917
881af1085d1207a3,True,2025-01-25T09:32:38.453806
bf4d99a05f5c6168,True,2025-03-24T22:33:24.230644
83d558352112619b,True,2025-04-16T02:27:08.992119
c955587e75403219,True,2024-09-08T09:48:41.963766
069a6e4e0176196c,True,2025-01-01T08:57:10.602492
827bbc00f7594682,True,2024-10-27T00:32:47.031040
6038b35de01b8e06,True,2024-06-25T00:27:05.826729
41146015fc8f6904,True,2025-03-22T01:47:39.729686
8bda5cb2fcab62d6,True,2024-05-05T21:59:26.149173
3c8021717407fc08,True,2025-01-02T09:28:20.670151
f83e85eb91e61d16,True,2024-12-12T01:09:14.815365
f0e7a407bf7e64b2,True,2025-02-16T23:04:49.742973
7e948a792e1d4f03,False,
5610bb28ace5aae4,True,2024-12-16T11:29:42.317369
a030a3a5a8c439a7,True,2025-03-05T17:24:56.582522
7e948a792e1d4f03,False,
4370f7bcd30ac864,True,2024-06-14T08:43:22.161587
7e948a792e1d4f03,False,
9aa7ebaf92b00ac4,True,2024-11-23T11:46:02.313904
00e73c6952db2125,True,2024-08-04T14:14:50.433382
7e948a792e1d4f03,False,
3af06afd58b61886,True,2024-08-08T06:49:27.960828
9ad8a955762b6172,True,2025-04-23T06:44:46.909369
7e948a792e1d4f03,False,
65df310ce3612b08,True,2024-09-23T08:53:29.926898
0ec35e490f7937d5,True,2024-11-12T07:57:14.972447
c9772a23aa000971,True,2024-11-13T21:56:02.183247
7e948a792e1d4f03,False,
87710cba865d975d,True,2024-12-06T07:23:31.866058
9d648a23fee02f3e,True,2025-02-09T15:55:53.127923
22dc72d048d1af3d,True,2024-09-04T09:37:26.129328
21cb5ca4a7f1b5c0,True,2024-08-27T15:23:08.317246
dec421ac1ab1a398,True,2025-01-06T10:18:44.296091
34fcebdb7854752a,True,2024-08-21T10:53:45.880304
8ef19b6f038c5994,True,2024-06-18T01:55:23.666028
13861643310a84e4,True,2025-02-10T01:47:35.198796
f60dbbd75835001d,True,2024-07-02T04:12:39.324185
98004d74becd0f73,True,2024-10-24T14:25:25.474727
7e948a792e1d4f03,False,
080349d35b57ff0e,True,2025-03-08T06:52:33.518548
7e948a792e1d4f03,False,
b720b26c298a4871,True,2024-07-10T07:38:47.141687
f933ad079b784e6a,True,2024-09-14T12:04:58.922686
31b338aaa1fd9c6b,True,2024-10-11T19:07:10.632253
2486fe395bc21b52,True,2024-12-07T02:54:20.262897
c09e00bea983031f,True,2024-10-23T07:23:30.210879
2ca1d94ab235858e,True,2025-03-31T14:07:48.433116
08700c98f7d1b344,True,2024-07-23T05:45:45.215938
e93856059abe2e7e,True,2025-01-30T00:50:32.348113
bb01cdaf4d4fd1b0,True,2024-10-05T10:19:48.782136
ec27dc9b459f01b7,True,2024-08-11T14:36:32.837761
7e948a792e1d4f03,False,
62b64d98f67314cf,True,2024-09-02T04:46:08.272494
57bef256ca491711,True,2025-02-20T16:23:33.243832
7e948a792e1d4f03,False,
5e5a3eb6aba51a8f,True,2024-11-18T12:58:35.061453
f717c323aee720d3,True,2024-09-12T08:47:00.705162
73ffbf7519582ffc,True,2025-01-27T02:49:10.019287
7e948a792e1d4f03,False,
81ed999c47d76578,True,2025-04-21T08:08:21.836021
f05c67ed009410b0,True,2025-03-22T03:46:15.333119
f30aa83a6d7f4068,True,2024-06-19T10:56:49.907755
f16f75640283dff3,True,2024-09-21T19:54:58.258219
d008cde6c93a4c93,True,2024-07-25T10:07:31.254077
7c926af79c7676f2,True,2024-06-19T00:16:10.235401
a1114fdc8285d9f8,True,2025-01-17T13:50:38.320881
3e591acfca2c8db8,True,2024-07-17T15:37:37.810082
7e948a792e1d4f03,False,
1e6827a2cbfec007,True,2024-09-11T18:02:20.240104
6679a8099145e750,True,2025-03-10T17:05:29.967634
063add7c88e7894a,True,2024-11-21T07:03:12.856495
a2a77d3772e8fc74,True,2024-07-22T15:31:24.962280
7d2fac501d884b95,True,2024-08-25T23:09:28.514168
822bb385cb7e2bd2,True,2024-05-01T00:03:54.431490
8823798baf09ac4c,True,2025-02-21T03:06:02.934160
e8cec23f5e9e344a,True,2024-06-20T15:39:48.412732
38af2b0b4fe937b4,True,2024-12-21T16:03:40.735627
10c9a0d67ef808c8,True,2025-03-23T22:26:14.375637
28e58e77fd086f81,True,2024-12-28T18:21:57.360008
c31ab215d18967f3,True,2024-11-23T12:12:38.852492
ee6770832b4260ba,True,2024-07-19T15:24:39.055813
7e948a792e1d4f03,False,
0045793f339b31c8,True,2024-05-31T11:52:58.366973
b5fa794157020bf6,True,2024-06-10T16:42:25.810358
6ed25d0dbf8371c1,True,2025-02-16T17:56:31.620271
72fbc5dc6ad6effc,True,2025-02-27T08:52:22.807852
65e2c3e9b38f03a3,True,2024-08-04T11:58:52.013287
563a2d062bb847de,True,2024-05-27T10:47:26.289055
cf9403b8af77b6b2,True,2024-06-13T12:04:32.454937
d0f256f10d0cde5a,True,2024-12-27T23:21:38.525928
7e948a792e1d4f03,False,
3774c36658d2c7b7,True,2024-10-15T01:01:02.342342
8b10160702678dde,True,2024-08-08T16:17:07.227566
8d004ea195a68c22,True,2024-08-25T00:33:08.135692
f532a4585a92bbd5,True,2024-07-04T12:15:57.376526
f3da0cd93f57c1c6,True,2024-08-13T02:15:08.764046
53c4625523d7ccf0,True,2025-03-12T23:42:10.862831
3d77c619bf7aaace,True,2024-09-15T20:07:47.937173
962c7fa48c05743b,True,2024-07-28T22:58:43.831842
e4312e52199ef763,True,2025-01-13T08:38:05.788875
b8220c8e2b1151f1,True,2024-11-23T05:46:54.686350
081ec83d14bfcb26,True,2025-03-01T12:42:13.386206
a8f5338ece6254af,True,2025-04-05T20:43:12.989105
7e948a792e1d4f03,False,
c8933d44b4eb4a44,True,2024-11-27T23:50:44.333549
a1f28d9dece53ffc,True,2025-04-18T18:08:58.515060
f7d776bc12133a01,True,2025-02-11T04:45:37.171778
3ab31d53d3b7ea30,True,2024-08-04T01:04:10.557383
ce6a5eb5aa7cd2a1,True,2024-10-15T20:09:24.099781
ef02a21529519f1f,True,2024-07-12T10:07:54.340007
fb1fb93bab4f2565,True,2024-04-30T00:37:57.818326
4d5f0ce2bd28b1ac,True,2024-08-20T23:01:26.183775
bdcad4baa835cf4b,True,2024-11-12T01:41:48.651282
40816067b13072c3,True,2025-03-28T15:48:45.104363
d33a5ec3d4b5be12,True,2024-12-07T16:15:32.028563
5290af031e7bc41e,True,2024-09-24T01:35:46.533304
4878f829766c4bd1,True,2025-02-02T04:42:53.170139
7b1a22b83e117677,True,2025-04-07T12:12:44.227258
7b81ad09b6e6d945,True,2025-01-07T04:54:33.744040
ea32b710c68f3f7f,True,2025-01-30T15:04:05.723727
94ca116fd1e6b2ef,True,2025-01-28T21:34:15.309192
dcad070e4b2e5091,True,2024-10-24T21:19:11.554671
a97fe61249d1fd8c,True,2025-01-28T14:45:18.462296
47ea81540f4b8c73,True,2025-03-13T06:29:26.212961
da9a0b72c05751ab,True,2025-01-13T10:44:30.541151
b959a74ff705bb94,True,2024-09-14T20:33:47.910132
faea1cc7e47a66e8,True,2024-05-03T19:17:34.252549
7e948a792e1d4f03,False,
ba5883c0a425ecc2,True,2024-11-14T06:26:17.150669
d80534e1cce06d75,True,2025-03-08T19:28:11.486439
2e9d0cf26adeadac,True,2024-06-07T11:43:29.306629
0ee76e7296f558ce,True,2024-08-26T15:17:41.808553
57fc39682adba4ab,True,2025-04-25T23:22:05.101651
f9c93f927b4c88bb,True,2024-07-08T18:41:02.925215
47887e11602c129e,True,2025-01-28T02:06:21.176718
bc63e2fa0b02519a,True,2024-12-13T06:50:42.978497
058d8aa711baa855,True,2024-09-14T09:35:11.608163
ada64ec49e024a9f,True,2024-11-04T10:10:26.438859
5446345c5f0323a0,True,2024-12-21T18:00:38.710958
f3f481e8f34a83f0,True,2024-05-28T23:57:19.180946
33f5c8f49883b7b8,True,2024-11-14T02:26:33.814426
ace6af40cca1396c,True,2024-06-28T20:52:04.654283
da82ee0237e7c69c,True,2024-04-29T04:23:21.445932
02c159688f965e8c,True,2025-02-07T13:15:44.652729
1904440c64c44b38,True,2024-05-15T22:48:03.610950
b5b8f52fda1639d0,True,2024-10-18T03:54:21.812522
dd252c86727733dd,True,2024-10-12T02:23:42.175281
6bfb02b9a9a46b01,True,2025-03-11T14:30:19.908008
51a07a2cd5b5ef93,True,2024-06-26T08:02:51.045599
84fc4b53ea100f5d,True,2024-09-25T15:05:55.771337
7e948a792e1d4f03,False,
c26026974219affa,True,2025-01-19T15:39:43.062189
7df74542b959dd73,True,2025-02-27T01:54:54.725266
e47ec99b6a22a91c,True,2025-02-09T18:58:17.784365
92e9f7910bbe380b,True,2025-01-31T07:56:06.271406
5a6f0885370a6746,True,2024-10-25T09:19:38.920972
378304c29956ad61,True,2025-04-16T17:58:38.317315
cefc8cae79a90c01,True,2024-08-02T12:08:22.930808
7867fde1615f50a4,True,2024-07-13T06:55:55.598743
bbea1b19c2bb1ee7,True,2024-06-09T12:09:21.742257
d03df80d1cccefac,True,2024-12-13T00:15:08.681508
105acb86541398e5,True,2024-10-26T06:35:18.992759
8e989b03acc21a53,True,2024-10-29T03:51:12.044243
5c368503d536e796,True,2025-03-17T15:29:15.936561
49ffa54648fe3055,True,2024-05-22T14:39:31.783036
a86e32222130bb5e,True,2025-04-15T17:43:50.093173
f03a580107bb08d5,True,2025-03-27T12:00:21.798109
e66e4e079421c1e1,True,2024-11-14T11:57:18.509585
d5df7450a07fa04c,True,2024-10-12T00:36:33.035292
3590cd8a9f09e403,True,2025-03-08T09:54:47.772368
3933f2c799dcb1c9,True,2025-04-01T18:54:56.969059
d5fabf2d2df9d1af,True,2024-05-12T05:47:45.721858
95eb98ff41fe2811,True,2024-10-21T00:03:07.943308
a8a499e6f6533664,True,2024-06-04T18:55:35.202795
7e948a792e1d4f03,False,
59e0c988c59ef18a,True,2025-01-26T20:22:57.963137
74fee8b868456b21,True,2025-01-30T16:40:29.147158
1b75131c202ea1b0,True,2024-05-31T03:01:00.718495
e2d0dd171a96c40a,True,2024-07-10T23:10:03.361975
639ec585ffa22375,True,2025-03-01T23:51:18.480784
9b787de5dc962a6c,True,2025-02-03T22:26:58.350404
a2fb4eafdc8dde78,True,2024-09-22T03:49:34.002967
65b3b03545ba62dd,True,2025-02-20T03:13:56.706274
5ae2920f5d1ff831,True,2024-12-24T01:33:43.460658
74f9ddded77011a0,True,2024-05-05T16:58:29.098602
34615306a2e8f61d,True,2025-04-04T23:23:35.971754
9a5a8212a1cfb626,True,2025-04-07T05:50:48.348814
41b2665c3d2a591c,True,2024-12-27T14:19:01.626467
7a6f6f4fa65fba38,True,2024-11-13T16:28:01.964809
7e5a0c0498aec693,True,2025-04-07T01:15:20.439002
6fbf7865a1390120,True,2024-09-04T05:38:05.408542
da10274d510b7686,True,2024-06-01T00:36:20.713254
7e948a792e1d4f03,False,
871b2681923a2dd1,True,2025-03-21T17:55:54.044461
2d647143c7482927,True,2024-05-26T04:28:34.401153
edff07ddc78c8153,True,2024-10-11T05:22:09.259694
6a72c7a609f15135,True,2024-07-28T03:28:12.008409
853b6b8d313b098b,True,2025-04-02T17:17:28.935722
c93f4b74379999d1,True,2024-05-26T22:12:59.893177
3b84bc50677ebed5,True,2024-05-27T13:59:21.746263
0c1310f786a28c5e,True,2025-01-21T04:36:12.219672
1143c3b5ae3d0208,True,2024-11-18T07:59:04.460455
45aa8eef4cff6625,True,2024-06-10T04:23:28.042541
e909c93eda50ff0a,True,2024-08-23T10:04:04.930441
eba3d8351f8259bb,True,2024-09-02T12:10:32.289725
2e0a0d17abf523eb,True,2024-07-01T14:00:20.931963
7e948a792e1d4f03,False,
8303f1f6dc566051,True,2025-01-08T00:58:31.115849
ef6ccac7f22d388a,True,2024-07-01T14:00:39.376924
7e948a792e1d4f03,False,
b85c903d9f4f53f2,True,2024-11-22T18:02:25.968897
5431c9f69da0c7c2,True,2025-01-22T11:03:18.336543
6853a0f29adf2401,True,2024-05-14T23:03:51.178813
2b45be4309d6fc35,True,2024-07-24T05:45:46.539204
50e5983206ebc7cb,True,2025-03-29T17:00:16.546818
38f6d7de9bc344fc,True,2024-06-28T08:20:47.791678
40b69be00f96b126,True,2025-02-21T06:29:35.612226
7645d65b1cbc7643,True,2024-10-14T07:40:06.976302
3fd37584fdbe2c43,True,2024-12-02T17:06:19.341927
7e948a792e1d4f03,False,
c75a2f6104bb9743,True,2024-08-04T16:29:34.994068
68a95716bca4f596,True,2024-12-03T04:22:46.885190
6c9b7198af2df41b,True,2025-01-03T11:43:47.286759
b86bb80dd8390a56,True,2024-09-23T12:52:49.705390
53ebc1b704fcb843,True,2025-02-28T06:41:53.042204
7e948a792e1d4f03,False,
ded212561416250d,True,2025-03-31T03:01:53.070415
1b9f75e9baa8f8fc,True,2024-05-19T15:59:14.287817
6593b36fdec8a85e,True,2024-08-10T11:54:30.102340
654ab421c3e4d5c9,True,2024-09-19T16:15:18.518136
7fef6ce3f88f3621,True,2025-01-18T17:07:21.656279
f7fefdad99d91886,True,2024-06-22T15:54:45.128913
7e948a792e1d4f03,False,
a98fabcd5d191bd0,True,2025-04-18T18:51:11.129156
3674b16a3d33f21b,True,2024-12-09T12:25:01.573896
4d855a107b94bddb,True,2024-12-16T22:12:54.731767
2e158e2e7d780033,True,2025-03-23T05:39:03.969019
1a90910184c74cb1,True,2024-08-20T22:07:02.259226
aa44c7253e2e2d1e,True,2025-04-14T04:46:55.610459
bcfaa66110e4ff18,True,2024-06-28T03:33:14.539324
4779f4817f5a382b,True,2024-12-25T05:28:43.740656
b5409080e1f1593a,True,2025-04-01T03:36:55.112230
01d9d006bc52d111,True,2024-10-21T08:33:14.055252
94b507d54ff50989,True,2025-01-29T19:59:02.887351
d50b456d578ec166,True,2024-09-09T15:40:26.773664
2494ec7e06fc58c7,True,2024-10-17T16:46:48.369026
0c39aaea343c3e9b,True,2024-07-28T07:51:51.738500
54fb3573a75f716d,True,2024-07-16T17:46:53.239901
a16d19d06c4c1f6b,True,2024-07-02T22:43:22.687677
851a07bb7fa37a67,True,2024-12-06T06:06:32.329313
4363c72d2f173375,True,2025-03-05T13:36:50.411711
84e71b6456470cff,True,2025-01-24T12:46:18.977462
cf2e77130dea236c,True,2025-01-11T09:02:50.970443
de95d29c075db628,True,2024-06-20T01:33:45.504635
78dd86b944d317af,True,2024-11-07T12:53:57.329123
64c3ee6365a83c51,True,2025-01-29T13:59:15.213882
4d312296c1952050,True,2024-12-14T05:16:43.228747
586a2ad66f1d6373,True,2024-10-16T09:33:04.418617
8d6855b9a530e5de,True,2024-06-30T13:13:44.501676
e4a1dc42891ed147,True,2024-12-07T15:33:41.760280
66c795c49dfe4dd3,True,2025-02-04T07:17:40.526805
17a7ee3364025221,True,2025-01-23T06:14:49.832317
25c7b5f111701ad7,True,2024-08-25T13:00:13.309235
a75512a82638a74c,True,2024-05-28T20:39:19.163768
6e3574e965fd41c0,True,2024-05-06T09:19:00.065540
b97bdc6404a742c0,True,2024-12-25T20:52:20.240103
08ff4e5088ff24dc,True,2024-07-07T17:39:43.358429
926e3b5555d74c0c,True,2025-01-19T20:13:08.663389
9c5cdc7c39f08bbd,True,2025-02-12T19:41:31.132957
8c2a3dbb3abecfb2,True,2025-01-03T22:31:17.206992
7e948a792e1d4f03,False,
1a4f5a57d3cbbd90,True,2025-02-20T04:12:36.088119
5f1d4ab788c48d48,True,2025-03-27T08:31:27.756149
3f8d57186bdf8ae3,True,2025-03-05T11:52:24.182547
89e19727e817ee1e,True,2024-05-26T19:47:49.199141
9a54e0a7f77c1dde,True,2024-07-31T12:05:38.799944
becd9a9caa980d59,True,2024-05-10T06:47:05.340444
2f7d5d4b3954c2d6,True,2024-09-09T19:23:52.639880
ad5910f004ba8598,True,2024-08-14T09:09:30.798975
1db5dd025ac54e55,True,2025-03-30T08:18:13.012616
bcfb077f98eeb3fb,True,2025-04-16T18:24:08.204141
e71cdb164cf59d45,True,2024-06-06T23:56:13.820717
57b0c4e656ed4b66,True,2025-03-26T18:50:39.916878
7390f9add35b4b28,True,2024-08-30T13:32:27.101305
bb5eeb7db89f865c,True,2025-01-29T04:48:35.742509
8c761aa2a478e102,True,2024-07-15T17:54:33.573191
7e948a792e1d4f03,False,
67a96cd5ee37e24b,True,2024-07-25T00:43:03.330040
3721fb58328df96a,True,2024-12-24T05:34:06.924410
2db13943de52e687,True,2024-08-30T22:30:36.390532
353563c249dcd3f4,True,2024-09-24T00:12:36.598492
c4c1cda6c45a2cd3,True,2024-10-22T19:44:36.315395
7e948a792e1d4f03,False,
ef77b882cf05b94e,True,2025-04-21T23:51:16.913841
7e948a792e1d4f03,False,
360eb7e9f63d8ffc,True,2024-10-23T01:35:30.734732
1a16ace6e88e175e,True,2024-12-06T17:13:50.436428
114ee3bea7f2fa8e,True,2024-08-06T10:06:43.141497
93882653f0765830,True,2024-11-22T08:31:57.191916
b06130de2672ed2b,True,2024-06-02T09:26:05.793848
63de2f1b48f051ae,True,2024-06-28T07:14:32.074667
93868b9fd66e2af7,True,2025-03-03T20:21:07.507225
7e948a792e1d4f03,False,
533b43c3f8e1aff4,True,2025-04-15T07:25:19.395605
626b4025bceecf26,True,2024-12-11T14:05:26.260978
5fbbafca1587f7f3,True,2024-10-28T01:30:25.635029
d488d3a763a896bd,True,2024-09-16T12:23:08.268560
4021247a646ebda8,True,2024-05-25T18:55:40.865666
7e948a792e1d4f03,False,
3add7bc0f0f5655a,True,2024-07-26T00:03:06.714777
eaabde5b1f8e3493,True,2024-10-23T14:15:05.715482
cc7c7079589fbfd7,True,2024-12-10T08:05:26.986924
fb0114712bef4ce9,True,2025-02-13T20:29:20.038474
4569ebf4d80f538d,True,2024-09-07T17:30:35.471620
0aa7d19116b18c46,True,2024-11-05T01:21:52.038609
2671bd974364b221,True,2024-05-20T06:12:00.952268
8958b7d87336daad,True,2024-07-13T03:01:31.590300
25f6d4ad2b58aa9b,True,2024-07-04T18:42:27.267741
3683d73c3cdcba54,True,2025-03-14T04:00:42.697536
78ef99384406052d,True,2025-02-28T12:47:13.293789
be96bd80ac51110d,True,2024-08-21T13:21:28.664823
19e5a9af4ed2147c,True,2024-08-11T03:59:39.520674
a6d093a4921975ee,True,2024-07-13T19:30:21.608752
7e948a792e1d4f03,False,
b56819bcad719bb2,True,2024-10-25T01:43:06.123867
7e948a792e1d4f03,False,
1edb5e2d99cf4fae,True,2024-08-07T06:44:47.233355
6c21000c4528f204,True,2025-01-18T08:24:34.409637
71571bbc94d1decc,True,2024-07-21T10:57:02.439585
220a52e77db3fef6,True,2025-04-19T05:51:46.920699
61a7b04e2972399c,True,2024-07-19T04:49:59.212648
a0d209ccaa1a45fa,True,2024-11-27T02:16:44.876392
57d2437bde3bb73b,True,2025-03-16T13:41:42.193774
70e31a0ba389a10e,True,2025-04-26T19:17:18.665854
20ebb82f1e5a3e31,True,2024-07-05T21:50:00.399461
45c155432dce7adc,True,2024-08-05T09:29:42.876992
e0b2cde8189030f6,True,2024-08-05T03:45:58.486985
ab2bf8d52c65d103,True,2024-08-14T09:23:01.120676
670b478fc80d13a9,True,2024-10-30T10:17:53.152373
cfbe8659e85e3940,True,2024-12-01T23:41:45.768340
5b3a3f7c8749f155,True,2024-11-25T12:50:54.720682
0c40ddc360513497,True,2024-10-21T11:04:00.397675
bf1843ad858b8d0d,True,2025-04-18T23:29:07.629002
292e62abcc9c9c6e,True,2025-01-27T16:00:59.008703
d14ea8c11aa20335,True,2024-09-10T16:10:02.529579
08f43c99e1b18709,True,2024-05-01T01:27:20.413643
d9c63f3ef36954e6,True,2024-10-28T06:30:53.418880
846031e575bd01b6,True,2024-10-01T22:06:56.312852
4747565ee618a8e1,True,2024-07-16T00:42:48.082697
4abff40e42d13e3c,True,2025-04-13T18:50:33.039596
2a72b4de4f3a5355,True,2024-08-15T04:40:37.953230
3f4aecd56a00ac94,True,2024-12-02T23:31:39.775188
ab500d52ec28f37d,True,2025-02-03T23:16:33.095284
2c0ab8b5803ef9a0,True,2024-07-03T22:58:01.814757
06a7dd2139d5e234,True,2024-11-06T15:29:36.491465
2fcf669a463255a8,True,2024-11-02T17:46:22.470414
d558add289e95df4,True,2024-06-18T01:19:54.888592
bfb24a83f1b3ba7d,True,2025-03-21T12:16:55.840549
6c623662422cf80c,True,2025-03-12T04:27:50.807525
5f011fcbffb415a2,True,2025-04-23T00:08:28.585671
902e223b396a54e3,True,2024-12-19T08:14:42.241688
193b9169b1838da9,True,2025-02-23T06:22:55.001759
7e948a792e1d4f03,False,
c7124b1495973c03,True,2025-03-15T19:23:11.188757
5ae821103fbc18b6,True,2024-12-05T21:24:52.508876
7e948a792e1d4f03,False,
0feebbe2c8a18e9f,True,2024-08-27T14:51:35.768852
d1d28547ca30c1f3,True,2024-11-28T07:39:36.152437
7642ba5c904abd51,True,2024-05-08T01:54:30.873976
45533c39fe1596b9,True,2024-05-17T21:09:32.711615
56fab47357a738b7,True,2024-05-29T16:36:55.250495
1dbfa01beceb9441,True,2024-11-18T16:14:48.578585
12940a2af74987c7,True,2025-01-04T01:49:28.457841
7e948a792e1d4f03,False,
e99e705483e16cbb,True,2024-12-01T07:46:15.534664
1a9713952729cd1b,True,2025-03-13T03:39:45.429746
7e948a792e1d4f03,False,
0c733e7020485990,True,2024-08-24T05:16:52.128777
6bf4b196b89c70eb,True,2025-01-30T02:03:10.178092
2b9d0d6870f47729,True,2024-09-07T09:05:06.646179
98e8609cb584585d,True,2024-10-21T08:26:26.688168
ee283e531c8f283a,True,2024-10-19T23:08:52.352177
ca9328c566e5cc98,True,2024-06-06T20:17:54.517328
c5ab6720186fad98,True,2025-01-07T05:59:04.228076
6257a016a3924237,True,2024-12-16T05:07:33.708157
609417e376e63fff,True,2024-10-03T13:40:44.454151
6c6bfd2182e0d94e,True,2024-07-12T09:02:51.190467
ee46096d71537df1,True,2024-12-20T20:29:33.857362
ce8c582ae1290285,True,2024-05-08T18:26:11.753749
6b5ad3e6ba0e7fc9,True,2025-02-05T19:19:17.009295
f9d30c8062532e67,True,2024-08-24T19:31:00.805856
295ee22d2b9518cf,True,2025-01-22T07:17:51.655084
e33d344bb0dc526a,True,2024-07-18T08:02:46.108382
e7c5c085753372d6,True,2024-11-02T23:36:40.242781
4f4f59e47c47ff3c,True,2024-10-20T20:04:31.382813
3ce927cf49822529,True,2024-09-09T21:16:55.109281
bce8a9f3590179a9,True,2025-03-19T16:26:39.634432
7e948a792e1d4f03,False,
50fd9af1b5372cf8,True,2024-07-04T03:08:59.303714
22b4c04651a6f258,True,2025-01-17T21:24:10.332165
7e948a792e1d4f03,False,
3e6a77f66a049d34,True,2024-05-18T12:54:32.092086
2acc2ac42b7f8457,True,2024-12-11T13:24:19.892245
c1c8fb36c7b52b8a,True,2024-10-11T12:18:17.943022
a4edde1d39908059,True,2024-09-05T06:07:30.060959
7e948a792e1d4f03,False,
a6a0d76382022539,True,2024-12-17T18:57:52.892774
355a5f807624d58e,True,2024-07-07T23:07:33.149975
38a10d372a2a3f44,True,2025-03-05T14:37:26.735404
35f2f49dbf3debf1,True,2024-09-28T00:55:24.226924
d294b52a27910603,True,2025-04-03T20:32:32.442218
f2551b0b52e02d56,True,2024-08-31T22:45:07.552201
42a578ec2bb33db9,True,2024-12-03T05:18:03.584265
94f2e9f75e5273b9,True,2025-03-14T14:48:19.010777
83272ab5f33d5aac,True,2024-11-30T14:52:53.619478
7e948a792e1d4f03,False,
a84bd31f82965856,True,2025-04-15T18:22:35.123833
d795c9dfb8e32e37,True,2024-09-15T12:52:32.732087
49f14f91317db951,True,2024-09-09T05:33:23.456934
4827f791531e521d,True,2025-04-05T13:33:54.357339
5e0aa88b8c5ea834,True,2025-03-18T08:10:26.117121
7e948a792e1d4f03,False,
30ac48fe146e4146,True,2024-06-28T09:59:52.528409
2917a112847746d6,True,2024-10-28T09:42:37.131099
9d765825da6eff41,True,2024-09-30T15:44:58.063300
4a8dd5b9fd629b1e,True,2024-09-29T10:29:31.364199
adaa921b2f2b4046,True,2024-12-14T15:07:47.479925
1d02ea8530799840,True,2024-12-19T16:57:08.429956
10f469bd1239cb3b,True,2024-12-12T21:24:37.115495
0b8ac8eb33440e6f,True,2025-04-06T22:16:24.468969
332981726437cf9d,True,2024-05-22T13:57:42.116596
cbbb226757633a2d,True,2024-11-08T04:27:31.410475
29c3e9a400a7fb60,True,2024-06-21T19:59:40.101970
1ab9804be6590f16,True,2024-07-30T20:25:14.096132
a3d50dc1c4ad54e3,True,2025-04-10T07:50:08.959390
33e76d79825cd3de,True,2024-10-01T17:32:57.813167
74fa12117c7afb2d,True,2025-04-19T08:59:10.682035
d055ccfa3744ca18,True,2025-04-09T13:22:42.464080
7e948a792e1d4f03,False,
79840f0c6183181f,True,2024-06-07T10:43:40.654721
b7b8d48b6e1bbe43,True,2025-02-21T22:39:35.560012
e7417ba157a7a483,True,2024-07-20T21:36:46.982182
7e948a792e1d4f03,False,
ff3beeb612a90463,True,2024-05-27T18:25:48.047992
a5cd5371b17b7dbd,True,2024-05-21T18:55:41.528494
9c9c093a1af5796c,True,2024-05-09T22:12:36.536914
b150223ebded79df,True,2024-11-26T12:32:59.751038
ffcb32814c037c51,True,2025-03-10T13:26:09.040776
e795a0fb35fcf9ab,True,2024-04-29T14:03:57.017837
f9f3bd42f9224526,True,2024-11-21T11:40:01.911535
a97d18d193b65373,True,2024-10-21T19:11:56.111821
7ceda8edb007275c,True,2024-05-17T08:15:50.508160
b0f723947d061cb1,True,2024-12-13T09:36:44.609368
25b03bf050c97121,True,2025-01-24T06:52:23.842670
7e948a792e1d4f03,False,
1e2a7b78fa8b8b97,True,2024-12-23T15:28:26.673978
4758db9d10ad0a47,True,2024-07-26T07:02:15.532233
c0453cc7ca7db0e2,True,2024-06-03T01:00:32.426793
8e42719ac07e4e25,True,2025-02-20T21:09:51.308616
85fc8d790b948f4a,True,2024-12-14T16:24:56.021853
7e948a792e1d4f03,False,
7e948a792e1d4f03,False,
7ca8874a72e56853,True,2024-09-14T10:57:50.369206
46743a59f6de9e6a,True,2024-05-21T20:08:26.209518
cfd2e2eefe280a58,True,2024-04-28T19:35:20.856044
4b6145637b0aa51f,True,2025-04-26T05:31:44.119357
ddb02211eb7b9b70,True,2025-01-02T00:56:38.253129
9f1bce396f6b83c5,True,2024-09-09T07:10:09.606585
4e68e7a6d2469a79,True,2025-04-20T22:05:49.193257
24fd0798c56cd5bd,True,2025-01-05T13:43:47.656962
e9858cbb1aafb232,True,2025-04-07T07:59:48.904396
7ae9907395d0190e,True,2024-07-27T12:04:33.762758
0b1bc0ba21ffcefe,True,2025-04-27T02:07:33.881863
64b06840b2408b6d,True,2024-06-26T21:02:26.592910
5e788434e81328c1,True,2024-12-23T22:39:43.987949
7e948a792e1d4f03,False,
a2629a5e9b6f5f9d,True,2024-05-14T01:45:47.178744
55f4151205311877,True,2025-03-13T01:02:41.624641
64c6d84a68562d4a,True,2024-07-28T03:21:25.446521
2ec538a547e07389,True,2025-04-17T20:46:21.108283
d879c432c2485d82,True,2024-09-30T05:02:26.670481
4750b7fe723419ba,True,2025-01-12T17:21:27.113098
f1e08b8aaaab9129,True,2025-02-14T09:03:29.877339
e750d88c37b9f3b7,True,2025-03-22T02:17:57.566949
b4cf2198dcf14be2,True,2025-03-05T12:47:48.515295
93f672472be3f169,True,2024-07-20T21:47:14.631409
fdf1395095469c25,True,2024-08-26T14:55:51.965237
7e948a792e1d4f03,False,
a5a8c5ae959ca372,True,2024-05-17T10:47:43.724905
8efda958f2df933b,True,2024-04-30T07:23:38.384131
7e948a792e1d4f03,False,
738662096e5f8070,True,2024-08-06T14:59:50.822257
39cc24397bca92c3,True,2025-03-23T00:51:22.396433
123ac8666819d9ea,True,2024-10-17T11:48:36.452205
dd9ef4eaea4702fa,True,2024-11-20T16:30:18.503313
8bdf799551efb02d,True,2025-04-24T14:08:44.523073
6adb6ae2b4b9d967,True,2025-03-25T20:39:55.348043
41c744cd7f322430,True,2024-11-26T06:31:38.069580
6ce81bde5bc66e3e,True,2024-07-21T06:13:01.328415
a777b9e68640a51d,True,2024-08-01T22:58:40.418804
e317e2b0059c6b5f,True,2024-09-30T15:00:05.566964
7e948a792e1d4f03,False,
a180953fa323073d,True,2025-02-18T10:19:01.865947
81394981b13f6990,True,2024-06-02T18:36:23.610114
b27098d49e983ddc,True,2025-03-22T22:16:46.290907
4c5423c74b013c49,True,2024-06-10T17:56:18.685054
a292ef7c8b7aa4cf,True,2024-06-20T20:14:17.002109
301267c69a766166,True,2024-06-10T13:23:51.989708
b0de3c52dbf737c5,True,2025-02-06T06:29:41.239666
40fe5b55298b0115,True,2024-08-03T08:45:46.636041
77428edb2a7464c2,True,2024-08-02T03:35:28.531454
4df2ef10cf760d88,True,2025-01-05T11:45:25.665583
809ac3e6f02e4ec3,True,2025-04-18T13:22:15.050475
52a8c3ca53222dcd,True,2024-12-20T01:22:43.706205
eaeb1e33a536dd94,True,2024-05-04T05:14:37.915301
a8d0db4dbc1cd063,True,2024-11-12T00:42:44.128473
21a6785a49599aad,True,2024-10-12T21:07:13.640453
28daa12b4fdffaca,True,2025-03-23T13:42:42.932431
72974af52fc7063b,True,2024-10-18T16:31:23.922151
a285063ccdb329b0,True,2025-01-11T20:03:19.186751
9b9eb807c38a9317,True,2024-08-11T21:39:04.013820
2aaa134a59c483c0,True,2024-11-11T01:54:08.192704
90ae849657fb9979,True,2024-08-10T18:12:32.300836
ffa1c2a345fbf2bd,True,2024-07-04T16:22:25.666789
df21770dcbff30ec,True,2025-03-14T17:16:45.690823
4769e54c980551e5,True,2025-03-18T21:50:41.712004
e79d40a2328deeb1,True,2025-01-14T02:31:52.984348
c46f2f2bb05f4e1e,True,2024-10-23T05:59:20.817766
67304fa328fc963c,True,2024-11-19T17:22:38.396823
f8c25747fe4e48c9,True,2024-10-25T23:29:17.155033
db673b8395eae8ed,True,2024-11-15T23:42:17.926957
fcf41dc3f7b6078e,True,2025-02-05T10:09:45.974990
57af7aa04b05063d,True,2024-08-04T08:12:10.840189
fec2fef2ed798508,True,2024-07-02T20:57:47.596521
7e948a792e1d4f03,False,
6497058f62e9123a,True,2025-01-16T06:24:44.855116
924440777e0760ff,True,2024-05-08T11:39:03.522971
85709570cd1cdccc,True,2024-06-21T13:24:49.275994
27a169a13bd19e61,True,2025-04-20T16:39:18.599737
7e948a792e1d4f03,False,
75d6fd18aa374239,True,2024-07-05T04:26:08.083382
4016dc33981f3d83,True,2024-07-08T15:12:43.572934
d63951103e50971b,True,2025-01-10T05:08:17.591338
0910a0a5087f1134,True,2025-03-20T19:18:48.785537
021586da36bfa3e4,True,2025-03-24T14:42:13.254129
ac33eb0df5dcabed,True,2025-04-19T22:54:41.776548
9bc555c5e29f14fb,True,2024-07-27T15:03:13.153774
29975645eee576cd,True,2025-03-26T06:42:25.130409
c0223550ea69736b,True,2025-01-29T10:39:20.375347
594ab8e6a316897f,True,2024-08-30T07:25:57.044850
7e948a792e1d4f03,False,
8c74828f8938daac,True,2025-03-15T14:53:05.138882
9c7dfbcf578099d1,True,2024-12-28T14:37:48.620443
fcdd61f2e92e7801,True,2025-02-06T00:43:59.548446
2f1a59cccb74bcb8,True,2024-11-26T13:20:02.081287
a363cb314b2e6842,True,2024-06-10T08:11:51.723785
3896ebe3e9333aed,True,2024-07-08T13:04:39.343525
b3222e38a19dbd4a,True,2024-11-03T01:45:41.526261
2cfc74f3936f8ea8,True,2024-07-12T07:36:51.916334
7e948a792e1d4f03,False,
1af55cf5a9017c4d,True,2024-05-11T03:41:47.920505
07063a8525c5798d,True,2024-09-26T03:58:39.274395
cedd0e91d3df6a85,True,2025-01-06T16:18:58.031754
05e862a7110e2704,True,2025-03-21T17:19:51.062429
e2e97a826a6815d5,True,2024-08-09T08:27:39.673325
9c75592e397d9e22,True,2024-10-04T16:00:53.227246
88cabf3a1e345ac3,True,2025-01-19T08:25:56.111610
f971dba0648da586,True,2024-08-21T07:08:44.159842
8878cf3c9a5c8160,True,2024-05-28T04:47:53.483470
7e948a792e1d4f03,False,
82388802db66efae,True,2024-08-12T14:14:04.203582
26490fa81de325ac,True,2024-07-04T08:36:05.372972
7e948a792e1d4f03,False,
beadd1404d8bf107,True,2024-06-12T05:11:52.776221
60ea821743903d51,True,2024-11-18T14:58:43.355157
7e948a792e1d4f03,False,
3bc75b2512e827ba,True,2025-02-08T04:51:37.443716
51bd9e4d7e809008,True,2025-01-12T14:44:26.640322
3f1aaa24d20d99c6,True,2024-12-12T19:32:12.202451
88cef1445a76f0ca,True,2024-11-15T17:17:45.520127
48a9eccb8ac19c35,True,2024-06-28T08:57:42.307392
90050037d9dc3d82,True,2024-05-21T03:04:34.751913
e6d836e28d103a1d,True,2024-11-09T09:04:03.779340
7e948a792e1d4f03,False,
2bb8dd2b6088f576,True,2024-09-15T08:02:59.509522
2a4d1b1a12f67f98,True,2025-04-13T18:21:58.460634
0786afe38e4f526a,True,2024-08-03T07:20:29.375566
0fd70784733f673f,True,2024-05-06T21:19:44.556591
1d3d333424ad8a23,True,2024-08-16T18:14:29.321823
8505beb3c8e4bb36,True,2024-09-10T03:33:01.435256
bc6399bd01c84c38,True,2024-05-25T22:18:39.934932
e59b1147189ea0d0,True,2024-06-15T09:10:42.167032
47d148c843790aea,True,2025-01-04T12:18:49.122097
05270c1a63e50ddd,True,2025-03-10T10:08:23.089794
96781cc0f2177ef5,True,2025-04-06T19:25:53.355213
875bb1af990c82f4,True,2025-02-08T09:20:11.685362
3d2f82b04b3b3289,True,2025-02-03T18:43:06.833561
7e948a792e1d4f03,False,
88834976f1cb881f,True,2024-05-19T05:28:49.660497
a76746aa8c550569,True,2024-06-18T12:15:18.170595
ce3d9564e69cf767,True,2024-12-15T09:46:33.174677
354691f65d75284f,True,2025-04-27T21:01:46.014371
a8a6b91259ba1153,True,2025-03-12T20:37:43.026450
1327e4b656c0770c,True,2024-07-23T19:53:38.664850
02ac331e4eab23c0,True,2024-08-27T15:11:30.871393
49949f80d43e541e,True,2024-12-08T12:13:45.556030
e9928fbca856bda0,True,2024-11-05T09:25:08.770527
56c385c9cfbd8911,True,2024-09-04T09:21:00.420533
a74ceac9fe925cc4,True,2025-03-10T10:31:45.963998
51fe4768da9c456e,True,2024-08-21T13:31:18.204119
488cc5e2405d845b,True,2025-01-26T02:36:51.035696
0a92013680a40711,True,2024-11-12T15:13:33.314032
10b74b5b47f13b75,True,2025-02-19T13:16:20.124976
bef3031de0a7d640,True,2024-12-04T13:48:43.115619
3f9b48aed9b335d6,True,2025-01-15T10:18:01.448248
e369c78dd3e5d0db,True,2024-07-14T09:01:40.461029
7e948a792e1d4f03,False,
345810ea469d784f,True,2024-06-07T00:17:39.312673
79e236528afdfa1d,True,2024-11-22T05:08:21.284291
65ec5d3faf0c0a4b,True,2025-03-15T12:02:52.353933
5abc4c7c940b8988,True,2024-09-12T03:55:03.430055
2618ddf23b88513a,True,2025-03-27T05:32:29.907175
5f3f2080ff90f2a9,True,2025-03-28T12:11:20.094309
b5bb6c9387a20c81,True,2025-01-02T09:27:06.998476
4f653ad36882b11f,True,2024-10-28T21:01:55.015029
20c92af8a05245f1,True,2025-01-23T09:45:11.659463
8a4eb953988c0f20,True,2024-11-22T08:03:29.771495
611b7491f64a8300,True,2024-07-02T02:46:18.511768
f07c3a10e5355afc,True,2025-03-19T22:19:17.979903
3b80ce3fa680a02d,True,2025-01-31T04:34:48.488264
ba4587218930f0c1,True,2024-06-17T18:04:23.968007
12c529c810f2da10,True,2024-12-07T08:43:12.556643
f9b37fc4311398a8,True,2025-01-13T19:47:55.376315
55e5aa88912ee0e5,True,2025-02-26T17:23:45.803800
4d96b60d5d420595,True,2025-04-18T22:00:57.251936
b7c49d4aa0799947,True,2025-01-20T04:31:33.112306
39a371b67d336b3b,True,2024-10-23T02:36:16.784056
b9289d3630aad948,True,2025-02-02T23:18:36.598481
7e948a792e1d4f03,False,
5293310a8a32e65b,True,2024-06-22T07:44:48.938161
92bd6f12f1eb6f6e,True,2024-12-09T02:39:51.379917
92a2d2efb847f69c,True,2024-07-14T13:19:22.092379
c061d3a979c530b4,True,2024-07-26T13:23:41.869923
fbeb2b688134cba3,True,2025-03-29T13:35:49.306006
403dd910fbddb30d,True,2024-06-25T11:14:45.084005
d9b95d63d6d09a63,True,2024-08-28T07:45:25.005102
54aaee023f8f8d07,True,2025-04-06T17:08:03.100788
d56dd5d6cf5cee97,True,2025-01-31T13:08:50.418083
4390ccd4ba11f5d0,True,2024-06-28T21:44:16.713594
81606cf152350ad8,True,2025-03-02T01:02:37.245464
6335d830daaf9980,True,2024-09-26T01:04:07.509023
522d9fdc90b4b280,True,2024-08-14T09:59:46.745078
9929ad159d53aeba,True,2024-06-07T17:53:54.738662
d1144681b7b919c4,True,2024-08-08T10:04:26.624181
47a3694d9a590dbd,True,2024-09-23T11:23:36.809928
dd02c0178988811c,True,2024-08-09T20:44:43.077211
a1c98b9a225deef1,True,2025-03-04T23:05:22.316300
7e948a792e1d4f03,False,
cccebfd3114ec1ec,True,2024-12-29T10:37:08.409998
7e948a792e1d4f03,False,
061818e99b4ebb58,True,2024-11-29T16:41:20.608777
97e816110d2d4878,True,2024-07-24T14:09:03.391322
bff986e641bb1185,True,2025-01-03T17:40:47.577066
7e948a792e1d4f03,False,
10241e23c23a66bc,True,2024-11-02T19:40:39.732735
1fecee12d143ffcd,True,2024-11-30T11:37:11.832322
59754ef4a575ef3e,True,2024-11-21T12:47:07.354513
7e948a792e1d4f03,False,
d756842ed9b3fdc4,True,2024-06-13T23:29:36.701668
49c275e96a6b0bd1,True,2024-10-01T12:26:01.594677
2d90576401d95eab,True,2024-08-28T09:17:04.413243
e6e69731004d2ade,True,2024-04-30T13:16:34.998512
4fcea4788355674e,True,2024-05-11T17:51:17.992313
81786220919a75bb,True,2024-08-26T18:02:38.423889
f03dacc577573b58,True,2025-03-23T17:39:10.396342
e05480b6a5576c0d,True,2025-04-02T13:55:48.643969
71f5f0bdc33ebe10,True,2024-05-14T17:50:10.897730
3b18f11d61e51423,True,2025-01-05T04:31:11.132064
e2f8f41cf8828fbd,True,2024-06-16T12:56:21.830477
0cbb916ae39c1013,True,2024-10-22T06:49:03.551661
ea5f7fa82c07a63a,True,2024-10-23T23:35:42.653750
a0b46219704124e9,True,2025-03-31T16:55:47.890280
05007768e764557a,True,2024-11-17T07:40:36.244978
2f14d79de00913f1,True,2024-12-28T16:11:31.642160
6b0e51ff83300d4d,True,2024-05-16T19:48:43.053125
e75bfc18b2e5107d,True,2024-10-28T06:15:50.418053
3aa815a1c89c5b5a,True,2024-07-10T02:29:31.436850
743c92fb75eca472,True,2024-09-10T03:51:52.818038
53fd13f28cc21999,True,2024-11-21T05:31:21.040214
d06f0e940c1d33ae,True,2025-03-09T10:51:23.617042
7e948a792e1d4f03,False,
2abf5651b86f3025,True,2024-10-20T02:14:48.548569
767c5d7d9885ada3,True,2024-09-15T16:50:00.322866
c9f72fcf7560c42f,True,2024-07-08T16:44:52.647645
a5142b94747fbd3b,True,2024-05-05T05:35:52.322995
0f844310bbe4d858,True,2024-12-08T03:18:08.027000
0e964310fd2812d6,True,2024-09-30T23:59:15.085680
cdd548e2509cdbd2,True,2024-08-27T03:07:23.929521
5f630566e3313b5f,True,2024-11-18T17:50:16.172508
c1ee116798c57ed8,True,2024-11-14T20:03:51.107820
f2c9a0bde3bc693d,True,2024-12-01T00:20:57.008163
a3919790bd38299b,True,2024-10-08T21:45:48.622879
21d82d80bc0adf00,True,2024-11-30T15:40:10.682899
a5e740222f81f6a1,True,2024-12-13T01:54:05.146615
da78eae6f71ecd95,True,2024-06-03T03:37:26.578307
017825e85297e23a,True,2025-01-18T23:38:03.162218
d2fc9775a360752c,True,2024-08-21T18:53:37.598946
fab201eaf4d31d86,True,2024-06-09T22:19:59.748906
054cc21c1c441a2c,True,2024-05-22T01:44:07.758899
6682b9b1ae518ef6,True,2025-03-02T23:12:25.848322
756f14fce912ae51,True,2024-12-11T04:00:22.808669
c69cb300c7f3c709,True,2024-09-28T03:52:36.569136
e79e8dec0b814529,True,2024-05-03T18:25:17.232594
906e631780fb4918,True,2025-01-18T23:57:58.136481
4efd1430e352f46d,True,2024-08-02T21:14:25.335445
f164059aa056c36f,True,2024-08-24T06:57:44.216590
aae371c091ad4b8c,True,2025-03-06T04:00:42.757353
7639ce0e14aa53f3,True,2024-09-02T07:49:25.020975
25b80bc04511db41,True,2024-07-22T14:53:18.673861
1f96f89720f89e90,True,2024-08-05T09:10:49.296993
e2e84cd55b9f5975,True,2024-11-09T16:57:15.841657
b078b07807aa389e,True,2024-11-23T11:34:57.350729
082717570096f2ed,True,2024-10-12T13:45:57.236977
25e3b5262ee834fc,True,2024-12-01T22:06:20.744706
338eb249b5ad171e,True,2024-04-28T21:32:14.453774
54f68f68fa7ca123,True,2025-02-12T13:55:59.153439
12c5cdd786421418,True,2024-10-10T16:55:14.599776
0b616c6314a889a6,True,2025-03-05T13:45:35.228018
7e948a792e1d4f03,False,
f3d74f94b18618b1,True,2024-05-18T20:26:44.272628
d960d7ca154b66f1,True,2024-10-13T21:16:15.190041
364dc831582a5fe8,True,2024-07-22T17:54:05.567323
d21739f4b6848286,True,2024-10-24T04:06:05.574227
c5a09f1921d54612,True,2025-03-20T15:21:00.167811
299b919b7d3a4b95,True,2025-01-26T12:05:47.193161
f4125ab2e28071d7,True,2025-03-18T15:44:47.551781
518e18d6a8ff4e03,True,2025-03-07T23:24:28.069570
c582948c8a56e95c,True,2025-04-16T21:56:24.001580
c5b2bae3f3cfc083,True,2025-03-21T19:37:12.181198
c4a058e076fe5b8a,True,2024-07-11T11:15:33.885311
026ab908b92a54b7,True,2024-10-22T19:07:37.147879
89d9f306f0e20add,True,2024-06-12T08:36:04.267333
c062ff16575e250d,True,2024-12-25T21:02:22.423912
d1f7f5f444b7abc6,True,2025-03-11T07:55:36.440926
760cc309cb48e448,True,2025-03-26T14:56:27.640619
7e948a792e1d4f03,False,
ed771b09931230ae,True,2024-12-19T01:10:13.134708
a0857bef29ac1343,True,2024-11-11T02:20:41.934682
5687fce0610a0593,True,2025-02-02T22:02:08.450771
bd31487bf38a2148,True,2024-12-24T12:19:51.147751
8e6f0f12433d4b58,True,2025-01-24T11:11:02.938818
7aadf50220772c7a,True,2024-05-01T01:13:56.561576
4b7a8afbb15e2aa8,True,2024-09-19T16:30:20.796398
7e948a792e1d4f03,False,
cef8130c21e673ef,True,2024-08-16T23:33:58.738825
bed846ff8754213a,True,2024-07-29T15:58:04.973298
13810ed30234da7d,True,2024-08-21T06:29:51.346781
7d1f893ef55fca00,True,2024-06-28T14:18:50.586363
5504e62ac08af9c0,True,2024-06-15T09:01:33.034293
7e948a792e1d4f03,False,
f6ab15f7abd27180,True,2024-08-12T05:46:46.605153
7e948a792e1d4f03,False,
05cf163e5818d56f,True,2024-07-27T18:25:49.088192
74b7a359cd2d1743,True,2025-01-14T06:54:02.270424
f4ab7b92bb1115bd,True,2024-09-09T00:03:01.564643
f5b1a9c21a661698,True,2024-06-08T22:37:39.437610
5007b42451f538fe,True,2024-07-06T15:17:31.233411
495d285fd7c12a17,True,2024-10-07T07:45:40.227896
5292eef24462b391,True,2024-10-02T21:35:05.698699
16e1753b71e40cb4,True,2024-10-30T06:53:02.171262
02c6f5da5b7adc74,True,2025-04-11T04:39:45.226864
fc848175857e5d18,True,2025-03-07T22:42:41.990244
6c753c78b2c7ec55,True,2024-05-15T23:03:38.557057
c043004153144346,True,2024-12-09T21:34:05.111028
7e948a792e1d4f03,False,
7e948a792e1d4f03,False,
ecf211f57efcd879,True,2025-02-06T12:10:06.876820
1603c6c41aed9474,True,2024-05-09T13:45:43.834781
11f62ddd654b44a8,True,2024-12-30T07:24:30.103287
fd85d4cd20444f08,True,2025-01-07T21:28:38.577562
f9acd477931e8a1a,True,2024-11-21T11:53:32.726196
17aacd937f0b176f,True,2024-11-22T11:23:00.459177
2f972818040fa1f6,True,2025-01-13T15:32:59.545409
5a503fa96f91e55a,True,2025-01-18T03:43:25.788866
698f2aa0c80dd1cf,True,2025-01-26T15:20:47.220962
d9cf5309bd2d1984,True,2024-12-14T01:59:16.903053
416804280ca57eaf,True,2025-04-22T02:18:16.932238
577f94332f8ab7c6,True,2024-05-20T08:05:08.181167
4d7c8628404e3f15,True,2025-01-04T11:17:08.588795
7e948a792e1d4f03,False,
7e948a792e1d4f03,False,
763c320c01103d69,True,2024-12-07T02:24:29.437395
bad653585e6c6eec,True,2024-11-14T21:18:12.367232
53d90d37059a54a2,True,2025-03-19T17:17:35.898799
e9aa6cacec4b95df,True,2024-08-26T14:27:34.549896
9b64f0576e8d2d79,True,2024-06-07T09:56:37.047560
9110a197e5b83670,True,2024-10-30T01:41:47.163777
d7ed0e6fd52427cc,True,2024-07-20T12:53:01.935436
7935809e140e07cc,True,2024-08-29T02:18:36.606023
1bb3665da5cb12a5,True,2025-04-22T01:37:47.762899
6ae7e6e86025ffda,True,2024-08-09T13:35:41.278422
5b5a0041dd9f0b67,True,2024-09-09T00:10:59.490156
1d6ccfd71a7b1e43,True,2024-05-18T04:33:03.579398
0e4bdc108d3cc2a7,True,2025-02-21T10:29:17.990756
1f755a232f60dbc1,True,2024-10-02T14:28:12.703416
199d855496e08247,True,2024-05-11T11:42:18.402219
38fed28fca8870c7,True,2024-10-18T12:39:19.937398
acba233f0b9a55c0,True,2024-05-10T17:38:09.978859
a633ce213b0212da,True,2024-12-30T09:24:00.700258
460ef31ee556ffeb,True,2024-08-11T20:25:59.802088
dc9a63866c4cf4c2,True,2024-10-16T13:44:15.594272
edbc047a3d511bd8,True,2024-07-02T00:15:22.916808
758fa73896f928b2,True,2024-08-17T00:10:52.112459
732d9a4e366da3d3,True,2025-02-19T02:28:00.477132
c588f70021318547,True,2024-09-30T07:03:48.327975
8bd0a06d9578491b,True,2024-11-01T22:45:15.729028
61127d67d41540cb,True,2024-07-04T13:41:30.376865
7e948a792e1d4f03,False,
5f4a6fa73e0c7cfa,True,2025-03-01T10:46:01.158243
dbdab01a1d579d4e,True,2024-10-05T09:49:10.759503
a0321d80ef426c08,True,2024-11-30T08:22:57.738132
ee7cee1fd95e841f,True,2024-05-25T07:48:17.315267
ba138bde01e4af26,True,2024-06-26T18:08:05.818955
af07525324157fba,True,2024-05-18T17:25:23.318964
3b9d7c8c61995a76,True,2024-11-15T17:35:10.152023
e25a77a3d121bbee,True,2024-10-17T03:56:56.433146
375c1d56520ba3c5,True,2025-04-14T02:16:11.594865
d9a985baad77c647,True,2024-11-29T21:36:22.936857
be86c86c8c384a03,True,2024-11-13T14:19:03.573815
199b22f4eb66f3f2,True,2025-04-28T00:26:30.787644
02005aa142ff0212,True,2024-05-20T11:59:39.354489
a21a65e9134bdf94,True,2024-08-17T18:56:03.795050
689a9d50fdaf6707,True,2025-03-31T05:23:48.113679
6d871a303d4fa606,True,2024-10-25T17:57:36.994118
a144f2910ebcbb30,True,2024-05-30T06:17:06.221820
f9f6c67dd6d4ed12,True,2024-04-28T23:17:05.684721
1d7d6984c6664255,True,2025-03-02T04:11:41.334173
2342827d5fca27ba,True,2024-05-01T11:07:33.768071
501691340ee69fad,True,2024-10-02T07:36:40.594764
5d2e91d3bcef4405,True,2025-02-18T03:11:47.929914
7e948a792e1d4f03,False,
11bbb5c006232f68,True,2024-12-25T03:31:42.400073
343d15fd1eeb41f1,True,2025-04-19T17:41:18.030276
16dd2e4b1dfe68a6,True,2024-09-26T17:55:01.814203
e6650ef9c5d96354,True,2024-10-08T02:17:42.625411
79230a2a6a05644f,True,2024-08-15T20:36:29.148835
86bc9ef03b56ab32,True,2024-05-12T22:51:07.573380
9bc34be669f792eb,True,2024-12-24T18:23:00.770197
7e948a792e1d4f03,False,
ae9e7f4cbbb0d9e5,True,2024-12-01T12:59:53.108254
1a4a5c01484621d8,True,2025-02-22T11:13:03.041310
cf49f7c2e169cd27,True,2024-07-05T07:05:50.160028
7d16ca7f595b2c2a,True,2025-04-24T20:21:30.783955
2ec78faeb9fb6187,True,2024-06-01T04:21:23.034930
4982af875dbfc25d,True,2024-06-19T02:00:37.516057
d8d3e7da91618879,True,2025-02-17T13:09:54.514538
a81fb8ef4ac6b247,True,2024-05-22T10:34:00.277585
ad12c6b91a53b95b,True,2024-12-29T21:20:32.543659
ee4b43aa648c3286,True,2025-01-27T10:28:14.655541
425ea6500b91a076,True,2024-07-08T07:22:22.209963
f637c8806a7ce843,True,2025-03-20T05:02:06.158536
ad952c320ba95a18,True,2025-01-06T02:32:45.091403
98bdbb4620b38079,True,2024-09-20T08:25:03.172735
e7aee1dec7b43545,True,2024-09-26T08:51:34.533602
9eee461011504386,True,2024-06-21T03:11:37.829253
7e948a792e1d4f03,False,
f2850263ac5aa24d,True,2024-09-23T10:38:14.607745
ce3ad5771018cbd7,True,2024-12-15T09:12:00.566638
0735a5868cb2c1e1,True,2024-06-10T04:10:35.183503
46504b2346d62ac9,True,2025-03-31T14:28:52.581034
7e948a792e1d4f03,False,
ec47b761ee24acd6,True,2024-11-20T23:21:03.608671
857f4818e4e670a4,True,2024-11-19T16:44:55.466495
ea511ce7c7923832,True,2025-01-02T17:36:47.679285
628eae6e94ae6a57,True,2024-09-15T09:04:32.370729
74b9238b2a8d8b18,True,2025-01-13T22:31:56.064010
e0983e24fb7cb707,True,2024-07-19T13:15:55.963796
fd8ad255591d1ecd,True,2024-12-18T21:29:34.308848
6a31b44bb86a651f,True,2024-10-29T16:38:13.634561
9e952c034eefb558,True,2025-02-24T23:53:17.843632
eb80878b5ac9418d,True,2024-12-05T09:40:52.986365
f47cad56f3ead697,True,2025-03-05T22:19:52.912092
948d8536544971c4,True,2024-11-15T12:14:00.982648
fd92ee6302f2d37e,True,2024-08-17T05:29:08.729529
1d2444859f3d6513,True,2024-08-12T05:00:59.807449
032ba4f13329acf7,True,2024-09-24T15:21:00.955552
7e948a792e1d4f03,False,
821f9bbe9f08602c,True,2024-10-23T09:41:08.866669
2c835141a492455a,True,2024-09-04T08:57:23.768338
8510ccf336f2c733,True,2024-05-13T06:32:03.649608
2d2ca3a50ad5e977,True,2024-09-26T10:46:19.230062
f08856e5f47f866f,True,2024-11-09T09:18:40.589658
a87cffb88b9c342b,True,2024-10-09T09:16:44.290461
7696c42f5f6bfff0,True,2024-07-16T19:36:21.671660
fb4242c784bb6926,True,2024-12-26T21:28:55.851527
1053bb051c483de6,True,2025-03-22T17:57:42.460290
6240f37ee29ed302,True,2024-12-21T02:06:49.177153
c25b6b55b03db2e1,True,2025-03-08T02:45:12.754974
8384418de5e08d8d,True,2024-10-23T23:50:55.723605
6534ef8f8fc7fd37,True,2024-10-27T14:44:27.199200
20cb621de955afbd,True,2024-10-09T08:34:12.627059
9897f5b417fb7c83,True,2024-05-29T17:19:57.755140
843b6485028ee278,True,2025-04-12T00:43:50.242690
7e948a792e1d4f03,False,
537bfc504d604942,True,2025-01-02T23:12:03.135699
853832a696c2a57b,True,2024-04-30T20:25:13.699830
b96c68698d249a40,True,2024-11-24T11:57:19.502656
b25294b7c5a26cfa,True,2024-12-04T18:05:12.027920
129f48ace4e1f2cd,True,2025-03-15T02:04:18.242875
fb5b04c1b823ee01,True,2024-07-04T16:03:41.115754
eac78bc2a8485d96,True,2025-03-08T17:37:28.443489
65d3b3171428f9fb,True,2025-04-17T21:55:48.178836
99a316a9acc5fb64,True,2024-09-28T17:28:24.065247
25f356a076589d73,True,2025-03-25T13:59:29.232025
2def47c44d1aa3d2,True,2024-08-18T06:12:13.345439
5b57792548985608,True,2025-02-02T02:58:49.605423
7e948a792e1d4f03,False,
4a18eb867201a193,True,2025-02-22T18:09:11.325757
7e948a792e1d4f03,False,
9cccd8ccf3ef2d7a,True,2024-10-20T21:09:17.142174
de98b47cba09e718,True,2024-10-20T02:28:04.585679
71f81fdf1f9e6866,True,2025-01-26T12:45:46.677971
c5ca4cae1e5ab920,True,2024-05-24T16:27:24.412539
7bd99c82804cee68,True,2024-09-15T19:52:56.979277
d54c0d48678215a0,True,2024-07-16T08:20:27.405928
95f7fa50088b23c8,True,2024-05-02T11:50:11.557930
5cba73cd3607b499,True,2024-06-22T03:03:27.926860
e379e73918208242,True,2025-02-05T14:33:37.363653
7e948a792e1d4f03,False,
852b1befe554a682,True,2024-09-16T11:28:45.124182
69780e4f525ff8d2,True,2024-05-14T10:04:13.732650
cdf1c3c5579d5ed5,True,2025-03-16T17:35:25.425895
e78a5b57e840bd8f,True,2024-06-11T05:46:11.359303
e2862d3739cf2851,True,2024-08-11T06:20:43.271350
d6c8100a4a42f489,True,2024-12-11T22:47:06.349744
48c4d3af9315f96a,True,2025-03-07T17:49:24.122781
c6c464d269eddf00,True,2025-01-20T21:42:27.336764
9cd7d02a91411dbe,True,2024-11-25T15:19:47.321091
fc8a396e86eb8472,True,2024-10-27T21:47:48.707967
cbb6b43288ee673c,True,2024-10-06T19:32:25.370968
49472433f03e78a5,True,2025-01-07T19:42:07.644275
5de73a6e260ce57a,True,2024-06-09T15:26:08.499298
a9a6c141dbff354e,True,2024-09-08T02:24:18.566204
369555492debf98f,True,2024-10-29T05:13:21.435540
c34ae29c818e65e0,True,2024-10-10T20:53:54.732429
34705ac383bb5d9c,True,2024-09-21T17:25:30.032867
c7f922b5ae29b1b2,True,2025-02-28T12:42:15.944959
cef2d146fc806efe,True,2025-03-27T09:38:43.060658
dd809e86b305ff9d,True,2024-10-17T20:56:13.174270
69814d16f800b87b,True,2024-06-18T12:16:52.040915
37938142bd99c1cf,True,2024-07-22T18:39:59.013526
d3b150240f47e0f7,True,2025-03-18T22:10:01.507672
2f3a00d21fb3bd18,True,2025-02-15T13:01:03.949510
c850a939f0072566,True,2024-09-19T05:27:16.533679
81539b6f8790eb84,True,2025-03-25T00:53:48.602309
f015d583192f2809,True,2025-04-13T00:26:44.088669
c5910415db0f072b,True,2024-05-08T00:41:00.603644
baca7d63976793c7,True,2025-02-25T05:47:03.951363
52847b646fdcaad9,True,2024-12-21T17:57:51.196346
c3b992c2110d5316,True,2024-11-23T01:06:57.795992
d59c4d83517e3b52,True,2025-02-14T09:31:00.428530
7bf187e2779f1f15,True,2025-03-07T16:34:40.663829
9dbe3a6061c02dd2,True,2025-01-15T16:52:13.376519
f512286d99f6f133,True,2025-02-05T14:25:29.377501
185e104ba2d1478e,True,2024-06-27T23:49:06.861950
cc065c8cad4ca33b,True,2024-08-15T18:54:48.315926
893d1f809ec5379a,True,2025-04-24T19:35:58.684006
e6ca2f53560a7d6e,True,2024-11-27T04:02:07.535816
17c090a2adcfb07d,True,2024-06-21T12:04:27.327974
98f9883a90daa67d,True,2025-01-13T19:25:25.746693
2c608d9f0ce202df,True,2025-02-11T06:43:24.961129
147eefd994f0f529,True,2024-07-20T21:50:53.253101
24477599265c5172,True,2024-12-04T05:55:08.755926
2077a1ebd8cc1de7,True,2024-09-18T16:02:02.756693
990c0b1cd7bb737a,True,2025-01-30T03:20:14.504279
ce19cea22d300579,True,2025-04-13T23:50:07.811234
d33c40a7caf32fcf,True,2024-08-19T22:36:37.417261
622fefbcb60e67b1,True,2025-01-28T01:37:03.623564
3448f4c4769d64d0,True,2024-09-11T12:19:18.728503
7f18ee7dc1465f54,True,2024-11-01T02:35:13.296572
78a0c061603f25b0,True,2024-07-18T06:30:02.982318
35a4ac49350a3a72,True,2025-02-22T18:00:24.241832
1064c46da5cc5bfa,True,2024-06-10T05:49:35.407100
19a1c1fc147ce7b2,True,2024-12-31T05:15:21.939146
ff9c3fb2f91c48a6,True,2024-06-21T13:18:29.260332
084597a208a9635a,True,2025-03-28T17:04:51.990166
76a33f62bcb4f0f2,True,2024-11-10T13:04:54.693090
8d3c24591e31e46c,True,2025-03-02T16:35:35.269479
ab8956056c125b86,True,2025-02-11T00:58:31.832501
12731e2ffb28e2cf,True,2024-12-23T05:51:02.909442
64be5715a1dbbd3f,True,2024-09-24T12:49:42.099861
7e948a792e1d4f03,False,
d2ddaa25eaaa3bd9,True,2025-02-02T18:31:55.145079
83a144c93823dcff,True,2024-09-09T13:27:07.427475
9f97c2b43f90e9f8,True,2024-09-13T03:17:19.655287
0600b12987e3e9d4,True,2025-02-10T21:22:50.680146
367df646044384dd,True,2024-12-16T21:33:43.081837
68bb9ed72eaeda8a,True,2024-05-08T17:19:39.762972
446aed6a021878bb,True,2024-09-08T01:36:48.364478
113288c47426804e,True,2024-05-11T20:11:57.884284
f30e64f81fbf49ab,True,2025-03-19T06:31:14.036550
3efa24ccd8089d94,True,2024-11-09T04:52:58.012483
79ca1e407eebfef5,True,2024-07-25T14:48:38.011163
7e948a792e1d4f03,False,
874cda7c6f37dcfc,True,2025-01-02T12:52:59.509448
61c649249d8b0d1b,True,2025-01-23T22:07:03.922629
e700b02293e9ce81,True,2025-02-19T17:58:52.315767
cb2559c07bc6bd2d,True,2025-02-21T21:12:24.756021
3f998dbfb1637ab5,True,2025-02-15T22:54:55.631253
f1a8d6347dfb2909,True,2024-07-23T21:32:31.886580
d4f8afae6223eabe,True,2025-03-31T17:03:18.411247
25f1d7264fdaf50f,True,2024-06-01T06:34:37.373933
d658b0d84b55902a,True,2024-07-30T17:20:08.595535
6fb28040b28a2cbc,True,2024-06-23T00:45:42.449341
790b7005bc89c6a8,True,2024-09-08T23:40:26.836221
c35243e4aeecd17c,True,2024-05-16T03:45:05.158380
7e948a792e1d4f03,False,
4551e025e247d64a,True,2024-09-23T05:13:10.631952
8097f774ceedf74f,True,2024-12-18T22:23:14.822363
a9295a655d20f57f,True,2024-05-01T07:56:38.045109
7e948a792e1d4f03,False,
7e948a792e1d4f03,False,
dac0db51933d6daf,True,2024-12-11T21:59:51.641902
58f79c3a16372571,True,2024-07-13T01:50:22.721290
a67552b3116f5a7b,True,2025-01-21T22:55:47.164981
2d502503a7429c5e,True,2024-12-17T05:23:37.072053
cc85d68dfec95c14,True,2025-02-17T04:31:44.708089
72adc70ae16702f9,True,2025-04-09T03:40:48.503545
f9ad47a267fbe7cc,True,2024-09-30T04:45:18.091135
dfc9c48f63630fcb,True,2025-03-23T17:47:55.773953
9aaf789af6f7b2de,True,2024-12-30T05:17:44.184244
f37360dedc5395f3,True,2024-05-19T17:27:37.386733
84cc8007504e23bb,True,2025-01-27T07:35:25.341139
ad8b465ccf806518,True,2025-03-02T04:30:17.469904
6cd6f75eaa5cbcc9,True,2024-08-25T22:43:21.622710
e40bb2888c5c5083,True,2024-06-21T10:55:19.374238
ec1c329f22acc744,True,2024-06-17T06:00:59.025764
0c9a0fda10f243c1,True,2024-09-13T12:10:38.396282
d1eab620a3e0e6b9,True,2024-08-03T01:57:45.349544
7e948a792e1d4f03,False,
0523c9d4bc1d864a,True,2024-09-19T14:36:28.928840
592a5249c8debd31,True,2024-07-21T02:51:45.874765
5ce53c5e79085666,True,2025-04-15T01:06:43.947962
3b59ff186cb6e5ec,True,2024-09-13T16:03:32.262329
2e2287c067bef845,True,2024-12-18T15:58:08.642577
d6105de903ae8008,True,2024-11-11T20:35:55.414670
b1d0b7b561545f0a,True,2025-03-07T05:26:28.179476
c4febf878a07cf34,True,2024-11-03T05:46:14.424776
f39cdf1c9c98180e,True,2025-03-21T21:07:13.195321
f23e0d3b4ec51ed9,True,2024-11-20T09:33:40.174387
8989e0ada9b24302,True,2024-11-27T04:36:13.591769
a0064e3e11bcb0e0,True,2024-12-01T00:55:17.854694
5b14491832cf2c04,True,2024-10-15T05:28:11.464840
1b5876ecf882076f,True,2024-09-11T20:06:55.856827
f4b5bca24aae18a5,True,2024-07-06T01:26:07.515362
7e948a792e1d4f03,False,
a0da5db7b4f8fe57,True,2025-03-09T19:18:30.584265
9099aa964f6ac1fc,True,2024-08-23T14:06:33.008959
47a7ab3c84874e09,True,2024-07-25T11:32:13.337370
2672cb8dd4261f8d,True,2024-05-30T09:46:31.624540
ad004bf12c31c442,True,2024-11-04T03:21:27.705623
5e90ae8f2b80502c,True,2024-06-09T23:35:52.727516
70d4786f747a7d0c,True,2024-09-10T07:00:44.644452
b014bf992ae40be4,True,2024-11-15T22:10:27.718391
0b8ad49af6a73b81,True,2025-04-04T04:08:47.286111
7e948a792e1d4f03,False,
c3ee51dfb9983f41,True,2024-08-18T18:46:21.031933
a68b6fc1aecd2f4f,True,2025-01-25T06:49:13.915521
7e948a792e1d4f03,False,
321592fb80dda43f,True,2024-06-23T01:56:00.096956
fd99d71d6108621f,True,2024-10-22T07:10:39.243855
535abf2972e245d1,True,2024-06-29T05:54:49.015400
c65ed13702cb7014,True,2025-01-24T21:58:25.418467
777ed0eacaab424c,True,2024-10-31T10:30:47.811921
9fef02b0a9660121,True,2024-09-10T06:56:27.820565
f9557845a9919c4f,True,2025-02-02T11:09:46.904305
60ffbb005ef5a7bb,True,2024-06-30T22:45:04.616650
363453cac20775bf,True,2024-12-17T13:54:07.571723
1c90d78599f317d5,True,2024-07-10T21:49:54.670594
868af09dc3c84b44,True,2024-11-23T23:40:39.210661
3853f8f7f1af34ff,True,2025-02-03T18:27:44.881120
1ebff1c4ab7bb183,True,2024-06-02T08:53:10.914121
ea7705125bb00033,True,2024-06-04T03:33:03.581654
8eb2976dad2b57e1,True,2024-12-30T09:08:22.868267
f0a2f91cffcdf7ef,True,2024-08-17T12:46:58.853724
fccde92702fc7c62,True,2024-11-09T14:13:39.100392
96f51c765a43addc,True,2024-07-27T16:31:13.819724
5c816e086fd9eedf,True,2025-03-16T06:09:58.193837
591034f1dfcbf498,True,2024-10-01T17:28:25.435530
b43dede11d1ec9bd,True,2024-11-25T08:58:20.520996
202fb2dfdb548dbc,True,2025-02-20T10:07:24.377134
1cf1ffb2ca415d56,True,2024-12-04T13:07:29.925913
de2b8f605ecddee3,True,2025-02-10T04:09:05.466222
df0f69c402f4172c,True,2024-06-29T21:42:52.126868
904de233f618be5a,True,2024-12-13T16:40:57.586995
b853d42fd7bf8fe0,True,2024-12-29T01:58:11.176412
0e792c896080ce76,True,2025-01-04T14:40:37.876786
526f66312054d152,True,2024-08-28T02:18:14.788130
f93938e49660ae14,True,2024-11-29T15:47:00.795738
cfb28795d6c2292c,True,2024-09-29T02:07:25.722577
439ed2dc7f2123ab,True,2025-04-08T04:31:00.126223
ea3faba6f1293554,True,2024-08-29T06:52:28.205409
3cd8261989272561,True,2024-09-05T21:45:32.031901
5fa879e7ecb4e522,True,2024-05-16T00:21:25.613865
4cd6c4f1bb6fb3fc,True,2024-09-01T04:11:04.929630
7e948a792e1d4f03,False,
736560f38698f297,True,2024-07-11T01:47:54.575977
8c460583795aa1d7,True,2024-09-23T20:51:27.264490
7e948a792e1d4f03,False,
3fbe154dd5033322,True,2025-03-11T19:12:02.854501
6e0729b34151368e,True,2025-01-19T06:48:13.043606
41e1cd492b5727b3,True,2024-06-20T22:23:54.429836
be1e3a35559e12a4,True,2024-10-09T19:42:59.345122
500747f27c014b12,True,2025-02-11T06:18:02.128793
893b2983eae1bcaa,True,2025-04-26T21:57:33.737533
f1432c87a1b34d84,True,2024-12-03T06:00:57.123248
6c0b8eff14f994b9,True,2024-05-17T14:16:35.001780
5bb59833ff479670,True,2024-08-17T16:51:53.940877
0e4e32c187b5dbf8,True,2025-02-17T09:59:41.366708
903072b00e5858da,True,2024-06-24T13:16:26.045324
b6e44e7f054deb81,True,2024-09-13T07:06:12.960010
4e3ed811900be38d,True,2025-04-22T11:58:02.771549
d0742e6ed9d8ac78,True,2025-03-31T01:36:45.631893
bccb32c08a310d5a,True,2024-06-17T16:30:42.769152
b28bb5ce6d35fbad,True,2024-12-15T16:08:05.114124
ff125aee1d59891b,True,2025-01-04T08:06:00.976479
cbce5b6be9ec25f7,True,2024-10-07T03:55:23.578441
686c0a8fe30e6722,True,2024-06-15T18:38:20.012046
db03ff867f5e6356,True,2024-07-12T01:17:36.671012
7e948a792e1d4f03,False,
7e948a792e1d4f03,False,
7e948a792e1d4f03,False,
5a0adc4805bf552e,True,2024-12-20T10:23:08.072059
5ac80afb5b664f09,True,2024-12-10T22:01:26.341698
9e8d0d595548d7c3,True,2025-04-20T05:42:46.599327
ea7b092bf2a3c701,True,2024-06-14T14:16:15.741386
dc5507e064bf3418,True,2024-05-09T13:19:06.294042
3b867731257babf1,True,2024-08-05T20:48:06.660350
7e948a792e1d4f03,False,
f1767eb95955b12a,True,2025-03-18T03:39:21.991163
94f3640042316f66,True,2025-02-26T18:50:50.894899
6a91917fcabef91b,True,2024-11-23T23:31:01.809350
7522e54c4fc8f7aa,True,2024-06-19T15:55:58.657079
f1ec799bb7314120,True,2025-02-11T18:00:33.040684
cbcaaad7611487bb,True,2024-07-24T14:19:51.126916
7e948a792e1d4f03,False,
8400040b6b64fab6,True,2024-09-08T06:52:56.427174
23e376e93bb328e2,True,2025-02-04T07:10:53.133316
1e66d7b826b61bd6,True,2025-02-19T15:18:07.133428
7e948a792e1d4f03,False,
af312d9652c239c9,True,2024-06-05T07:38:47.094993
9a70724e5d9c0c75,True,2025-01-07T23:38:30.075866
1b0c156be76593c9,True,2024-06-10T06:49:41.798038
5060a3f82144d327,True,2025-03-31T13:12:29.116360
4e69d12f9901c8cf,True,2025-02-14T23:42:23.744915
b01872050cd1202f,True,2024-04-30T19:35:11.054586
3444ed17b2937cc1,True,2024-08-10T16:23:59.565325
bcde08383aa68f58,True,2024-05-22T00:15:56.653641
b63253f6a8ba7bb2,True,2024-08-28T11:40:07.077866
571a80812aaf1005,True,2025-04-17T21:22:58.729987
5736061dc6604e19,True,2024-06-29T02:22:12.068279
7e948a792e1d4f03,False,
e0b77d969561e996,True,2024-05-07T17:31:16.114694
3d4b64dfdb34a0e3,True,2025-01-13T06:18:41.310845
9570339fe2f3cf92,True,2024-11-16T00:37:29.105264
7e948a792e1d4f03,False,
5b46d551b80a69e8,True,2024-08-08T04:07:27.850975
131df9b0774c7111,True,2025-02-09T01:53:46.272819
35aeb683f7099d94,True,2024-09-23T12:37:59.336244
5513c66f4763a4ea,True,2024-06-28T09:06:58.464256
bc76d97648c4b4a0,True,2024-10-31T07:15:45.699677
ea0c25a59409e359,True,2025-01-23T20:35:51.183965
287ca93d60745111,True,2024-05-18T19:57:28.926978
16550869f7389b9f,True,2024-06-21T01:32:31.033421
68059934ab3b6120,True,2024-08-10T23:08:44.947448
baca30959077b38c,True,2025-03-30T02:41:43.039557
5febd381f405f7e8,True,2024-12-01T13:10:12.660328
eb140874dc6b10fb,True,2024-07-27T07:06:27.981598
6817c4a7547656be,True,2024-10-29T07:48:27.297757
5fdc8c09f8036935,True,2024-07-29T04:32:27.897376
e7898405693b0c40,True,2024-10-01T10:05:57.415153
5303b766cf22e71d,True,2025-01-28T22:54:04.893334
e6650008e67906ad,True,2025-01-12T21:19:33.219077
6c6e401281982465,True,2024-10-12T00:38:19.784533
d5164a7193d1c733,True,2024-08-24T03:10:08.612751
3f68d96cba50b1e4,True,2025-03-16T05:29:37.641665
858f766116943d53,True,2024-09-22T20:24:18.413049
2e27fc2e4cb93b4e,True,2024-11-07T10:51:07.970534
4a3f115d36972a4f,True,2024-07-28T02:04:14.438850
7e948a792e1d4f03,False,
c3d1f1f8b9dd8400,True,2025-01-20T01:51:45.322766
2b6ccd401558b129,True,2024-08-17T03:56:58.705079
ac27c52dc90f8483,True,2025-01-12T15:05:53.779487
b48f68568152e7d8,True,2024-09-29T10:02:04.523289
ab0ed30929ddf1b3,True,2024-06-17T06:55:20.740010
06817405bda3ed92,True,2025-02-07T16:06:59.791700
7e948a792e1d4f03,False,
72f1db367de362a9,True,2025-03-05T11:59:07.582461
4c6645cfe61cf0d0,True,2025-04-10T02:37:49.585285
00520343beaef5ba,True,2024-11-08T11:00:12.462675
e154a2ba0e1ec01e,True,2024-10-24T10:58:05.748407
243f837b18ce8117,True,2024-12-26T01:48:41.738954
1955bf01b91a3e43,True,2025-04-15T23:33:12.695245
2d61a3a095a0b706,True,2024-11-25T08:10:31.706718
a8ee1fa1de513dd7,True,2024-05-06T07:01:34.787803
ca1a658704d29667,True,2025-04-26T16:49:40.084967
e82c57ff264025d1,True,2024-12-24T19:34:36.127892
decaae163717806f,True,2024-08-24T12:23:02.873819
d13a77b36f652146,True,2024-07-21T11:22:07.750107
5af73c3683df47b4,True,2025-01-12T02:16:29.988657
eac9d89946455b49,True,2024-08-05T14:28:19.206711
4e8b51660c030589,True,2024-07-11T05:40:38.004143
9e0ec6d57b9d645e,True,2024-11-11T15:24:19.162944
af2c56fe1395919b,True,2024-08-31T10:16:48.600552
f0b4d541e8ba2ed0,True,2024-09-23T16:50:42.593124
7e948a792e1d4f03,False,
4fc57f96e145af8c,True,2024-07-10T19:17:31.650075
2cbe3f258e35b81c,True,2025-03-25T02:03:08.034695
c7ba0a23ac6ac5c3,True,2024-12-29T19:57:31.963302
7e948a792e1d4f03,False,
2ca03fe0e51cd00a,True,2025-03-13T09:55:22.640028
3fd7e9b64a1db15a,True,2025-03-12T23:08:05.802522
83f2a332698cb1c4,True,2024-06-23T15:19:43.313342
eb1278a00ce058a7,True,2024-10-05T06:49:50.267936
4d871ca06989f29a,True,2025-03-03T23:59:51.579523
ac4b6d24c80013c7,True,2024-09-20T13:33:53.948789
c999b06001130e09,True,2024-05-22T23:27:51.897414
3e3cc5102b2541a1,True,2024-07-17T02:11:22.808129
b5f577f7ffb782e8,True,2024-07-20T01:55:53.204446
44fb114b687acdff,True,2025-02-16T18:10:21.347398
1ca7ee6f413a7e70,True,2024-11-26T17:38:09.200008
1cbb08890aa9322e,True,2025-04-28T13:48:16.224787
d4ea58a7286d42c1,True,2024-05-22T01:11:42.116024
2e90910f9d544012,True,2024-05-04T23:16:15.703420
85eae02a02ebf10b,True,2024-06-06T15:41:49.196998
90790cca022ab2e9,True,2024-10-16T04:20:29.952220
7778716641f56498,True,2024-08-07T20:22:43.561864
78bb1b58fbfe05f4,True,2024-07-03T17:05:37.557607
c8be681a9006a440,True,2025-04-23T09:16:47.000434
b4302052d9829dc9,True,2025-03-09T04:41:34.708390
b1cf3b9a5c00587c,True,2024-08-24T18:45:33.297095
9e433b477fced135,True,2025-04-09T19:31:48.593649
f022c405cd2dc9e1,True,2024-08-15T03:15:04.171399
eefb62abd1425d66,True,2024-11-14T11:38:15.732621
9ce6d7e131969483,True,2025-03-26T16:57:26.328641
0b04ba141a163059,True,2024-06-09T03:26:07.300033
d8d06df6e8eba294,True,2024-11-07T13:11:58.147755
b94e7e3f6196b66f,True,2025-02-23T05:59:54.277204
54d5e63611157e36,True,2025-01-19T12:31:20.518004
3dc2d392e945b2c5,True,2025-03-01T14:22:56.293704
3bb7c8e7de385fd1,True,2024-09-14T02:23:12.620139
0946af6ece6cc595,True,2024-06-02T03:27:07.500678
77cfce5b6d8b2b3c,True,2024-11-03T11:45:48.208688
d79573e37443421c,True,2025-01-25T01:45:20.864630
7e948a792e1d4f03,False,
3588ad0415b59995,True,2024-10-27T11:04:47.131071
a2d9bc7cd3e85393,True,2025-01-07T09:43:16.320688
2b83df311cc38c39,True,2025-01-18T08:26:33.941187
7c88425e729807dd,True,2025-01-13T23:04:44.344933
5d8cd11d774dfe2d,True,2024-07-15T21:37:31.960323
cb78f9aeb85779b7,True,2024-08-10T20:59:33.245441
1d9dbe4a1d9cf5e2,True,2025-02-11T09:43:56.657011
f6e037f921f3f62c,True,2024-09-23T02:37:13.788368
90161acc2c778e28,True,2024-05-26T15:19:40.762559
d8e78be299fb0c07,True,2024-11-24T21:09:19.889068
ac729c6579c9cbd7,True,2024-06-14T22:48:11.696523
24c5c1b81c3cb995,True,2024-07-20T14:01:12.521396
48bb54466f24bc45,True,2024-09-05T23:43:20.548075
5cbde5b005e7a5b3,True,2024-09-20T23:02:47.934941
8b8613107f359a28,True,2024-08-13T02:25:10.522913
74acc8a0b7218412,True,2024-08-09T12:06:47.539614
d5e3584e063fcc53,True,2024-08-16T11:29:32.183498
85855fb0f7f6a9a0,True,2024-06-19T10:20:45.564139
54914364e11c8308,True,2024-05-03T07:04:33.908589
c819d834d146719b,True,2024-11-21T15:58:51.294848
e0e872ff9349eb7e,True,2025-04-04T23:40:27.422959
769397981c5d616a,True,2024-05-16T20:42:42.723328
edaa6be1671ae6e8,True,2024-07-06T21:07:29.754133
9c890a87d3b3521f,True,2025-01-24T06:43:44.967656
da9b8360a36cc646,True,2024-05-24T20:26:53.718457
fff1b53f4b46a188,True,2024-12-01T12:58:55.472158
856a78195001724b,True,2024-07-03T02:57:42.007904
39032fec26e27c91,True,2024-09-08T03:43:42.474307
a46053df301daced,True,2024-09-04T05:53:55.739762
3ac0e96ca6626888,True,2024-11-15T16:45:27.878851
7e948a792e1d4f03,False,
49c1e99018bad3e6,True,2024-12-27T00:58:16.378699
e9e555eb1c9a376f,True,2025-02-28T08:55:24.411453
7e948a792e1d4f03,False,
4bc80859281ae64e,True,2025-02-05T02:23:22.759956
ebf3c8ed3331c4bd,True,2025-01-09T03:28:44.579540
47a506f39dad4fbe,True,2024-11-01T22:13:41.367589
8b7ad418ea154309,True,2024-06-24T00:42:06.741646
01f98df3808af982,True,2025-04-27T04:35:37.154522
9195bc583485c4a9,True,2024-11-23T23:14:36.038217
079ad0cdf465a4a7,True,2024-12-17T03:42:59.041240
4dc72e0ec9d16578,True,2025-04-22T10:09:27.652915
2caa60823e844d5d,True,2024-06-17T23:23:11.308506
05adafbfb70301d3,True,2024-07-23T19:19:13.387072
a257c6d40d7b7e8e,True,2025-04-27T19:22:26.471055
5eb68282de7a3604,True,2024-12-12T06:42:48.218286
929e89744c43a299,True,2025-04-03T21:03:41.301400
5d8d4b8ca790465d,True,2024-05-15T06:55:51.599629
95dd0ca9eb60410c,True,2024-07-04T17:00:08.655757
bbddb40d8752e03b,True,2024-08-12T04:43:57.831707
7e948a792e1d4f03,False,
59a70adc561b0470,True,2025-02-06T13:14:02.858546
d70e0426aff858d7,True,2024-06-15T06:56:36.578159
2c7b9a109e23ec63,True,2024-05-08T15:47:45.726154
a6adf4da1b80cf75,True,2024-11-11T05:42:52.104931
7942dfcf0356a0c7,True,2025-03-09T12:29:16.307638
f45b93c9a4ffc495,True,2024-10-17T06:47:22.869724
7e948a792e1d4f03,False,
928abe26d05c9948,True,2025-03-11T18:15:21.677067
03cf8a5ec4c4f4f7,True,2025-02-08T16:50:47.373918
34d9e59101f813db,True,2024-07-16T13:04:10.842101
35cbe8a571624df5,True,2025-04-05T09:46:36.765727
4632662651da5d39,True,2025-02-22T23:34:47.878785
c34771bcb9b4c3db,True,2024-12-06T16:55:05.050418
4f3c5856d6579b13,True,2024-11-18T08:46:08.269646
a5b6fdda5a13c290,True,2024-12-28T20:35:05.534345
5aff5cbf26849f47,True,2024-06-06T08:22:44.446786
7e948a792e1d4f03,False,
7e948a792e1d4f03,False,
d9ee45f486a81742,True,2024-08-15T23:45:47.073473
399eec929235981b,True,2025-01-01T14:26:00.469354
8fc5aa287531aa0a,True,2024-08-28T18:28:18.147182
b6163005a0e9767c,True,2024-10-09T08:32:27.513043
47741854e331fba1,True,2025-03-08T22:39:02.157910
3f1c51c8e4477e3a,True,2024-09-19T00:52:54.336939
64e4e34c50a59640,True,2025-01-24T12:04:11.016733
7e948a792e1d4f03,False,
2db6de0edca63c6a,True,2024-06-09T06:41:55.780667
bcf7e50e78efbfca,True,2024-09-06T07:34:01.670107
0f5a9fd85e5945fd,True,2024-08-19T16:09:42.319453
c3f3f922f9ca5314,True,2025-02-24T07:19:03.498123
cc85fe6b4fee3cfc,True,2025-01-06T19:01:03.876461
1345904c8a74d1da,True,2025-01-29T07:59:15.456755
e23612e2ce1114cc,True,2025-01-12T01:03:09.641688
42edd59e9f460a92,True,2025-03-07T21:31:21.078061
e14c7f4a19e9b5a6,True,2024-08-09T05:37:55.165545
40886f874a504b1d,True,2024-11-09T12:07:32.019138
7e948a792e1d4f03,False,
9ad532b1b1696b75,True,2024-07-07T22:09:16.105161
0fb1cb646b207e4c,True,2024-12-25T06:11:55.130560
1f2a35e49018cb41,True,2024-09-10T16:03:59.115196
7e948a792e1d4f03,False,
7e948a792e1d4f03,False,
dfe96b35ef05e72f,True,2024-08-05T08:00:50.943907
6ba4c01d32db71ec,True,2024-06-13T14:37:49.648702
7e948a792e1d4f03,False,
51384dcb4858be46,True,2025-04-14T19:10:29.410449
0f0154b4f84ae0c6,True,2024-12-22T22:17:08.071001
e4f715177e1068e9,True,2024-10-06T21:41:49.340916
539fb383fb913ccc,True,2025-01-08T19:37:20.934914
79dcf67961e2d307,True,2024-05-22T16:49:43.158526
26c4c0d104ef6a84,True,2024-05-26T20:49:42.099212
ada701860662f866,True,2024-12-18T08:11:51.363429
27db7511cc132920,True,2025-03-21T13:28:44.003596
e6292193877a0e87,True,2025-03-24T21:05:50.868748
7e948a792e1d4f03,False,
7e948a792e1d4f03,False,
c51519dcc39426ef,True,2025-01-26T12:02:43.530483
5223fc848c213ad0,True,2025-01-07T16:32:56.970398
a569e004b7844aec,True,2025-01-15T17:08:15.062471
ace186a97d9ee42d,True,2024-07-02T04:39:43.554912
7e948a792e1d4f03,False,
18ff59070ad8278d,True,2024-07-04T00:35:36.179280
08f67d5277707cd6,True,2024-12-26T03:13:32.504769
1a5cc781a3ca1871,True,2024-11-07T06:38:58.862428
d250061376214b39,True,2024-05-06T03:38:21.268524
9d40a3739feee290,True,2025-02-13T22:51:02.937064
5362404b54aeb7c5,True,2024-10-05T14:19:10.475277
fb2d5dcbb0485190,True,2025-02-15T17:38:07.470944
a8fb8891530b6c3c,True,2024-10-30T22:15:53.462686
badefeb17022b545,True,2024-08-18T15:12:03.206580
8a3e0dddd82e22a6,True,2025-03-29T00:17:05.180669
3a96fc27349b951b,True,2025-01-28T18:26:47.000224
89fb26855059945b,True,2025-01-09T20:20:13.030348
4b47163099439506,True,2024-12-02T05:56:10.904184
cef2bc67a02e1952,True,2024-05-28T16:38:25.643445
2aaa6c18fc8d83f6,True,2024-08-01T13:05:18.961757
35450cb35919380b,True,2024-08-21T03:40:17.085189
7e948a792e1d4f03,False,
d7a9f70cc657b657,True,2024-12-24T23:54:54.128883
0535e97da3cebed4,True,2024-07-01T12:31:08.138770
cce96b9e4e73aab8,True,2024-12-03T13:12:59.416480
058471ead45dee92,True,2024-07-10T04:19:24.709606
c652bcaa86103114,True,2024-10-07T12:38:44.866574
1ad650e0a44d5189,True,2025-02-15T13:18:23.340692
7e948a792e1d4f03,False,
34ec4c0c3c85b61c,True,2025-04-21T12:29:10.186654
f11723039c783e21,True,2024-06-21T22:00:06.648357
69b7d2519a42076d,True,2025-01-07T09:23:39.418310
aae55921faeca726,True,2024-12-08T06:04:34.451536
766a58901f26a5e3,True,2024-12-16T07:10:50.288464
5d70d4730da4b20b,True,2024-07-09T23:53:04.261041
739ec0293ba0f182,True,2024-11-30T19:12:58.012457
69b5488d5b6904d9,True,2024-10-21T09:54:27.892397
7e948a792e1d4f03,False,
22c1f689f45d7b36,True,2024-12-27T19:14:29.007242
50a89d5a60592b96,True,2024-09-29T13:37:30.912221
625f524326e81597,True,2024-11-29T10:23:45.981120
4904a69cbd266384,True,2025-04-02T19:00:21.224870
c912efe3af8913da,True,2024-12-07T06:50:29.208230
4e93c50487a57ed8,True,2024-06-17T05:00:22.425032
7e948a792e1d4f03,False,
677fd4edc83abad7,True,2025-02-16T01:52:24.983645
90250870bc7622c4,True,2025-04-22T19:11:49.074341
bf77fbde6d4d7710,True,2024-12-06T07:55:01.221956
f4736aa4b452052f,True,2024-09-13T22:50:18.879343
a10b965d71681c63,True,2024-06-10T09:17:04.570943
7e948a792e1d4f03,False,
b04408c21f6f5b6c,True,2024-05-04T15:43:56.647949
08b794fa17bdafff,True,2024-10-01T02:59:47.257075
91d17845e6ba674b,True,2025-01-01T14:45:15.276056
e4874ef1c9afcebf,True,2024-12-08T08:10:20.397520
6bf8221fe7fd5883,True,2025-01-13T10:37:05.858258
b901e2879d2c197a,True,2025-02-02T05:32:39.376009
c290d7d6c7255577,True,2024-10-31T20:52:02.154608
04d21841ed647dc2,True,2025-01-17T16:00:58.764585
7717d92d0e11ef32,True,2024-05-23T11:15:14.739556
c455b30d5f8de425,True,2024-09-15T21:29:37.210220
ec4f75d1347f30be,True,2024-07-12T10:39:22.505729
f73ac354080ed641,True,2025-02-04T17:29:59.598470
4d41e4620126526d,True,2024-05-18T05:52:39.357791
a7ff8d9a1258a78b,True,2024-08-21T20:46:51.419190
07eead293478ef25,True,2025-03-27T09:14:00.230162
889d2d72f0f5d4fd,True,2024-12-04T11:23:17.122228
5c032d1c8c2e97e3,True,2024-09-03T22:06:41.137018
d0ec23de7456db98,True,2024-07-24T10:55:50.192128
034118e350d5820d,True,2025-03-31T17:02:27.462565
faa3be37774f2862,True,2024-07-22T20:47:20.335027
51b0a35b8342af2e,True,2024-06-27T05:54:51.478873
c46ad042f39a064d,True,2024-08-09T09:16:13.530520
0996e1029e734199,True,2024-05-08T03:57:32.108051
058dea7c115da2c1,True,2024-09-04T23:14:54.725236
379384a1a7ded51e,True,2024-10-25T07:08:51.410616
230fef394c816f1d,True,2024-10-31T11:33:04.596239
15b219e2e3820e5c,True,2024-08-17T00:44:32.636383
b4324ec68f3e7031,True,2025-02-19T15:02:07.239218
3a33f561573a9c74,True,2024-06-20T15:39:42.685695
c8ddf31990861576,True,2024-08-15T05:55:12.961037
7e948a792e1d4f03,False,
fafb8d0f46cec192,True,2024-12-25T18:14:07.906644
1c43e149ed93fad3,True,2025-03-04T04:47:09.283341
7e948a792e1d4f03,False,
40c287b4f829ae4a,True,2024-05-16T19:23:57.946796
01d705064b91264f,True,2024-10-30T07:10:03.432363
18da3dd7ad032022,True,2024-06-19T22:13:23.704834
3f08cda7916ffa21,True,2024-06-09T16:00:04.545577
0d7c7676756b776b,True,2024-11-17T15:36:13.708161
1ef06b9b609babb6,True,2024-10-06T14:22:17.762319
8b4832e03e32e4d4,True,2024-05-31T10:49:04.893316
7e948a792e1d4f03,False,
8a059f8fad1356be,True,2024-08-14T04:47:23.581665
146db358779cd5b9,True,2024-05-23T02:23:16.239776
aee7fe7edf79ec40,True,2025-02-08T02:10:25.993743
21dd9efa5627ac3d,True,2024-06-27T06:19:05.590234
402ba9edeb1c3c24,True,2024-11-26T07:34:38.395988
4b42e0f478e45c33,True,2024-12-15T08:46:21.463638
79550fa4b381ea12,True,2024-12-22T09:05:21.495164
d6738a078e63d1be,True,2025-03-06T00:33:54.860768
65d8ace1f494161d,True,2024-05-26T16:15:35.981741
aee16023bbff75ad,True,2024-08-08T19:41:01.534526
10eef6697f2e79b5,True,2024-06-13T18:35:30.949432
12c7d2ef20394db5,True,2024-05-21T11:57:12.685890
818d2ed7e6a70a1c,True,2024-06-07T05:40:25.219951
7a8d88a112162c8f,True,2024-11-16T14:46:24.200842
9cb2a30f6cc4cf86,True,2024-06-05T13:42:24.682502
4b5a06ab61dfff80,True,2024-05-19T05:33:29.770723
714eb3b74756b7a4,True,2024-08-04T08:10:07.894857
b9c56ca1563b833c,True,2024-10-28T22:35:57.811237
0241abdf10a9b9e3,True,2024-09-27T03:03:00.763039
4d2a1399f4420552,True,2024-06-24T07:24:24.391696
ce32599608ce54ef,True,2024-09-07T12:22:04.679257
c752dc87fb0db543,True,2024-11-17T13:30:24.413175
e11cbe32b2fe0e22,True,2024-08-01T13:10:31.104312
43f83d6406ed23e4,True,2025-02-18T17:25:57.953873
1e876db92b7cf32f,True,2025-01-05T16:30:11.932007
81421ed000c0c6a6,True,2024-11-15T18:50:59.828527
1fa76077b435c66f,True,2024-06-17T20:58:58.919266
bcd2dc5b716666f1,True,2025-01-29T23:03:04.691099
cd05a61969381dec,True,2024-09-03T07:23:34.550423
95c030d667c3ad78,True,2025-01-10T12:11:57.885705
0c8e5d4753c579e9,True,2024-06-07T06:43:19.645733
c27ad4366ed26b89,True,2024-11-23T01:51:16.972259
4cf38a050cbaf3d3,True,2024-06-23T06:59:00.112883
b8c15b449967a240,True,2024-09-27T01:30:42.839614
76d43fc384a80f45,True,2025-04-16T04:31:50.927819
12896c2b19c195ad,True,2024-12-20T13:43:39.286850
0b4d9c1b933a81a4,True,2024-05-20T15:40:42.510678
e0cb6673a559f4c5,True,2024-08-02T20:05:23.207697
6225c3a046009d41,True,2024-10-13T14:06:31.308100
f70863a06fec72b0,True,2025-04-26T07:59:59.258958
c3e04f9789fff539,True,2024-08-19T13:26:25.086565
7e948a792e1d4f03,False,
a9cb99fa26c464c9,True,2024-10-15T04:15:12.225347
25b1d176524eb026,True,2024-06-06T08:27:46.248595
7e948a792e1d4f03,False,
7315bfd4486c91d8,True,2025-02-03T18:44:39.998007
8272abc5ea9387d2,True,2024-09-14T14:03:43.854728
f7ef56d7bf6cfa8d,True,2025-03-27T19:31:10.065776
8ba3850a6d04fdda,True,2024-07-13T18:39:46.571936
a6108d580e9b6a6e,True,2024-07-30T04:32:57.740504
e9d3883e927fdc31,True,2024-07-23T01:54:11.631649
6995a6fb790929e1,True,2024-07-02T06:02:29.120805
b5ff3c17a76aea79,True,2024-08-15T08:50:04.044052
7e948a792e1d4f03,False,
47aba1f427d1fa37,True,2024-06-28T02:59:28.334995
e88229ccc3c29b03,True,2024-05-09T10:57:26.313165
8941a31c8669aa6f,True,2024-11-23T00:47:52.433654
9e2b79b8920b268b,True,2024-07-12T04:12:51.095469
e17891a662cf18bd,True,2024-12-27T23:28:00.573532
0b4a5deda6d520a8,True,2025-01-10T06:53:25.086913
ac05bdd255811bca,True,2024-08-18T05:47:07.433157
b0c3c257b7e1e90d,True,2025-03-14T13:25:50.691351
c681ef6dde0f0bbb,True,2024-05-15T04:50:51.197044
9c8525267fe57b66,True,2024-12-28T13:00:32.764760
d35bd0c7d965e815,True,2025-04-24T23:05:08.841541
5ad7fd6b1a21aa26,True,2024-08-20T06:16:05.753362
e1bda50a3261ca9d,True,2024-08-19T16:21:30.643698
0807504592db3bf9,True,2025-04-04T03:35:55.008336
e14a79357deaefc8,True,2024-07-18T16:16:49.100585
4eb32648556c630e,True,2024-09-18T20:20:20.341823
557ca087713ed0d7,True,2024-07-05T07:16:15.999804
79db14224def2989,True,2024-10-15T05:20:24.291247
ea7e69e16e9cde05,True,2024-08-01T14:30:45.156552
ab07c1cfdbf9baee,True,2024-09-15T18:42:32.740654
913e780614f0db0b,True,2024-06-13T07:40:12.262951
213031aa48e11692,True,2025-02-03T21:37:36.645740
d0782c357c14977c,True,2024-08-29T14:30:09.439856
b6d949ce2769f5a2,True,2025-03-13T23:30:20.032327
eae6194d90ead1e8,True,2024-12-24T06:04:38.866301
e69908651be9b785,True,2024-10-01T07:03:02.720783
c015c4de39b74545,True,2025-01-16T06:10:46.324956
7e948a792e1d4f03,False,
903e5c5fb1d30258,True,2024-06-09T11:08:19.953898
d89afacdc044890e,True,2024-08-10T17:59:44.882992
903485b6ffa760d8,True,2025-01-30T08:19:45.479160
483b5ef96589dc6b,True,2025-03-20T21:44:14.354136
6184413e9995840a,True,2024-11-20T16:15:55.465015
8db4cfc6819bccaa,True,2024-10-17T18:23:05.964260
7e948a792e1d4f03,False,
1bd801c58d761508,True,2025-02-14T11:37:24.877359
61d782d685e932f2,True,2024-06-26T08:51:51.422682
e895ad420a19c9c7,True,2024-09-04T17:23:13.940952
0c35b598ef7f18eb,True,2024-05-10T20:39:11.230398
ac3751fa09963cca,True,2025-01-07T22:36:54.393205
a3cf7a421928534a,True,2024-06-30T10:04:10.785922
0501d1e70abd49b3,True,2024-09-09T00:59:46.387271
688ddbd0cfdcba87,True,2025-03-12T12:25:44.041831
6ddeb7192e9e6149,True,2024-08-14T09:25:48.370755
d9045c9f9e4165a4,True,2024-11-04T04:53:59.301722
60883f45b3495b47,True,2024-12-09T10:18:24.036666
065da1276587042a,True,2024-12-14T18:41:50.439947
a7ce26abefe3121e,True,2024-11-07T06:18:47.211571
990a6d46bb7bab60,True,2024-07-27T14:54:58.537915
7123cb3f356824c2,True,2024-09-27T15:49:06.309765
7e948a792e1d4f03,False,
6e93fb77ec90f859,True,2025-01-08T12:35:44.521475
7e948a792e1d4f03,False,
7e948a792e1d4f03,False,
d4add090a2252dec,True,2025-03-12T15:37:43.162256
7e948a792e1d4f03,False,
0a9c226caf99de7c,True,2025-01-02T10:37:36.610005
5a44ed971a08e9f9,True,2025-04-22T03:40:49.078195
83b31fd6e527a8bd,True,2024-12-11T09:36:47.571458
1d076015961e8f2d,True,2025-02-11T21:15:11.325338
a340d2c208653397,True,2025-01-20T22:28:32.832684
f3476674d22fcc59,True,2025-01-04T18:30:08.684772
e248f4205da4fbcd,True,2024-09-10T19:01:54.896965
d96dad5bf9e0de80,True,2024-05-26T08:58:03.324155
11649b977c16aa96,True,2024-11-11T17:05:12.268395
61619f444fbafd9d,True,2024-12-14T01:51:42.943564
a54f3dac5fa8d2a2,True,2025-04-17T09:08:12.491903
9f517462252498f1,True,2025-01-10T18:05:09.762217
7cc1f72f220f73af,True,2025-03-08T16:51:15.110969
f23ada0fccc3f1ea,True,2025-01-30T23:23:42.742427
7e948a792e1d4f03,False,
e52fc6d82172c163,True,2025-02-26T07:11:05.822177
ba390515045ef85f,True,2024-12-01T11:34:13.912963
2254085a9ba25412,True,2025-03-08T00:06:56.482628
f8b81674b721bc19,True,2025-04-05T04:10:52.151706
60b8de7e05773064,True,2024-09-12T00:50:25.968972
6549ec4e1b354747,True,2024-08-03T13:49:28.255814
886489532b0b37e8,True,2024-09-04T11:53:28.248986
6e69f7e8ec5fdcc4,True,2024-12-24T12:48:46.329206
4f420c17677c40e5,True,2025-01-26T12:54:02.161312
0fd3bb8be0e53f25,True,2025-03-01T21:55:35.448413
f76f903f1b5f6eb5,True,2024-11-16T05:00:11.433623
d6df7a6ef2110d6d,True,2025-02-26T05:35:48.332891
b6c2a3a7b61788c3,True,2025-01-12T21:24:30.285071
4be24a35d7840fcf,True,2025-01-21T10:57:49.552486
5b135b764f30dbbf,True,2025-01-31T13:24:33.381593
e00b66c2f0d68fd1,True,2025-01-23T09:19:44.679817
97247a4674883eb8,True,2025-01-25T19:33:27.310173
33c6278600e74630,True,2024-08-16T00:21:27.948728
402d2464d72f9c19,True,2025-01-01T04:20:11.496805
12933deca5411900,True,2024-09-10T01:07:20.052802
382e3767b408a3d8,True,2025-01-26T15:14:39.348070
4ef74006409f914d,True,2024-06-20T08:29:48.068800
dafda93ce1cde473,True,2024-10-14T11:29:47.576140
715ea718ec921fb7,True,2024-09-25T23:37:50.364685
3c3571c546a1b065,True,2024-07-24T06:39:58.500121
471e7efd8a947666,True,2025-03-24T01:55:38.633373
7a858d8489730a87,True,2025-01-08T17:14:34.647313
7e948a792e1d4f03,False,
39eb1529393ee71e,True,2024-07-23T09:23:44.308245
8ac339c7d413f1c7,True,2024-11-05T02:18:30.666223
bf8915148f636e8a,True,2024-12-09T00:05:44.724661
7e948a792e1d4f03,False,
d30ed0d04ef5d33b,True,2025-01-06T16:47:29.021729
7e948a792e1d4f03,False,
b2385521ea3c777c,True,2025-02-11T00:38:35.608213
7e700a2ff7b6fe13,True,2024-10-10T08:07:42.739728
4a588b24b7e2cbc8,True,2024-05-27T21:27:14.110178
32ff0c43ef4fcfb5,True,2024-11-09T21:42:57.905906
8f8c74f8d4206b5b,True,2024-10-27T12:14:18.068407
512158ed7f3a5d96,True,2024-05-03T23:45:08.361599
abf74d9067e092c8,True,2024-08-15T07:40:12.418474
0d87f91b49a578bd,True,2024-10-17T19:28:29.836876
88e86507c8c4d960,True,2024-10-16T11:54:05.447839
2a46a2332644cf75,True,2024-06-24T05:25:17.147969
f6daafd5e8031f7f,True,2024-08-20T00:53:40.047916
c314366f62e9e1de,True,2024-09-04T21:56:10.097628
9aec7c08058d535c,True,2024-08-25T09:42:44.630579
77e20140d1730f73,True,2024-08-03T01:44:15.268554
410baa17bc4ae02d,True,2025-02-14T20:47:20.470950
95a7208cb9626c00,True,2024-12-17T02:57:11.307937
8e25e988d5bc9a00,True,2024-08-06T21:34:02.089102
90e819af912b607c,True,2025-02-14T14:32:01.167266
c0a79502074a162b,True,2024-05-28T11:15:19.382340
ee64c93930cd35b6,True,2025-01-04T13:00:11.066446
a5c0991006bf52ba,True,2024-06-24T12:34:45.963798
99ba8f4b08c80371,True,2024-09-29T18:50:02.714225
52295fb65a67a7bf,True,2024-11-06T12:31:35.033096
e616b3945da047fa,True,2024-07-09T14:57:32.004080
7f107c0461bafaae,True,2024-08-18T03:02:26.920294
8558b21a3de6c543,True,2025-03-20T12:23:05.485903
ab88fa2824a3f904,True,2024-05-08T15:46:25.623224
28bb25a0909ff1f0,True,2024-12-15T02:00:13.477167
5ea07c7376820471,True,2024-11-19T01:57:38.243621
69a9e0f69c6c9cc2,True,2024-10-05T07:07:25.812944
7a3e8749954b1774,True,2024-12-03T13:11:46.281487
7ff18b5b5f780294,True,2024-07-15T20:20:01.861837
a112e4da943cd33a,True,2025-02-14T15:37:05.098161
9ef5e51c2b537748,True,2024-05-15T07:19:22.931187
65d25263320408ef,True,2024-08-22T23:25:41.036774
b36dfa90934d8d28,True,2024-11-29T05:49:44.234355
6dd7d55199d01d43,True,2024-06-14T02:04:43.248129
128fcd3ddfa7d994,True,2025-02-18T09:12:04.102671
7e948a792e1d4f03,False,
e29723ec7096fb98,True,2025-04-03T04:36:18.356723
144bc449b3e74740,True,2024-10-25T10:27:17.461426
279d384096a287bb,True,2024-08-15T00:53:29.033855
71dc53face05fb6a,True,2024-05-08T07:24:34.988070
cf1260d7bb739c9e,True,2025-01-22T00:23:15.224664
72fadcbd72acb0e6,True,2025-03-09T22:14:52.205841
f10a3c2dc73d7540,True,2024-10-11T04:07:33.507410
061fb6eb96697370,True,2024-12-24T04:26:35.184176
defd9b4c4f91d9ed,True,2025-03-17T15:09:21.590306
d52a68b0aa114394,True,2024-06-26T07:04:57.541456
640130874ec9826e,True,2024-10-13T11:25:19.505345
4ba5f939b1d19882,True,2024-11-17T20:14:30.733017
f323c93ad3ee98b9,True,2025-01-08T02:02:07.868562
fa06d918a7a8ace9,True,2024-11-16T17:07:57.270859
1bd1c16c756dfa2f,True,2025-03-20T08:26:35.861587
7e948a792e1d4f03,False,
6d779eece25dcac7,True,2024-05-23T21:33:32.417751
7e948a792e1d4f03,False,
83fe793842ecfeb8,True,2024-11-08T15:36:45.036291
c8bea5000304da0b,True,2025-03-18T00:34:00.022255
05500c53e7ce753c,True,2024-10-02T23:34:46.656785
f72dc86ddb5196b0,True,2024-07-10T10:39:46.887824
66625f81f56b3f9c,True,2024-07-24T17:12:16.118995
2a16d7f2d5098d7a,True,2024-09-09T20:00:53.250416
0b1d3515980174c2,True,2024-11-15T20:08:44.219458
51acae2a42c1d03a,True,2024-10-09T10:29:11.730890
8510805d68215742,True,2024-06-25T02:24:37.678688
02eb762202569ac4,True,2025-04-07T22:35:56.805187
ef31d88248d44802,True,2024-09-12T06:54:00.123702
69be2730c906dbd5,True,2024-07-07T22:53:50.297183
6e6900a7d02e1f1a,True,2025-02-21T09:39:22.448881
3055f778643d99c3,True,2024-10-16T18:19:42.423213
430b59b248ebf543,True,2024-09-17T21:52:11.464165
10b4ecd9a76b6c0a,True,2024-08-22T12:49:05.821939
ca29bf63b2020129,True,2024-09-28T00:04:52.697076
d552c6106d04acd1,True,2025-04-21T11:26:53.923624
7e948a792e1d4f03,False,
40863fc39579613e,True,2024-12-08T14:19:37.968243
99c5c5274e0d3517,True,2025-02-20T15:38:02.693437
4d749a0ff7226fc3,True,2024-10-19T08:29:32.148140
ca7e47b14c83920b,True,2025-03-14T02:21:33.666092
b7da65274ab5c4ff,True,2024-08-25T10:36:51.329809
0bff34b5858fbc2d,True,2025-01-29T08:11:54.040285
e6717c5fbd7dbe63,True,2024-10-15T15:50:09.936424
6924ba726ce55328,True,2024-07-24T10:27:36.329844
4f2263e0de71378b,True,2024-08-11T03:32:31.670811
2688d6e998928695,True,2024-11-25T14:03:24.183039
175e1f20a3ff4cef,True,2025-03-19T11:13:16.047643
0f13a21932af0c04,True,2024-12-08T13:00:03.043271
6ccf60b9633cf3a9,True,2024-08-12T13:46:47.454502
e04f9c04f5317c4e,True,2024-08-05T00:02:21.653672
a1c93ba8bc8b23b9,True,2024-05-03T23:25:42.228348
07dd479ead294e24,True,2025-02-13T08:38:24.773807
22c292aeedb0b6d7,True,2025-04-14T11:55:53.876102
542970496287ae0a,True,2025-02-15T11:54:03.466962
b8596581b4138346,True,2024-05-29T03:47:25.524464
9cc9a42c0ba32cab,True,2024-05-11T14:43:01.408629
393bcb96973ff8ac,True,2024-05-23T07:29:25.296644
f823e40347988ef0,True,2024-08-23T20:01:34.989980
98fe001f259d0719,True,2024-09-08T23:23:45.629973
7e948a792e1d4f03,False,
7464216d5a050d26,True,2024-07-01T18:06:15.675475
7bc3afeb42e1eb7e,True,2024-06-14T19:13:52.347842
6a2df25e90de6063,True,2024-06-27T13:44:19.466956
10313bbc3d94bd02,True,2024-06-27T16:38:22.376511
ad2287f738cfa3e0,True,2024-10-09T11:13:47.256049
312d0bbaac13f3b9,True,2024-10-05T05:07:29.293691
e676a036b5639fdb,True,2024-12-25T05:10:32.847600
eb7057e885b190d9,True,2024-12-13T15:48:09.688686
d9f12b085eb89c8b,True,2024-12-26T08:27:13.853160
74e012e79fcd904f,True,2024-06-22T17:37:05.608862
21974395d944a56c,True,2024-12-09T07:52:52.291139
7e948a792e1d4f03,False,
c1ec2ddb48f9ae5a,True,2025-02-21T10:50:17.729789
38ff8232aa01c69f,True,2024-07-25T23:26:54.334570
29541a0820fb6a64,True,2024-10-09T01:22:02.095124
0c1661b72a94f870,True,2024-12-18T10:58:19.660553
16e11ccf2b32b74b,True,2024-09-09T03:52:42.550056
18314e10d4c0704a,True,2024-09-05T00:19:12.936826
0b31bd4613497f04,True,2025-04-07T00:27:02.466315
bce6bae443c55e48,True,2024-11-24T10:45:26.706194
f755cc76bb12112f,True,2024-06-09T05:01:05.308007
5e89869517692931,True,2024-07-10T12:32:28.607771
8670e718e43bbc40,True,2024-11-01T07:02:33.616717
33c6aea76eff7594,True,2024-07-19T13:31:06.610516
5d08e84897eec15d,True,2024-10-14T10:12:40.999589
1aca1c2e13345388,True,2024-12-08T05:31:45.525143
21748c76f00c39b7,True,2024-10-04T06:58:16.615294
06e0b4501e2d80ea,True,2024-08-12T10:16:20.604287
c402e5141f97007d,True,2024-05-13T23:46:16.513134
f8a179fc77fe7cd0,True,2024-08-13T21:54:43.906648
676d459fec013d23,True,2024-06-07T13:15:07.544151
3c76a58ed7059eac,True,2024-08-03T09:58:44.541457
bf08c295767058af,True,2024-07-02T10:56:09.348505
8d914ee872dae8f1,True,2024-06-29T17:19:59.052173
aa3c2cd78f9e7adc,True,2025-03-04T05:35:10.533490
2afd90c901134445,True,2025-01-05T15:18:29.435937
2f0433245e3ca81b,True,2024-09-30T19:22:58.365888
5f4a28ea6a0c40e6,True,2025-03-25T13:04:20.712029
e187c16beb52b8be,True,2024-06-10T19:23:29.511727
59040f00c0d823dc,True,2025-02-15T02:19:59.796498
84910d7ca1d8f17d,True,2025-01-17T17:55:04.188250
f9d6cf453ea9e98d,True,2024-11-24T15:56:51.444194
613db21bd9f0efd9,True,2025-04-06T23:38:36.650660
f5eec6478e223c6a,True,2025-04-14T22:23:14.090262
6bd8a108d2c36e65,True,2025-03-04T17:30:18.351512
150913cab6545792,True,2025-03-16T13:50:15.159871
b2d0523f7668f7ec,True,2024-08-31T14:15:22.907180
ad6e01b8d88ec067,True,2024-10-27T04:48:10.427040
6aae105c8673a14b,True,2024-08-10T15:19:10.684847
45793819dfff2767,True,2025-03-16T00:36:52.079994
c6bad4086f3d4fe5,True,2024-05-06T14:54:14.112670
09f7d9646e5c1060,True,2024-09-15T14:21:57.672635
33bab64bde1ac9ce,True,2024-06-12T23:22:13.956936
d17c8f04192c9f6c,True,2025-03-04T05:41:13.304969
4c705bce5f1dee80,True,2024-05-30T06:20:50.823542
d4d986c581661685,True,2025-01-14T09:26:09.459654
1e057cd0421304e0,True,2025-01-10T15:32:06.987241
968d264fa38ee444,True,2025-03-23T13:22:54.504297
1b33398a81ebeaa4,True,2025-02-18T23:33:30.780964
0ce8e6845196f932,True,2024-07-28T19:16:15.001169
9cd32b461917a035,True,2024-11-24T18:19:59.895859
77cd355c2ae6855f,True,2025-02-01T19:44:31.059518
4561d4c96bec41e9,True,2025-02-27T06:12:53.523802
7e948a792e1d4f03,False,
3f573122ccb5bdcc,True,2025-01-17T20:19:20.150203
aa6eb4a9055d032e,True,2024-06-22T21:07:52.284415
8510173918fc523b,True,2024-12-14T00:48:12.509430
9b0779026d650691,True,2024-09-26T03:08:33.865140
a3cb144320f83c81,True,2024-08-30T05:18:38.270632
19cdc098ab8ac931,True,2024-07-20T20:54:42.342813
cea6027aaad78ffc,True,2025-01-23T11:47:20.155114
37f034a7b1dd3c97,True,2024-07-28T11:20:27.575734
f4e47589c56daf95,True,2025-02-04T09:11:34.543890
7e948a792e1d4f03,False,
0a013ba4d9ed63d6,True,2025-03-21T14:20:02.305664
3dd51d041ea52052,True,2024-09-08T05:16:41.103995
4402fc20431618c3,True,2024-11-27T01:31:02.804485
00ca9dcf907f7f7a,True,2024-10-03T17:15:54.491354
bb2fb85c54a77aa7,True,2024-09-25T00:52:59.535989
6855a8635007c8fd,True,2025-03-12T17:08:13.654527
2688d1174773cef7,True,2024-09-08T20:54:48.163377
945246fc3c127222,True,2024-10-01T19:52:38.542334
b4d2f66565361448,True,2024-07-03T16:23:29.712056
0321679f61683e5e,True,2025-03-17T02:05:28.081365
c50eb407fb36dfb9,True,2025-03-23T11:30:53.314816
315cf332db6187c1,True,2025-04-03T10:37:10.887970
dc741311ebfda260,True,2025-01-23T10:50:13.329443
1b2d140987e95327,True,2025-02-23T06:10:36.859161
8437b8a50c3075ef,True,2024-05-31T21:10:12.271012
8479d57dc3598917,True,2024-05-31T13:25:31.774020
642f3b01d3c6ce78,True,2024-08-14T20:19:21.906816
b6b74555ffbc4a1a,True,2025-04-28T02:45:06.116884
7acfba4c684e1829,True,2024-05-12T05:48:47.068511
e74ec359b441b6be,True,2024-10-16T07:03:19.227596
eab5b4e041bed3b7,True,2025-02-09T19:26:22.353938
6ec72f7269c7f472,True,2025-03-18T07:34:25.291892
7e948a792e1d4f03,False,
adef8f96b76f7bd8,True,2024-10-16T12:28:16.110818
fe08d478e0a5d2bd,True,2024-08-28T22:28:24.374580
9c79ce646e7deed7,True,2025-01-22T06:01:38.336689
23e809968a48f3df,True,2024-12-10T22:03:01.381606
c3704535aca76291,True,2024-08-11T22:57:00.485572
32f380221c7f2fd0,True,2025-04-27T00:18:34.134553
ecb133769ed09c8e,True,2024-06-07T21:09:08.006169
27d09c5386c90e43,True,2025-01-22T13:55:14.625635
28786be41d3b931d,True,2025-01-07T02:13:55.086685
4647158667bc85e3,True,2024-05-05T20:51:15.282290
7506d87cebcaa4f5,True,2024-09-02T03:05:48.983205
e60d2ef17dca3250,True,2024-11-24T00:23:38.774188
3ac316a18c668fda,True,2024-09-12T16:12:30.134635
61a48324b4f8b5f2,True,2025-02-24T06:05:09.682601
da8af41f5a01f876,True,2024-10-11T03:53:40.023732
1f4600a965845faf,True,2024-08-14T07:40:47.400461
2903c1e770e37c03,True,2025-04-25T08:45:29.524459
a5a149ddef3333f4,True,2025-01-06T13:13:34.304256
7e948a792e1d4f03,False,
80c28bba2693b9cb,True,2024-08-06T08:12:57.239025
15e90f4e2bce798f,True,2025-04-19T14:02:18.564869
ae8f0fa304d15291,True,2024-11-08T14:21:53.473682
10e4c2704f0e7aad,True,2024-12-25T14:16:48.565576
b0415db0235a3c83,True,2024-10-12T18:32:33.891963
ccab5d01d6b5c9d2,True,2025-03-30T13:01:12.476152
bdc2a21965a739b2,True,2024-06-15T10:23:58.306383
70cc40dea8f3cd8e,True,2025-04-11T13:41:02.497311
7e948a792e1d4f03,False,
7e948a792e1d4f03,False,
fc0d3cc0477216d9,True,2024-07-15T08:42:18.453927
c380e5b82d412878,True,2024-10-08T21:58:53.528332
ebe29f95db2bde6e,True,2024-10-14T09:41:59.664973
54d8c2ce17273e63,True,2024-09-04T09:06:33.022615
184b8b282d3660c6,True,2024-07-17T11:05:58.240249
c9927cb6848c0f0a,True,2025-01-11T00:01:22.405732
94ab6831dfa26932,True,2024-11-26T12:37:21.934542
9dd4ab840681aa78,True,2025-04-25T23:29:17.652383
c452782bb7593164,True,2025-02-02T10:24:39.602562
007d5e510929cf9f,True,2025-04-23T16:39:11.863657
ab22ff9c09dfacb0,True,2025-03-09T04:45:50.202855
4533742409fb2ebb,True,2025-01-15T19:39:46.301373
0b6e863505c94e0f,True,2025-03-03T00:21:58.081021
e9831751f52d7408,True,2024-08-14T21:24:13.142042
50998265520ff468,True,2025-04-05T11:40:17.666392
46bfd7dffded05d9,True,2025-01-22T20:07:12.990895
7e948a792e1d4f03,False,
44232b5457d9f708,True,2025-01-18T12:45:43.815408
491a9000f2dc9ef4,True,2025-03-04T22:31:19.934011
23a18081161fcd52,True,2024-12-20T09:57:20.545404
8869c4be84b6f1ef,True,2025-03-13T02:44:58.198375
42731900e54cded4,True,2025-02-25T01:50:53.589137
f40131ac371f2b04,True,2024-10-02T11:26:59.951455
7e948a792e1d4f03,False,
7e092be9208aa2ef,True,2024-09-05T07:31:54.461981
709e3dc48e00c98e,True,2024-11-10T10:37:08.412545
5479b00cd1ed0990,True,2025-03-30T01:08:55.334430
e60a4c586463c459,True,2024-08-28T09:19:30.873852
c46b23035a5078db,True,2025-04-27T21:28:17.371340
159e26627332da13,True,2024-04-30T13:29:10.556224
00707d149d754263,True,2024-05-29T05:08:41.449633
fe5d633e4bcdf90e,True,2024-05-10T10:03:07.186726
e0514aa0a959fa38,True,2024-12-19T08:57:35.172776
168ef49fe5b9963a,True,2025-03-04T10:28:13.865437
9a6b6e7ed105d297,True,2024-09-10T13:46:42.948419
4421d011f47648a2,True,2025-04-11T03:29:08.135234
3626b69e747c639d,True,2024-05-01T03:49:51.013989
8210344ac3fbaa2c,True,2024-08-21T09:11:50.060640
80ecc3def96fcec8,True,2024-11-19T00:31:00.533811
269776af987fb214,True,2025-04-21T10:35:57.941846
7e948a792e1d4f03,False,
93792fb84e1ae0c1,True,2025-03-25T12:03:11.774203
325460cc0a5050e2,True,2024-07-02T02:07:39.456254
2cb9d2fa27ee74bb,True,2024-08-22T13:22:55.093796
89be332f43b59f2e,True,2025-03-11T14:02:30.710886
5149e736cb0786c7,True,2024-11-05T19:35:47.958382
7e948a792e1d4f03,False,
9d6e34208f87b12c,True,2024-09-03T20:07:23.023752
fafd6928fc503203,True,2025-03-29T14:01:32.478040
8fe997c0288f0078,True,2024-12-23T19:59:40.530858
d05527684422b057,True,2025-02-18T16:23:01.598337
bc4acf29e44dc931,True,2024-07-05T18:51:53.355597
bb108fff6426b9d9,True,2024-11-19T16:11:20.191717
7e948a792e1d4f03,False,
7e948a792e1d4f03,False,
f35d0210e8c2cf75,True,2024-12-05T09:48:36.612267
5c02a7be0886e7ed,True,2025-01-16T23:32:52.554652
f7ea5c666c38b851,True,2024-11-19T23:49:10.366622
5aca2ae6dfd96002,True,2024-06-10T21:30:40.279028
8833d854bf7548da,True,2024-05-29T03:53:53.348517
31b03c7e27924a18,True,2025-01-29T14:57:48.029751
d6f7e154580bf389,True,2024-08-14T14:49:48.192360
5332b993cc758373,True,2024-11-24T12:36:06.231576
503e89096bce9898,True,2025-03-27T03:06:42.849718
9b6284e060c601a5,True,2025-03-19T22:35:34.619172
6c6bba9b22c5dea0,True,2024-07-02T01:31:05.552775
03849b6db22918f5,True,2024-11-12T11:47:21.627001
6aa9d9843d7e9c7a,True,2024-12-21T05:33:42.867602
ce2a61694b46c827,True,2024-08-31T00:15:54.345315
081a39bda7b9d79d,True,2025-03-11T11:00:55.129782
c3edf496e62bf723,True,2024-07-07T04:05:53.269603
bf4825a6fa23a018,True,2024-11-06T03:35:13.163886
2c583ead292e7998,True,2024-06-07T17:46:39.216580
1ca970bc6961c3e1,True,2025-03-18T12:53:28.696293
537df77c752fd000,True,2025-01-02T02:40:49.948794
bc1c43047e143a12,True,2024-07-01T05:23:57.282150
bc586e5ccc04e31a,True,2025-01-17T04:34:41.858092
cb9ba55bc0eed865,True,2025-03-14T07:47:31.837126
505e5499e472b862,True,2025-03-31T15:55:19.747388
4445129e6a84d83b,True,2025-04-08T03:53:31.495427
d1b86d1dbee42708,True,2024-06-21T20:42:16.837606
ea234f2fd039649e,True,2024-08-06T21:39:02.847615
21ff0fa86eeead52,True,2024-06-17T06:35:32.717453
7e948a792e1d4f03,False,
0b454e436bfb1a6d,True,2024-12-21T00:41:54.352560
4994ba432e2f8ffb,True,2024-05-23T17:51:33.776592
8f0c6ed5e2dd0baf,True,2024-10-19T14:45:47.798390
e47ae492de411536,True,2025-03-31T04:30:23.097108
db3fd8d14cb7cd3a,True,2025-04-13T19:36:42.590266
568eb59eccf412e8,True,2025-04-11T19:36:30.275597
32e1e12fdfca64c8,True,2024-12-05T18:28:42.031510
954d036ba89c9142,True,2024-07-02T02:25:41.050360
7e948a792e1d4f03,False,
086e81094f3f946e,True,2024-05-02T22:48:37.395295
2c08a7c104e11ae2,True,2024-08-31T12:04:21.839530
57a2c6a10bed52a2,True,2025-04-09T13:03:25.496978
7e948a792e1d4f03,False,
72d4166e4c540d30,True,2025-02-16T02:51:26.280636
fa21fc7cfb1827a7,True,2025-01-21T04:02:08.938438
e759d4598702576b,True,2025-01-24T19:11:45.274136
c01bec1a16c68ccc,True,2025-04-14T10:04:38.299855
588665e5588fccb8,True,2025-02-20T00:38:50.305919
22b80bf4af3a88b4,True,2025-04-13T18:41:58.843973
7e948a792e1d4f03,False,
d351043cb07676cd,True,2024-07-13T12:39:06.547986
ec1eefd8406cb5bc,True,2024-05-12T22:53:03.460832
d19fad8855ec18e2,True,2025-01-13T14:01:36.488655
c65106d0587400b8,True,2024-12-30T12:24:42.050761
8018947a4271a688,True,2024-07-24T07:38:27.616022
9ec6b8d3693eb433,True,2025-03-19T20:58:04.842764
11cbbbe28641f5a4,True,2025-03-07T08:26:51.497475
83db23729ac24de0,True,2025-03-08T04:59:18.671111
96866584daefa269,True,2024-05-16T07:13:46.744370
ae08f4ae388134ba,True,2025-04-27T21:52:00.641839
275c280d8c5bfcda,True,2024-08-13T18:16:06.343261
7e948a792e1d4f03,False,
f4eac275f3d62fb5,True,2025-04-26T00:25:08.192066
7e948a792e1d4f03,False,
4cc48a3743714979,True,2024-11-04T11:28:49.121330
e7c4bbee6a89969e,True,2024-08-22T01:09:32.063272
2b6080ae03c9621a,True,2025-02-28T07:26:06.749775
f25146db4d1621ee,True,2024-06-03T17:36:44.219388
e480b7efe54a5277,True,2025-03-12T01:51:25.534746
cecce72680e546ab,True,2024-08-28T04:08:52.308385
02fa5cb93f07d738,True,2024-09-11T23:31:43.172872
9b4523d4486cdb01,True,2024-09-04T00:41:34.811448
cb612acc72553f01,True,2025-01-13T12:39:40.775827
f1e928712605156c,True,2024-11-15T07:46:55.899632
0254cd5c91807a9a,True,2025-03-27T17:36:54.814964
ae4341d26b664aa9,True,2025-02-24T09:17:58.223576
c58504e8256bcd24,True,2025-04-18T18:55:18.212678
933d928a3f6a8cec,True,2024-08-29T07:27:40.885692
db9e7852eba712e4,True,2024-05-14T11:57:12.348178
e865af5432e02ef1,True,2024-06-02T20:24:31.165651
6fb93df639c41579,True,2024-12-02T07:29:12.592373
3376dbfec5d680a6,True,2025-02-26T13:41:21.526284
98cdb4b7a5133aa2,True,2024-06-28T05:34:56.678657
356f3151ffdd4942,True,2025-01-10T23:22:31.355287
6f7546fd1e6ebec4,True,2024-07-29T05:13:55.420555
ea6607e34c836f47,True,2024-05-06T11:44:08.349938
3869b924c551488a,True,2024-10-21T07:18:32.734928
7e948a792e1d4f03,False,
f7aed994347d4d6b,True,2024-11-25T12:39:32.505480
a55a084a2e7aa42e,True,2025-03-26T23:16:52.125324
b3ecc395cca10a44,True,2024-08-16T02:47:02.614056
d69b9cd81139c9f1,True,2024-07-22T20:34:20.731863
e1232d62b2102f72,True,2024-07-04T20:34:16.890025
0237bbc5ad291670,True,2025-04-04T12:15:35.712691
627e62fa55356d38,True,2025-03-27T01:12:39.134969
e530ffc60ed9979a,True,2024-11-08T07:48:27.048900
ff6044290fdfaabb,True,2025-02-05T15:30:15.531674
12dd90c1f13b88b3,True,2024-06-26T01:47:48.099176
dda0df0824f12dd9,True,2024-10-04T19:02:41.899483
d97405d8c519ae1c,True,2025-02-09T20:12:57.776024
dc19708c2e50dc6d,True,2024-06-13T10:40:35.647129
8fb04b39727d7132,True,2024-10-12T19:46:04.675185
0b04e5b433c7b77c,True,2024-07-15T20:04:54.938040
443b979a2e44f9c2,True,2024-12-24T00:58:02.546345
4f91f40342175a42,True,2024-12-07T19:47:40.017243
34820cde2d982f2d,True,2025-03-30T22:29:52.133442
8c959ab0bbf309ed,True,2025-02-11T00:28:57.174881
4a7cdc4408751e67,True,2025-03-16T09:20:56.675542
15bc33a8a0fc7c0d,True,2025-02-03T00:03:14.316023
bd70b23c19191c3a,True,2024-10-26T13:18:17.846692
2bf49592e26e649d,True,2025-01-22T20:04:16.303460
5773c085d1b8c5d7,True,2024-10-31T20:53:45.971784
a83db572abfd72b7,True,2025-02-05T06:37:55.029125
73bd86a6e5918c7b,True,2025-03-18T15:33:27.898864
4e72532d9bc8ac19,True,2024-09-06T11:10:41.767795
7e948a792e1d4f03,False,
3f68636e67cb5c9a,True,2024-10-05T19:12:21.816432
9bf2d45031fcbe2b,True,2024-06-01T02:55:14.722922
9bb46f3b9a6bdbc8,True,2025-01-14T09:50:58.533181
39cb7ea5ff28be24,True,2024-12-24T16:22:11.528562
9062dde2f9c30a12,True,2024-07-11T12:18:29.771598
7b623316bb3cf9d4,True,2025-02-26T16:21:09.150399
73312ef1873a1bf8,True,2025-02-13T05:28:33.991630
a36d6797f8e1dd47,True,2024-05-22T08:51:11.251302
6f5722b92cb70261,True,2024-06-01T10:32:53.707517
7e948a792e1d4f03,False,
538eacfe4b96afc7,True,2025-03-11T23:50:04.688458
711486d8a3e2d5ce,True,2024-11-13T01:42:04.948638
e673fe76cbcc28cc,True,2025-02-15T04:19:56.860755
084d34bbbe6e8980,True,2025-01-29T21:33:51.671450
6f397d6a6494223a,True,2025-02-22T13:03:24.470027
c9982ae32bb54b9b,True,2024-10-01T16:06:37.975429
d02195afb66f5ea5,True,2024-07-28T10:48:09.126368
48df9f91ef448355,True,2024-05-24T19:28:29.823783
9afed6acbb0675b9,True,2024-12-07T13:40:14.488616
5dfcc7a89e0b319a,True,2024-10-25T13:35:28.697964
0c5466b9b484b172,True,2025-03-01T07:26:29.874977
7747299a8e629958,True,2024-06-02T23:43:07.623438
0add4380919f0ac6,True,2024-09-08T22:55:28.587974
8046a95e69c8d77e,True,2025-03-13T13:41:57.626031
7e948a792e1d4f03,False,
56fa47c0dbc25fb8,True,2024-05-30T23:59:20.309411
a0cc00be6f3d4950,True,2024-06-17T07:39:02.444814
baaa7f7dd9dceeb8,True,2024-05-19T00:13:44.773309
5d9e50b0832417d9,True,2025-01-16T06:13:11.597678
611eda544e87ed59,True,2024-07-16T14:24:06.244651
9bae7dc054cd0e51,True,2024-09-25T03:30:09.187353
ff1f895ee9a43e96,True,2024-09-07T09:58:36.436246
9078db1033f31480,True,2025-02-08T01:16:43.892741
0393c5ec63d82b0f,True,2025-02-05T17:36:51.466822
9a10ef53e8118054,True,2024-11-02T16:01:19.205587
8e8b289fde2af1ee,True,2025-02-03T02:21:04.051404
373bc3ff8cbbc9c6,True,2025-01-27T09:43:52.381532
7e948a792e1d4f03,False,
7e948a792e1d4f03,False,
7e948a792e1d4f03,False,
f3000c7ea3b6cdba,True,2024-11-09T15:51:06.188391
78cedb7d9f74f54e,True,2024-05-07T14:14:35.385764
bdd32d02ceac1bce,True,2024-09-03T00:18:52.396191
85694b9dd71782e3,True,2024-12-01T13:43:03.036941
b15df7d7c1460028,True,2024-10-04T11:02:29.546016
b634ae783a2fbc3d,True,2025-04-18T08:16:30.540777
0bb25c7b67bd5e58,True,2024-06-16T17:00:04.694221
864143048dfce291,True,2024-06-14T02:36:00.041826
c13071592a600808,True,2024-08-02T01:55:11.029560
3a7cc3e1c8526157,True,2025-04-19T05:48:04.985857
7e948a792e1d4f03,False,
963a34978ceb129a,True,2024-07-28T00:15:50.059507
38baf6538565ca5d,True,2024-05-24T05:56:20.738102
b55a33b8f3ec996c,True,2024-08-27T16:58:08.035777
f02db42e5e6a22ac,True,2024-10-18T18:28:11.082417
3a6ed4879e4ea946,True,2024-08-24T02:08:43.655184
83166cca7c33fb84,True,2025-04-22T10:33:33.582487
b9795a0b4a20e4e3,True,2024-08-09T09:19:25.318690
ff7ae5057d7b571a,True,2025-04-05T03:08:14.358795
4708dd742a306b78,True,2024-05-30T13:51:02.966975
986643c2d654c9bd,True,2024-07-25T20:43:58.200100
70d630e46c8ab422,True,2025-02-10T19:54:19.879593
191154d8659bba3e,True,2024-12-13T01:36:19.219874
78be4257953ec501,True,2024-06-11T16:12:31.059998
0bb724bf61cea7c8,True,2025-02-25T19:57:38.100970
6806c51aa765977e,True,2024-09-22T13:36:02.820482
fb13fc16c32e40fa,True,2025-04-27T16:46:23.799065
6068a8860a783cf1,True,2024-06-13T07:25:24.767053
1ab390eed60acc4e,True,2024-08-27T18:03:45.481654
db7d1f63f5edecb1,True,2024-10-15T12:49:51.974431
3e97ae977460b4f2,True,2024-10-13T12:16:00.707928
b6dd12fbd7d4c7cb,True,2024-05-21T16:01:31.543217
6f0891fe06722c2f,True,2024-10-16T05:36:54.537571
f6159f8c037e3d18,True,2024-05-02T05:48:58.591837
e45a0d0b90b8ec84,True,2024-06-29T10:27:00.117039
ff8eb3e5629cb201,True,2024-09-09T03:00:51.563406
0c32354dfbcddb7c,True,2025-01-26T13:20:38.193287
7e948a792e1d4f03,False,
7e948a792e1d4f03,False,
b0d4b37a4f32322a,True,2024-05-06T09:38:46.391671
4706017d0e4e6dab,True,2024-09-25T10:54:37.890070
aca171c8759fce8b,True,2024-06-15T02:22:18.561125
a6b4dc650e0e0792,True,2024-10-12T08:17:36.066948
e918402b6f94772d,True,2025-02-13T15:36:05.277850
f0a422b15701fc6e,True,2025-03-27T12:04:59.101866
509afca86af37bc8,True,2024-09-29T21:37:49.483402
a706accf0e0b7928,True,2024-08-06T19:47:12.390797
7e948a792e1d4f03,False,
7c4057a711a42c8d,True,2024-05-09T22:00:38.821634
42d848c0b540cd54,True,2024-08-12T06:33:42.484802
ccba2d34fd938b49,True,2024-07-15T12:52:13.709971
bdfb1b633d583048,True,2024-12-14T03:30:26.585875
877e81e178034514,True,2024-12-07T04:56:17.959496
2d1ffabf7887c7bc,True,2025-02-28T03:44:21.763846
8d38a8ade2d46e27,True,2024-05-31T10:36:51.371644
1dc2cfcb433f13a1,True,2024-11-15T15:05:50.197339
1f0fd7a8beda97b6,True,2025-01-26T17:45:21.971272
b01f716646ca7ef9,True,2024-09-29T10:55:46.774845
09aa5aaef091d446,True,2024-06-24T03:11:17.507852
6675678107fbb640,True,2024-12-04T12:54:18.438669
84784cc729024b36,True,2024-07-07T13:26:22.796598
1b99c3b52c5b8f80,True,2024-11-06T06:28:20.426460
50538de4fee87d8a,True,2024-11-22T14:08:25.718443
4a117705700bb254,True,2025-03-02T08:50:21.305431
6c8d393d390b2ae2,True,2025-03-05T10:08:20.665875
ae1968499726bb7b,True,2024-12-05T07:32:09.212253
9732dde9f7410a3a,True,2024-11-08T11:26:31.841056
f0ff24a1a062879c,True,2024-11-26T10:22:44.060047
7e948a792e1d4f03,False,
c6d7c02859c38482,True,2024-06-15T16:49:31.741165
4c4abe50a4fd4204,True,2024-05-18T13:12:43.831364
2bf8e4f25c9fd610,True,2024-12-13T15:56:47.257064
73fbfb9ffb2003ff,True,2025-03-14T11:30:57.029811
3dfe9ec2bedde3fa,True,2025-03-31T06:08:13.363732
051493e2c27c2722,True,2025-03-09T23:48:09.081335
be8338cd7a83b4b5,True,2024-11-26T10:10:36.658439
7e948a792e1d4f03,False,
26daebe9479808c3,True,2024-10-26T14:15:06.537397
69b2be82e0d88dea,True,2025-04-07T06:45:12.200489
dc690472f23d3dd8,True,2025-01-15T08:13:40.775229
a8e817241283a5a4,True,2024-09-15T22:52:46.302551
f404805137da0157,True,2024-07-08T07:03:29.426277
c65009153d158f88,True,2024-09-23T14:15:12.768699
1f7920b07baee8e3,True,2024-11-02T08:44:56.183697
cf39216bd6fab24e,True,2025-02-07T05:08:05.366673
225650499057b438,True,2024-08-28T02:41:54.488031
846fbcf6f85ac52b,True,2024-10-19T13:33:38.267745
1988b8431a07e914,True,2024-09-11T23:05:41.584119
cad2b699f73ccb6c,True,2024-10-20T18:46:45.075767
a16577aef0c37dd0,True,2025-02-28T06:00:41.935776
0f8b07cdf6adb6d0,True,2025-03-20T10:49:41.150913
6147cfef68f889c0,True,2025-01-21T19:01:06.148395
7e948a792e1d4f03,False,
b7fb130369828430,True,2024-11-26T03:08:24.733436
dbc75b18a7b3e547,True,2025-01-11T03:43:58.973998
ccb36347783802e5,True,2024-10-08T20:06:02.613099
0d6f7a85e00c8f36,True,2024-06-08T18:09:57.453451
324cc225ffa1fda7,True,2024-11-10T08:30:45.127755
29cae29ea7af017b,True,2024-09-10T12:15:31.828532
19ff00c2b4473019,True,2025-03-03T16:12:55.609879
36c7527217ccc49c,True,2024-06-26T08:52:43.592606
7e948a792e1d4f03,False,
05064de8047c74c8,True,2024-08-09T07:18:55.712775
dd93cac8382a2a44,True,2025-01-01T12:39:26.304803
2c871e753fc63eac,True,2025-03-18T08:15:41.473193
f9f6fc7d191e89fd,True,2024-12-18T10:45:58.572333
721a3633217e506a,True,2025-01-04T23:26:32.797446
ce5a832cca933df5,True,2024-09-13T11:33:48.412777
42ee6cb0039dd7a3,True,2024-07-29T04:59:04.495383
d47f5179a0ef48a9,True,2025-02-06T11:43:21.145684
026ce9cc3f9a8f5e,True,2025-04-07T02:58:53.308304
931f1edd9ecff3b4,True,2024-05-27T12:06:53.022866
b146e8fe3baa4391,True,2024-09-21T19:59:08.712511
aba67b4aa4391c96,True,2024-09-09T23:22:41.102596
07cb156897dd7815,True,2024-06-04T11:03:07.289337
e5b893443c047b6a,True,2024-12-01T12:50:17.138072
843bdcb0cf8b6d48,True,2024-05-07T00:47:32.855560
c567737af27a3206,True,2025-01-08T14:48:01.267824
924f1edbd3e288f4,True,2024-12-16T11:26:58.164673
92d854b335c25876,True,2024-10-11T02:06:35.494904
4d446daebc68ddb2,True,2025-01-03T20:01:50.772206
14fe0a7409ee7530,True,2024-11-16T04:04:26.760983
7e948a792e1d4f03,False,
91d227e35ad9817e,True,2024-06-25T01:03:11.053225
0c96312db928a193,True,2024-11-06T07:11:11.756848
50db285cd7375263,True,2024-08-23T07:32:11.200327
c3a72dd9e6615499,True,2024-08-27T10:35:03.364300
e40319b0510d2913,True,2024-12-02T23:50:31.630346
f74d296a008c7c79,True,2024-08-16T12:30:55.242109
e51591dc5784c350,True,2024-08-13T13:42:39.464180
7e948a792e1d4f03,False,
e114ca87572451ce,True,2024-12-15T15:26:53.912994
e2be679518d11053,True,2024-08-19T04:26:13.827018
b6d0e4ed988a08fd,True,2024-07-06T01:51:23.167150
575afba90ae218f4,True,2024-09-01T07:20:42.411811
c819255384f5f056,True,2024-12-02T17:50:37.461340
a36f582b5cd59c69,True,2025-04-20T05:53:52.606660
5706c393ad8686c2,True,2024-12-19T11:20:54.721813
b0db445d627e2202,True,2025-02-20T10:42:15.762813
6bf403d2e818a9f6,True,2024-11-07T23:14:22.394014
dbd35015491d38fd,True,2024-07-26T00:22:38.221949
0f12d2aa50e9e59d,True,2024-09-16T16:55:54.408507
e974adbbf573d044,True,2025-03-02T02:19:22.310006
de9bc1a837229644,True,2025-01-04T06:28:55.485470
7e948a792e1d4f03,False,
69484369aee8386c,True,2025-04-09T07:01:15.717964
326b91ef74a01764,True,2025-02-15T17:29:07.381077
8f006c5c9e5e148b,True,2024-06-23T08:48:45.489575
7e948a792e1d4f03,False,
b965e7e672c32d87,True,2025-04-03T08:27:52.448020
7b6af45efb9b7d7c,True,2024-08-13T07:54:48.714174
7e948a792e1d4f03,False,
da0275de5bd9740a,True,2024-10-16T13:42:47.435699
0713b58f784453ef,True,2025-02-02T03:59:54.191249
e474ae0c521fcff3,True,2024-11-08T03:32:16.798301
7e948a792e1d4f03,False,
85cbfd117bee8494,True,2024-09-30T15:15:56.356844
7e948a792e1d4f03,False,
39cf55a9b9954245,True,2024-09-07T16:28:47.135652
1868422050df7ddf,True,2024-12-22T10:32:22.171042
cfe94de6ff73cb80,True,2024-09-29T05:36:19.341645
39b93b59d8a6e50d,True,2024-05-02T04:11:52.369798
7e948a792e1d4f03,False,
0e422f3df98d9a02,True,2024-07-02T11:22:45.695538
1286a87571c3d675,True,2025-03-20T02:19:38.325478
865e531d70ab6f0c,True,2025-02-10T22:31:51.934433
e6b8d83fdd57430d,True,2024-12-17T04:47:13.709677
8620e2f0cfe122fb,True,2024-05-24T20:00:06.178089
02a660f0588e689a,True,2025-02-18T14:39:45.518229
8f48e3916b26326a,True,2024-07-16T05:48:30.565456
771e5e35de49eba3,True,2024-11-19T23:20:34.152878
69222d03e5830c47,True,2024-06-27T03:56:15.718920
dd865db265ea2188,True,2024-08-02T23:55:39.363973
f41e3ab2b9d9ae1b,True,2024-10-26T10:52:30.925386
7e948a792e1d4f03,False,
19d3837178d28097,True,2024-11-24T18:34:45.084475
77356572c1975956,True,2025-03-07T23:45:38.211112
2a8c89ee34983518,True,2024-11-24T10:38:52.693270
993128cc9cfeed17,True,2024-05-15T19:33:24.611341
5929faa92171e33f,True,2025-03-18T19:18:02.267210
505df674e13495ea,True,2024-11-15T21:11:29.749395
50aa8188e65d236a,True,2024-05-03T09:27:31.204804
7e948a792e1d4f03,False,
e7b3c70d13258c31,True,2024-08-21T00:57:51.091462
3bd704fa922c8754,True,2024-11-28T05:56:00.181135
59586d2ab088c15b,True,2025-02-28T19:01:47.245408
fa31f0a06b09ee88,True,2024-12-22T08:14:58.734196
7e948a792e1d4f03,False,
7e948a792e1d4f03,False,
32be78eb917b6107,True,2024-05-11T13:01:15.107497
1acdb135364c73bf,True,2024-10-25T07:21:59.186649
b5e6fba5d285f6f9,True,2025-04-25T19:32:20.198738
d350e7e672cfde25,True,2024-05-12T21:16:07.927635
7e948a792e1d4f03,False,
dfb367f22bc3047d,True,2024-08-12T04:15:49.750409
413811a1f3097dd6,True,2025-01-15T20:50:01.426971
6b64d2b95b97caac,True,2024-12-19T13:12:11.354364
88d6ae993872d8e7,True,2024-10-09T07:37:21.264775
2ed90cc5796a3f10,True,2025-03-18T05:44:50.933743
e869fc638a7ef668,True,2024-05-28T19:17:34.782188
6f3b2855490d48ff,True,2024-12-15T04:07:56.840618
7e948a792e1d4f03,False,
cfa2f85161c1c47e,True,2025-03-14T00:41:15.495506
c156e81e82ed1ce0,True,2025-03-27T13:57:41.134183
98e549b226e2ab4d,True,2025-01-07T20:04:19.315326
7e948a792e1d4f03,False,
e30df723b8fd80da,True,2024-12-14T07:07:51.061869
bbf75aaef1c2dbd9,True,2025-01-28T20:19:29.942925
9899628e1800379f,True,2024-11-12T06:57:57.275095
1cf761ae07c108da,True,2025-03-27T13:32:57.870786
d70d14973a2f6b9d,True,2024-09-13T21:12:17.125345
fbfdcc16ef919288,True,2024-10-05T22:51:29.108293
062d49b846556acc,True,2025-03-13T22:16:56.926795
7e948a792e1d4f03,False,
7f447f96fd203c08,True,2024-10-26T08:19:49.372889
7e948a792e1d4f03,False,
5edf43f61f4aa3c9,True,2024-10-21T12:25:43.883938
0a4dbe85b559cabc,True,2025-04-16T05:27:51.455117
7e948a792e1d4f03,False,
72fedae8d859e5de,True,2024-09-29T17:08:17.351329
7e948a792e1d4f03,False,
939f75af381d577c,True,2024-06-18T11:50:53.176332
55ea1ac4e5de6ae5,True,2024-05-06T10:52:31.493387
0768bba6391c5d88,True,2024-05-28T09:20:14.906589
7e948a792e1d4f03,False,
fcf89f2346c94bd5,True,2024-05-09T23:54:14.760007
dbc09bb32549c537,True,2024-06-03T05:27:07.260172
e3f49b5af5a299dc,True,2024-04-29T11:41:42.022439
756dd60bd7551beb,True,2024-08-31T08:23:19.671950
7e948a792e1d4f03,False,
6ecb60ced4946989,True,2024-11-19T15:51:00.320803
d562915547e986b3,True,2025-04-26T21:38:40.421047
7e948a792e1d4f03,False,
333a85ec96dece67,True,2025-03-09T02:30:33.559629
9f7fdd3d908d9039,True,2024-08-13T06:40:23.209609
7e948a792e1d4f03,False,
4086ea0df58aef34,True,2025-04-01T00:29:30.283108
052a62428d2f5d92,True,2024-07-09T12:41:54.164720
92c1ec1be301fcb8,True,2024-09-29T12:05:47.620057
7ba9ec8adc6dc65f,True,2024-08-26T15:38:32.631386
7e948a792e1d4f03,False,
4c2ec7946475db7d,True,2025-02-11T01:03:27.415244
96e84c86b51fc0cd,True,2024-07-01T16:09:50.658713
788572a5245618e6,True,2024-06-30T19:08:16.977445
e5a92ebd8fdbfb99,True,2024-12-01T07:04:08.984004
8d69b98b7ce88185,True,2024-09-22T16:42:34.814267
0228ebf7d9c9e56a,True,2024-08-27T22:58:25.591878
7e948a792e1d4f03,False,
5b62b54eb59d2eb6,True,2024-12-01T11:22:33.100845
d6b922e4a82c1e3e,True,2024-10-25T19:17:22.190133
afc89f018cf9e52a,True,2024-05-16T14:00:31.467189
4e21a6ee2ada0814,True,2024-05-04T10:30:23.173309
ea92611e78451dad,True,2024-07-29T16:31:57.060916
cb578809f59017aa,True,2024-07-03T09:08:50.158542
89e0e6bf2dc07da2,True,2024-12-29T10:45:24.861477
ec8d5b5f27b91323,True,2025-01-10T07:51:06.052376
6e608c9da3f3735a,True,2025-02-06T02:47:01.261959
d28eccc3328ade88,True,2024-11-25T06:15:14.220556
c7db355d6412755d,True,2024-11-10T09:19:04.123383
01f776979dc56ae0,True,2024-11-23T10:58:50.985538
35c0fa572cd78a4f,True,2024-05-20T07:08:02.878785
8a4c17a7a83c32f6,True,2024-05-21T17:09:30.542189
6034ac8975c14b8a,True,2025-03-18T05:56:50.191627
deceb131d5b5578e,True,2025-04-05T01:48:27.502772
1c78fc97801c1e8a,True,2025-01-29T19:26:25.411502
6412bbce5bd270d5,True,2024-09-17T07:59:53.003079
87ad14f88ebb9446,True,2024-11-23T09:51:42.794265
6c8c2b6d78a372fd,True,2024-08-27T01:45:37.869825
eff7e51ad695cc89,True,2024-10-05T09:18:28.202085
c4658442171d8883,True,2024-09-18T04:47:32.533701
7e948a792e1d4f03,False,
efacf503abb9e01c,True,2025-03-05T09:43:26.723172
dc4d8b9d8d1e2209,True,2024-08-14T23:58:36.598848
b8819d2b5b24a369,True,2024-08-06T05:15:30.438820
092ab45f0f52cede,True,2024-05-29T12:17:35.411900
24624a6c0789ec54,True,2025-01-10T13:27:41.173788
7e948a792e1d4f03,False,
4d983bf6a518d26c,True,2024-10-05T17:56:14.877409
f1d7259ff059c397,True,2024-10-01T22:34:25.494734
b1d71561367502bb,True,2024-08-28T09:06:44.166761
4299b395fc7ae960,True,2024-10-12T13:53:29.695019
7e948a792e1d4f03,False,
c73d431f31df2a42,True,2024-12-21T02:05:20.756058
a07a0b09c78fbfb7,True,2024-11-16T13:57:57.967249
f00c286318cd22a4,True,2025-04-21T02:50:37.812326
bf230a0ae51f8c8a,True,2024-07-07T23:50:34.649657
bc0f67953e4aac4a,True,2024-12-25T19:08:59.443687
fc72f80a5c6323d3,True,2024-07-14T23:30:15.498405
49d1dead3ecb180a,True,2024-08-27T21:23:29.338052
a1e9a7555b7bb904,True,2024-12-25T23:19:21.641274
d63791da242ea5e7,True,2024-10-17T20:28:45.449790
aef16f9aa96783f7,True,2025-01-15T13:06:04.186108
67347c4ad097b076,True,2024-09-28T10:10:56.075186
7e948a792e1d4f03,False,
7e948a792e1d4f03,False,
0c2ffad143875947,True,2024-08-16T23:14:56.346850
d696afc7e5f1d633,True,2024-05-27T19:16:14.505576
2120843a7124f179,True,2025-02-14T08:51:08.401289
22fc18eef4d14aaf,True,2024-08-26T15:15:06.348850
cb74dfb76602e8eb,True,2024-09-01T15:04:05.787202
9234308f3866f52b,True,2024-10-29T04:47:27.139614
7e948a792e1d4f03,False,
806c133b4dc11fa0,True,2025-04-25T10:57:24.061618
36283229ab8ba714,True,2025-01-05T09:55:57.385587
aab2e8c2cdcfaf73,True,2025-03-23T04:43:13.506137
165def4aff1110d3,True,2025-01-19T11:55:09.120001
c7ecd25369772b4b,True,2024-10-13T16:17:06.654770
4d0aaf46f234eaf5,True,2024-06-26T01:57:55.797374
47b247dc3c9cdf9e,True,2024-09-04T05:41:05.021190
fc0ef5d7f535ade2,True,2024-08-03T18:49:30.164038
8a8ab3a6f6abf762,True,2024-07-21T00:56:24.342931
1c46e34b7df51fdf,True,2024-12-07T06:02:49.801334
f2b345bf144984e4,True,2024-07-08T19:39:29.742871
f5d6bcd63d9f8871,True,2025-04-06T06:09:50.474732
ff5828890979620b,True,2024-10-20T11:33:25.852353
d957ec31fdf63d9e,True,2024-05-25T14:51:12.199279
27f51a3b6858f577,True,2024-12-28T15:12:06.081395
950160901071c8d3,True,2024-11-17T02:25:53.251615
950337b9bafd6749,True,2024-11-13T11:29:34.858429
ad96239c982deb62,True,2024-12-07T03:23:36.942705
fad2b5edb8aa257c,True,2025-03-31T06:29:10.687284
7e948a792e1d4f03,False,
3f0864879b87a5e6,True,2024-12-13T07:17:50.105541
14759fc2cef3c938,True,2024-08-07T05:44:12.789976
7e948a792e1d4f03,False,
2ec01e147faff0c7,True,2024-12-05T05:26:09.725718
8343a9934aed30b8,True,2024-04-29T12:10:14.181025
4539c6dd7b5ebd49,True,2024-12-15T23:15:39.930656
a998d963d5508b0d,True,2025-04-27T20:37:15.745113
461fe4ffcb625e54,True,2024-06-18T17:24:30.821015
2f9389715a4dd794,True,2024-11-20T04:11:54.966025
ba62e029cc1cdb8e,True,2025-04-01T09:28:16.073438
0caeb2326e31eeeb,True,2024-10-03T07:23:35.450869
90aaef239fcd9371,True,2025-02-17T03:44:57.720534
edb68f0f9049f830,True,2024-12-03T16:53:52.350230
7e454b1affb04233,True,2025-01-04T16:41:41.087946
7e948a792e1d4f03,False,
7e948a792e1d4f03,False,
0150541aaf789001,True,2024-05-08T16:03:00.109648
4a9cb0f5bfeda1a3,True,2024-12-01T11:51:39.776158
423e8f2e533083e4,True,2024-06-24T15:46:35.494781
b7a4ae0454d6dc13,True,2024-04-29T01:12:01.174926
7180619d7e13ca33,True,2024-12-12T23:51:46.085953
4c1d7f0ead7574a8,True,2024-07-20T08:07:22.966866
5dfe0109b3c45698,True,2025-04-18T17:29:30.365045
dab232f156595236,True,2025-01-28T10:21:52.523035
0389af4a0ca62c51,True,2024-05-18T10:14:56.310149
966df7150faba41a,True,2025-03-09T08:18:43.152978
0c4924e2593e2142,True,2024-11-16T18:30:33.138406
21795f3ebb5ee829,True,2024-09-25T01:59:03.420943
3b4b36336a8ff3f2,True,2024-08-03T03:28:48.412070
b36fde04a9c05305,True,2024-07-13T22:21:33.378050
7f3d0e3cc37eaa2e,True,2024-12-10T13:58:56.540548
db434491c0a18bda,True,2025-01-28T15:59:46.083681
cbf51bec208ccfc0,True,2024-11-17T02:12:55.474120
88658dddde4ab8bc,True,2024-07-01T07:38:54.174395
c26dc2cc7e3b648d,True,2024-12-23T15:59:00.330035
05c4efdde6642fc4,True,2024-10-02T19:01:20.660720
7e948a792e1d4f03,False,
1bf04199887d2825,True,2024-05-19T04:20:23.724989
7a8ba0c5b06943bb,True,2024-11-15T04:37:05.772718
28836befc422f46c,True,2025-03-31T04:16:46.466628
1d5de8351f52c625,True,2024-08-23T17:58:54.220000
e69b243ff14f13e4,True,2025-03-27T17:02:37.199358
73d756a4c812f48f,True,2024-10-30T04:26:53.988134
be1f9e37e805005c,True,2024-06-18T17:57:09.759015
1f7649ef691206c8,True,2024-08-09T06:59:21.316615
681e49596090b616,True,2025-02-28T23:01:00.741973
e95f048b881ce961,True,2024-07-26T15:46:01.902817
8ace42554d1659b3,True,2024-08-02T20:28:18.533812
4e8088a4eb6d6ec0,True,2024-05-01T17:30:40.895308
ca4c308f046e656c,True,2024-11-16T17:11:51.621592
e0b5e6881c8f0dad,True,2025-03-28T01:16:12.255156
d87595daa7f35c66,True,2025-02-01T01:44:49.992923
a0baa98881607c85,True,2024-11-28T02:18:54.505487
a0189b3d44040125,True,2025-03-16T15:46:29.552066
8f92f120dc5db040,True,2024-10-22T23:11:20.480288
3318abad8cc5d2ae,True,2024-08-11T01:39:53.230623
e635fcfeae66524a,True,2024-06-22T22:32:59.056789
449db60825894ca7,True,2024-07-04T12:27:42.179358
5c9b6d46cfceb486,True,2024-05-13T00:35:56.834749
300e2c737e58e307,True,2024-09-24T06:37:59.552857
6efce708ecb2c335,True,2024-08-07T12:35:31.515764
92ec5349263028a6,True,2024-07-04T04:14:49.277310
c273756e057d7cbb,True,2025-01-23T04:23:26.634909
3402b7c625f7db41,True,2025-03-29T17:09:23.898176
f940036096cbb08e,True,2024-12-12T06:58:28.463267
346156185c8a1bbb,True,2025-03-30T04:35:20.032711
4cdf75f093d60cf3,True,2024-07-14T10:26:27.321975
8d1d17d6310852fe,True,2024-10-22T11:34:16.821035
d15f39b91412735a,True,2024-09-02T05:42:15.900813
f02993369b584073,True,2025-02-18T13:30:42.646672
75bdedf3b8fa5b35,True,2024-11-12T21:29:02.739930
b4ee52cb61ac7e65,True,2025-01-27T13:27:43.503508
20b2ac2b38d225a7,True,2025-02-28T04:46:34.425623
dace503e56f01bf8,True,2025-02-02T03:37:49.328600
26b5570dccaafaed,True,2024-05-19T08:58:28.542243
abe767ca5c22f6c6,True,2024-07-15T10:28:04.392195
fa3fff3d2c2bfa95,True,2024-05-20T22:49:17.254071
ff02adcf6a18a3c8,True,2024-12-23T21:01:53.257510
9faa40c20bd25eea,True,2024-09-10T02:46:10.761968
40f6151793a9ce59,True,2024-09-03T03:20:32.701459
4598ef240676afab,True,2024-10-07T05:13:43.452551
0bbd4eff36f07709,True,2025-02-03T16:21:29.451605
458f9f6f4036ebb9,True,2024-06-22T00:40:23.675842
7e948a792e1d4f03,False,
c19ab6aba222c09e,True,2025-01-02T17:05:33.238066
cdd49a9d4913cef6,True,2024-11-30T08:01:43.050021
4a3549b3e1f8f69a,True,2025-02-26T23:52:41.013357
89d354641f897102,True,2025-02-28T01:42:51.185902
ba989521383f9c85,True,2024-06-30T17:16:50.747311
af9794857b129571,True,2025-01-24T08:43:46.219960
27f2cba8f09290a7,True,2025-02-08T07:09:09.583879
f7146cd717f7ba6b,True,2024-05-12T10:50:18.486481
24722ba42abedcfd,True,2025-03-17T13:58:24.785557
13f0d31125e37cfa,True,2024-09-05T14:29:11.189227
a35492d26119b291,True,2025-01-04T14:17:24.288440
1f392701cc2e214f,True,2025-04-25T13:17:56.543730
d4e8e20b621723a4,True,2025-03-09T19:09:01.664924
812f0801cab81e08,True,2024-09-12T13:02:19.656976
e6819ae89d394c50,True,2024-10-30T23:25:54.516395
52aeffc590ab4ef7,True,2025-02-19T03:00:25.441531
63f48efaedd4f2b9,True,2025-03-23T15:57:01.033903
4a2d0c5fa3b85022,True,2024-06-05T10:33:12.653488
5f1c88e8fa039830,True,2025-01-21T20:32:38.969748
7e948a792e1d4f03,False,
034a7af5c3bbb1e8,True,2024-11-03T11:21:13.660416
68821e2b9fed2696,True,2025-01-30T10:35:01.252347
a13e4870f0ae06b7,True,2025-04-02T01:28:51.175188
0f979ab009c85f6d,True,2024-07-03T09:58:11.617811
19eea693887ded2b,True,2024-12-28T10:33:28.272969
cd8a107decb23611,True,2024-05-08T22:06:41.276860
1e6086ac3cd4a7da,True,2025-03-12T16:20:55.585693
0a7a9c93ddffe295,True,2025-01-28T04:01:03.355181
1e9da1d5f40d04e1,True,2024-05-03T07:16:23.029001
81b807fc6bb73b2b,True,2024-11-21T15:21:55.379981
b7597cf947498345,True,2025-02-16T08:46:40.547458
f9ea56e459ff17c9,True,2024-11-05T00:02:55.598371
c3698205ed61a88d,True,2024-04-28T21:51:59.897014
6e4df6f9510da6e6,True,2024-08-24T22:43:11.783705
f76e89a4e6a7f8a0,True,2025-01-08T09:51:49.770278
eee80e0fe7608bba,True,2024-09-25T10:37:49.452369
dc5c88fac8e5b202,True,2025-04-24T15:25:33.607729
08033cbff729017c,True,2024-09-11T23:50:22.402528
149e4a96de9aabf4,True,2024-06-03T15:45:02.024020
1f530f17069bab98,True,2024-10-27T04:48:23.760149
110621b54b3ba389,True,2025-04-02T05:34:02.345830
8db116af72643317,True,2024-12-17T00:26:30.442059
1c88b3f12ce3e7ae,True,2025-03-29T20:20:00.263728
1bc23dfc393db3a1,True,2024-09-20T07:53:01.383501
2301cff7aba89262,True,2025-04-19T18:26:43.352429
b13a875a05277760,True,2024-05-19T03:28:30.521016
aa5a871b8bc7c10c,True,2024-09-08T23:47:13.749812
a07b27862c717345,True,2024-07-10T22:20:52.271940
78e41ab44d03d146,True,2024-06-27T14:35:09.861674
37264b5f11e203d5,True,2024-05-27T06:27:46.822644
9cae1889de13b481,True,2025-01-06T20:35:40.861964
4eee4d4f7456bcec,True,2024-11-22T13:06:05.554094
841a25fe426c9f6f,True,2025-03-16T01:13:28.021800
d2c166be88f8968f,True,2024-10-28T09:52:29.059331
68be1679b4e8f0fa,True,2025-04-11T18:06:43.461832
7b472b26b9328154,True,2024-07-20T13:45:56.930826
e86fc3328cccc067,True,2024-12-11T03:34:15.108475
7e948a792e1d4f03,False,
4d8ebe324442b85c,True,2025-03-14T07:27:58.878259
0af97440af298cfb,True,2024-04-29T16:11:27.877370
085816425b632203,True,2024-06-23T15:56:32.985603
b5ddefe22c458c29,True,2025-04-28T14:07:56.304921
6652d9c6ff99d309,True,2024-08-31T17:05:13.275758
d6c65c8b748d3d87,True,2024-12-02T15:29:56.285179
3e1c8ded91a54b98,True,2025-04-28T20:43:45.128343
3e1ddf6c3fe28bc4,True,2024-05-20T06:12:44.966397
68c0207b1b2eb7d3,True,2025-04-15T01:11:22.078249
8102fbde04d8576c,True,2025-03-25T09:38:22.740665
d7ef9413203c178f,True,2025-04-20T22:39:27.906658
7e948a792e1d4f03,False,
b24e2462c9d31bd9,True,2024-08-23T16:37:02.684235
77ecbe7fb522ed3e,True,2024-06-06T16:01:17.833101
2a5275c2ed928c0e,True,2025-02-04T16:19:38.250441
4c8eb61709b15e2d,True,2025-01-13T12:22:33.397187
3675c1d60a26c960,True,2025-04-02T09:52:05.763749
c2d3a66dfde28619,True,2024-08-12T14:38:03.552086
2ef5f982e8b997d3,True,2024-05-15T17:37:56.634737
534135bc452db3b0,True,2024-10-25T12:31:22.872487
7e948a792e1d4f03,False,
f191261119a8460a,True,2024-10-02T15:04:58.888957
f9c6655f7de118a7,True,2025-02-27T03:32:33.567428
681a7b51969a8577,True,2024-10-27T08:10:39.694833
e982ab1ee6c1e792,True,2025-04-22T19:33:15.561111
4c3b3d9f94cea51d,True,2025-02-26T11:22:14.691618
3221ff954d11dc41,True,2024-05-22T03:33:46.150130
48b871bf2f0a4df3,True,2024-11-09T12:32:23.114511
7d2cf5a5f59c3ac9,True,2024-09-24T11:40:49.013704
4f63295c4c7b4adc,True,2024-12-09T09:07:53.172369
789e4079cf9a4800,True,2024-11-15T06:29:45.315757
7016ab1a3d1ba216,True,2024-11-08T16:37:12.290502
943b02dcf55d869a,True,2025-04-12T06:39:40.299167
c3a13d738cb041fb,True,2024-05-14T05:46:25.753993
df39a63a7d90366f,True,2024-05-02T20:52:15.741809
9e4790b19709ea14,True,2024-10-01T16:42:37.559171
9465eb85e2a6b444,True,2024-06-18T16:35:42.360159
5dfba194a6394a2c,True,2025-03-16T22:51:49.988084
f3f1b3d697d331d9,True,2024-08-27T07:40:54.040899
eba1c1fd160d08b3,True,2025-02-18T08:32:51.538480
9d4f9b8bb023f53e,True,2025-01-17T19:22:07.073575
7e948a792e1d4f03,False,
0ac817175fb3d93f,True,2025-02-07T09:09:05.090520
7e948a792e1d4f03,False,
5e7f2ecbe15974ea,True,2025-02-27T09:44:22.552950
7c82b556720d13b1,True,2024-08-15T03:26:40.742163
589ccc0c9b9e4873,True,2025-04-13T01:56:35.519298
8792478eedbafc2f,True,2025-04-18T12:45:47.560014
a934d7feeb1a48bd,True,2025-03-02T02:11:45.969187
3b2152ac043e0bbd,True,2024-05-20T09:57:14.051998
531ac980f10c8b19,True,2024-08-15T03:47:20.663715
845723d434432559,True,2024-11-08T10:13:47.631263
44e0fbbdce997378,True,2024-08-22T02:20:36.335098
551b3e394104e2f4,True,2024-05-12T21:27:03.931478
f918f70199e0f4aa,True,2024-10-24T20:31:26.573805
5ecd3f4627211770,True,2024-09-05T08:01:49.541784
2667e0f1ff23a170,True,2024-05-10T01:53:14.437532
7e948a792e1d4f03,False,
3e68b4742d705276,True,2024-04-30T00:01:05.640866
38104852795c7948,True,2024-11-06T05:47:00.505867
ecd418a6eb5d41a2,True,2025-01-02T09:41:36.420668
c4cd82c0a780c4b4,True,2024-05-20T20:09:42.821605
1fcce6a84afd8c0e,True,2024-11-17T15:46:30.044085
dc0e795c3e8e61e6,True,2025-04-25T02:29:05.258662
0f77ca588cfef535,True,2024-06-25T14:08:18.822788
460a4a60bbe664c7,True,2025-03-11T23:15:23.776840
d1955cfcd34e1664,True,2024-09-29T03:38:30.116421
f26618c3ae0145c0,True,2024-10-02T00:25:20.174495
48376a0558d0c43e,True,2025-03-29T18:07:41.327708
8b57ec804ab4c4aa,True,2024-10-22T04:43:20.250624
d2af94bd8360bf12,True,2024-11-19T08:29:21.356844
93b6d68cff619e2e,True,2025-01-28T11:11:10.630320
50cf8a57fa4d2a82,True,2025-03-11T01:17:04.092412
0e4f86623df11ff3,True,2024-04-28T16:45:06.043835
17a0d55964ee06df,True,2024-07-15T12:36:18.727905
e5fe3537443664a0,True,2024-08-10T03:10:40.259908
ba6b38dadd1e0a43,True,2024-06-24T08:22:29.898087
b4dc08967d91c0bd,True,2025-01-28T21:18:03.687951
13f050eb56cb954c,True,2024-07-07T05:18:52.526124
27f770189da365b7,True,2024-12-04T12:22:06.055668
17625e62c36563ec,True,2025-02-01T19:01:09.342480
2843e5dab2dcfdd1,True,2024-08-19T11:19:48.670198
b6112f3bee26172d,True,2024-09-18T06:01:57.589818
a2babf10045c427d,True,2025-04-10T02:56:53.916876
b9df48e039feb179,True,2024-12-27T04:05:37.294748
782cc84000c4a65c,True,2024-09-30T05:54:15.313863
7f1fd32e258a61db,True,2024-12-13T22:40:31.201630
daf0f20843469643,True,2024-07-26T21:50:15.634661
a0bf2c9d840fd40a,True,2024-07-31T20:27:50.146949
b2642e6c6ff421e0,True,2025-02-04T23:25:29.488233
bdaf46d142028ab4,True,2024-09-05T19:23:15.873509
d7814df8d879ae98,True,2024-09-08T09:21:00.793699
6a7661fe159a5a8e,True,2024-11-25T03:31:19.869191
2ce5de11f023003d,True,2025-02-17T09:46:15.901446
c1fb69fbb6fbde9f,True,2024-06-01T05:07:41.087727
a80f68dba7981722,True,2025-03-01T13:30:23.312714
e2aafeb5de18c997,True,2025-01-08T08:24:50.957371
2e1d6e30c482b451,True,2025-04-13T17:51:23.408960
f212a1fa2b4fe74d,True,2025-03-08T05:59:53.232327
7e948a792e1d4f03,False,
6654e50055c72341,True,2024-08-26T16:13:53.032249
d46f68a2c308639a,True,2024-09-17T17:40:25.197366
2ac8f5ab88c8444a,True,2024-05-18T00:57:04.313503
d2d45c07ba7152eb,True,2025-02-13T17:26:43.372353
05fb25c95ff86c42,True,2024-08-25T05:40:00.706158
9c2870cc05d4902d,True,2024-08-23T04:48:01.779656
f23184e362156187,True,2024-07-05T11:47:04.394719
67214fe1222f8ed9,True,2025-03-30T20:12:40.379071
16692c006103c17b,True,2024-07-24T16:56:33.147895
cad56102892eedbf,True,2025-03-23T09:32:34.196701
5dacd8167d6574ec,True,2024-05-27T03:10:20.653434
76f04c638da86ece,True,2024-07-13T18:03:09.266299
5672cdd17de2f7f2,True,2025-01-08T19:58:14.954886
8cb5d5f8c4d22659,True,2025-04-19T14:27:22.055493
6ddcb1d56efed58d,True,2024-06-10T21:17:19.980558
a3e6182b68b44e73,True,2024-08-01T15:22:46.261365
3597048e7f4e0aea,True,2024-05-28T19:43:40.377830
656fad4db33ed03c,True,2024-12-31T22:19:05.125030
78708d81b8fd43a8,True,2024-11-20T01:58:11.305858
41611a637ab87e07,True,2024-10-22T11:49:03.913473
2f262a9b72582a8e,True,2024-05-30T09:19:05.845669
7e948a792e1d4f03,False,
7e948a792e1d4f03,False,
7980b082231ae888,True,2024-06-12T18:00:29.224846
d5d841b42d5bd81b,True,2024-09-29T18:18:16.604099
0b5fb194ec729f54,True,2025-03-04T00:38:23.386665
f9f8589333138b4e,True,2024-11-20T23:31:45.127172
7e948a792e1d4f03,False,
18e20f62fb278a60,True,2024-11-20T08:00:27.563221
29a10bb20985440d,True,2025-03-15T15:12:04.595303
6cc764eb663f43f9,True,2025-01-30T22:32:04.113297
11ff3b67f0f8006e,True,2024-09-15T10:12:42.773360
78c3adc023e4bf3c,True,2024-06-22T20:14:11.510108
2252af179f6d2e73,True,2024-08-20T07:26:41.210484
242595c9d445eb4c,True,2024-06-13T11:40:29.569772
7e948a792e1d4f03,False,
c25f05169765c1fd,True,2024-09-16T01:21:38.878583
6d3ff37b7bf5acde,True,2024-07-27T01:29:49.226784
1962ca352dffedf2,True,2025-02-19T01:33:09.744445
347cb442f70b4f81,True,2025-04-22T13:07:10.964470
eec23d909ca1f126,True,2024-08-31T22:08:48.943907
6cbe979692874f9a,True,2025-04-08T01:00:49.303725
7e948a792e1d4f03,False,
7e948a792e1d4f03,False,
7e948a792e1d4f03,False,
3178639789093c68,True,2025-01-03T15:46:29.937147
eda5489f2efaffc5,True,2024-08-21T08:14:55.337578
415730b265636ebc,True,2024-08-17T22:02:55.671695
98a8265dc874c63a,True,2025-01-18T20:19:53.257652
b3b691425da3d6e3,True,2025-02-19T05:09:20.558205
3840c851b6a734f6,True,2024-08-01T06:40:22.545978
ae998b146873789a,True,2024-08-05T21:41:15.903340
d56ddf17057ead5b,True,2024-09-30T01:14:36.783677
7fae73935b8dee23,True,2025-04-20T08:31:24.041334
eb722a07986ff849,True,2024-09-13T12:01:08.884839
ff12ae76b0b5932f,True,2024-10-05T12:21:08.347043
206a94231a6d505c,True,2025-03-28T19:38:10.975574
7e948a792e1d4f03,False,
0ae1aebb1b35e519,True,2024-08-16T07:12:12.137903
f45501ae89176e4b,True,2024-12-02T19:20:37.878602
febf4fbe64a1a68a,True,2024-05-07T06:03:35.603610
76ff558e744daceb,True,2025-01-04T11:45:50.915875
5b37cf446741e13e,True,2024-10-06T12:38:56.012758
9fe1f13a1d2afc74,True,2025-01-28T23:28:30.074300
65d61509c4058711,True,2024-11-02T22:05:40.067079
1c8f06a941681307,True,2024-08-12T01:42:59.776973
7e948a792e1d4f03,False,
716a224b659c9195,True,2025-03-09T13:09:55.473857
202020ce1b3e6bb6,True,2024-07-28T03:57:37.301821
5902cb01f3f03f00,True,2024-08-07T07:18:24.232348
b31bf341a5989a3b,True,2025-03-11T05:30:55.850681
258491d36519ad22,True,2024-06-24T07:49:47.538067
434ca06ea343ec58,True,2024-12-26T02:47:03.869041
09e4f1754bde6917,True,2024-05-11T10:28:28.068160
1cad78492af814e6,True,2025-03-26T06:42:22.455642
fae61c179ca7ff5e,True,2025-01-23T22:06:50.435488
b1040bcb1e095d33,True,2024-09-11T16:12:28.080588
cd60f8c882e099a6,True,2024-09-01T17:25:31.743593
6151227c7221dc2b,True,2024-08-10T03:54:17.479680
da7c42c39e16af22,True,2024-09-01T10:45:28.875634
7e948a792e1d4f03,False,
c8ae039923d4a0c0,True,2024-12-12T14:41:45.513571
7e948a792e1d4f03,False,
7e948a792e1d4f03,False,
faaef946d93d8e50,True,2024-06-28T14:57:23.275472
36b94e34b033d581,True,2025-04-09T21:48:30.343036
d469c143e8e87f28,True,2024-09-28T06:57:14.751489
1d12d22bc63507ac,True,2024-05-20T20:06:01.406064
e8dee52ce0a609e3,True,2024-06-14T22:32:13.831095
b1a2d442e0549ce3,True,2025-02-25T21:48:45.111037
7e948a792e1d4f03,False,
de85ffcc18659ec1,True,2024-07-01T03:45:49.153349
d23e568f6b0b18f6,True,2024-12-29T21:22:03.144510
79a8110731b249cb,True,2025-01-10T09:27:00.569265
e605a65109f0dca6,True,2024-12-08T03:31:29.733693
3a1b0eb35b067534,True,2025-02-22T20:48:58.594772
ef0e3b0bd5ca7505,True,2024-07-15T09:43:49.876822
7e948a792e1d4f03,False,
d4b2a4c5b7f93f8f,True,2024-11-07T19:30:22.694327
7e948a792e1d4f03,False,
f62f7e4e6bc4268d,True,2024-11-27T14:19:44.590565
d935ed5935aaf8e1,True,2024-07-26T19:42:13.681697
8d61858f28be3d3a,True,2025-04-11T16:40:16.386450
0376e963cbe6baee,True,2024-05-06T11:31:44.698404
55e39eef72da9304,True,2024-07-19T17:33:33.703031
1481c72ff37765c5,True,2024-07-14T07:31:26.074085
dd8d372f85922814,True,2025-01-20T17:30:47.718427
6cea9726c0cffdee,True,2025-04-13T05:52:02.747541
1811d4372169a9ef,True,2025-02-22T22:29:11.966302
00f2d39fb10539b4,True,2024-12-16T09:05:23.082315
724fbac3e900ad63,True,2024-06-20T04:29:08.660658
a0cd73fca3e4408a,True,2024-11-07T10:08:02.880127
7e948a792e1d4f03,False,
e7734a1cf2467b01,True,2025-02-02T13:18:52.656223
968f9c318bbba770,True,2024-05-14T11:46:31.706408
e18f374a7eadd2a8,True,2024-10-22T23:01:09.582618
11ad9fe3f9d482f9,True,2025-01-21T02:23:41.415864
2203af0070ab856b,True,2024-05-11T23:36:25.153285
4db1a43b11f84fe9,True,2024-12-03T00:27:25.362165
f042ac9068a2c86e,True,2024-11-01T19:43:08.155978
f930b67461837f3c,True,2024-07-10T09:27:37.909360
8cc4b1ecaa4e9be2,True,2024-08-02T13:37:46.777966
83aa74c2bb1017f4,True,2024-07-22T16:44:34.541562
7e948a792e1d4f03,False,
60c4a42f2e102601,True,2024-07-06T10:44:23.263095
f9ea08182e7f710e,True,2025-03-31T22:08:58.926156
6ce7e04a7f659ee5,True,2024-09-28T01:30:44.033841
820670bd9c5057dd,True,2024-10-02T20:42:10.867999
5266f0b0093fbfee,True,2025-01-26T18:48:32.247658
2fa1036b1095c98c,True,2024-06-23T08:37:43.764550
df08865dda7216a5,True,2024-10-09T16:12:01.483346
b80870fb0ba3a0d7,True,2025-03-08T01:29:44.718527
b5eb5621935090a7,True,2024-07-03T22:48:39.887465
67aed7739aecefd8,True,2024-05-11T02:56:41.471682
28e78eb6d65fe76e,True,2024-06-09T15:06:35.883179
85f5eebc02886454,True,2024-12-30T15:36:03.402857
ead2f025a4af5444,True,2024-07-09T01:52:08.112638
74f3460ec6619110,True,2024-10-04T21:34:51.033524
961a15b9e1798660,True,2024-07-10T18:48:27.080846
31e84795a46c0246,True,2025-04-10T07:01:00.984760
1553cf2b64965a1d,True,2024-08-17T09:49:11.442730
ec66a8041f0c9bb8,True,2024-10-20T19:35:27.336163
54a6b52d482a63f1,True,2025-04-01T20:32:08.902529
dbc9b5dd3b59e5b9,True,2025-02-14T18:39:47.809375
25f810812b08269c,True,2024-08-20T18:22:30.407985
026936e508c4d766,True,2025-04-11T10:05:07.617263
7c35c7bcbcddb62c,True,2024-06-05T13:51:47.873808
8b0cd7faa700726b,True,2024-11-30T01:50:10.315722
e7c31084a250e1a6,True,2024-10-01T17:43:23.352264
807c787740b6eb2e,True,2025-01-26T17:28:54.244285
b924da2641c34f5c,True,2024-05-26T15:23:14.813725
d894a3781241165d,True,2025-02-28T21:49:57.245098
33cda0b993e01608,True,2024-09-24T22:00:04.264350
3f4002d5ba648957,True,2024-09-18T15:02:05.999985
f12e67481da6c702,True,2024-09-01T01:18:03.484603
7e948a792e1d4f03,False,
b279b2c59cc87ff5,True,2025-03-04T23:21:18.861424
beb120d98c7e8d83,True,2024-06-13T07:10:55.017290
78c1c4c87e1386cb,True,2024-07-14T06:51:42.367882
9d993a959e0b3b08,True,2025-01-08T10:38:45.451380
6ee02f4dd500f4bc,True,2024-08-22T11:59:52.673980
8b34e86bdc0b8521,True,2024-08-29T08:27:41.111628
f0c9e076ae86f5a3,True,2025-04-20T06:21:46.679291
e50a45d746060472,True,2025-03-11T11:44:35.613225
29c2cc68e9dfdf0c,True,2024-09-20T10:29:21.294100
845fc64caea0112e,True,2024-07-11T07:14:21.775554
f182196eeb86abf8,True,2024-11-19T22:02:46.067864
7e948a792e1d4f03,False,
7e948a792e1d4f03,False,
9a9a5e42cc7245b6,True,2024-08-18T19:01:16.379078
dad19d8603d183df,True,2024-09-09T03:32:59.059628
f66b491d1af68495,True,2025-03-13T09:02:18.971189
8acba04319e45bb9,True,2025-04-11T21:55:51.568257
a8c42c65f6c759d1,True,2025-03-01T01:03:44.643184
7e948a792e1d4f03,False,
43519a6aaf3b7a97,True,2024-12-05T02:56:58.520849
2189f952fb907631,True,2024-06-26T11:29:05.283379
9f579398d5359ac8,True,2024-06-29T13:03:50.319601
9b5c90e828625e48,True,2024-10-02T12:41:07.636600
4b8f6a8ba331224b,True,2024-08-22T13:59:20.939764
31cbc0a89c37defb,True,2024-06-26T05:53:38.269361
5fc93b0c7b8c7c24,True,2025-03-02T23:15:53.324360
0000a84ebe171281,True,2025-02-24T06:43:46.171156
f9c61786e5583e4c,True,2024-05-09T04:45:53.719894
0af46708945751ec,True,2024-12-23T12:08:31.184901
b3d635ed4a9cf9dd,True,2024-12-06T17:39:51.013224
fc0ebf6566fb7e58,True,2025-04-17T14:43:59.304117
e4da7ac0da45ef30,True,2024-07-08T04:40:47.191896
2ad1267af5365fa0,True,2025-04-23T17:13:09.318873
e2c9e22a23a18785,True,2024-06-06T13:18:43.604423
490b3b4ca832c4da,True,2024-11-14T09:46:29.861567
369fa3f65b7d5f39,True,2025-01-27T10:04:10.776381
9483080d56a22ae3,True,2025-02-09T00:50:18.916868
13f0f9ec75732867,True,2025-04-26T03:38:20.539334
dd49c6abfb06abe9,True,2024-09-10T08:03:39.239184
ed31d50b01246b94,True,2024-11-07T12:04:30.354290
57e4a2581d6ebfd3,True,2024-05-11T23:40:09.488059
8db47e0d15cb5ead,True,2025-01-07T00:03:22.387589
8962709d3ebb2fb4,True,2025-01-10T20:18:58.439773
3205bbce776267e2,True,2025-04-06T11:16:00.619699
a36ee889c1b6fc58,True,2024-06-26T18:14:02.519280
a2dd341ca7eade40,True,2025-01-02T15:40:10.861631
d2d23f059a5051e3,True,2024-12-06T22:11:56.600477
26a4098ffd9eea79,True,2025-03-20T07:59:57.361203
074dea0e2794af95,True,2024-08-19T01:56:09.439361
922c040d2146a448,True,2024-06-05T13:19:32.773073
2ca4ebcd5b467c68,True,2024-11-26T23:06:35.707682
7e948a792e1d4f03,False,
09dc53128331e0a1,True,2024-11-09T18:18:48.818072
52367d05235236ec,True,2024-07-02T22:27:06.311034
cca094b49ab9766f,True,2024-07-06T16:16:20.663638
c94824f63a7fd9ee,True,2025-01-31T08:18:04.575520
a346870d806566b9,True,2024-12-06T01:14:03.619408
7e948a792e1d4f03,False,
7e948a792e1d4f03,False,
02313c975cd0be7a,True,2024-12-16T22:05:05.603468
71c337803816ea54,True,2024-06-22T19:23:05.417670
7e948a792e1d4f03,False,
80734a0c8126c447,True,2024-07-22T16:05:40.651436
1d56f29bf4513dc8,True,2025-03-09T15:01:51.902941
1a9bfcd4e911212e,True,2024-11-04T14:00:42.196170
6e0b457133d3a7df,True,2024-07-18T15:38:09.087804
eac949d8b30e775b,True,2024-07-06T23:49:04.759061
a241c399eebc0722,True,2024-07-04T23:54:10.546774
71585b2a81fb128c,True,2025-01-01T15:46:02.124165
2d355068824f2980,True,2024-08-11T06:56:41.241297
7e948a792e1d4f03,False,
7e948a792e1d4f03,False,
c59a8915786d8e84,True,2024-11-06T22:09:01.878816
de9d188f7b72faa2,True,2025-03-18T13:41:19.865551
949c9fc3d685faf2,True,2025-04-08T09:30:08.965730
41d9b396a75f6c2d,True,2024-12-18T16:50:45.171967
9e72acd9e0cfbf26,True,2024-11-02T22:25:44.095157
a78475b3d752e69e,True,2024-12-06T12:23:34.370968
7e948a792e1d4f03,False,
50b53e73919a5e1f,True,2024-11-20T08:16:04.599195
f0c4c6934ab70fa8,True,2025-01-05T04:05:59.112961
8ae7cbe67da55738,True,2024-10-07T15:32:24.496203
7e948a792e1d4f03,False,
794b5f221e622bcf,True,2024-09-27T02:30:27.145543
7898b193384ca816,True,2024-05-03T16:05:40.214497
c1e5eb47f0a9ffda,True,2024-10-05T04:42:46.765282
0b4341c7f653aeae,True,2025-04-06T17:37:16.283399
7e948a792e1d4f03,False,
dddfc507e6c30cc8,True,2024-06-11T11:24:00.390938
c6dd0b2349a97e6f,True,2024-06-01T04:42:12.158509
97994f7be58cadfa,True,2024-09-02T20:33:22.557631
eb71233660f5efd5,True,2025-04-25T10:37:12.742097
9816a40a5c61e622,True,2024-12-24T19:45:05.758250
ea356b6e3d2a6717,True,2025-04-07T10:46:50.503901
04d292bc9ec220cf,True,2024-10-25T09:30:01.274503
e3b801f35c639239,True,2024-10-05T21:24:18.585468
a8b6efe1801332bc,True,2024-12-07T09:02:46.419240
5aeda891108c3d81,True,2024-06-09T12:23:53.857246
7e948a792e1d4f03,False,
b6621396d814a3cb,True,2024-04-29T07:33:02.593769
361c4c8164202004,True,2024-07-06T14:53:51.394972
934cc4be7f8f303f,True,2025-03-30T09:15:19.628016
15b1c541aee4cf32,True,2025-02-14T05:50:03.905833
e781ceb28dd5150d,True,2024-05-26T18:32:56.973202
af75eb70bd7a94c9,True,2024-12-02T02:40:13.274394
baf2199d2acc837d,True,2025-03-23T16:59:04.005883
d03c63a483234fb4,True,2024-07-31T04:32:49.570906
e5069fa058ee2f45,True,2024-11-15T15:34:20.868532
7b92942e8e27a100,True,2024-05-04T20:40:21.721574
34285fc6c7674590,True,2024-12-11T06:26:05.200696
0a6b608695f9dbbf,True,2024-10-17T04:41:57.239649
e422d7cf86f472b8,True,2024-06-07T01:36:20.775753
7e948a792e1d4f03,False,
7e948a792e1d4f03,False,
ba39d42b4f55c1f8,True,2024-05-19T20:01:55.355337
5522e57b4a81c224,True,2024-07-02T08:15:00.325777
f66194c73a167a61,True,2025-02-20T07:09:52.398577
ef5d7116ee815683,True,2024-11-06T21:40:16.783193
eed584527e97644a,True,2025-04-16T21:06:52.957739
ad109a3a4db12439,True,2024-12-08T01:45:24.676048
a760bb3f3e9579c8,True,2024-11-23T11:50:56.912096
7fa2b69e191deae4,True,2024-09-10T15:43:19.557685
6c3a37414dbe98ef,True,2024-09-19T06:45:56.525027
90372e6d1b85ae1a,True,2025-02-19T04:33:40.725842
939b7e5047109410,True,2024-05-04T10:22:23.063516
3245dcaabd972218,True,2025-04-11T10:13:09.708947
d550e5c82f3d18e3,True,2025-01-24T14:03:23.474704
7e948a792e1d4f03,False,
fa77efff38d768ed,True,2024-10-20T12:48:17.810768
91857030ce1f0bb9,True,2024-09-17T04:14:25.738763
e69c87c11dc9b4bb,True,2025-04-18T20:16:21.739403
db23e09648155ec9,True,2024-12-31T23:58:28.660656
7e948a792e1d4f03,False,
fe926070b46754e8,True,2024-09-07T14:21:25.932621
e887f17d766da5a7,True,2024-10-07T16:47:43.580655
fa32d0e2269d2ecc,True,2025-01-24T12:13:28.462601
7e948a792e1d4f03,False,
b3a641d90db1fbbc,True,2024-07-10T02:50:41.175312
892a3bb928311c73,True,2024-05-31T10:59:30.544673
65dc235e1c9875e5,True,2024-08-25T06:39:37.908992
4efa0bc26c51e990,True,2024-12-16T10:18:30.719725
6d813ec65e0d65eb,True,2024-10-09T11:29:32.276395
585aa9f7628f9156,True,2024-07-28T16:53:44.829196
1cd92245cc95eac9,True,2024-07-17T00:58:35.824809
039eb71aa24ff03a,True,2024-07-21T17:29:20.301890
3d41eb8b59f089c9,True,2025-03-10T02:27:20.574439
9ebc7528529c74d3,True,2024-10-23T04:25:53.411014
e7d1f99c9fb3c748,True,2025-01-24T02:03:23.637630
7e948a792e1d4f03,False,
d06733724c9c0b0a,True,2024-11-30T22:13:19.586345
791d5764cdbe6e40,True,2024-11-22T21:18:56.242149
aaf675ee8e347bf7,True,2025-01-15T10:55:20.665511
a1f3c17181bab60a,True,2024-08-08T13:23:33.623065
7167e0e65caef243,True,2024-11-30T13:59:59.841293
dc78e21c4496ec24,True,2024-05-22T01:25:17.451866
1434b0767fd544aa,True,2024-05-30T20:33:18.580044
4edd4e2c1e20fbfe,True,2024-06-20T19:36:55.168144
66fe23bc1b214d5b,True,2025-01-20T08:39:38.575137
f7b288ac10a40394,True,2024-10-23T23:13:21.361662
37de986821fa9d81,True,2024-08-06T18:41:02.784618
73ad744faf0e2a31,True,2025-01-14T23:42:21.691206
372a5febccf7b13c,True,2024-10-20T03:30:17.158937
08efef877dd4dd45,True,2024-04-30T06:13:35.859480
2428d0ddb00abd9d,True,2024-09-09T23:46:38.016033
8be10d07460381e0,True,2025-01-20T23:54:46.539852
6a13c166eb0f7e2c,True,2024-07-27T19:50:17.783921
a24a5d8abdc9631f,True,2024-05-28T06:37:21.784668
2fd7b7a59accbe00,True,2024-07-18T08:23:32.541516
d4e4d71b9917f980,True,2024-06-12T09:50:10.259382
7e948a792e1d4f03,False,
762f8d46ddfd0794,True,2024-09-07T23:04:18.196207
737f35d659113afe,True,2024-05-11T08:11:29.440551
9ab5785fe19c8dc2,True,2024-07-17T12:33:16.355574
7ca68e4503a931f5,True,2024-06-28T22:15:29.500833
7cac79317047260f,True,2024-06-13T03:40:59.079220
c3c0e40ac58eebd0,True,2025-04-17T19:06:34.516830
cbba71367c710b0f,True,2024-10-05T02:56:38.967350
aee8a538ccc9412c,True,2024-09-13T23:28:33.709254
6bda07b445ebf349,True,2024-09-15T00:01:59.141793
15e816014f026776,True,2024-07-29T06:08:16.884785
a78bd61913800202,True,2024-10-19T15:24:23.150096
eec9ca2a35d12afb,True,2024-11-14T03:41:38.293077
7e948a792e1d4f03,False,
0741adcdbc9528f1,True,2024-06-24T04:24:44.507954
88b1f3c1cf294e2d,True,2024-04-29T08:45:11.263616
7e948a792e1d4f03,False,
89ce73caae244a4c,True,2024-12-05T09:05:40.583623
3a6718aad38eefbd,True,2024-11-23T22:24:37.194106
56de42bf2d0887a7,True,2025-01-07T22:55:02.426624
7e948a792e1d4f03,False,
8206a908d56e9bcf,True,2024-12-02T01:30:19.870329
c9fdf5c5767f9abd,True,2025-04-28T09:43:19.424822
9103984183f80006,True,2024-05-22T20:18:14.215902
3a5cd1895eb957fb,True,2025-01-17T03:06:06.136796
3a31852ec67de996,True,2024-11-30T17:20:27.006047
9cae08eafef120e2,True,2024-10-05T09:32:01.749959
f9e5c28f6d50be4d,True,2024-11-05T23:47:42.156493
1bdc68b09c18ad41,True,2025-04-01T23:33:09.755545
b36d42b46384c598,True,2024-05-23T23:19:33.919153
3a8a18f41fd3d5ef,True,2025-03-18T01:35:48.278793
cefd4651f5f67a70,True,2025-04-24T19:00:59.689843
7e948a792e1d4f03,False,
e212b8dd5b78c001,True,2025-03-31T09:49:18.921088
5fe7a3684ea663ee,True,2024-10-24T10:06:14.989029
53c0448066ee2b1e,True,2025-02-06T16:57:58.971335
3e24e418b80f7f96,True,2024-10-07T03:51:31.833277
b6c45e2f872745da,True,2024-07-09T05:11:39.575032
bb65398650882926,True,2024-06-26T17:03:04.280920
0e63d133308f0d4d,True,2024-12-03T18:09:19.239690
22e7ee5b8c6c2f79,True,2024-12-27T14:57:29.278146
7e948a792e1d4f03,False,
dec16e3ecbf3295d,True,2024-05-10T23:19:22.594493
4ebb7d20a22fdcf2,True,2024-12-05T18:42:52.974277
7e948a792e1d4f03,False,
db3f4cc6b44f4833,True,2024-05-20T05:45:35.489218
f8b7bc3be165b350,True,2024-11-07T09:58:48.823258
4499de2bfe80bef1,True,2024-11-11T12:25:03.739936
4cabe68474ff930e,True,2024-11-04T07:27:11.135405
29da63525658de65,True,2024-09-28T15:09:56.818941
56c5f6c122f8697c,True,2025-01-20T05:08:55.174113
3466e68b922783ba,True,2024-05-08T02:50:55.285834
7e948a792e1d4f03,False,
8a0bd9a87dd36568,True,2024-06-28T11:07:48.979209
66e16117f8656c5f,True,2024-12-25T04:29:40.937479
772d07ba2abb6a4e,True,2024-09-09T13:34:07.645756
64535501747fc783,True,2025-01-26T01:17:41.914168
2ccddd19fe28d6af,True,2024-09-27T22:01:49.136190
699186481605ecc3,True,2024-06-07T20:00:36.777057
625ce9f81965dcf9,True,2024-08-22T22:19:54.057579
f1221f2d341bb6f1,True,2025-04-26T07:57:37.969961
f4625568762c5651,True,2025-04-06T22:19:38.441187
d8b11c37db26de72,True,2024-07-12T13:55:10.432553
6c5c9eb6c885cc59,True,2024-11-17T13:58:47.280358
b18235c4b51820d2,True,2024-12-25T13:19:52.172754
623d0c072e22529c,True,2025-02-19T06:48:38.688031
38b6ac2d4775fbb2,True,2024-10-02T01:17:35.370305
04108ce06f5adc40,True,2024-09-18T00:39:11.842284
5e4500abcc30d64c,True,2025-02-15T20:38:08.880949
cd8f932a18da0367,True,2024-08-19T01:11:12.694722
05b5ae8c73f35b9f,True,2024-08-30T02:36:40.327519
d2f140dfd6023765,True,2024-10-19T18:26:14.796503
7e948a792e1d4f03,False,
f191f2d4c906a922,True,2025-01-30T11:23:09.434052
ecf8150653ab1fe4,True,2024-10-24T04:34:26.864255
301ff7f91b99e919,True,2024-05-05T18:06:17.382147
78856c350a872398,True,2024-09-01T17:29:52.097084
b7626f407c9935aa,True,2024-08-31T20:42:20.900177
35e669332b91e974,True,2025-01-14T13:19:35.445428
94457787ac40f9a5,True,2024-05-21T13:35:43.624084
13292da1ccae748d,True,2024-07-16T00:43:41.009009
fb363bbfd2aea895,True,2024-09-01T04:07:05.659748
033a0ce6f6640acc,True,2024-10-23T20:50:08.392865
6b9578afcf759b3d,True,2024-09-10T04:06:49.265604
beb95b8212cf9abc,True,2024-10-26T12:45:57.113763
ca2d3d5aac138006,True,2024-12-26T22:50:15.500206
194bde16a63d335b,True,2024-08-07T16:56:38.191756
e13199656e360bf1,True,2024-07-06T21:54:50.096858
dfd3a050daeaae08,True,2024-05-21T00:48:17.990015
29b86f3b90692f82,True,2025-03-03T01:00:53.402292
1ad34cb05fcb615c,True,2024-10-25T06:57:19.207110
62cd399f08610b54,True,2025-03-15T15:11:08.082999
f0563dfda55211d8,True,2024-07-19T02:08:09.853431
5dfd830dcb073683,True,2024-11-26T02:57:14.683532
d019767bbde488c5,True,2024-05-31T15:12:09.776220
85c88b22c6aa7404,True,2025-01-16T11:51:50.808865
15289bccb9809b07,True,2025-02-14T00:48:57.809227
880119479d6db883,True,2024-05-13T17:59:26.409762
3a4a3bc78e018f8c,True,2025-01-31T18:33:26.428178
7e948a792e1d4f03,False,
25fc566c01ae993b,True,2024-12-17T12:34:20.481839
373b4535d2625138,True,2025-01-02T10:16:39.498787
7e948a792e1d4f03,False,
52d1e52dc61b20f6,True,2024-08-31T10:32:11.037262
f1fc4f0ea7f111a8,True,2024-08-01T00:14:08.546981
b10d6ce8a25438af,True,2024-08-15T12:32:27.559152
a5e1693d3f9e4c87,True,2024-06-29T09:16:29.780442
946e52d65b8a4aab,True,2024-12-24T18:09:48.086454
6fe877aeff33eecf,True,2025-01-11T01:36:27.477480
5cd52edcf39508e1,True,2024-06-29T06:04:47.485869
b00a52b5c0894aee,True,2024-06-02T21:52:40.522291
f7bd179ea4a534c5,True,2024-06-06T23:24:51.869962
6566bd2572d230de,True,2025-04-27T11:00:35.634356
7e948a792e1d4f03,False,
81155ef83a699139,True,2024-10-10T14:29:14.553656
ecf87549dc7cc161,True,2025-02-13T12:49:54.903846
98a729d17debf704,True,2024-07-11T19:18:02.680712
790b0c8d3b1319eb,True,2025-03-30T03:31:20.587390
7d3290296914428e,True,2024-12-16T18:26:53.680793
dd1ad2f320a6735d,True,2024-11-11T02:29:35.304040
7e948a792e1d4f03,False,
c3b9e78cd0163d30,True,2025-02-22T13:49:23.641027
29160a876ac4d8b1,True,2025-03-10T18:44:51.494495
124509eaef04ef1d,True,2024-08-27T02:06:45.806390
f740e6d5d4cf60da,True,2024-12-14T04:22:02.794232
ba07ce75a640ad3d,True,2024-09-13T17:24:42.366923
b3196f675d660e29,True,2024-08-26T09:39:06.336789
9ef52f72117e118b,True,2024-12-21T12:08:50.335907
c5ef25be7484ec48,True,2025-02-01T02:04:53.557380
0809303e1c408300,True,2024-08-25T11:07:44.329248
9dcc4511d829aa4d,True,2024-08-30T19:06:32.063869
7e948a792e1d4f03,False,
c533ee548146257f,True,2024-11-03T01:17:06.928122
22b5051bf91cb6e6,True,2024-06-21T12:31:39.758379
175b6ac43d2ec9d5,True,2024-06-17T11:48:32.120698
e47eb0966c743842,True,2024-06-03T16:34:43.009574
3e1e20aa3b5ec571,True,2025-02-13T06:37:59.809480
83dcab42622b3ef2,True,2024-09-09T09:35:24.560925
a41712dcf741b573,True,2024-08-04T14:37:47.605997
d5b520f97e37e8ec,True,2025-03-15T21:14:46.299938
7b93aaec198a1398,True,2025-02-25T17:25:48.763411
fefa8ccb9ad58a26,True,2025-02-15T12:07:59.613666
7e948a792e1d4f03,False,
0f5eb8665e3e9fb4,True,2025-01-21T14:58:04.565356
a551821a73e49839,True,2025-01-17T02:44:55.372689
ea158c5396f3c449,True,2024-07-23T17:58:29.200081
f299ac43c88c0b5f,True,2024-05-24T23:31:42.277246
1703b3d7495957bd,True,2024-06-15T17:57:54.036697
26af6a136cc70cb6,True,2024-07-11T04:06:53.141975
dbdfefcea6700cc1,True,2025-01-13T13:44:28.894077
7e948a792e1d4f03,False,
07ee024ab88a9e73,True,2025-01-25T21:04:56.057507
93867b9d70ace189,True,2025-03-17T09:18:02.458951
3139694072aa3a04,True,2024-10-26T15:01:35.282467
f22d870a1850981b,True,2024-09-06T06:20:33.445726
7e948a792e1d4f03,False,
7e948a792e1d4f03,False,
8aecde8bcbf3a50d,True,2024-05-25T12:33:45.554934
50e7b7d6802bf9ee,True,2024-12-06T15:36:29.038713
7fcca65fbbd8082f,True,2024-10-15T02:20:02.517991
7c826f46fcf763f1,True,2024-07-13T17:03:41.945680
5fc6fc75fc28fb3b,True,2024-07-09T12:46:52.841658
1a1b64b09954dad2,True,2025-02-07T19:57:26.668091
d4486bd5bc008f9c,True,2024-09-13T03:44:04.862337
492810a478de3f35,True,2024-08-16T08:41:04.926008
1383ed1172cb8e20,True,2024-10-06T19:23:43.999639
c99de330ba509b10,True,2025-02-09T03:17:00.953765
f3fa9c194ecca399,True,2024-07-18T13:30:43.722348
559d32cef8ea74f4,True,2024-11-08T23:32:36.384466
a23cdca2e29ac3a2,True,2024-05-07T21:57:56.195334
7e948a792e1d4f03,False,
dbeb80a883eb3a61,True,2024-06-25T21:00:18.948857
7e948a792e1d4f03,False,
d7f9ce4a83eea710,True,2024-08-06T14:32:23.184753
9b966c74499b5f0c,True,2025-01-18T00:04:03.466490
7bc2b3721d9effe2,True,2024-05-18T14:34:10.181773
28ace7f75fe52ad6,True,2024-11-11T18:27:52.381977
6aa398203ba3a7dd,True,2025-04-12T19:50:05.480452
7f3c6ba1a8d47d96,True,2024-11-06T00:08:57.443283
40eecb6e8aeacead,True,2024-09-18T17:41:01.326740
adb52ee09353c7c4,True,2025-01-22T02:18:02.258175
482af14e31c5899e,True,2024-05-02T08:01:23.520260
64c54ae7e19d290c,True,2025-01-01T21:55:50.605065
0072f6b374e95b07,True,2025-03-08T07:02:54.428625
bcec66cb289f1942,True,2024-10-31T15:36:43.667126
f9501a03530f77d7,True,2024-07-24T11:12:30.903438
1e3965e13af9d198,True,2024-05-23T22:45:29.024867
c9b88e8e6309fff7,True,2024-10-23T03:26:58.818119
7b39f0813506106e,True,2024-08-06T14:34:57.488870
f584ab356af654cd,True,2024-07-30T14:42:41.225366
953ae2c88e43400e,True,2025-03-08T21:27:11.210502
f07092805db0cd21,True,2024-09-13T05:48:18.529197
1f92b2c2fa0aba98,True,2024-09-12T21:01:23.986732
aa56712064c9212a,True,2025-03-04T10:56:11.539772
5f4af7fcdb3c07aa,True,2025-04-25T20:07:01.999503
185bf4c9375cbdd7,True,2025-04-22T05:47:03.922895
531aa2e43983ee27,True,2024-08-15T03:05:49.384939
53c80afbb778f800,True,2024-05-23T16:32:12.592165
20bb3c64d1e790ff,True,2024-10-18T06:17:14.899511
efd2c84da4f07d73,True,2025-01-04T02:30:41.460167
8381b83d50956879,True,2024-08-14T21:41:01.321512
19657486061c6d55,True,2024-12-22T00:10:12.097983
9a20d3aac1c7ce19,True,2024-06-28T04:29:41.841757
96978c6b6c6b0342,True,2025-01-24T17:30:42.048074
1334f21ca0382fec,True,2024-10-08T05:54:10.797779
ea03746f7f8a7bf8,True,2025-04-08T20:38:06.822157
93df2e6d52ed0dc1,True,2024-07-07T10:16:47.661312
5027a8c663a69a1d,True,2024-06-03T14:25:17.476644
37cb39c1c2c147f1,True,2024-09-20T23:25:33.642989
b49479f88b4cc6e5,True,2024-08-02T22:56:20.925898
5c73c8d77b7775f2,True,2024-07-12T00:45:06.371536
7e948a792e1d4f03,False,
9af3374f84ab2994,True,2025-02-16T17:04:03.079920
37d58383113cccdf,True,2025-02-19T16:51:39.952321
ed8c54b8ff671fa0,True,2025-04-13T20:55:33.648603
48e6961205c2720f,True,2025-02-07T14:44:44.562537
7e948a792e1d4f03,False,
ed3bcbd1ae9c029c,True,2024-07-22T21:48:29.623567
d6a6737daedfc901,True,2024-08-24T12:41:02.311520
303bbf49c17bf1bd,True,2024-11-16T23:29:48.680772
6ae2a2b98847dfef,True,2025-03-04T09:52:27.575732
bcb1e4426380ddcb,True,2025-02-28T23:11:39.073333
78dc2a03a668f69f,True,2024-09-14T12:37:39.788823
1de6d0b1dea76992,True,2024-10-11T12:33:48.694951
bb73a9f62e13665e,True,2024-10-13T09:15:00.211858
b5d281efe3d1bf7e,True,2024-08-25T08:46:35.286636
936885e8414c4fc1,True,2024-09-23T16:23:12.966707
b597ccddafb18f01,True,2024-08-21T23:17:34.102820
3994417fd7d442af,True,2024-11-20T07:02:21.969060
7e948a792e1d4f03,False,
f53a94e80e8b9105,True,2024-07-05T07:50:47.659881
cab33748d6d46055,True,2025-04-10T15:31:05.832319
c84d6ad95478cecd,True,2025-02-09T07:56:12.030710
fb29ae134bfe92fd,True,2025-02-16T07:38:36.961581
7e948a792e1d4f03,False,
7e948a792e1d4f03,False,
ad7773fa2e0e1c30,True,2025-04-15T00:41:38.124107
f7d779d77394206b,True,2025-01-20T01:42:28.241471
05d68a3ce16ce624,True,2024-04-29T03:28:38.015534
c6a62f540624cdf2,True,2024-09-03T19:13:21.090482
906b2cdfbc80faed,True,2024-10-20T03:22:39.397262
ae7ea969ed12aee1,True,2024-05-18T02:58:33.344321
e691b092ba0a3ab2,True,2024-05-12T18:55:21.724911
4232fb223dd18ed3,True,2025-01-08T21:02:57.735848
982b237ba279634e,True,2024-12-21T09:41:53.459183
13d6822e42d34ace,True,2024-05-29T08:54:43.590364
5afedf1cfdfba4a1,True,2025-02-05T12:44:03.400761
7e948a792e1d4f03,False,
f6f59f8b7db34d55,True,2024-05-08T15:46:05.035483
d78b2758a5cd16e1,True,2024-10-05T19:59:00.450384
77a06b6a4ddb72ec,True,2024-06-30T19:37:43.516458
b69cbc49e463ad0b,True,2025-01-16T10:54:48.096921
f89f088b04470d87,True,2024-05-27T13:51:09.332924
4c175c6e4422556e,True,2025-01-29T00:27:15.151835
b42c26cafda662c1,True,2025-03-02T16:01:20.200426
7f88cd124946cedd,True,2024-08-06T06:50:17.439661
3da79583aff8fecd,True,2024-07-31T10:02:31.383056
4958417c1a9d2cc0,True,2025-04-01T01:39:58.636552
0bc419992151a4ad,True,2025-01-03T12:52:50.665104
569aab1ddac753f9,True,2024-09-18T17:54:29.644948
408d7c6e8bb93bba,True,2025-02-12T09:59:37.665174
784c3f298a8e1aa0,True,2024-05-08T13:22:17.271457
4074475517d8b426,True,2024-12-22T17:04:40.212965
9f575281974177ee,True,2025-03-03T12:35:47.451964
0a0ed19a50be602d,True,2024-05-18T11:46:30.357041
bf3e1d8cbde056f8,True,2024-12-29T04:45:32.033650
5170b8cfa30268ad,True,2024-11-15T09:16:13.872392
61b72f4340a51daf,True,2024-05-02T00:28:33.146466
5b769906d8991807,True,2025-03-15T20:02:13.075855
21a2232c162c71dc,True,2025-02-24T06:18:49.349813
7e948a792e1d4f03,False,
44b602b68b44a91d,True,2024-07-31T13:14:58.334439
2391283e538d9eb4,True,2024-05-17T22:08:14.441548
6ded4ce81bf20e98,True,2024-07-16T22:45:15.788393
cfbe797887a2830d,True,2025-01-24T04:40:08.104595
955db0b5ac0e83c2,True,2025-03-21T09:50:37.627958
7e948a792e1d4f03,False,
59f7c57ada362818,True,2024-12-24T00:03:05.702043
3e3295fb8271b03e,True,2024-12-21T18:28:25.850506
83fdd2a5cbdcc2c1,True,2024-10-30T00:15:22.434219
6a0f0963ded7d23c,True,2024-08-11T19:32:01.012830
a906bcf4a2de0f35,True,2024-12-28T06:19:42.416625
a57ea5a3629c86f5,True,2024-09-25T06:29:12.551686
88d206f5a6f06d1b,True,2024-08-27T09:03:34.665941
0474d7a947cfe5a6,True,2024-09-25T07:29:46.122266
ec264b5e8a221fbb,True,2025-04-04T20:25:52.308464
7e948a792e1d4f03,False,
6b29effb8c011554,True,2025-01-04T16:25:37.797366
4176ed2bcbbf7ede,True,2024-08-03T22:35:12.458050
60ae3a4d5c41ac05,True,2024-06-27T18:25:29.732038
98c69429eeeef7a7,True,2024-06-28T20:36:20.779852
9f31df25af0c6fec,True,2025-01-19T03:30:44.195268
2d89357a8a085727,True,2024-10-03T17:47:55.397881
eb6b2b3718182914,True,2024-09-07T10:17:56.212354
7e948a792e1d4f03,False,
16cfe844a0b86d91,True,2024-12-02T09:51:44.283429
3a278e3f6eecb2a9,True,2025-04-17T23:46:38.438518
7111923a2a49e9e5,True,2024-06-05T20:49:41.985890
8202fe54b1a49c2b,True,2025-01-11T21:07:18.885272
6dbfd0b2aae58b88,True,2025-04-20T13:45:10.005482
4e06c381a59d767e,True,2025-02-23T23:57:49.018625
de64bb74410b4e8a,True,2024-05-22T01:55:33.193388
ea1d6defbf115e48,True,2024-06-25T17:04:07.368639
3f9eb20a076de86c,True,2024-06-25T19:05:26.125079
d9b36c37826d7901,True,2025-02-22T20:15:01.426649
37271c515f0c1644,True,2024-06-12T22:37:48.264787
acad5b8987ac84d6,True,2024-07-19T05:26:02.568641
0699102aafad97f0,True,2025-02-14T10:05:30.702260
3c262dc87b7c6513,True,2024-10-14T08:05:18.828362
b0e36c5b4809f66f,True,2024-07-02T08:50:50.090161
62436b50cb23a1c3,True,2024-08-11T23:53:18.840039
74708a56e234e14d,True,2024-10-20T06:29:57.125069
625f1cce73a01727,True,2024-10-31T09:42:16.863834
34b0282c683fd799,True,2024-09-09T18:35:57.968933
3ba849332818bc6e,True,2025-03-20T01:01:10.171726
a02469758967b43c,True,2025-04-13T10:59:49.433113
a5b6a220c8c47ca6,True,2024-09-07T05:10:15.354963
350b61f5294696d7,True,2024-12-06T13:39:49.642310
15f4be8db2110a98,True,2024-12-26T20:28:55.126443
c0bc3a6d285b345e,True,2024-12-14T09:24:36.087420
4ce0c8f559099949,True,2024-05-24T02:10:06.125108
bc7120a15d751c0a,True,2025-04-15T12:09:37.566535
777b15cda52da1f5,True,2024-12-27T06:14:34.452078
7e948a792e1d4f03,False,
b4e3b78416b616f4,True,2025-03-12T04:13:32.377734
3bfc54f62af2eccb,True,2024-05-18T21:29:28.112938
3f24d0bbcfa26068,True,2024-12-21T14:04:39.796599
2530ad20e47bfc2c,True,2024-10-06T13:10:25.502855
81d67b7a96dc52cd,True,2025-04-03T02:29:06.751101
ee79ec69dbd9b5f8,True,2024-09-12T09:37:05.208398
dbfc3808c3caa7ec,True,2024-06-18T23:39:26.818498
6c6241ae1e13b601,True,2024-07-26T16:06:46.832523
8f0e8e3ca7377b82,True,2024-08-07T01:42:22.929066
e2fd34b28abe1266,True,2025-03-23T06:27:12.144482
eef73e2c748f6f6f,True,2024-05-29T05:08:10.263458
36843026ad369f22,True,2024-07-03T22:39:32.537022
7e948a792e1d4f03,False,
0f5693d0b70bbc83,True,2024-08-01T10:56:26.454873
8303abe52f9cf9e9,True,2024-05-20T14:53:40.296330
135042e66e498e19,True,2024-08-08T20:40:50.778170
477dfcc6ac5cb5f7,True,2024-11-18T00:43:05.444302
68fdf9dd953d3e2d,True,2024-11-23T18:56:09.680529
7e948a792e1d4f03,False,
c6da86f9fcca55c5,True,2024-08-02T08:10:12.292926
90797ae8f7f23016,True,2024-12-20T16:56:02.663285
1136cb5c01bc85a5,True,2025-03-22T20:21:17.627436
5f362af0ee469e56,True,2024-08-20T15:48:57.800702
7417b59a053b37a4,True,2025-03-06T01:25:07.303554
119e462f3fd8f830,True,2025-03-28T21:24:43.570874
7e948a792e1d4f03,False,
4cf6991dbe95c3d8,True,2024-08-15T04:07:32.887162
36f30cc2d07cf57d,True,2024-12-26T22:06:13.696781
7e948a792e1d4f03,False,
83974bc618b7814b,True,2024-06-18T00:59:36.953727
4966993409729f95,True,2024-12-06T06:59:57.035507
bb02823bcb58dce7,True,2025-01-20T12:57:32.922311
7e948a792e1d4f03,False,
1e8dcc62e20167e6,True,2024-08-07T10:04:04.140988
bcd89caa4d145c8a,True,2024-07-30T16:16:28.713754
9ebd933cc0769ea8,True,2024-11-07T22:22:42.865590
a1ac896fac242400,True,2025-04-18T08:06:21.085019
40939f4b3e0d2831,True,2025-01-05T08:07:45.938371
c3bd58368f74c40c,True,2025-04-08T02:31:06.080874
f882b36db34814e8,True,2024-10-28T01:14:11.971334
7e948a792e1d4f03,False,
f55d9001eb49685f,True,2025-03-03T09:09:28.734969
f3bbeae2631a8e28,True,2024-07-11T19:11:55.205817
5c5b0ba1d8ed82af,True,2024-07-29T14:54:53.911205
4b8c31b34190db32,True,2024-12-18T08:31:16.993708
d1496a56623e09ee,True,2025-04-18T09:35:48.462453
7e948a792e1d4f03,False,
b645cc1fddafaf8a,True,2024-11-04T08:06:47.969275
beeed91e3a61ab51,True,2025-01-06T19:04:26.818723
fd5ce5eb09c9aadd,True,2024-11-18T12:25:05.755251
28e4b60eabb89c73,True,2024-08-06T04:36:14.248803
4e14f7499597cf09,True,2024-10-23T04:05:59.635120
0ed70d759c639273,True,2024-06-15T05:44:12.703691
715580792b9c2f21,True,2024-05-20T14:57:56.007064
0561bcc39cc78e73,True,2025-01-06T01:18:43.174791
a32782c6dd6de5ea,True,2025-03-11T03:02:27.640152
65e5c4751bb9e572,True,2025-03-04T00:36:28.605495
819d1c5e7871c76a,True,2025-03-06T12:57:26.811013
3615d05e6bd16e2a,True,2025-04-05T12:12:14.486182
1af09345dc4a85b5,True,2024-11-22T13:29:09.239032
8b16a149d3977408,True,2024-08-14T06:27:46.678248
997140292031f273,True,2025-04-19T13:03:38.590290
44b923f3b59c2334,True,2024-10-28T16:26:46.095164
1e0e671dcdf15a64,True,2024-06-20T22:42:09.324352
218cc50b0bbcf49b,True,2025-03-20T11:44:29.342803
ff682320dba5f1ac,True,2024-08-28T08:53:20.942171
7e948a792e1d4f03,False,
b581e67fd53b0e5d,True,2024-07-15T09:25:45.418271
59c18146a38f2774,True,2025-02-15T05:44:44.449165
c77694b3d7466e9f,True,2024-12-17T06:39:21.290924
08bfc1ae3946b467,True,2024-09-12T14:57:50.663316
fc5a613ba3c6f3fc,True,2025-04-21T16:20:55.596261
7e948a792e1d4f03,False,
5fe71976ad6f0d3a,True,2025-01-06T16:06:42.484803
5a31f6a948691995,True,2024-06-18T18:38:48.889804
16250c3f6ea2bdab,True,2024-12-28T22:39:56.991954
fb89d7c50eacfb75,True,2024-06-14T07:14:58.381648
3b9c55d55b6d4498,True,2024-10-01T04:16:17.390300
54fbe32bf25c2df7,True,2024-06-08T13:01:56.634378
15639b4df07bebb9,True,2024-11-24T14:05:09.765446
b58ae1d9aef60dbf,True,2025-04-27T08:16:06.936284
7e948a792e1d4f03,False,
c71450da774afc53,True,2025-04-16T09:33:22.812677
b93b88ee41c96d11,True,2024-07-18T22:14:06.938456
302723ac50f420d1,True,2024-11-19T16:27:49.263232
ba98d42ad8d66a05,True,2024-08-26T21:02:01.610802
0fb71250d99a5bf6,True,2024-09-10T16:23:45.518078
5a5f709a8fc74b35,True,2024-06-25T12:39:23.644115
fa97a00bf66d8ba7,True,2025-01-20T19:21:39.404907
52d1b7813913ab5b,True,2024-12-24T07:02:55.076021
1d917b9fa1648e30,True,2025-03-25T01:07:00.970280
569249b0f83926f7,True,2024-11-02T17:57:03.017793
69e225f10b927465,True,2024-11-13T13:22:52.598114
9a7bb6c982522f4d,True,2024-08-12T01:13:39.940744
20ec9ba67297e73d,True,2024-05-12T03:51:05.787465
9d31c7cb4c780199,True,2025-01-17T03:23:31.496714
2247521f1c7500be,True,2024-11-06T08:55:37.547955
5d08aac3dc50a0b6,True,2025-02-09T11:56:06.043557
6cfc80ce12aabb02,True,2024-09-08T16:58:02.892244
bd48d5eb2c89a5db,True,2024-04-29T02:36:32.815997
c819c5bedfb4278f,True,2025-02-14T18:09:39.358309
19d5915ec6436fb5,True,2025-03-10T08:59:25.705220
47ab76cfdc4d34bd,True,2025-03-19T06:54:35.421368
7eb301b9cf4fc340,True,2024-07-02T12:45:10.275934
798c0987db724413,True,2025-03-25T00:11:13.971865
6eca7d9f5fdc8aac,True,2025-04-10T17:36:34.905856
c51f6daada1dfc39,True,2024-08-23T05:23:10.221752
6573222953ee629b,True,2024-06-17T23:46:56.197045
9137c9714d79c663,True,2024-06-17T01:55:11.057409
76e913dc133620c8,True,2025-02-07T23:57:27.439919
7e948a792e1d4f03,False,
f83f9150d1c03958,True,2024-11-03T02:52:56.409547
b1fe652d71b14355,True,2024-12-21T04:34:33.585453
7f97f01d640afe7c,True,2024-05-09T01:31:49.804764
3645542f04a633fb,True,2024-10-08T13:16:17.339199
c7dfe3e4d26f668e,True,2024-07-10T06:29:34.073016
4506dd748afb6e73,True,2025-02-06T10:33:29.147910
d33910b03df28559,True,2024-10-21T11:34:13.821999
7e948a792e1d4f03,False,
e2f173c3ffe269a2,True,2025-01-28T23:42:19.998320
b0a1e5fd56246400,True,2024-06-23T04:04:29.378259
c09f8116028059c0,True,2024-08-17T15:59:12.322198
e44a6d4aa2987e8b,True,2025-01-10T17:16:42.873912
7e948a792e1d4f03,False,
d0ef01dbe99f57d9,True,2025-04-26T23:21:48.374597
bff3c8aedcb789d8,True,2025-04-18T23:12:20.229341
8835f4d08f30745f,True,2024-05-29T19:11:38.353812
6b8a51bbf714fc56,True,2024-09-14T20:27:14.264980
be173747f57a7c4f,True,2025-04-09T22:05:15.203664
800a8b7176261161,True,2024-10-03T02:37:26.591068
aa6bd82472910585,True,2024-12-17T19:22:20.549097
6459944d612b37a2,True,2024-11-19T03:43:13.718455
6a1bac80febf11d4,True,2024-12-17T18:46:52.579886
7e948a792e1d4f03,False,
5cc6156092475a67,True,2025-01-10T05:32:57.020242
7e948a792e1d4f03,False,
f6083bde292b1b3b,True,2024-05-25T21:19:32.731932
3a4c0bced86cba19,True,2024-12-30T06:39:44.280517
b7cfcb9f25f9795a,True,2024-11-24T10:07:32.719195
c8daf110b3e12a05,True,2024-09-08T01:41:48.455278
9d7d8a605a3496a9,True,2024-05-11T06:35:17.480309
edbb479471663ab9,True,2024-09-04T18:59:15.245857
32db242cd15c550b,True,2024-11-02T05:49:11.647976
53ce4fc41f63779c,True,2024-07-02T15:11:23.522326
17f0f557c2b8096b,True,2025-02-28T19:34:26.853318
0ab6757bb9eb4596,True,2024-09-20T03:52:37.771427
99ecf8996a839200,True,2024-07-29T02:05:17.636521
e80b3dc68e640347,True,2024-05-28T13:07:13.266887
2f504f100a102745,True,2025-02-14T03:26:52.990339
98aa17132500bcbb,True,2024-12-16T07:39:50.576730
a6aa83cc3b42f3d4,True,2024-08-19T00:49:40.702174
cc535c8121c045c5,True,2025-02-06T04:55:08.521424
a883534b1ae7aed4,True,2024-07-21T01:42:49.848248
f80ba1c5d9fb1a36,True,2024-08-29T14:57:58.258483
575dab48841de306,True,2024-11-11T20:13:07.516218
7e948a792e1d4f03,False,
9dfe8d33a7335fdc,True,2024-05-18T01:02:02.900444
56454272ac116a98,True,2025-02-02T18:31:01.585655
7743e04678ed1489,True,2024-06-18T06:48:00.174298
cc77a2671c8f9bb3,True,2025-01-26T00:34:49.207133
25e790198cac438a,True,2024-10-19T17:19:57.504006
1ba7896c040f1399,True,2024-05-26T23:25:20.372572
bed8e8c7985b61b1,True,2024-05-27T16:53:00.800673
c0a7e9714fa461e1,True,2024-10-27T23:32:58.149058
e8a98ccbc9018797,True,2024-12-20T20:57:24.804458
7e948a792e1d4f03,False,
f4391c4bd2df29c7,True,2024-07-16T20:37:31.597956
891e9b0ab0d783b6,True,2025-02-08T05:21:11.216730
21ffd80f8d0b5863,True,2025-01-13T10:08:55.694977
7e948a792e1d4f03,False,
57d9fe6d1bb19f54,True,2025-04-23T02:56:38.858303
b813e760f180640a,True,2025-04-03T01:25:55.432654
07cb01d08fa577fb,True,2025-04-04T13:54:48.069937
10e0693a79f672a6,True,2025-01-08T15:55:28.691521
1859c451d221c028,True,2024-05-02T20:32:54.924756
49db45fc2feffdc2,True,2024-06-19T13:52:34.617725
f400c8e75fd63a01,True,2024-11-06T09:44:43.674801
e851c0a759ed2bf6,True,2024-11-26T09:02:23.522702
5280182e435d1118,True,2024-11-25T08:11:50.300080
9ee5f1a4c4e62bbb,True,2024-11-08T18:56:16.068652
72f0cbd2d0d0dd14,True,2024-09-13T01:14:49.028469
ff755fa9bf8660f8,True,2024-12-29T00:18:49.171370
7e948a792e1d4f03,False,
56d57ef43ddfac74,True,2025-03-31T22:49:01.856746
369533e56e0d9116,True,2024-11-01T21:05:05.872525
c9f5ca270a1f80cb,True,2025-02-01T21:10:54.123962
6d5a884d054ec658,True,2024-06-15T10:21:20.148915
9d0d3c07bbefd9d4,True,2025-03-14T16:10:58.280094
c939319f4b84bd99,True,2024-10-13T11:00:43.322265
cab30f9e052d54de,True,2024-07-27T04:59:08.782899
44c0dbe82711a7aa,True,2024-10-02T20:11:28.022008
e3919a2aa213c6ec,True,2024-07-06T15:43:57.202718
fdc199f331e6d68d,True,2024-12-25T12:37:45.425229
2093489feab989ef,True,2024-05-06T11:54:20.268220
9b502616503c2998,True,2024-12-25T04:28:44.441057
35122fe1c230b632,True,2024-10-07T03:05:00.105801
231cbf9a6b19204c,True,2025-03-18T14:33:24.214317
ce1e95cd23858706,True,2025-01-23T16:39:29.902986
aa2f4d5be4b1247d,True,2024-09-20T16:36:46.881335
f8a30c3083432f92,True,2024-06-19T15:20:30.035304
dd34e2e0702c4bd3,True,2024-12-08T21:40:42.784389
4470c3d9443e1a76,True,2024-08-07T12:49:43.217177
f361afa02fc67fe8,True,2024-05-23T05:09:48.839609
118eac6308d30e7e,True,2025-01-18T02:40:45.526359
7e948a792e1d4f03,False,
2ee18753c175d9c0,True,2024-05-16T10:37:14.534005
e6b773556d5d389b,True,2025-04-09T01:15:28.612780
b55ee4eb13ab7fda,True,2024-06-10T19:46:45.077886
0869e4a96d62377b,True,2024-11-24T18:01:09.905756
9d9db46281a4dde2,True,2024-06-08T08:22:20.758589
ab13b2715346363f,True,2025-04-07T15:28:10.733101
c253b289fd037bf1,True,2025-04-11T10:13:46.252470
fbd5105bfc27c300,True,2025-01-20T15:16:25.777914
75faf1b1684d2dd8,True,2025-01-29T08:45:52.852411
7e948a792e1d4f03,False,
4c615738f8d67218,True,2024-05-10T11:55:48.039398
7e604894a075e329,True,2024-05-30T15:15:04.263279
aa87e95c35070903,True,2024-12-12T07:06:42.874453
be73849cdfdd2f86,True,2025-04-19T23:27:25.658793
d430925c7fbda40a,True,2024-07-17T21:25:45.849048
69fbeb57ef0bf14b,True,2025-03-07T03:02:36.544947
2d4f2a41ec7c88ae,True,2024-09-26T06:36:09.168054
68e3452869bbe903,True,2024-09-12T06:28:25.108259
fecf8545c7d29f97,True,2024-09-01T02:38:13.590799
3631626da33996cd,True,2024-11-06T10:16:19.244775
af34fe538a5f53d2,True,2025-04-19T04:56:24.629610
95f3ed7f11231d16,True,2024-12-11T15:41:04.027785
f60bd180be432fdc,True,2024-06-17T19:49:15.349312
baf4d482f2c33b92,True,2024-08-30T08:49:52.025326
3d106819849cb82b,True,2024-06-04T02:37:33.781351
b0fb3ee0e4fa3cb5,True,2025-01-09T19:08:32.183612
fe8daf648e8163cf,True,2025-02-19T17:28:32.140067
3002563f2fb39ffc,True,2024-05-11T19:04:22.072316
23f346381b1a6462,True,2024-09-10T07:24:38.645102
436665ce5576abad,True,2024-05-23T12:59:33.181886
d2a796007b3a8ae5,True,2025-01-05T17:29:43.704262
7e948a792e1d4f03,False,
d2281836e1c5f169,True,2024-12-27T01:38:30.926514
dcbd54746b5b4150,True,2025-01-08T15:44:39.567959
881d9dbcb9c918ae,True,2024-08-04T13:20:09.813124
699bb5595b57184e,True,2025-03-12T15:34:16.155410
f909845dbf307ba5,True,2024-10-27T01:52:57.468413
f5618dfa67171796,True,2024-06-14T04:38:53.945665
7e948a792e1d4f03,False,
bf9b4aea61118020,True,2025-02-21T03:45:22.499340
fd40b845cfb26f4e,True,2024-10-23T16:39:44.645148
e23fd59b338f5d43,True,2024-09-15T21:37:21.401792
70100f1b3e0e84c2,True,2024-06-10T04:53:59.850256
2040e2c4f1b1f2a4,True,2024-10-23T14:00:25.171048
9ea6b4142b616b86,True,2025-02-18T03:17:20.891261
12499a5806210fa9,True,2025-04-18T03:01:24.177142
4025d9b33be9a02e,True,2024-10-08T05:18:12.668247
bb3fea03836f0a0b,True,2024-07-06T10:30:32.499168
c52f6219b5455443,True,2025-04-13T04:33:59.986835
719e26b8be756e5e,True,2024-12-07T09:06:12.660998
caa35a34965237fd,True,2024-10-23T00:07:26.495703
d07e94eec876f296,True,2024-05-11T01:31:09.289929
09af4e3f472f2267,True,2024-08-09T08:08:04.046536
23d6cba8fcaba21b,True,2024-07-02T17:53:19.564392
682498fe705d2980,True,2024-12-10T04:03:22.425037
bcbd3497dca8a608,True,2024-09-15T19:01:32.032147
935ec1d6e3284a66,True,2024-07-28T18:50:17.272397
0c66a36d3de09f6e,True,2024-10-26T05:13:20.503506
975cf9f9b7a0db3a,True,2024-09-27T21:02:22.575353
8276be9b3dbefc81,True,2024-06-27T12:45:37.265208
d255e884ddd131a9,True,2024-09-11T14:33:03.064098
7b7dadf3327bc764,True,2024-04-30T14:51:43.084852
fab687c8722122fc,True,2025-03-11T21:47:08.978333
4e6cdda15d17e03e,True,2024-06-14T06:02:19.051023
c458061d172466cf,True,2025-02-19T12:48:06.937029
eca332ffab76db2c,True,2025-01-27T01:19:18.527717
9c6c1210401c7596,True,2024-08-06T17:28:05.887631
d8e681b0d4535a10,True,2024-05-26T22:25:57.250922
763a21c78c5495cf,True,2024-09-13T02:52:18.705825
0296f6131456f4b4,True,2025-04-19T20:41:51.445261
d668b3b3135cfef5,True,2025-04-20T00:20:55.795396
7bae3c7ccb70a7a5,True,2024-08-04T04:16:36.275270
0189e7b7aeafbe91,True,2024-06-05T22:25:46.361929
85aae1636d0f14b1,True,2024-12-08T03:02:11.751679
828196684b58929c,True,2025-03-13T01:10:52.623903
27c984fc52701a78,True,2025-04-24T10:56:18.084364
a1c69cb8992f3830,True,2025-03-14T15:12:59.827897
7e948a792e1d4f03,False,
9059d0d743ea771a,True,2024-10-11T08:30:26.208152
dbe5779a0e115dfa,True,2025-04-20T03:20:33.618159
2f1788b63caa71ee,True,2025-02-25T14:07:46.749964
c6bb9614f0682c8b,True,2024-06-06T01:32:05.886246
8a8c46fcb3546cca,True,2024-11-29T11:33:51.550535
7e948a792e1d4f03,False,
26aadd8a77af0423,True,2025-01-11T07:48:47.296900
abc2b2bd6390b279,True,2024-10-02T03:27:16.099062
eceb955a7eb275a6,True,2025-01-14T15:29:23.054211
5a73ed0b34d38644,True,2024-05-23T15:36:16.231703
468bb600db720468,True,2024-07-26T08:33:08.921456
69e1d82af7e2ed43,True,2025-03-26T14:34:37.933984
370663f6e6152c50,True,2024-11-15T18:23:25.920429
7e948a792e1d4f03,False,
3b29ef1ea0354ae2,True,2024-07-30T11:51:29.631673
7e948a792e1d4f03,False,
7e948a792e1d4f03,False,
7e948a792e1d4f03,False,
e822cbb6ef63c6cf,True,2024-08-14T09:59:13.578071
4878e079eeca8f98,True,2024-05-27T20:49:52.143293
1dfb15f447130b48,True,2024-05-08T09:29:17.438385
bcff49ff664a1708,True,2024-12-25T19:00:04.791683
9afa3b647a95c924,True,2024-09-17T00:55:52.375310
c1a3a2d828f8efa8,True,2025-04-18T04:21:20.096813
c228941583712fef,True,2024-11-14T13:20:30.806692
5ec62e979f3d7b78,True,2024-12-10T03:07:14.229022
9f7d2f3fb47d0d33,True,2025-03-15T03:05:27.556349
dca514df08f5d70a,True,2024-08-05T22:41:00.212429
5eb72b731960fed4,True,2024-08-19T13:57:10.538895
a917a71ac0b93d3f,True,2024-12-29T16:14:29.044668
0dce9c8fea6ebc69,True,2024-10-19T13:11:50.019412
0a59cc8e9ecabc96,True,2025-03-19T00:33:18.306908
98eddad45fcd4fea,True,2024-10-30T11:53:35.081085
44bd8b02cb197cd0,True,2024-07-07T15:21:35.215657
c354ec8f6162e54e,True,2025-02-08T15:49:47.130972
9db4f7645a8b0f40,True,2025-03-05T03:04:05.188365
b257ef1028410453,True,2024-06-11T11:39:22.574221
b2c88666d79e306b,True,2024-11-25T04:44:45.959453
b6ecb95802a1b19c,True,2025-01-06T00:22:10.809353
b02401aa8e29d454,True,2024-07-16T10:18:21.374320
33a43496141403e4,True,2025-02-01T23:58:17.385234
e36aff15fc6cf4d2,True,2024-12-13T20:04:36.266842
7e948a792e1d4f03,False,
7e948a792e1d4f03,False,
2881ea5aa5474d11,True,2025-02-14T02:15:04.313555
fb80f78b631e3acf,True,2024-06-23T19:34:36.018299
7dc084c210f57c93,True,2025-02-24T12:39:05.353020
72d36707acbf9c8f,True,2024-10-03T14:44:22.072039
ba8f366225e22a9b,True,2024-12-03T19:45:52.979591
b9ae4cd278824cc8,True,2024-10-26T16:33:56.792616
b89349af4369ffc7,True,2025-01-18T16:50:38.095503
3f733414f435f6b8,True,2024-11-01T06:10:58.729713
7e948a792e1d4f03,False,
5157c5f827b3c290,True,2024-11-18T17:38:23.340772
7e948a792e1d4f03,False,
69bb03ee0d214f86,True,2024-11-23T04:42:04.807389
7e948a792e1d4f03,False,
7e948a792e1d4f03,False,
a856827abda41e88,True,2024-07-08T07:38:24.914782
77508be6d4ced4e7,True,2024-12-21T05:14:22.918410
edd1677a48e04f14,True,2024-10-02T17:03:26.476258
eb8aa712d2f44170,True,2024-11-24T13:02:27.269404
c3e837a3801b0ad4,True,2024-07-08T02:22:15.192155
1fa72169105c81c8,True,2024-11-01T06:08:41.854752
7e948a792e1d4f03,False,
7e948a792e1d4f03,False,
06d8976da1077ac9,True,2024-08-09T15:24:30.372624
99c5a47ca878a3de,True,2024-09-18T09:28:53.199321
3cc1c8d0e6420551,True,2024-12-04T11:45:45.229776
990f7ebce89bb8b2,True,2025-04-16T02:20:04.595941
7c0fd5dfce6b6714,True,2024-06-30T19:19:38.658014
2641d994dfa2e14d,True,2024-08-04T12:05:26.092673
52a0790ba46502f2,True,2024-05-14T14:39:56.996689
c53115a2c078b0db,True,2024-07-25T17:17:56.408059
62e35757ade22ed2,True,2024-11-26T05:20:52.865988
5f235a3f1edcb61f,True,2024-06-13T12:54:49.335862
b5676e9799788f38,True,2024-10-19T23:46:57.995980
98c3dcdbd78d3e71,True,2024-09-09T18:09:08.965013
5765b7e67e580bb0,True,2024-07-27T00:37:53.771663
705c2b257f433594,True,2025-04-17T05:11:20.216503
e6b8af5c9012c5f3,True,2024-11-03T23:08:20.943739
6d2d72d5c7ccf529,True,2024-06-17T23:55:01.378071
28138bcf541f5dc7,True,2025-02-17T12:05:45.459977
7e948a792e1d4f03,False,
a28afbd62c632eff,True,2024-08-12T14:18:23.111769
b030157d4a6fa9ad,True,2024-07-25T18:01:38.921487
fa947292052cc668,True,2024-07-26T12:33:26.671459
033295660e3a5ad6,True,2025-02-18T10:02:34.420949
9974380728bcb60f,True,2024-07-12T21:34:54.016287
4f431eef9f2d48f2,True,2025-03-23T03:15:30.054575
86575784475ca29a,True,2024-07-08T06:21:47.717807
681dac155f3139f9,True,2024-08-18T17:52:14.736344
28f51e57d1cda04d,True,2024-10-01T08:11:56.533431
3674459fd10ed567,True,2024-12-30T18:05:40.039422
29a745ff5c5c27fc,True,2025-03-14T06:14:46.334886
e6637905618336df,True,2025-01-28T22:36:54.499638
d02b7b6019c344cf,True,2025-03-20T03:58:07.060487
fce1e6d864b538a4,True,2024-08-16T21:24:33.339482
c9da7ebb59216edd,True,2024-05-21T03:43:49.432201
d7a933ffb1cf335c,True,2024-07-25T10:25:05.701620
6168d7776a7a8230,True,2025-02-01T12:16:54.543292
cfc00aca3d151db0,True,2025-04-24T16:43:20.107515
7e948a792e1d4f03,False,
bed2991faec66434,True,2024-08-31T18:52:13.333799
ef3efeca2a957e1a,True,2024-06-09T12:03:51.085490
2f56c7278fdb8c13,True,2024-10-15T01:15:55.411937
b600cc06e6cbcc8b,True,2024-11-06T16:24:49.687085
4cde1bcf1af333c7,True,2024-08-07T01:18:55.199103
a53facfc317319e5,True,2025-01-12T17:51:41.524259
990326e3669d0320,True,2024-06-06T20:07:50.372615
79e4cd07d3225412,True,2024-08-13T01:29:14.035711
7e948a792e1d4f03,False,
baaeffcfc7101afe,True,2025-03-13T18:30:24.394790
1c018f9d2b6a1136,True,2024-08-14T09:26:10.599483
7e948a792e1d4f03,False,
b7ada833dd502ca1,True,2024-10-04T00:45:47.520577
7e948a792e1d4f03,False,
cae1284cd8215980,True,2025-04-02T16:37:15.572566
89182d4e9770dda7,True,2024-11-15T22:39:46.403173
1906e2be26fed852,True,2024-12-17T17:13:36.867593
5023396ddf76d343,True,2024-07-26T09:24:25.903204
bd6a3e9759ecf995,True,2024-06-27T01:38:11.275168
3d79abb0a3264e6e,True,2025-03-17T19:08:04.209738
de56893361e185f5,True,2025-04-21T01:30:51.511889
629ccfb8515708ba,True,2025-02-25T22:44:24.379730
494d5af63c4230fd,True,2024-12-04T07:31:33.951892
49aeb626b7d932f2,True,2024-09-28T03:41:17.316886
317a37141c4202b5,True,2024-08-14T12:50:35.099454
16265da626450cb4,True,2024-09-28T22:06:59.390418
4d6184ab374bdbdf,True,2024-07-28T20:20:32.139148
65e05f79146574dc,True,2024-06-07T06:32:36.494181
87d820303def94fe,True,2024-10-21T07:43:29.771423
61b273db42091318,True,2025-01-09T03:27:51.289653
cbf09285cff8795f,True,2024-09-30T03:19:21.170178
1074cde0b2ddb45e,True,2024-08-19T16:27:54.152367
240428c0644caf4b,True,2024-04-29T04:31:24.805010
cc3cb865c5862037,True,2024-07-10T20:04:39.713749
223ca7fbb28d8ae1,True,2024-11-29T10:27:58.593923
8f4c8ca41799bdae,True,2024-08-15T10:47:18.333803
99def09509a755b8,True,2024-12-31T18:50:58.889920
861919525a61c618,True,2024-06-29T09:36:32.838685
e252d825fed00c8c,True,2025-03-12T05:53:15.797739
a8b028500a383733,True,2025-04-17T03:21:51.264391
7e948a792e1d4f03,False,
949cf91e70d9c8b7,True,2024-10-29T21:49:58.018559
38e9f840854224b3,True,2024-08-14T21:14:15.595782
7b8701632f402fb4,True,2024-11-28T21:33:48.910875
67d0120d68aaaf06,True,2024-05-24T19:40:48.938862
a6a23f1002361573,True,2024-05-26T19:10:42.146580
919a099c958e250a,True,2024-11-18T12:27:23.122503
45db882967936150,True,2024-05-29T13:15:21.567777
3ece09014708e87d,True,2025-02-14T14:24:15.997376
32ff2b488d58fabd,True,2025-02-25T06:34:59.640264
44d85974b05400a0,True,2024-11-11T12:48:29.650160
7e948a792e1d4f03,False,
a275341b0d95a497,True,2024-08-11T15:08:12.290258
7e948a792e1d4f03,False,
c6a7effa43089d02,True,2025-01-05T05:42:10.437840
2b38af9aaa12c91e,True,2025-04-19T03:02:04.240954
67446cba9baf84b8,True,2025-01-21T09:49:13.780946
0b08f3e3c3abd931,True,2024-06-20T09:09:25.857394
829b2dcb5ec8c31f,True,2025-01-02T07:00:48.160117
fd4a62803857878b,True,2024-12-24T05:00:05.754004
db3636f7137ca0e5,True,2025-04-05T07:34:36.523255
488c8d35329662f0,True,2025-04-22T01:18:22.640224
c8d4730b08b188a7,True,2024-09-16T11:06:18.286516
c4e03d5c613cb446,True,2025-01-07T05:40:24.209993
ec413ce94187e7e6,True,2024-12-11T21:03:11.438984
ccf0398709b7dfac,True,2024-12-27T01:48:49.220862
237b1036362c637f,True,2024-08-25T16:28:41.418522
34ac500ca36d0272,True,2025-02-14T08:13:39.229714
9f66fcd0810fed8e,True,2024-12-25T14:50:38.200797
bad94f335461948c,True,2024-09-03T17:45:22.292910
a60d7ccb2759beab,True,2024-11-16T07:23:50.947868
749b6724567e0429,True,2024-11-11T23:30:34.837096
18c25a0a67cb830c,True,2024-09-15T09:36:02.288520
a43e61b3ae191aa0,True,2024-12-04T13:28:55.230332
7e948a792e1d4f03,False,
7f1ce921264ae382,True,2025-04-19T12:51:57.793486
a639bc43ae598c33,True,2024-11-03T01:08:43.230553
2ceb6a7a0c687a26,True,2024-09-05T10:31:41.485195
d987b12994268c4d,True,2025-02-25T05:04:00.784634
3bd470bfecf10d2b,True,2024-05-13T11:47:00.139315
e99fef80cebecc1c,True,2024-12-01T08:51:42.404808
ac207ff8e479bfee,True,2025-04-26T17:46:59.619514
ec7560a07bb8b56a,True,2024-06-24T13:23:27.929511
54bf111a4559ef3b,True,2025-01-13T20:50:49.322644
b20771afb8d3339f,True,2025-01-30T12:03:48.833388
40cfca20fad77ea7,True,2024-09-04T11:51:28.372569
d38b4ac95895f1d7,True,2025-03-27T00:49:18.386018
689aff9f8f81e37e,True,2025-03-13T09:31:41.690454
31972d436dbd120b,True,2024-10-06T06:05:00.488698
acbbadd5a6af403b,True,2024-10-30T01:29:52.985653
8a99a54e51307c08,True,2024-09-29T20:29:46.343817
e682ae41917cd7e1,True,2024-09-23T12:30:07.916104
e996c28952fb2419,True,2024-05-04T11:52:47.900828
776f11237613b882,True,2024-08-18T21:05:47.931874
06d17f00d9a56b42,True,2024-09-11T11:04:57.226893
fab60d0a7c45038f,True,2024-10-20T18:22:00.223874
2a9410feb4d42069,True,2024-11-12T09:16:08.233854
7e948a792e1d4f03,False,
3d924ccc178a6dd0,True,2024-11-15T15:47:10.713760
891991a1835d145b,True,2025-02-20T09:37:00.578014
1e30712aa05c1c88,True,2024-06-06T00:25:22.269937
1b77c9bb9f3fd219,True,2025-04-12T13:47:13.867077
95b0f8b76d8d7320,True,2024-12-24T17:25:12.829882
7e948a792e1d4f03,False,
6201c5f7a0e21c18,True,2024-10-12T23:13:27.495816
41ff6e837c60b9c6,True,2025-01-25T08:38:34.341875
1ec748ce7e5268ae,True,2024-05-02T13:33:45.337158
5ff92fa3edac4147,True,2025-01-18T01:51:42.584232
0ab923573537d3ef,True,2024-06-10T13:55:10.271519
66ee61c7f1f1f409,True,2025-04-26T02:43:43.414646
650ea5c199056c47,True,2024-08-04T12:29:53.485367
e1cd44af902956ce,True,2024-08-25T12:05:34.360465
7e948a792e1d4f03,False,
2e47c6baa2ca046b,True,2024-08-24T12:05:21.657870
8f6ff618130d1558,True,2024-12-11T22:21:44.308550
6df81ac19b29a114,True,2024-10-31T06:39:54.370509
b813cddf36cb1a1e,True,2025-01-18T17:52:50.868729
741519b3ccacee97,True,2024-10-18T01:30:36.031111
7e948a792e1d4f03,False,
7e948a792e1d4f03,False,
22c9e0e501b481c3,True,2025-01-28T10:06:55.558596
23132fd6c1e627e6,True,2024-05-21T16:27:50.169972
101eba8e8662798e,True,2025-04-06T09:19:29.528675
6a58d2ec0adaa77f,True,2024-05-31T09:12:25.341331
1bc00d7e0f1335e7,True,2024-07-07T23:25:24.849414
ff6240a47134814e,True,2024-09-23T12:55:32.826877
3ac432cfa18c6e20,True,2024-07-14T15:15:58.992193
51aa33f2cff232bb,True,2024-11-09T01:49:21.378696
f4d169238448f7b8,True,2024-11-17T00:39:10.145914
5bb334ffbe6c92c3,True,2024-12-26T07:36:45.286390
c1c08b6941db98e4,True,2024-06-20T10:55:16.961711
1144b966329f1f86,True,2024-07-16T07:24:03.493084
36688d5898887b23,True,2025-03-20T21:45:47.921720
f8b05b326b6b23f3,True,2024-05-27T17:55:05.800963
936c54f22bdba5a1,True,2024-06-30T17:36:52.906392
d8bdde01481bb197,True,2024-07-25T06:06:07.416791
307e5a83f52ff5bc,True,2024-12-26T10:37:40.300720
48d65000b77c0aff,True,2024-09-09T20:18:14.183863
fc6a7ee361bef237,True,2025-03-03T05:26:04.222500
892362613d70700b,True,2024-07-26T08:08:56.729901
111689868dc0acc6,True,2024-06-15T08:02:16.678873
3b4a4e36e97008b6,True,2024-05-05T21:29:11.946959
8ef8752f1d8ef297,True,2024-08-28T22:47:09.911767
af38a6ec5888cefc,True,2024-08-05T06:04:15.387911
7e948a792e1d4f03,False,
06836ab60b91b570,True,2024-05-17T03:05:02.477602
1d0d7e0c9b984a61,True,2024-08-16T14:28:34.561147
4de4c8751a145e4d,True,2025-01-15T14:26:55.272191
638e6b9165b2c9f5,True,2025-02-16T09:55:41.346889
6b57e71219b405ff,True,2024-04-29T07:51:47.048321
e508b4546f932c81,True,2024-08-08T07:53:12.246540
9611d86200d4398e,True,2024-07-22T11:27:34.582814
aef6826c541f5738,True,2024-11-23T22:34:03.425766
e699e7e0e0013271,True,2025-03-25T02:15:00.329186
795fb4e3511938ea,True,2024-09-23T12:05:24.882915
400de3e8c70d8c52,True,2024-10-29T01:33:18.590366
b4af20b769a71d9f,True,2024-12-31T21:22:32.056479
b54ec1aef668ee8b,True,2024-05-16T20:47:10.582712
62a4562304aeb6dd,True,2024-07-18T17:28:12.291637
742b98220bcdb98a,True,2025-03-10T23:40:00.139281
c2714371fbc11698,True,2025-03-08T16:48:42.589478
8b46f0196340ccc8,True,2024-06-26T05:21:52.779000
ebbcf51e89c12752,True,2024-09-09T23:27:04.195572
7e948a792e1d4f03,False,
c650b85246591161,True,2025-02-25T19:53:04.262969
16c3f6482d3df57b,True,2024-06-04T17:03:13.925906
788e6ea8f5b78b51,True,2024-12-02T03:07:16.207074
7e948a792e1d4f03,False,
a35aa327206f8194,True,2024-09-15T03:22:02.087874
958ae643ea04e3e4,True,2024-08-01T20:27:14.037095
117a20f1282f93d3,True,2024-09-11T02:41:04.496269
71fcc52e85945440,True,2025-04-14T12:04:45.861459
77a62567b72f0027,True,2025-01-13T21:20:52.796720
ffb3ca82245abe8c,True,2024-09-05T07:21:12.811430
ecd1f213d05cc40b,True,2024-11-27T11:49:10.781830
87012cd9c3a79049,True,2024-12-05T20:55:55.488041
2b9a4bd24c1ff0ae,True,2025-04-21T11:00:11.185310
afb85901d90463f9,True,2024-05-10T06:11:30.456514
fb47caf783718819,True,2024-12-12T15:57:57.458709
451a94b8c57e879f,True,2024-06-15T00:41:49.788862
d666b12058961f44,True,2025-01-01T02:13:57.876254
1bd22fc5bdfa791b,True,2024-11-20T00:21:24.362651
ace08715b838ad90,True,2024-12-28T04:26:29.621969
587fe4e1adac97bb,True,2024-09-16T08:57:45.685940
7c2ae09403231a4d,True,2024-11-29T04:15:20.544295
2585c3fd9ff5ffce,True,2024-12-28T07:07:45.049442
bad173da281d4d28,True,2025-04-13T08:28:44.521732
973ad717f776a00a,True,2025-02-12T15:36:44.487678
43c043a0ee3ddf67,True,2025-02-27T13:54:08.553065
25ee29596c90c610,True,2025-03-24T22:33:09.581461
bc3373de89ad987a,True,2024-09-24T00:12:15.473514
be1831e2f7aea04e,True,2025-02-01T16:39:06.659433
1e6ea35aa1765d28,True,2024-09-11T18:34:21.231517
7e948a792e1d4f03,False,
e248581450070527,True,2024-11-16T10:36:59.309617
905cce39b8a0396d,True,2024-08-31T03:16:28.977017
7e948a792e1d4f03,False,
537b4a952414b8bd,True,2025-03-25T23:56:21.321799
7e948a792e1d4f03,False,
2defdcb0715e1f14,True,2024-11-16T11:32:50.714367
9c3bdfb982188ce3,True,2024-10-17T06:35:51.711291
b7cfff4f349b8e9a,True,2024-06-23T18:37:54.757207
1025fbb322b4e93e,True,2024-12-14T14:34:54.456412
7e948a792e1d4f03,False,
7e948a792e1d4f03,False,
012f6f886e663340,True,2024-07-24T06:49:14.910988
368e5244acecaa25,True,2025-01-02T02:56:37.040714
066640088ab72d2b,True,2024-11-15T06:58:15.293824
68c78987a836b740,True,2024-05-04T12:19:14.466033
abbd9dc1a73a162a,True,2025-04-16T19:37:30.958919
0976900712e6fa87,True,2024-05-04T01:51:43.409659
dc3c9fba519a35b7,True,2024-05-02T12:57:23.400103
310397ae00ad2aa0,True,2025-02-02T00:29:26.904012
c85e0295bc03360e,True,2024-12-16T00:56:18.363956
f9aa114362b3fc60,True,2024-11-15T10:40:26.930226
2ad914f055f92049,True,2024-08-29T23:48:06.700200
301fabd3af25e3fb,True,2025-01-19T23:02:56.660074
94446b8b8e7cb71c,True,2024-08-12T14:45:51.801731
0ea967e32af42854,True,2024-07-15T22:22:10.989729
7721f7928f8caaef,True,2024-12-29T14:47:34.955637
7e948a792e1d4f03,False,
7e948a792e1d4f03,False,
e7228bc6887dfebc,True,2024-09-29T17:34:18.278286
561f831da398dff2,True,2025-01-17T12:43:40.779204
964261cb4cdcca04,True,2024-09-08T04:03:47.561227
1a515469403c1f22,True,2024-11-06T16:12:00.611614
7623b9cee4c34f37,True,2024-05-31T05:31:45.108905
7d52e9b78f17134d,True,2024-09-07T20:02:09.624177
013122f98ada016e,True,2024-11-27T21:19:42.232010
c138521a80b4d0b9,True,2025-04-08T15:23:38.193117
2217259d9b44364e,True,2025-02-18T08:26:31.951168
bafe0960f0873c37,True,2024-12-25T22:38:31.440801
b309c88dc9bd6eca,True,2024-05-29T06:30:12.081609
8b0dfa6d2a9aed95,True,2025-04-15T08:24:32.200482
9c2fcaca8991a51f,True,2025-03-07T04:05:48.236619
13a9dfe87549423f,True,2025-01-04T19:12:49.950267
12084b8c77b25b7a,True,2024-07-25T14:34:05.434142
7e948a792e1d4f03,False,
7d1106026438aaa1,True,2024-11-04T15:40:29.093891
4ab0912982f3d9eb,True,2024-12-16T17:20:48.681207
056b312c2274aa67,True,2024-05-15T19:15:11.599745
bd148d23ee3f1bfe,True,2025-02-13T09:27:52.560567
b6958f154014851c,True,2024-11-17T16:01:27.638054
29fd8e7f2f3adc5b,True,2024-10-02T01:01:45.589260
f1b674fd13dfbf92,True,2024-10-25T11:48:34.388294
54800a14c8487021,True,2025-04-17T23:15:34.107686
c8fb495a70eb515c,True,2024-11-15T00:24:57.779620
65f30ee138c90f60,True,2024-09-27T22:04:44.741941
b6b26ade1e0326cd,True,2024-05-15T14:29:00.372294
4b609eeb1faa453a,True,2025-01-02T19:21:33.436675
5116678de69d1948,True,2024-05-22T22:16:35.551760
f001b1d71be87cb8,True,2024-04-29T00:48:10.684234
e79fa734b3f17c3f,True,2025-04-11T04:52:15.166074
063d08eb37fe087e,True,2025-04-12T11:45:37.002192
a17a2d5998ccac55,True,2024-08-23T13:23:10.171204
f0e68d971f8a5487,True,2025-04-05T14:42:07.015477
ecb40bfedf5949c3,True,2025-01-05T17:47:58.758142
47c735491b5c511f,True,2024-07-26T16:12:40.798290
3dbf7bf5f4e52395,True,2024-07-05T02:22:51.247136
b14b422f89a1959c,True,2024-09-20T08:05:39.359638
6a97b91cd43739fe,True,2025-04-21T20:11:51.722526
e7e6c2e5a5817997,True,2025-02-22T03:56:46.467887
8f3264be3f4003b5,True,2024-05-05T07:17:13.377317
0902ee7881f7c235,True,2024-08-24T00:29:13.751433
558f3f3f60d1f2eb,True,2024-10-31T16:17:29.074350
32faf0a2c1c55edd,True,2024-05-31T17:23:02.105142
1cf88680984b23e4,True,2024-08-01T00:39:39.712656
ffe0e6ab41ad0914,True,2025-04-13T02:14:15.735236
ebc101bc8dc5e9b7,True,2025-04-14T01:01:34.126277
bf2de07fe8814ba6,True,2024-06-02T09:33:20.272065
15d50039ae4157da,True,2024-08-27T16:07:12.854194
96d9325407cc9720,True,2025-04-07T21:06:59.017582
e3f97dd049e16f27,True,2024-05-16T13:15:06.036048
f16dedf9ec87f246,True,2025-04-13T07:24:23.987101
a7c49ae8c46cfff0,True,2024-04-30T19:57:48.423709
00c4758b09a1931e,True,2025-04-24T00:06:28.906952
2aa1f6b2109ab7d4,True,2024-06-20T00:43:02.819116
566a7de3c30d36c0,True,2024-05-08T13:33:40.638417
f18da393424acec5,True,2024-05-22T06:14:11.966557
e8e3cf7d0c7c90a7,True,2024-07-19T23:41:13.578207
7e948a792e1d4f03,False,
fb3e4b52a141b5ad,True,2024-12-26T17:16:00.267653
731bfa1e8469eff5,True,2024-12-22T15:01:18.572129
6eb4df118764d7da,True,2025-03-24T16:39:59.410560
60f093978b23dd2f,True,2025-04-26T05:47:59.695528
7e948a792e1d4f03,False,
c898e7351a113d12,True,2024-11-02T23:04:27.136464
d719fd5b2dea2472,True,2025-03-24T16:09:13.416283
e43b868d14397413,True,2024-09-19T23:28:15.759639
77a8293f55ac9f85,True,2024-07-21T22:54:33.658826
45ff7d8faa6d3c2e,True,2024-08-05T02:04:45.234115
12d9d54d4ccaa90e,True,2025-01-02T17:11:53.387547
df88fd1172e9b580,True,2025-01-28T18:25:30.928509
6b5095dd247d40e1,True,2025-03-12T10:05:29.141300
8327a2b393f26d7b,True,2024-07-10T09:22:59.327956
cc9d89cfb8f61a46,True,2025-02-05T16:00:39.291317
44c1a5d1075e7742,True,2024-11-01T14:18:43.245963
b4ea6d92ba3c0ecd,True,2025-01-20T05:13:22.156533
6374a347ef7eac89,True,2025-04-21T16:20:01.310939
556d2e14f1bb33a6,True,2025-04-21T10:03:11.099394
cedc101d0ac2e918,True,2024-05-04T00:06:55.241720
43ed4c9997576a3e,True,2024-12-13T18:55:22.172986
0c1b4f6a6ce552df,True,2024-09-02T14:20:55.525063
b13724879cd91be6,True,2025-01-20T05:09:48.946491
0f6c678ddb0fc99a,True,2024-07-21T15:00:46.517683
2fe36f979897f62a,True,2024-10-25T21:57:56.234691
98115ff20e155659,True,2025-04-23T06:29:18.070775
7a21880b8708c1bb,True,2024-07-01T21:23:15.485430
ea244fcd0c4c1ef6,True,2024-11-15T19:18:25.130809
cf245e47366b0198,True,2024-11-13T04:34:13.047420
7e948a792e1d4f03,False,
9ef54cdba041d026,True,2024-06-01T16:35:11.480822
365e188a676f6b1e,True,2024-12-17T22:46:59.684784
1449174677d8d741,True,2024-09-03T05:27:55.226495
ae29fed472b40d41,True,2024-11-24T02:55:48.034947
8d593663993c8fde,True,2024-11-13T18:10:29.603091
fd1b2b051cb13683,True,2024-09-12T03:07:55.193206
1e5851e5e95f098b,True,2024-11-18T19:33:03.561422
dcd69e33e554c80b,True,2025-02-08T12:52:01.707323
1c5ef9b9ea129746,True,2025-01-23T16:16:15.388550
e83c885bb52ae6b2,True,2024-11-23T02:26:30.003288
ccd2963f99b9e0ab,True,2024-09-27T03:37:42.250372
6dc71857c1c267b5,True,2024-11-18T00:48:06.192922
156fea48ee80afc0,True,2024-10-02T03:31:17.615883
d6abe4e8de18fb4d,True,2024-12-23T21:16:37.171604
613f72e8f5ed6209,True,2024-11-11T19:06:49.798306
a41a39c5f711c4c7,True,2024-08-23T22:22:33.872370
4d8a199fdda862fc,True,2024-07-19T07:03:20.922437
4ffcd0e8d66f5394,True,2025-03-15T19:38:59.849693
a516e8081a4a01ae,True,2025-03-15T00:23:56.491151
48a9815d0d66e0e8,True,2025-03-24T15:26:37.725263
42a26fa24f5f72eb,True,2025-02-01T06:05:27.437882
4dbc73bba0c4f638,True,2025-03-27T03:52:51.204787
18c78664622f222b,True,2025-03-21T02:52:48.534595
56a50126a107ae9e,True,2024-10-01T10:47:51.200088
7e948a792e1d4f03,False,
3f52b20ac2890472,True,2024-08-29T03:32:53.673767
0429f7a5cb5867e5,True,2024-12-06T03:55:54.364806
e36b9e87f8668e16,True,2024-12-04T17:51:39.278304
91e46cfe5761c15c,True,2024-06-07T12:07:44.516898
c4966cbe24735286,True,2024-11-10T13:28:13.447358
fd12f5f11ffd39f6,True,2024-12-30T04:07:21.538159
006ef4bb47a321aa,True,2024-10-24T08:48:41.502457
e55efe7974100b0d,True,2024-09-16T23:30:02.085617
0568bb7cff436098,True,2024-05-22T19:39:54.417610
2b3666caf25c5e03,True,2025-02-12T07:13:50.863184
3e870102411e6d7b,True,2024-11-19T13:37:52.587810
6155fe3ca0c91ca9,True,2024-11-11T13:17:24.015655
1c704d2dacac3db7,True,2024-12-12T20:39:04.801932
ace8c5708ccaaa4e,True,2024-09-23T19:08:50.480663
2b1ffcc57f312443,True,2024-08-23T20:27:19.786136
bbfb3c3677bf09e3,True,2025-04-06T11:18:35.825300
483989f2349c0afd,True,2024-11-08T16:08:48.208993
fcce12b0fde6d9b8,True,2024-05-30T16:58:11.299785
f3ef9fbd5fc3e032,True,2025-03-27T07:36:52.190183
35688f5d7641228c,True,2024-06-12T22:58:11.793074
6bffdc8ec37676b0,True,2024-05-19T11:49:03.804119
f63aa916831669d7,True,2024-10-29T14:39:35.601089
d0f19e89645d274a,True,2024-05-12T04:45:22.033447
7e948a792e1d4f03,False,
bf6edecf49937d27,True,2024-08-11T22:31:00.519031
2cbb4e07aa5247dd,True,2025-02-04T01:35:42.585193
073965a5502699ca,True,2024-05-21T12:22:28.126026
7809b0517b30d634,True,2025-04-23T07:10:40.543291
a61fae796e690db4,True,2024-06-14T06:07:18.140431
84ee15f320c09736,True,2025-02-15T11:02:49.416990
e69f1dd81925e10b,True,2024-10-26T17:21:51.569998
5c6dccb7128b53f7,True,2024-10-07T21:42:14.678252
0b672ea71d8aef9d,True,2025-04-06T14:13:43.689536
f480c95756b2c0fd,True,2024-06-17T02:01:54.234173
a347208cd95365cd,True,2024-07-20T20:19:13.394660
6180bf23baf14611,True,2024-06-23T21:43:50.160749
79e7c75cbcca07ce,True,2024-07-07T06:05:52.995946
a89a8a58f471f9dd,True,2025-04-02T23:10:35.954166
3aad25c836662abb,True,2024-10-16T01:11:20.859286
4957770d752876d9,True,2025-01-17T22:58:18.662089
a2296d9e89c05920,True,2024-09-07T00:14:30.437783
f5a4555f8f893823,True,2024-07-20T18:45:23.198413
2d681c58c963cd8d,True,2024-07-23T11:23:19.005965
4b45e2f7fd2b8105,True,2024-10-28T12:37:30.157319
54b635c8fea79101,True,2024-12-09T18:21:26.495900
7e948a792e1d4f03,False,
63abd063a8b09df0,True,2024-06-11T12:23:59.661567
fc665485faa10e6e,True,2025-04-05T18:00:56.211342
219fbfe980153994,True,2025-01-12T20:05:52.154053
c740c280bdf2f10d,True,2024-11-13T08:13:10.491919
eaa97b9bb836ac2a,True,2025-02-13T07:37:23.632809
d6c66642a1a369ab,True,2025-02-08T08:57:53.312749
6368b2408bd0e734,True,2024-09-03T05:01:29.671363
2010371b6531e1b3,True,2025-02-07T08:09:16.569646
6c754fa7bfe7b597,True,2025-03-23T01:25:34.766782
96c52bf246b7f084,True,2024-11-26T19:36:19.775240
e2d01ef6bbed5d95,True,2024-07-06T03:45:54.640149
0e1fc1d00c9e6558,True,2024-07-22T00:46:45.382243
3323efbdca05a5f7,True,2025-04-19T18:48:21.974778
7743c6dde57483f1,True,2025-04-17T09:08:05.358019
63181e6faccbfe1a,True,2024-10-28T14:41:44.573364
d693d74268704f85,True,2024-12-24T17:27:33.775046
fd3c61eab5a38eb0,True,2024-05-14T12:25:37.581753
b8920caa3e08bee3,True,2024-10-15T07:06:53.627000
c0171747e5c5177d,True,2024-05-30T19:43:44.347419
78c01b86c9393e4f,True,2024-10-29T18:04:18.914764
b44cb534d4ccb193,True,2025-04-20T09:17:01.130936
f5431b62b7701208,True,2025-03-19T18:39:05.265136
ac20db2b9961f623,True,2024-07-05T05:02:46.615456
2e9a27637ce4b366,True,2024-10-12T10:14:30.612108
78bb59918b0e4151,True,2024-07-13T18:14:29.058181
390355b7631641ac,True,2025-04-12T12:00:21.475109
3c5cb00e235d7edf,True,2025-02-25T23:30:21.634302
bed2804cc43e6060,True,2024-05-24T02:40:32.837315
226fce9309d545e2,True,2024-06-17T22:53:23.134457
c59a614e58e007dd,True,2024-04-29T03:28:10.807671
0afa5dbc1515eb56,True,2025-01-26T22:12:38.156966
7e948a792e1d4f03,False,
3c57b3ca7c20ee8a,True,2024-12-28T04:28:18.149042
ce8ba222b63c1fe8,True,2024-06-16T10:08:27.899613
052620978db763f9,True,2024-11-18T22:13:37.757127
7e948a792e1d4f03,False,
7e948a792e1d4f03,False,
7e948a792e1d4f03,False,
b978bf6d66b34cb2,True,2025-01-16T22:20:39.459570
6c6d49118908060d,True,2024-12-24T20:37:18.172193
834a7db9206a6f0d,True,2025-01-28T15:16:32.590895
c47f89f50843897d,True,2024-10-01T06:04:35.222549
fc4c6637bb678b3b,True,2024-11-05T12:42:10.525450
0e859b12bc1b123c,True,2025-02-02T12:03:00.631015
3dc1d9cf61d9d2ea,True,2024-11-08T07:06:31.800070
a5b56a4a3a42cb28,True,2024-06-02T22:38:27.787009
7e948a792e1d4f03,False,
875f0042e8640ff3,True,2025-04-11T05:41:13.728971
de75ec48cb3d03a0,True,2025-03-26T11:48:24.071810
148b75b1630c4620,True,2024-06-19T07:57:28.457891
7f9531f1a8d38467,True,2025-01-09T04:06:41.059694
8fd3f66480db2524,True,2025-02-15T06:35:57.938035
7e948a792e1d4f03,False,
7e948a792e1d4f03,False,
4a331ad58a892ed2,True,2024-10-13T22:37:04.556424
1b772595083e0a7b,True,2024-04-29T03:00:58.359298
065292bd739ca876,True,2025-03-22T08:37:39.625437
357ea1a0df5a969f,True,2024-11-24T03:03:27.833684
ead5363e7c80a3d4,True,2024-07-14T21:30:57.640159
032578f81f5dc761,True,2024-08-27T04:06:31.958369
1e5c54c7aea7f891,True,2024-11-27T15:41:19.101459
0b855101f9748ebd,True,2024-12-25T12:36:42.963235
f46289dcc2a585e0,True,2024-12-26T18:32:43.713663
030491ca2d107ac9,True,2024-12-29T11:28:36.971981
c6d55339dfb110cd,True,2025-04-26T13:11:53.277238
03c51cb6b486a3c2,True,2024-11-02T22:53:32.225307
a662b130e5516a36,True,2024-10-06T00:54:39.115733
ad8828a6e0d54621,True,2024-09-25T10:10:36.186755
8ea7cee8bd980bc1,True,2025-03-05T14:39:20.705386
e751b069b416e5f2,True,2024-08-20T19:43:28.691636
6c839dd503b6f27a,True,2024-09-12T10:10:20.811675
ffc2d11afc2044d3,True,2024-09-28T03:21:41.034435
da8d3861927364f4,True,2025-04-15T22:34:03.242373
4d92847ef4357eda,True,2024-05-08T12:25:45.885203
d94eb04b24f2c5ab,True,2024-08-05T08:36:48.532522
ea176b6a4ffe8bd8,True,2024-10-11T19:12:44.493955
5206ff236f7b37f6,True,2024-12-23T04:48:52.544839
7e948a792e1d4f03,False,
2b8b011e2c11268c,True,2025-03-30T23:58:25.192260
0ff70cded14572b2,True,2024-09-13T06:19:43.334806
4df01d27974e3b8d,True,2024-07-08T08:34:07.549525
93f7b2b56a459e0d,True,2024-09-16T15:14:40.935185
47297b3d1d28752c,True,2025-01-08T01:56:09.688038
0a5f182a7c14e6ca,True,2025-04-08T07:45:03.028271
d7ca32f4077d7c38,True,2025-03-14T10:05:34.348836
7d590474b67ee178,True,2024-09-24T18:36:46.526849
d0e9b17cde883db1,True,2024-07-12T16:46:17.782215
03f11d24cfc207ba,True,2025-04-06T19:19:54.785807
fb8e8034f92665c4,True,2025-02-28T02:40:12.585915
7e948a792e1d4f03,False,
7e948a792e1d4f03,False,
49937526cfd68368,True,2024-10-24T09:13:30.303226
c037738cfbcdfb17,True,2024-07-02T22:01:35.706099
6973dbf4073ad40b,True,2025-02-16T08:07:36.097090
9a1e4dbaaf54c2cf,True,2024-11-16T03:05:15.632878
fdef8b745474187c,True,2024-11-23T19:08:58.598122
ca0f0c8893e0f771,True,2025-03-26T00:16:44.996280
229e447c7b047277,True,2024-11-26T13:43:17.850885
70b8b940e941716e,True,2025-03-17T21:46:32.280107
1395925d0d717968,True,2025-02-25T22:09:36.273330
822c8a2794bb9907,True,2024-12-09T09:50:40.910632
1b4c87931f11f3ef,True,2025-02-27T04:45:13.940117
ac7844cc0346b51a,True,2025-01-02T01:43:38.411847
c5f7609465a4ae1b,True,2024-09-06T03:21:40.877829
ac5f0133c85c77cc,True,2024-08-17T17:10:32.306145
7e948a792e1d4f03,False,
dbacd7fa8c2c6466,True,2024-08-20T18:39:39.961628
2bb1d05de2340116,True,2024-10-02T17:17:46.643402
a80772fc47bbfabb,True,2025-02-27T01:45:19.498646
9c945d8e5f8a3386,True,2024-05-01T09:34:56.040313
eb481e4605e3976c,True,2024-04-29T08:11:15.850456
0de5e6318f0a2df8,True,2025-01-30T17:45:55.460907
8b810e4b8f15dfb9,True,2025-04-23T01:25:56.557810
7f79d1fcc013bad1,True,2024-08-13T20:20:18.073700
9e5d166dc47b3443,True,2024-10-25T07:41:23.348432
fa7491f55ec4d062,True,2024-05-15T22:14:10.413207
638d2ff5702a12bf,True,2024-12-29T02:25:36.585196
626972428d4e838b,True,2024-10-10T21:56:35.155971
d52da510a9c7c0e5,True,2024-07-15T17:43:06.927295
a6108159e51d7c39,True,2025-01-12T18:01:22.957523
8d33b87792a03fff,True,2024-08-11T11:38:20.093496
1068726faf764194,True,2024-05-14T19:19:09.856141
ccd0ee248caae74e,True,2025-04-16T06:02:53.360051
10860e8e35261461,True,2024-06-08T10:54:19.114403
b23aa44554211562,True,2025-01-11T14:42:42.462781
7e948a792e1d4f03,False,
3fc47b3cfa440a5a,True,2025-03-25T16:49:05.629191
e074aab1ac533d8b,True,2025-04-15T09:01:24.478381
7ec6913cd0c4150d,True,2024-11-26T08:11:52.141980
6b2c1094110c4f50,True,2024-05-11T16:16:30.951029
3371031137639897,True,2024-09-09T23:24:12.909776
5320faa3215f79ea,True,2024-09-17T09:18:02.765404
41c6e788d5b5625b,True,2025-01-29T19:39:08.687308
d386e0c4d77b29a9,True,2024-09-16T22:48:18.931879
0bf563edc0130e74,True,2024-12-07T03:54:25.269535
7e9bfdd1952797f0,True,2024-08-24T18:29:49.389007
a087750990425be1,True,2025-04-10T01:35:10.632771
f97f98997375a176,True,2024-05-21T04:31:27.576782
3d18a8a39d36b44d,True,2024-11-15T20:17:04.437102
c3c6e61f01cae02f,True,2025-01-07T08:01:22.734587
3798bf19b0763a78,True,2024-05-03T18:51:10.175855
0f59a84beae0122b,True,2024-10-14T20:54:00.165657
f3c6c797f8da9c9e,True,2024-09-20T20:49:34.899152
996465bbeb094904,True,2025-01-03T13:40:44.667885
b5e0ed785486d04f,True,2024-10-27T18:51:48.809489
09ca883ef559f2c0,True,2025-01-18T16:34:35.762153
8fe9bc9b470e01ec,True,2025-03-20T01:16:35.089151
bb03b9319d90d51b,True,2025-02-15T18:12:49.076824
141c50b2a36bd057,True,2024-07-01T23:08:58.083208
7e948a792e1d4f03,False,
703c7d7fce33902e,True,2024-05-11T02:42:53.391569
14bf218f20889467,True,2025-02-14T09:49:30.098900
7e948a792e1d4f03,False,
e76bb36d354787db,True,2024-05-08T05:42:46.461609
679240608f17ec54,True,2024-12-14T03:54:39.538204
118a4b876a028a85,True,2024-05-26T12:35:01.133414
d12f874f88370d35,True,2024-05-31T16:30:10.457008
7e948a792e1d4f03,False,
1a7dd92b9e2029c4,True,2024-06-01T05:03:36.687605
7e5e1aa55f5dc739,True,2024-10-14T08:06:24.408596
4048ff2029f58bc9,True,2024-08-22T14:15:40.873970
879832e8f548d026,True,2024-12-11T09:21:58.637315
8f21f760335e2803,True,2025-02-28T08:52:59.010181
0e892f1eed905c82,True,2024-11-11T10:36:55.858824
6df15865508aa2c5,True,2025-01-21T04:56:52.870234
d433e62e81bffa94,True,2024-11-05T17:23:12.195257
625da8fecf8ae585,True,2025-02-01T08:59:22.382380
7e948a792e1d4f03,False,
f10a291dd6f206cd,True,2024-10-09T20:01:55.819965
43a029b75d1beb33,True,2024-12-26T21:49:11.936375
df9e36e594a83688,True,2025-01-29T07:10:41.646151
04d1e4a16953d1d8,True,2025-01-09T10:01:16.578593
ba10e715930bb7bd,True,2025-04-14T07:48:13.610986
c8e072c63391dbb1,True,2025-03-05T23:38:01.947997
338f567404362861,True,2024-08-08T13:21:01.279950
e3526521650c84a3,True,2025-03-07T20:17:20.495891
19b9c9b5e9d5797a,True,2024-12-31T15:47:56.189306
653e6da625d88e83,True,2024-12-13T06:28:18.262375
2db8f1cd415609dc,True,2024-07-11T04:16:10.596519
edb17a1f6f28f0f6,True,2024-06-18T23:10:02.293369
4b2970bebcc241bb,True,2024-05-22T03:31:13.705887
40179226ab3423fe,True,2024-10-03T14:50:44.931970
8edf134899f09e83,True,2024-12-28T04:51:15.154752
f9defc5dc26e6671,True,2024-09-04T00:50:07.043946
bfd47e1997524a92,True,2024-06-19T00:10:52.458053
518c3d0bee0667da,True,2025-03-20T00:20:13.834749
c077967ac8fcbf32,True,2024-07-12T07:04:55.107530
ee4f9bf5d9162b29,True,2024-11-27T11:23:39.055619
b46527f57b51326f,True,2024-07-11T16:05:47.265092
fa704db168dcda31,True,2024-07-25T14:42:46.104579
049d31ab2e1a32a6,True,2025-01-31T18:27:45.819112
e212eb087f4c66b4,True,2024-07-14T16:52:20.801548
7e948a792e1d4f03,False,
b257ba76baec36ff,True,2025-04-18T10:28:46.769982
0f436cd8ca4e904e,True,2024-08-13T00:36:31.514082
182a0550b1fa8c6c,True,2024-09-02T03:15:00.541755
f00fcf893b57fbd6,True,2024-08-22T07:50:34.239995
3970056e0f519dee,True,2024-07-18T09:46:07.720268
6032734ea172508b,True,2024-07-30T15:44:23.594574
bb471c6494814feb,True,2024-06-22T02:18:55.209247
b7132733813ca6ae,True,2024-09-15T09:54:26.887827
4d8945bcc05965df,True,2025-01-02T11:05:54.063158
887d9aee5b81ced7,True,2025-01-17T02:22:01.245317
6f05331b5f463ab9,True,2025-01-10T17:53:02.188247
c98276895c62f6a1,True,2024-10-01T05:34:06.568106
8d608a3c168f4d6a,True,2024-06-26T22:05:30.118777
0d78e65d2d9b19a4,True,2024-12-12T14:11:06.735011
ec93e221dd4ec606,True,2024-06-15T13:25:37.822556
0dfc711bb0538a88,True,2024-12-31T08:28:49.784331
443bd45a70fa7a99,True,2024-07-17T23:26:58.363813
40980a0827d97753,True,2024-08-25T11:57:20.092788
7edad99d9cc2704a,True,2024-12-19T20:06:57.443335
a8c32bce3104c1f2,True,2024-06-11T21:48:35.916378
d18fabf4e406ee99,True,2024-11-23T06:00:03.431513
b9388242696f334b,True,2024-12-03T23:12:15.516625
04e5cc345f51e782,True,2024-09-30T00:37:51.013528
7e948a792e1d4f03,False,
a0d9b71fbd001b6e,True,2024-09-13T04:51:50.377094
7e948a792e1d4f03,False,
7802f27d50de1ae9,True,2024-10-04T05:18:27.297844
7e948a792e1d4f03,False,
c1e268931aa62f14,True,2025-02-03T03:16:59.263632
0939f5c698502d93,True,2024-07-26T11:38:49.675685
e58962525ebf77cc,True,2025-01-23T04:19:25.981643
47acb49d380e7495,True,2024-11-01T21:02:31.609375
c926711053be0419,True,2024-05-29T21:28:18.245339
2fa65b462686e454,True,2024-10-28T23:02:11.580899
7e948a792e1d4f03,False,
962fe2c0c24e19c1,True,2024-09-30T19:21:16.057487
b457a0f633445dae,True,2024-12-03T01:07:35.900144
2086efccf1e90f3c,True,2024-07-13T10:09:57.769677
7652b48ed66d2645,True,2024-10-10T11:51:03.573257
7e948a792e1d4f03,False,
e6ec9c599a0345a6,True,2024-08-31T08:48:16.422018
c2ed1d712c2c817c,True,2024-11-10T22:08:44.501735
3adcbd0a13129972,True,2024-12-31T22:45:20.074501
a55c8280ced3f464,True,2024-09-11T04:33:30.542568
5bd93dceb6498319,True,2024-11-26T13:57:02.350777
7e948a792e1d4f03,False,
b17c4edb1201289b,True,2024-07-15T15:21:00.678025
7e948a792e1d4f03,False,
222a5c34114e539b,True,2024-11-13T04:35:05.182550
2f607e77f23e7489,True,2025-02-28T21:53:46.291677
4913d9d57b17ab49,True,2024-11-20T02:20:48.835467
3ebdc7708eddee97,True,2025-01-13T15:33:09.527739
7e948a792e1d4f03,False,
a1d4d8c5768ce66a,True,2024-07-29T20:52:28.279585
4136f65e0f01880b,True,2024-11-21T12:09:47.701593
7d6f4c3c1bcdcb47,True,2024-07-22T15:41:02.960564
b963f95369307a14,True,2025-04-06T02:49:30.792785
7e948a792e1d4f03,False,
80619d28ab22d9cc,True,2024-09-24T05:32:48.186241
77d6c134f5653fb0,True,2024-09-29T20:20:09.883184
b5523aa20c1ea939,True,2024-07-16T06:03:48.505570
fdb5aefbfff887c1,True,2024-08-04T23:02:39.308614
10edf02979faf81d,True,2024-08-27T19:57:10.660460
e5ae0a0866e64007,True,2024-07-15T03:41:47.335670
849a7f7dc3072973,True,2024-09-13T10:21:11.037006
4feee1aafedf157b,True,2024-12-06T12:25:48.311346
8aa392ff0d8d9fd2,True,2024-09-15T16:36:06.147652
1716c581a4d3feb2,True,2025-03-12T00:47:13.290712
637c3cfb65e6e45a,True,2024-11-09T09:04:45.855417
2bda37325b0d8eb9,True,2024-12-30T16:47:53.729192
3d5f9ec80e9bbbed,True,2024-11-21T16:35:12.402121
96b794b5f15cceb0,True,2025-04-05T22:33:54.266183
40b5818767223591,True,2024-12-11T11:36:38.872787
db46b4afd057b8df,True,2024-12-18T13:23:09.419066
8ba81b9a8c3dfa48,True,2024-11-25T14:18:49.767664
5951e9a64d03aa38,True,2024-06-04T16:08:22.714570
bbaec64226c2ed40,True,2024-07-04T07:11:22.471604
d3f941e35a3a83fb,True,2025-03-13T01:16:03.665039
4aa42f8f725e8ec5,True,2024-10-02T19:44:17.532497
c0a98b2366f69f08,True,2024-08-18T05:42:13.087512
b1dde4f1b8a3441c,True,2024-07-07T00:10:22.302421
d3f7bb80a3ceae5d,True,2025-04-09T16:17:03.761801
92fe68903e220c08,True,2024-12-25T09:35:30.278262
caf7831eb9f64468,True,2024-07-13T22:51:52.517308
b5000dcde3530718,True,2025-01-17T11:56:46.114309
b15bb594128168c4,True,2024-08-16T00:50:02.329410
2c66a7eed6334bab,True,2025-04-16T19:56:27.522810
0796382d54baaf82,True,2024-10-28T19:23:34.187272
dbaf17218f8ef4bf,True,2024-10-19T17:54:47.037428
30d5be09533ea91d,True,2024-11-25T08:53:29.837336
42428ae316e5f27a,True,2024-05-02T15:09:21.229071
7e948a792e1d4f03,False,
40af56b7a00debb2,True,2025-01-09T15:41:08.056676
7e948a792e1d4f03,False,
e0f4302438f33b98,True,2024-06-21T19:48:22.849731
aded50bd182eaef0,True,2025-03-20T01:46:43.611933
0440cbabc1ae096a,True,2024-09-15T14:12:54.365097
ed5b029973293115,True,2024-11-15T13:22:22.509767
51c063ac2db2490e,True,2024-05-21T12:49:00.659087
efaf550b03866718,True,2025-01-14T03:24:15.760949
1840fa0680b64ea8,True,2024-08-30T17:28:44.262976
7e948a792e1d4f03,False,
f4765faa52820ff3,True,2025-03-04T00:56:24.444781
966a4af538945070,True,2024-09-05T04:34:40.309265
193c6bd736e6935a,True,2024-11-22T01:41:48.217498
d7412ba2e98fdf71,True,2025-04-02T23:39:10.267522
b3e29850e671445a,True,2024-07-31T10:40:14.311954
7a400f6433f1a941,True,2024-09-09T13:57:41.824187
dced2625e7a38b03,True,2025-02-25T11:53:19.438463
703822f1496f0ea3,True,2024-11-03T17:06:25.543756
acb693ece1ca0baa,True,2024-12-17T11:41:50.868921
daefa492be5ab281,True,2024-06-29T06:12:39.188816
5b85f342c52e4823,True,2024-10-16T16:06:39.775291
9a9da91ead0a16df,True,2024-11-21T16:15:23.084137
7e948a792e1d4f03,False,
e26cea00d1e1ef72,True,2024-11-13T00:55:32.386909
a70b04d6c386625d,True,2024-10-20T03:12:38.329358
42956413174ef102,True,2024-11-27T11:38:34.623523
2ab0e26f41ca8d61,True,2024-07-26T00:47:19.653999
0d48ae4c055a53c2,True,2025-04-07T03:26:53.554917
b544390dcb423f5c,True,2024-10-15T08:09:27.576430
3afb0d17af1215cb,True,2025-04-24T15:41:22.303848
dee4dc399cc63ecc,True,2024-07-29T22:01:18.953183
235c1216bc891a26,True,2025-04-01T09:26:54.780013
f4c4e31b01a6eac9,True,2024-07-05T19:34:57.676129
37ab5097aaf88d68,True,2024-08-31T14:47:28.778382
da0cbe3c9fed94d1,True,2024-07-07T05:29:47.519922
ba9ff6f38a720026,True,2024-11-05T11:25:07.960335
b87e2b9842ea436d,True,2024-10-10T02:39:29.908931
47d6a443eb93f4e8,True,2025-02-04T05:38:02.254323
1937be2434b8f742,True,2024-05-30T15:59:41.482791
643a3a26de29f077,True,2024-07-13T04:56:21.889291
7e948a792e1d4f03,False,
ab664fb0fca657e9,True,2025-01-28T04:23:42.786083
76981ff7d1a1d83f,True,2024-09-10T11:05:45.107920
1f7de0c4216d31a6,True,2024-10-07T01:16:37.773613
7e948a792e1d4f03,False,
7e948a792e1d4f03,False,
88d6562d402f60ed,True,2024-11-08T15:47:59.633911
41393613b3fad796,True,2024-05-11T13:01:16.342170
e8b8ca87d3a92e23,True,2025-03-02T20:50:35.773170
d7dca94b39f0758f,True,2024-11-06T21:10:36.996837
ed374b1262d8e1aa,True,2025-04-09T13:37:49.082445
e584848b5b4f91d3,True,2024-12-05T23:36:55.157489
204ba4335fd581bd,True,2024-11-27T09:47:10.058527
0d9ecb3f5d600e26,True,2025-01-07T00:46:18.911558
7e948a792e1d4f03,False,
fad0b997236a905a,True,2025-03-21T16:14:57.238277
f6e9c1ccf748854c,True,2024-08-03T00:52:58.241777
7e948a792e1d4f03,False,
43c64d538bb38b5c,True,2025-02-11T18:02:22.412655
6cf40e1408179efa,True,2024-08-13T11:44:49.153863
366e635ed74e6cf0,True,2025-02-06T22:50:19.800031
e9b4cc1ccf14c3aa,True,2024-11-11T05:48:06.303839
16f066eecda67eee,True,2024-10-27T00:14:55.963170
0331fb03357a1607,True,2025-02-02T04:58:16.727866
fd6544176f8b8dec,True,2024-11-04T12:52:21.082682
7e948a792e1d4f03,False,
821d83e97c35e98a,True,2024-09-29T02:27:17.017205
cb63adb4134fa437,True,2025-03-30T23:53:48.128631
7e948a792e1d4f03,False,
64e9f3357bc05d0d,True,2024-05-16T05:29:53.387836
1333c0f2a49971d2,True,2024-05-26T03:05:48.495649
7e948a792e1d4f03,False,
fe9a869a1ad4bcf8,True,2025-02-03T07:55:00.279972
03da5134331065de,True,2024-07-30T20:31:37.089408
a6cc9e9e9a087b7b,True,2024-10-17T14:31:45.030552
b37e68f5387c47d1,True,2024-07-20T10:04:10.350676
2261fa18fc4404cd,True,2024-11-13T12:13:55.707426
25996238746018ca,True,2024-11-29T20:10:15.246113
ebed2c45dc3286d3,True,2024-06-22T09:43:51.459925
cfffef10f146915d,True,2025-02-27T20:37:57.094656
47ab59e39345e710,True,2025-01-26T03:32:16.026658
a7cba2b42fcb9253,True,2024-08-11T06:34:17.341048
fb2692940146285b,True,2025-04-28T19:22:22.680526
075e7de96f5735f5,True,2025-01-10T02:01:41.453467
7e948a792e1d4f03,False,
3fb13b25c48626b7,True,2024-07-09T20:08:30.384790
8186f1441b2fdf29,True,2024-09-08T15:10:53.450605
36ff21664384016e,True,2024-08-16T06:27:42.240072
a1d8b6ab5164092a,True,2025-03-23T00:31:21.650097
31c3c4877dd4097b,True,2025-02-28T23:48:29.142492
2bccdcf7b73ce12a,True,2025-02-05T01:05:28.937705
3e77ad8e7a93ede8,True,2025-01-25T06:10:27.137947
9079d69592a25e54,True,2025-01-28T18:23:57.386299
8133cba7f94236fb,True,2024-08-26T08:13:19.867969
f2bae0a21df0a967,True,2024-08-21T08:12:22.961385
3b1d98648410b884,True,2024-05-13T18:37:40.997170
cf6c60d219a5886d,True,2025-04-11T11:01:56.707956
ec0bfaef9b9b290a,True,2024-10-23T20:45:11.763903
a935a597d7c7da9e,True,2025-01-21T07:39:09.828238
1b0c71b6fd6b58dd,True,2024-09-06T08:02:42.063948
c17cf24baeca1707,True,2024-10-20T21:40:15.832637
d4d6fd3c4341fcbd,True,2025-01-23T03:03:21.457748
e6f0dd358f68ccfb,True,2025-03-04T21:58:37.357078
3049907d08b6f3fa,True,2024-12-17T16:13:12.140480
c61c8771f8efc4aa,True,2024-10-01T00:35:50.930169
932ce9ad58af39a5,True,2024-10-14T07:37:41.088222
0f44f6bd3cc51b90,True,2025-02-16T11:13:12.638524
7fe41a019963f06e,True,2024-08-26T17:51:18.727979
7e948a792e1d4f03,False,
b675b78a9daede88,True,2025-01-04T23:45:05.056412
a69b22c88dabcaba,True,2024-05-31T19:02:24.184890
d5cea99ac4de6fb5,True,2025-02-27T02:18:03.066648
ee74db554cc14a11,True,2024-10-25T04:06:43.328120
580f7ac56920bc1f,True,2024-05-06T13:00:42.620537
4686e9591037db76,True,2025-02-10T11:29:26.825498
7e948a792e1d4f03,False,
c79ad8fdcd452394,True,2024-07-07T01:53:59.445978
2ddddefbb64acc57,True,2025-04-14T03:36:00.014796
7e948a792e1d4f03,False,
ccae181e665e7f04,True,2025-03-10T07:47:54.523760
63dd880f7fdfc1af,True,2024-07-14T22:25:03.047523
353d11b6caf53550,True,2025-03-12T12:29:50.986384
e667240c10da4852,True,2025-03-01T13:15:53.204987
22a9b0bff8dfd661,True,2024-07-27T12:17:27.156545
7e948a792e1d4f03,False,
8dad8d790e54db3a,True,2024-10-18T05:07:04.646450
658174f2268e1cff,True,2024-07-03T11:36:46.068344
c525228de621f495,True,2024-10-24T10:29:14.749222
9bec8619c4605068,True,2024-10-14T08:52:06.648156
1db8e6e9259da0c7,True,2025-01-26T02:55:52.095083
490bbe8e77613912,True,2025-01-29T05:20:51.875649
9aed063697623c8d,True,2024-05-05T03:50:34.994467
f9c9a06fb5dc3954,True,2024-08-20T06:42:03.267904
7276bd9190e3ac4c,True,2024-11-26T18:22:39.653699
86424fd496f7ede6,True,2024-11-30T01:50:06.565533
7e948a792e1d4f03,False,
81cd791f6c95ab4b,True,2024-10-06T04:07:49.724921
5a4fd14a7408ab25,True,2024-05-24T19:13:18.442832
71240c1330e8d001,True,2025-01-27T03:49:37.624838
b8cde3f3a87469be,True,2025-04-24T09:59:38.442816
c5cedcc4411b78b4,True,2024-11-25T22:11:14.846367
9b0b6be45bca1811,True,2025-02-12T14:16:05.879447
89441a77970ab22a,True,2025-04-24T04:55:55.501147
8e34d390aa33c49b,True,2025-01-17T22:57:16.870110
513ecfc85a83c391,True,2024-05-17T22:09:17.528542
f20e1c6e317b481a,True,2024-08-02T13:59:03.703100
5b0f72c8152a1f79,True,2024-06-24T21:21:22.107075
c35038559b32c293,True,2024-12-23T01:45:00.757589
6203d5cffccf5f6d,True,2025-04-24T06:47:50.803504
06a077d2fc24ce78,True,2024-10-26T00:08:11.088975
22422030dbe43fde,True,2024-06-11T08:22:31.838143
cdd8ceaa3864ffcc,True,2025-02-05T05:56:38.770565
95c8aa9a312b11da,True,2025-02-17T07:49:28.060809
9becf2624550fbdd,True,2024-09-07T13:51:54.810003
7786c756fa065c0f,True,2024-08-30T10:46:28.661891
7e948a792e1d4f03,False,
a6dc85c937a5388a,True,2024-05-14T10:40:28.890687
f671ef3f79cf1fd8,True,2025-04-23T02:52:43.332197
71ad997ff68dd0ae,True,2025-04-17T09:07:58.531240
dd098deee263eee0,True,2024-05-10T06:37:59.919023
ea4074e0dc7845a0,True,2024-10-21T11:57:53.698384
62f9ee521a6fab4e,True,2024-08-15T09:20:01.333007
6a147198344c84c6,True,2024-08-10T02:13:51.235176
8ba8ad015fd4674a,True,2024-05-20T23:34:30.080454
44c61d136b3ad28f,True,2024-10-27T23:46:15.843266
a40dbe0ac1660de6,True,2024-05-16T02:39:26.681191
e3d3036ecb085c2f,True,2025-02-08T01:37:17.069530
6f5e9469dbbfa8e5,True,2024-07-21T18:41:56.031852
fadc6d3cd863b41b,True,2025-02-08T04:36:49.036553
2c4d997c2486a3d6,True,2024-09-09T03:33:27.681737
a9b4df8bdfbb9624,True,2025-03-23T20:59:17.596606
a9a06c8e915232dd,True,2024-08-18T21:45:48.621790
bcdd0258f8de6b8b,True,2024-05-22T17:15:43.005558
7e948a792e1d4f03,False,
0de95253806b3c03,True,2024-07-28T13:02:17.046719
fa4e1cae78007d3e,True,2025-02-13T23:29:26.048388
a787625362cbfc0c,True,2024-07-17T04:48:35.563525
f77a9ad19adbb96a,True,2024-12-09T17:17:01.766923
ff332e7da20432b5,True,2024-07-16T02:35:25.102263
c60e4d133edbe168,True,2024-10-20T01:08:36.148065
f48ee1896789b234,True,2025-01-10T02:30:23.946102
0cc6f91392c002c0,True,2024-05-07T20:23:58.224522
e68ce3cac9304ff8,True,2024-05-02T02:02:44.516296
b8182b370b600f0b,True,2024-10-22T13:55:31.080344
bcfc0b9569567fa1,True,2024-07-03T14:33:47.610780
f1a608a680a3d9aa,True,2024-07-02T04:41:49.666056
167da49f589fa2ad,True,2024-11-04T08:55:18.915181
cb77eb218da8f552,True,2024-06-21T13:37:54.848171
e664acda1ab0a5eb,True,2024-11-01T05:56:06.938073
10fc3396045cee04,True,2024-10-16T14:41:15.798975
f41864d1b0374174,True,2024-06-02T14:19:51.710780
8f4132ffe7017225,True,2025-02-20T02:08:39.149576
8cfb117db62da826,True,2024-08-28T17:26:09.945170
14d0a17d9999d7a6,True,2024-08-05T01:50:52.052245
6b3f236c0645a8c2,True,2025-01-11T17:26:42.583150
89126f4e061e3094,True,2024-06-25T13:33:57.054826
50d75bcabd48ecc9,True,2025-02-06T21:44:38.239264
7e948a792e1d4f03,False,
f342113503a7dc59,True,2025-03-08T14:50:29.849946
a8a69b092144ba7b,True,2025-04-10T21:46:31.036435
ae8e81db149b9b1b,True,2025-02-07T09:18:58.368200
706ef13764c677fd,True,2024-09-06T09:51:49.455546
28b9c17a9447d12d,True,2025-02-05T20:53:10.011987
2f683e6a24ccc07b,True,2025-02-07T15:45:28.372989
3b584b71ec435fb3,True,2024-10-23T09:53:56.087409
eb28ce33b125ef76,True,2025-01-09T16:36:59.568079
843708709847e2d5,True,2024-09-23T14:19:45.971319
16bb21733e088f69,True,2024-12-14T07:27:58.025146
7e948a792e1d4f03,False,
11b52b0afe4955ad,True,2024-10-17T21:48:35.115782
b98397ea9881f1d0,True,2024-07-05T03:46:25.206432
9b6f7f80fc791e0b,True,2024-09-26T11:38:28.461756
3a9ec8a854bc2583,True,2025-02-06T12:26:07.813220
3f6e000e1fdd3d66,True,2025-01-20T15:13:44.723057
3412e9eea326b796,True,2025-02-09T17:34:03.538619
749048bae581ca36,True,2024-06-15T03:12:55.217713
d512fb1c12a73d32,True,2024-07-13T10:13:26.243374
f6282a977d0acd1d,True,2025-01-18T21:26:03.231420
070263f6204472b2,True,2024-06-17T14:45:50.562076
008df69224d6d3dc,True,2024-05-05T16:30:56.923824
4bba3e2b1b0854c6,True,2025-03-27T15:40:37.426309
7e948a792e1d4f03,False,
0814bea2db7c4751,True,2024-12-22T01:10:11.728300
c7666e4afbe82dd8,True,2025-03-04T04:15:02.054659
9750f6d9b148d7ea,True,2025-04-03T08:22:06.537022
0f788cfb7a663082,True,2024-06-26T14:19:04.554201
7e948a792e1d4f03,False,
b16e7115d651c3e5,True,2025-03-21T07:26:44.974850
7ea45b4f6a5e0f55,True,2024-12-28T00:55:47.567073
dc99ad5fa7a32054,True,2024-10-23T01:23:04.603422
7e948a792e1d4f03,False,
b75ea52e573591c9,True,2024-08-20T22:56:14.303449
76883f25bbe963d2,True,2024-12-18T16:56:19.177585
e3ebb17985dd95bb,True,2024-09-16T21:21:23.765597
eab8c2e25fbc6c09,True,2024-12-07T20:30:37.715691
ba0250f7aa5cbc7e,True,2025-04-21T00:38:42.301410
6b7356af061261d0,True,2025-04-13T07:04:30.818652
17014e942df0b375,True,2025-04-11T05:18:11.155504
875216fe19769668,True,2025-04-26T22:41:02.895236
57d98280256bc613,True,2024-11-22T12:12:37.597492
a57e366595dfba29,True,2024-07-11T14:15:55.267137
984812969a326604,True,2024-05-24T14:32:41.246053
cd6ba4cea8687180,True,2025-01-05T13:48:10.940785
8998ef06fd93b8e6,True,2024-11-16T05:20:38.937681
0364145cbca20111,True,2024-09-13T10:38:59.852894
62e9b7fe2f8a7733,True,2024-12-24T07:42:31.634590
4eba935ff485bd28,True,2024-08-23T04:40:10.866920
8ed751fec6833874,True,2025-04-25T10:49:37.120415
4be5456989ba1a82,True,2024-09-01T18:45:44.742807
a2693a4bac7894f7,True,2024-12-01T13:09:40.432765
4abc4cc3bffdfbcf,True,2024-06-04T07:06:23.552282
da3ad5953cc38894,True,2024-11-12T08:12:03.048671
3e9174f1e4796cae,True,2025-03-29T14:49:19.716775
1454bd6c4e7fa5fa,True,2024-10-08T12:43:16.069216
b1602b685abc293f,True,2025-01-08T11:34:26.924274
3d81336146a3685c,True,2024-09-27T14:45:20.299793
7e948a792e1d4f03,False,
7e948a792e1d4f03,False,
359f299a5673e63e,True,2024-05-10T11:50:06.454536
f5c384cdd4165771,True,2024-06-26T11:31:07.210629
30848439f1c5056d,True,2025-02-27T12:20:59.276978
4653b0a0db732bcd,True,2024-12-03T13:22:12.288216
2e0e4a17edad9c3f,True,2025-01-14T00:05:19.330224
78012ce8abb785f4,True,2024-08-29T15:25:31.406089
81fe9a244d179676,True,2024-07-23T07:48:01.812377
374f231e0f72d4e9,True,2024-06-08T11:39:42.125742
df702873cfb17cbd,True,2024-06-07T22:57:59.240135
c93a462a98d37804,True,2024-06-17T20:01:59.209615
3e1b681d33a77d55,True,2024-11-18T21:39:54.805797
a4914f8991cfe064,True,2025-04-16T17:37:19.982621
3424c529eee00f37,True,2024-05-06T07:54:31.530076
d1d4e09ab7803a37,True,2024-06-09T02:14:47.807818
a80c806441ae96ee,True,2024-08-17T12:38:56.114719
4df014ab581e93b4,True,2024-06-27T15:23:05.022552
7e948a792e1d4f03,False,
77745865d8e837cc,True,2024-08-12T20:07:50.602185
20ff4a4d164e677f,True,2024-12-16T19:42:27.201200
e1fb2cdb1aa60ff5,True,2024-10-13T06:35:03.556148
2385a41d34425edf,True,2024-07-14T18:00:08.685565
b180b86b2efa610b,True,2024-12-10T06:35:27.321925
24c6d23948e1211e,True,2025-02-05T06:56:16.402585
b766085e83b7d11d,True,2024-08-21T01:40:45.899596
eedfa7af7c00234b,True,2024-07-08T03:00:59.741345
2419d4e7140b1387,True,2024-07-20T12:53:22.863740
6f23bf944c70f877,True,2024-12-21T05:27:57.736547
2c049cd741c94af4,True,2024-07-30T05:34:16.531626
f6dc9170452216dd,True,2024-09-29T16:38:54.338190
40f5f99ac808d5f6,True,2025-04-14T15:32:21.307853
ec402946c4bf934c,True,2024-10-20T04:40:42.025272
1a260d257f2e6fcc,True,2024-08-06T21:41:53.264614
89fba32b6ff1ed86,True,2025-03-07T11:42:10.297961
56c25daf03e18883,True,2024-12-02T19:20:08.630307
4bdc35ca18fb70f7,True,2025-01-22T00:33:18.069728
f17340ea651b5198,True,2024-09-03T01:48:40.916805
97ad5a37690d2c9e,True,2024-12-21T11:47:06.829960
9bdc16e68d1c2ace,True,2024-06-26T08:06:26.700329
b3ef9ba6bbb6b24d,True,2025-03-07T04:20:56.314151
918f978915769640,True,2024-08-29T23:46:25.626883
61b14a324e61ed7d,True,2024-08-05T00:54:51.407851
62787959740df70f,True,2025-04-05T21:30:26.655200
a2a957c122ee2fac,True,2024-09-01T10:35:33.729086
0586674287167b7a,True,2024-09-03T02:15:40.345083
12e0cb5f60a93927,True,2024-10-24T10:15:08.997946
2f339479d7c5824b,True,2024-08-11T03:41:09.550297
03dc646cd1d474bc,True,2024-11-21T23:44:59.008010
7e948a792e1d4f03,False,
00c47bc8b54f90bd,True,2025-03-28T03:21:25.366780
26651e45e43cb278,True,2024-05-21T12:04:35.922318
dc5d79e32b512b91,True,2024-09-09T00:31:19.965693
a631de998716f71b,True,2024-06-25T12:27:00.644536
dc85a247fd3d0580,True,2024-09-28T03:55:29.713837
7e948a792e1d4f03,False,
078fb6e136d2ef00,True,2024-05-03T08:48:56.887893
7e948a792e1d4f03,False,
6e986e96b13a3827,True,2024-07-16T21:53:57.702548
ec7bb4f953ccb2e3,True,2024-08-06T13:49:18.664975
7e948a792e1d4f03,False,
b36ea7a5e54cf5e2,True,2025-01-30T08:44:56.398033
cd34c5350e8ce148,True,2025-04-05T07:01:18.343308
7e948a792e1d4f03,False,
0039cd52e127c34d,True,2024-09-28T09:05:20.498286
0f92fa1b0126ca9b,True,2025-01-04T17:19:54.432058
105446e483d7dca7,True,2024-05-03T16:09:17.490797
08d03818fc3983d7,True,2024-07-02T19:33:35.795292
7e948a792e1d4f03,False,
7e948a792e1d4f03,False,
7e948a792e1d4f03,False,
6c69b549760cf93b,True,2024-05-30T00:35:54.861250
b108c11a4c4a9822,True,2025-03-17T16:45:07.130953
67c17a7228477572,True,2025-01-03T10:55:46.910541
9453966624fb83e7,True,2025-04-27T21:16:19.396747
415a8e85001d5b95,True,2025-02-25T21:09:06.950926
72a47598941f79f1,True,2025-03-15T14:45:29.648911
e3baacef46c87ecc,True,2024-08-18T10:24:31.581152
7e948a792e1d4f03,False,
0212f4cd67662edc,True,2025-03-19T18:39:25.829745
75be3e6423ee4e4e,True,2025-03-13T06:08:57.094259
a2cbfa25f99a2b72,True,2025-04-11T05:10:36.498461
0ef5f6fa91e737c3,True,2024-06-09T12:25:59.321971
1c90661a4dbdce02,True,2024-08-05T18:54:32.034260
eeb9d3acab57b4ed,True,2025-03-16T12:50:05.083419
a1ac5b0886224392,True,2024-05-25T06:25:42.190538
a5e7a2cbffce7dc2,True,2024-05-03T17:00:00.922269
07d8e8c8bcf58f4b,True,2024-08-23T09:09:11.545169
2125b5704485a8ea,True,2024-05-29T17:08:47.088355
a2eefd60800c4484,True,2024-12-11T01:03:40.177253
0707903b0d114d41,True,2025-03-20T00:40:23.017320
ef4d2faf694909a4,True,2025-03-24T19:18:48.472190
6466efe8b185fe3c,True,2024-07-19T15:14:46.801360
8bed0ecba791c03d,True,2025-03-12T10:38:41.905904
f1367629f14918ea,True,2024-10-21T23:02:23.639347
c5c5ada12b108019,True,2024-10-13T20:31:16.808750
f22d057f6108b177,True,2024-06-05T08:52:12.616044
fd45d996cc4dbde7,True,2025-03-13T02:57:00.973379
ac64e5ec3a321b10,True,2024-10-30T22:29:35.098594
7e948a792e1d4f03,False,
f376a5daffa628bc,True,2025-01-28T20:58:32.696790
8db81152e4e4c7f3,True,2025-02-27T01:54:56.382313
406cf60be5ef209e,True,2025-01-26T07:01:13.455460
0d1df56f01d1a7de,True,2025-02-02T22:38:46.810271
f51ae60a27b247af,True,2024-12-25T11:14:51.355498
7e948a792e1d4f03,False,
561f2757d841a116,True,2025-03-02T08:45:49.571937
78aae80f7fd25d9f,True,2024-11-18T12:31:06.865596
ba04d1b57b748cb4,True,2024-12-09T03:17:30.522980
fdf7f55cc0721ee7,True,2024-07-20T18:13:00.843020
c6a0852a6cd3857b,True,2024-11-04T07:51:11.240918
9498a4eede38ef57,True,2024-11-25T16:47:56.888705
bd3d8b3dafdae1f6,True,2025-01-17T15:13:14.376842
c3e3179dfe4fb737,True,2025-03-27T11:26:08.818644
ae4246f434012638,True,2025-01-12T02:10:11.650652
ddfb601761fbcddf,True,2024-06-07T01:21:53.572377
639cdc31e2d65a97,True,2025-04-12T13:26:16.314928
0409ade92c1622f6,True,2024-10-08T14:37:37.040155
62a500297ac911a5,True,2024-07-03T22:19:36.756774
5b1a9e3010afb74d,True,2024-12-23T07:35:27.396510
3a74da04e8afc54d,True,2025-02-01T06:20:14.121283
3fbdb97b18f3fb07,True,2025-01-18T07:56:59.729702
8fd23a7b7474e30b,True,2024-08-14T03:19:56.991899
159290c87d85a113,True,2024-09-17T18:18:31.012666
d5873574a35add7b,True,2024-07-22T18:27:19.995388
e371344923acfb9a,True,2024-06-26T08:59:30.828184
6bd4663dddf5e43d,True,2025-03-07T04:12:04.073095
f868fa0fe6a3032c,True,2025-02-04T11:29:46.762917
5e2b87f82ab269d8,True,2024-08-06T03:19:24.547649
42e97348d79b5647,True,2025-04-11T05:14:23.817126
7e948a792e1d4f03,False,
5dd92b59883e97fe,True,2024-12-16T00:57:57.491563
4e06e64ade09f834,True,2025-01-25T23:37:14.943665
0bbcc97225e5eb3d,True,2025-01-05T14:57:20.994474
cf1fec907bea64b0,True,2024-11-23T22:49:04.038505
26b925ce2d9bff7c,True,2024-12-04T18:35:06.362316
e62716780f107c7a,True,2025-02-05T23:13:38.349024
c85ed9b101abe8fa,True,2024-11-22T01:00:49.086878
b69c8da9725734ae,True,2025-04-17T18:27:27.285778
e8c7005976fc683a,True,2024-12-16T04:50:19.087231
e4bea06ca8f77791,True,2024-07-17T20:23:43.349475
ee115bd1f0bafd6c,True,2025-03-17T13:00:09.670813
cd23beeadb5d1a14,True,2024-10-29T00:20:28.572461
19aa7dd11f31ac56,True,2024-12-22T07:07:38.496090
a1581946586ca5bd,True,2025-02-28T19:38:10.647047
7e948a792e1d4f03,False,
e93ed3c2b5e9f87e,True,2024-10-16T05:42:50.911548
099f6f8d5d888a93,True,2024-05-20T07:21:56.509362
f44754ac0bb9a74d,True,2024-11-30T01:32:09.702590
e3898afc0251bab0,True,2024-11-07T15:44:35.677595
5433819790c164f8,True,2024-11-17T04:37:47.132525
cc6a54fbdf9457c6,True,2024-11-26T08:27:48.869838
f9487d7f3bc8caa2,True,2024-10-12T09:13:56.164911
3e1a1c01bc1a266a,True,2024-12-10T21:31:48.340414
0bf6d39b2d733d38,True,2024-06-28T23:20:57.485272
4a3c0da7d8e77425,True,2024-07-24T01:21:50.895095
63f9803688146e05,True,2024-11-29T02:02:45.276445
7e948a792e1d4f03,False,
b00fb1816b11a3d5,True,2024-10-08T14:15:45.518231
52fa6ae92c0a3320,True,2024-12-03T21:43:29.672431
3f765a56176fc0c8,True,2024-11-11T05:04:58.567379
1343db839dea47b8,True,2024-07-25T00:33:18.564347
3588df819f84d525,True,2024-06-06T18:58:16.570097
7e948a792e1d4f03,False,
33d2e28ec310f08e,True,2024-12-11T09:30:08.356663
f04cdbe8f23cee9d,True,2024-05-29T19:07:27.224309
418a836bcd337207,True,2024-07-22T01:38:52.323650
446c1d6ead6d1346,True,2025-02-03T13:02:27.337416
6908a2eaccd0a51f,True,2025-02-12T06:03:17.536621
d723ad20f62ad45e,True,2024-05-12T07:47:53.948515
d138d31f9696dd55,True,2024-11-04T13:40:31.703159
c8f9a31717016b77,True,2024-07-21T08:52:43.547089
d3ea36cbb8f27a67,True,2024-11-12T13:57:33.814655
31b15305f734988b,True,2024-09-22T06:52:54.434705
1df9831574b00624,True,2025-01-27T02:24:03.125866
07dbed79e0e254b0,True,2024-07-05T22:56:47.437669
bdf84d37ba74e4a3,True,2024-09-28T04:15:43.834244
0600ff2ba8c7ab56,True,2025-03-23T13:57:06.002505
f8e110ea43ee9d20,True,2024-09-22T17:49:14.586844
6dea7372a8906079,True,2024-06-07T20:19:50.131681
7e948a792e1d4f03,False,
9853827a082ef871,True,2024-06-19T17:33:31.038643
cfef688a8c63e130,True,2025-02-21T22:19:58.401952
b6aa2519b3eb50ec,True,2024-06-23T06:05:37.882322
3f43b2dc9c750493,True,2024-11-19T02:35:14.026972
2c3a3a4b5f3b24bd,True,2024-10-23T01:29:25.559054
82493dfb8edd82ce,True,2025-02-06T14:39:22.574777
5588853762dafe28,True,2024-10-27T05:14:20.602780
afb5e52c013e4810,True,2024-07-19T20:11:50.877286
345af77b6569e22f,True,2025-01-02T09:46:08.676555
3d327a601ba80e11,True,2024-07-24T10:20:54.719799
44bddecce85c27f0,True,2025-04-06T05:05:36.340987
7e948a792e1d4f03,False,
5b530cbad2ea814d,True,2024-09-13T15:31:07.158145
7e948a792e1d4f03,False,
3d588f5cb1d0c2eb,True,2024-10-22T07:46:43.714541
e74feed47a1d7059,True,2024-09-22T06:06:40.322513
8f79a0d6005b7773,True,2024-12-04T21:04:00.503663
2ae8330857527106,True,2024-11-19T07:53:54.723568
77aefdf4f5b02204,True,2025-01-08T01:19:54.549661
d7c98358fac0aa3d,True,2024-08-16T21:26:10.069171
3a3e7ee79a90ce67,True,2025-04-18T09:09:24.218775
76f3159c6b83f40e,True,2024-10-23T16:19:43.967248
6db2a65c26ff7f1e,True,2024-12-31T21:54:22.230436
ec7f307664c05059,True,2025-02-12T21:35:19.742836
7bf74da3fd4f96b5,True,2024-05-07T17:08:07.354410
2e8ff386fee9822f,True,2024-09-15T21:56:51.386639
72bd15d81388bef2,True,2024-09-06T12:52:56.123805
b3a918452404bbb6,True,2024-08-15T23:06:25.293788
f9821c870cfe0ce7,True,2024-10-07T12:36:26.012608
d5744a135e0a4064,True,2024-05-22T03:58:16.984354
5c5f45026c8fbc13,True,2024-08-01T16:44:48.257414
7e948a792e1d4f03,False,
7e948a792e1d4f03,False,
7c46f39d6a4b66e1,True,2024-08-05T19:46:09.737565
7e948a792e1d4f03,False,
8999d3430b587c77,True,2025-01-15T04:09:14.400645
1838c14697de1ede,True,2025-01-16T20:22:23.050228
df87a92878b2ed20,True,2025-01-23T17:50:11.206187
5a1ecd374d903e51,True,2025-03-08T09:11:45.027202
54b7b615e4d1115a,True,2025-03-19T17:22:32.619799
5a726a401c5f6db6,True,2024-12-01T13:21:36.897910
9c78cbf999acaae4,True,2025-03-02T08:03:15.253173
f8de0c9940d549e9,True,2024-05-02T22:42:05.030210
1e75748ef994393d,True,2024-11-27T15:00:48.830933
7e948a792e1d4f03,False,
f8c7e6d19f666ca5,True,2024-07-09T12:35:44.275208
e77b094b4672626a,True,2025-01-31T20:52:17.163634
7dbeb91ba15ea2cc,True,2024-07-04T20:26:03.126149
5fea7869e8b79416,True,2024-12-19T04:22:42.265905
7e948a792e1d4f03,False,
fe018c710f8158f4,True,2025-02-20T02:25:31.351501
c9c2818ebc1939a6,True,2025-04-12T04:39:35.517163
56c465330c6bd9fd,True,2024-09-15T13:01:39.859043
31ee40dc2eafb24c,True,2024-10-08T21:34:47.099617
b0bb1675039eac02,True,2025-02-28T19:16:07.306403
7e948a792e1d4f03,False,
a5d9c447f1e69c06,True,2024-07-10T08:13:01.605783
d3ca711af6f18b8a,True,2024-07-19T08:24:14.451770
91d7119dde35fb8b,True,2024-12-21T07:59:02.159519
716a44a86014e195,True,2024-08-10T16:10:46.481022
1ca341345f0be112,True,2024-06-21T16:27:45.415361
7e948a792e1d4f03,False,
46a99fa26ff0d165,True,2024-06-17T13:02:29.697106
7e948a792e1d4f03,False,
abce7312ca7f1f0c,True,2025-01-28T18:22:55.200314
1ddfcf52821cd43d,True,2024-05-27T00:16:53.273924
2ac9ca66e2f8ccb0,True,2024-07-01T09:39:41.806630
eb49e2a913957f85,True,2025-03-21T23:46:38.493160
87085b7c11d4598d,True,2025-02-15T00:21:48.870786
948d55b15ca8ee6f,True,2024-12-11T04:46:34.647602
d20b45d8415c98fc,True,2025-02-21T01:29:13.044428
2a75d6fcccd86a3f,True,2024-10-25T04:34:20.603846
dc4b1cb9f1690530,True,2024-08-21T03:54:32.797230
e5a31565eb1d2fa7,True,2024-11-17T08:02:44.307822
0debf9310c2bfd62,True,2025-03-13T11:19:41.379579
08db7d165414b5aa,True,2024-08-28T09:45:49.255545
6ca721fa197f8cf7,True,2024-06-09T11:14:09.634754
a9757fef71b6c297,True,2024-09-05T16:12:36.205167
7e042f9424bbbb34,True,2024-11-01T07:54:12.171304
c71d1d9bb1e8afd8,True,2024-09-18T00:20:56.096164
a29662d3dec0f901,True,2025-04-18T16:33:51.319118
41ac756a80f368a1,True,2024-10-21T17:28:46.559505
a9bfc8dc5384367e,True,2025-02-25T23:44:35.373741
bb1493f0f956416e,True,2024-09-02T22:08:31.725764
7c4af1ff13e8ff9e,True,2025-03-05T09:46:19.357626
caa6ded55b01b59b,True,2025-03-01T20:24:39.456544
95d1a953e7ea1840,True,2024-05-16T09:22:06.085937
645d95a9ca09aa2e,True,2024-12-29T18:39:08.198896
807f4cc62389ee21,True,2024-12-28T21:17:22.441358
7e948a792e1d4f03,False,
7e948a792e1d4f03,False,
c238dd877b518eaa,True,2024-11-02T19:56:29.414092
9bcb98a99e516aa7,True,2024-05-23T08:19:48.320130
cacb94f73f985510,True,2024-06-08T17:22:58.577720
0f65d4556afdb0c1,True,2025-03-18T06:51:33.302746
f098efb3a6c7ce70,True,2024-09-27T22:18:40.993767
d3c0f13fa58910d3,True,2024-05-21T06:20:35.464977
5fd6098089b41caf,True,2025-01-21T00:48:46.116326
9e3bf3af7f5d3997,True,2024-06-10T09:10:20.821561
dfbd6fa4a4f17c75,True,2024-11-21T04:41:20.033916
6eb8cae3e162635d,True,2024-09-07T23:45:14.904688
7e948a792e1d4f03,False,
946295debb564067,True,2024-08-19T00:12:23.358707
bde6ae062305c8f0,True,2024-05-25T02:16:19.840676
3773f0171f26263e,True,2024-08-06T15:59:19.020765
7e948a792e1d4f03,False,
458d928c53e2b4bd,True,2024-08-27T11:38:32.381069
d2a928c6e08cda54,True,2025-01-10T06:25:52.133718
5c479345571722d5,True,2025-01-20T21:45:32.346252
a7644bbc5416c627,True,2025-01-31T10:13:33.158433
4d7b0d8238f27931,True,2024-06-02T08:44:09.832338
200488198979e12d,True,2024-10-15T18:04:34.706532
7e948a792e1d4f03,False,
a7c87c2acee138ac,True,2024-07-31T12:43:29.456733
81e5867534a86e29,True,2024-12-18T12:56:15.750687
b167e047318451a4,True,2025-02-19T11:31:01.907290
ca160019da0698e2,True,2024-05-30T12:35:12.526985
baaf7852aaa0a107,True,2025-01-02T16:58:19.602264
0818e91b77876d66,True,2024-06-19T11:00:20.179112
02ad5b483b1d5298,True,2025-01-04T04:48:19.252562
fe868c64b9f07b35,True,2024-06-25T23:07:09.238447
551ca7010cdb218f,True,2024-10-12T17:39:19.246967
76392c0e45f218a7,True,2024-06-20T21:33:57.139692
7e948a792e1d4f03,False,
858a1d2c22ca2301,True,2025-03-17T06:03:29.954346
aa10f2d10aa288d8,True,2025-03-23T11:37:38.013027
e6da3d6428892085,True,2024-08-31T15:56:30.705327
7e948a792e1d4f03,False,
aa7cc74d49d4b329,True,2024-12-07T03:03:05.378478
ea86472923d31876,True,2025-03-30T00:15:42.600913
f91c11cf142f5ef8,True,2024-07-10T12:52:35.078618
c341abcf7a662c91,True,2024-05-19T13:09:54.644771
2b9c116e5781419c,True,2024-10-24T03:23:13.387907
257289b40e6bdd40,True,2025-01-22T00:29:03.800972
a1f26cdfed432dc2,True,2024-09-19T12:29:51.000678
77ba547eff226208,True,2024-07-04T05:33:41.459984
f002a24723ca5fc1,True,2025-01-12T10:24:03.906783
3d430fd46e65ec82,True,2024-06-09T19:43:30.281333
a55021b832f10c1b,True,2024-09-13T12:09:24.405263
7e948a792e1d4f03,False,
05d928f97c3fe782,True,2024-11-02T22:25:30.689885
500407f5e9e5cf9a,True,2024-08-09T23:30:18.884593
121b6764cc29f923,True,2024-07-08T04:44:33.429362
b2463530f4fdaeea,True,2025-04-07T13:40:12.564443
0e7eb37783140e6a,True,2025-04-07T02:21:53.987505
7e948a792e1d4f03,False,
a7b0fa545e9b40b9,True,2024-07-24T18:03:24.128068
faf4a5b05b2bc152,True,2024-10-12T17:07:01.463874
dbebbe623fc90c06,True,2024-12-07T11:03:31.526485
f964ebd5d65d7819,True,2024-07-21T01:18:35.767934
7e948a792e1d4f03,False,
4b6c218e31cf1efe,True,2024-12-10T19:41:57.870645
b3d016d4eb9f61a5,True,2025-01-03T17:31:11.154874
e9f3a2682590fcaa,True,2024-09-21T01:23:38.462655
f1bea1551514e478,True,2024-09-24T21:03:25.377155
9a89bbb9ecd89b0e,True,2024-06-22T18:04:24.171407
1ad066a8e3c499ba,True,2024-09-26T15:07:49.340961
8fa5b06ff450f3c7,True,2025-04-16T20:28:40.805757
7e948a792e1d4f03,False,
de783303af944f63,True,2025-02-03T10:58:09.903921
f3efe45b9b79c8bd,True,2025-04-12T05:44:59.760052
0c5468873ebf3176,True,2025-02-01T18:24:37.812597
850fb7764530997b,True,2024-06-23T01:40:47.470675
9c43b0173b07c073,True,2024-12-03T19:03:03.560623
994bf71ef83495d1,True,2024-09-07T21:31:22.008681
7e948a792e1d4f03,False,
a92898f8810f8ebe,True,2025-01-15T05:43:00.061010
ef94c853cb280ca4,True,2024-11-11T10:21:04.804939
7e948a792e1d4f03,False,
14caa11d0c792982,True,2024-07-02T15:17:37.263621
e0ad9fb75261d84e,True,2024-05-29T01:52:26.977683
7e948a792e1d4f03,False,
b8e4d7440b509a3d,True,2025-02-03T06:25:03.276891
ff79faa9eedd9344,True,2024-08-20T02:21:30.541185
6e4e0ec2c2e10b5b,True,2024-08-28T12:49:12.307790
b8ffb0cdd23fe213,True,2025-04-05T07:43:11.185932
a39a9c6a8e73c72b,True,2024-05-02T08:56:32.076411
7e948a792e1d4f03,False,
8abe86a4581a14dc,True,2024-07-05T21:43:25.984198
a80aa663f6579f17,True,2024-09-21T01:44:20.125841
40a91f9e1ec46652,True,2024-11-01T22:24:29.974307
b29b0a4a04191703,True,2024-10-04T21:53:06.084641
598e8fa465c78c8d,True,2024-06-24T04:45:04.888477
7e948a792e1d4f03,False,
6494a4cee752a63a,True,2024-07-27T20:03:50.188895
7e61ee6256f8ebf5,True,2024-09-02T14:18:46.047299
e357601106b1b6d8,True,2024-05-03T00:46:30.544143
c9095893edc95661,True,2024-06-11T09:38:00.202502
f66cda6e1955f009,True,2024-10-01T13:21:51.274583
de91693a7fbafdd5,True,2025-01-09T10:20:55.899009
5456d9cb5440113f,True,2024-10-05T15:56:01.368704
c4716bc1f8ae4b61,True,2025-02-26T13:07:48.369352
f16f670a2a06308b,True,2024-09-13T17:37:59.160488
0ac2fbced5268bdd,True,2024-05-12T23:26:59.784366
c74fb0397c1bfe3a,True,2024-10-29T01:40:29.655262
b1afef3d69a1fbfd,True,2024-12-18T11:33:34.637353
7e948a792e1d4f03,False,
235748da0014ed17,True,2024-10-03T05:54:08.083743
3aa43395b8a3434a,True,2025-03-01T01:21:09.898700
7e948a792e1d4f03,False,
bf741af8632bc166,True,2024-06-01T06:52:24.649738
7e520eb825e7d2dd,True,2024-06-21T23:49:48.160624
79f92f13a5a13d08,True,2024-05-24T13:04:14.303272
0311a3799d5c7926,True,2024-08-24T23:12:21.007169
5fdf7c9cbb034410,True,2024-05-26T23:56:36.277684
9ad4b385ebd75209,True,2024-07-26T02:13:18.828160
455cb3c973ea36df,True,2024-11-04T02:05:54.368451
9c1ead675aeb8c6b,True,2024-07-22T02:15:17.926498
2d8b13b4a614d05a,True,2025-01-03T19:35:12.435551
2e17a3806b2ccfde,True,2024-07-29T02:45:16.941871
a7bd879198360447,True,2024-09-20T23:27:48.585533
f608ad7dded4660b,True,2024-10-23T15:14:12.835832
957ec6aba5158cf6,True,2025-02-28T18:42:53.489872
d67566164529fd52,True,2024-10-07T18:16:26.998220
0a9edbdba27eb25b,True,2024-05-24T14:29:44.258701
bda2f8428e99884e,True,2025-03-20T00:29:59.029333
d1ccb1988471b002,True,2025-01-13T14:03:17.804892
3f07976f1016c798,True,2024-07-10T18:07:38.914723
9d8ffbb2c616c1ff,True,2025-04-02T04:58:43.401794
7e948a792e1d4f03,False,
8e6b897d6a582910,True,2024-12-20T01:23:52.947923
4f93a4be74d5994f,True,2024-12-27T05:20:58.620370
a6deb4f37b9b6cb1,True,2025-04-14T17:25:35.481822
a8dd03a21a83b8dd,True,2024-11-09T01:14:44.415252
8730d10083174517,True,2024-11-17T20:37:18.948241
d03face7cc11a082,True,2024-07-15T23:21:45.566235
a510a76c6cbcf0c0,True,2024-12-17T19:10:46.470369
7e948a792e1d4f03,False,
fe27eb5730535f5a,True,2024-09-15T15:15:19.166210
fb7d5e1fd03fa93d,True,2024-10-04T19:25:35.855362
7e948a792e1d4f03,False,
37d460fb31089eac,True,2024-08-11T13:35:23.559472
b7568ddcb42fa4d8,True,2025-04-24T05:47:30.595669
c0129c0b9543c7c6,True,2025-03-23T18:01:59.019019
494a5ae2561d744c,True,2025-02-01T21:16:34.891479
204d35e4be9df46c,True,2025-01-12T00:01:54.056281
ebe846a23053dafa,True,2024-10-06T20:38:32.495332
180bb0a83f86616f,True,2024-08-04T15:47:25.755027
8ec2f36511306777,True,2024-11-22T06:55:24.085844
84bd3868ceda9234,True,2024-12-24T19:55:18.983726
82d9f39d09a90080,True,2025-03-29T21:18:09.183357
c627550f1893d0a4,True,2024-10-20T02:20:39.135175
7f8501494dcae2fd,True,2024-08-14T01:17:45.485532
7ae7f9b54b3fc40f,True,2025-01-12T16:35:24.935112
3750cf340564e20f,True,2025-02-09T16:46:51.081080
28ffb3419333eb74,True,2024-12-17T08:24:03.021357
a3f0e8e78a15f2e8,True,2025-01-24T02:47:26.841021
7e948a792e1d4f03,False,
27366117d2270c83,True,2024-12-07T00:12:59.076334
abb5dbcc737f4c23,True,2025-04-10T02:36:45.181925
c3ecb18a3395df67,True,2025-01-27T09:07:37.244547
87b37549ac0613b8,True,2025-03-28T06:13:41.536914
a79460e8d41a081e,True,2024-05-17T09:19:02.303324
a0e916e7a006b231,True,2024-07-16T08:02:30.141848
84278b7fd073f0cf,True,2025-03-21T02:52:03.150582
14e62647e544b487,True,2024-07-17T05:47:40.410098
4ca706e688a01646,True,2024-09-05T15:35:15.946507
ca551bc4b654e6c1,True,2024-09-20T11:55:41.870697
9526302a00c810e9,True,2025-01-11T01:39:19.538416
7e948a792e1d4f03,False,
7e948a792e1d4f03,False,
06bba73c4f26cbae,True,2024-12-09T04:49:56.537547
6ba7bd211c63dc48,True,2025-03-22T20:23:31.149713
7e948a792e1d4f03,False,
74c3eb270b4b122e,True,2024-12-06T05:01:02.343484
4ecdab60ca6b2ee1,True,2025-01-15T15:49:46.324225
6394e3e7153d6f40,True,2024-05-15T07:32:41.205898
668b9f20844acdf2,True,2024-08-25T02:57:59.665536
7447cf686d927533,True,2024-11-02T22:58:14.436418
da8d28d4315c8fdb,True,2024-08-18T08:12:24.825887
19e9946dd9838fd2,True,2024-08-24T18:09:21.565895
f06283c78af8f9f8,True,2024-10-09T11:38:27.706430
e30d0ad5d3b92515,True,2025-03-04T05:50:16.671317
254a70ba41161c13,True,2024-08-16T07:14:59.359507
375833e5ca26e602,True,2024-05-15T04:24:55.652983
6b7897ab4bbc3673,True,2024-11-16T22:27:22.945781
fd240337d7869711,True,2024-05-04T09:15:56.467501
490f1aece3dc3721,True,2025-01-16T00:41:03.550203
01e55c40260ec1ad,True,2024-08-02T06:02:20.115920
a6caade987ffc4fb,True,2025-02-09T10:40:11.361356
c815c3b11b032448,True,2024-06-03T13:45:57.143917
48733f5cfd935fd6,True,2025-04-23T02:04:28.276952
2bdf55ae07b38fd9,True,2025-04-19T02:55:56.901308
a830827fdfc67024,True,2025-04-12T13:17:15.539558
7d63de0d47970597,True,2024-05-09T13:13:02.655755
5b65b35c6463fb86,True,2025-01-27T15:29:39.173700
195a015b29acdc3a,True,2024-12-31T06:52:31.703129
e4c00a9721b2671c,True,2024-06-21T03:34:31.338770
f19053619e3f7150,True,2024-12-08T09:19:05.872410
c01bd15dd5c873f8,True,2025-03-27T16:05:17.330379
32404617b14d621b,True,2024-11-18T18:55:47.892342
190778bb2895a1f4,True,2024-08-25T23:15:29.297390
7e948a792e1d4f03,False,
8d1d5f18b835aa64,True,2024-08-26T21:51:16.122137
dac33311a1d1eeff,True,2024-09-25T06:11:12.673036
166a8acc24f61705,True,2024-05-11T17:31:02.088412
c0e4d906c481adb0,True,2024-08-05T01:09:03.132420
e49c6c4dd66a8252,True,2024-11-17T12:31:21.275007
1745b1152d3c6368,True,2024-05-27T18:39:37.469415
7e948a792e1d4f03,False,
fdcc656b5b7e57e0,True,2025-03-01T22:10:55.621741
7e948a792e1d4f03,False,
3395fcb7109200ce,True,2025-03-28T02:44:42.381413
7e948a792e1d4f03,False,
7e948a792e1d4f03,False,
7e948a792e1d4f03,False,
87916e557a63dbfb,True,2025-02-01T07:12:51.851167
cf953a5ab193a60e,True,2024-07-08T06:23:34.040591
53bd8106d274b58e,True,2025-01-18T05:34:10.803779
715c46a4c04ab00f,True,2024-09-25T13:00:53.244138
3114f22e62537ed7,True,2025-04-20T18:24:48.538392
82d6c48d9081ad90,True,2025-04-15T19:43:11.772494
751241fead637e5f,True,2025-01-29T04:20:36.939857
3837d86d891a40dd,True,2025-04-18T17:24:41.857744
497fb5e7aad226ad,True,2024-09-24T19:49:34.559148
7e948a792e1d4f03,False,
4d7d20436b355294,True,2025-02-03T10:28:42.324491
3fe8f1056ad1d7d5,True,2024-07-19T09:03:17.105390
e788304d5882f44c,True,2025-03-18T10:22:26.864516
c6cd0660718a9491,True,2024-11-07T03:36:36.841267
c4c40f2ba0dc67f3,True,2025-02-01T07:52:41.655100
6f75364b4858a4e4,True,2024-09-27T02:51:47.010173
a041e89ec2ac1ce3,True,2024-06-23T23:54:11.748397
68f1cf673d1aef67,True,2024-08-06T14:28:21.353994
9a8c1f89363968ec,True,2024-06-15T19:06:57.775666
193ec1313266be06,True,2025-03-15T04:01:24.663917
667fc9320121deae,True,2024-11-16T12:33:09.731995
0d57a80da6025555,True,2024-11-20T06:11:53.017418
aa17eb1dd99aee46,True,2025-04-17T22:59:38.065437
b96f8ec468abfdef,True,2025-02-18T13:20:31.524306
4feaa956a19320d3,True,2025-04-28T18:14:17.496068
32e254afc3f7da4a,True,2024-10-24T02:31:57.147345
06219f4c4ce598e3,True,2024-05-08T06:52:40.089773
ce12712a342576fe,True,2025-03-08T06:23:30.835953
27bf085c8be4178d,True,2024-12-08T23:25:53.172048
7c4efbd6c4d21d8c,True,2024-11-02T09:54:38.982509
f7e899561620c756,True,2024-08-31T23:00:26.636521
e0dd0208d60af812,True,2024-05-08T11:32:16.205089
89c06cf045c5addf,True,2024-05-21T09:49:00.245641
7e948a792e1d4f03,False,
07a06f6867e724ad,True,2024-06-21T20:08:51.104628
38ac5f69b4e32007,True,2025-02-26T01:43:58.169505
87e9aaaf4980ed9a,True,2024-11-16T12:16:26.203130
c7a97a03b9aa19e2,True,2024-05-06T11:53:17.567588
321bffeaf41d21c0,True,2024-09-03T20:28:51.350939
09885ee153c2fc3b,True,2024-06-27T22:32:37.362825
fc19e79e338d46c2,True,2025-04-13T19:06:17.977278
1a0417ca993a50d6,True,2024-05-24T16:15:44.516026
0cc3c2fb7af4fbed,True,2024-07-26T10:09:18.922097
91affd6c43343390,True,2024-05-06T06:03:33.121007
51cb0c8189913862,True,2025-03-15T18:43:28.852638
5a361b574f2a741d,True,2025-04-16T13:00:27.657573
7adf548b18a79bcc,True,2024-07-11T06:29:26.117739
2ea47bdd96b410d6,True,2024-05-31T07:52:35.767138
7e948a792e1d4f03,False,
074406619eec7a82,True,2024-10-10T21:24:08.584559
8b81ae7c2224fc0c,True,2025-04-03T15:08:25.147800
7e948a792e1d4f03,False,
cf7860191446ec68,True,2024-06-03T02:05:59.227590
dbbeb6ca34d2387a,True,2025-03-28T02:48:00.300976
967f68b9bfdbc4ff,True,2024-05-09T05:06:33.313008
b116de34ded4d12a,True,2024-07-29T08:39:12.641680
50697ff29f1df770,True,2025-03-24T07:33:27.818845
2c045d3674fabb66,True,2025-03-21T07:38:51.237153
50b8bb978f72e137,True,2024-08-09T05:02:01.513607
f889515dee8d92a7,True,2024-12-03T08:07:00.001156
7e948a792e1d4f03,False,
b7553c926c23f419,True,2024-04-30T17:43:31.192554
ddb1f77f726ff0a7,True,2024-12-21T11:03:27.246995
f1f4fec79ccc6a7d,True,2024-09-07T10:57:28.803235
f7e427f0a2340354,True,2024-07-06T15:34:50.513187
733b4302950957c1,True,2025-02-23T14:24:01.181280
6bfefc4e7bd29e1d,True,2025-03-18T23:45:55.951821
7e948a792e1d4f03,False,
f8acfd7a0cb899a2,True,2024-05-02T22:26:47.460852
24fe8b730b476f04,True,2025-01-09T22:33:43.555502
9f8017af6dfc4110,True,2024-06-07T20:35:59.294873
7849c00ce1d160fe,True,2025-04-03T04:47:10.517082
bad934342428d05c,True,2024-07-23T05:21:30.178256
d6d84011a2d68fe0,True,2024-12-06T19:04:04.738307
661ed63c54f23771,True,2024-08-06T20:11:24.499356
6f9ef6931c51ba1e,True,2024-08-06T05:24:14.941874
a92c8fba2bed4676,True,2024-08-13T03:11:56.139712
ddbfe983baad7363,True,2024-12-23T15:16:18.844763
7298360d704b9d46,True,2024-06-26T11:39:21.275439
00a32786660be72e,True,2025-03-27T20:16:05.580899
a8e1f6d1b22a19d9,True,2024-12-29T14:34:49.585681
eee0315ab8d91dab,True,2024-05-16T12:19:23.753399
1e31be3ce96f3a98,True,2024-08-12T09:18:33.415161
aa4a20a121c8eae0,True,2025-04-19T13:57:29.566104
74bdc9c3b241ddde,True,2024-06-23T11:17:39.678743
4d94f6715bc57f66,True,2025-04-02T11:14:12.170315
d045fa2472db8dc0,True,2024-10-11T07:07:04.303892
b0a7faee64c738a6,True,2024-12-22T13:33:17.268804
e3ef057ea19b4b08,True,2024-07-29T19:14:26.045064
7bd86cc07c05896b,True,2025-03-08T05:35:02.366475
c1dec841ef972e08,True,2024-06-27T11:29:49.892380
980e7b7381988c1f,True,2024-11-02T21:19:08.050992
578034c4fc845964,True,2024-12-02T02:15:01.817029
cf0e5c9424fa20bc,True,2024-11-07T02:28:31.624468
ce6ece13b29e718b,True,2025-03-08T22:41:12.098624
b930997e467e2e10,True,2024-08-10T02:52:52.502515
2e1a3bb7bc6aa58c,True,2025-04-08T01:53:55.655903
fc29366ec285bb22,True,2025-02-02T23:21:01.426119
becb708eb787cd05,True,2025-02-09T07:53:55.334507
b52d2dcba37b8595,True,2024-05-21T15:51:30.326300
3f6303346c14e20a,True,2024-11-17T05:33:42.016637
15d7d44f1e39a772,True,2024-10-13T22:06:33.292767
2fed6f01912f1730,True,2025-03-25T09:13:29.189675
8b0c503c9d6da0d9,True,2025-01-07T14:42:09.164326
689f581979b97708,True,2024-12-13T21:56:45.267985
4e862ebc32b790c5,True,2024-12-15T20:12:54.383148
d2e5ba51d9be2906,True,2025-04-11T06:03:39.635175
eb1509619bea1100,True,2024-09-05T12:20:57.323317
95d3cd0677b68f51,True,2024-10-12T09:04:00.940748
477b5fb6e58e377a,True,2024-10-21T08:44:53.399210
624c34cdd1c0dc21,True,2024-12-27T01:38:29.921403
906c2ca6d4ddcf36,True,2024-07-25T14:56:04.396123
9e374ce5609790d9,True,2024-08-24T08:42:19.892285
e9dc80295bb78c54,True,2024-05-22T21:48:15.970517
7e948a792e1d4f03,False,
c2d2840f1fbd60f7,True,2024-05-15T20:12:37.265448
e43a18cbe48bca35,True,2025-02-08T20:25:55.270179
1cb9c8aede65532f,True,2024-10-27T16:59:17.299142
e776cf5c573102b6,True,2024-04-30T01:12:45.800080
17f760792b1fef40,True,2025-04-27T15:51:46.704515
6ba6929058406c27,True,2024-12-26T10:21:26.011286
76784926f14fe5f4,True,2025-04-21T02:32:32.088703
64faec382e25ef49,True,2025-02-05T18:06:16.943013
e13226c66a22c91c,True,2024-10-07T08:18:06.526679
2a137a8c0363b911,True,2024-09-08T06:24:27.122793
c646027a42edb2ab,True,2024-12-19T04:54:59.767540
7fe692e4f277ba46,True,2024-12-06T08:08:41.835223
7e948a792e1d4f03,False,
a46bc081cf951c6a,True,2025-02-22T18:14:57.710161
6247a9499229b903,True,2024-05-16T22:58:11.713330
a6a0cbf9686df23f,True,2024-08-12T20:25:06.459776
fba21a7effe60fb6,True,2024-09-15T01:37:03.387386
c4383ce3be4b0ce8,True,2025-01-13T14:07:49.041764
8538b938f182a399,True,2024-08-25T16:35:47.206479
7e948a792e1d4f03,False,
7e948a792e1d4f03,False,
98e7a397aae43d3a,True,2024-10-19T07:06:58.572318
6ac0dea33680d545,True,2024-11-02T14:03:21.119286
a37a57abf44209ab,True,2024-09-21T22:37:19.630646
ff0f251ab59c405d,True,2025-01-12T11:45:09.280543
0e2ec30e3cf32c3c,True,2024-12-14T05:38:54.529689
d76d7a8e5f5fd39e,True,2025-04-19T19:56:13.000767
eec72ff85b28de47,True,2025-02-28T11:10:51.866313
d5bbfcdc3e1db3b0,True,2024-09-30T08:39:02.884277
9733e2e671bf28e8,True,2025-04-24T02:51:59.891412
5d096a8ba58c292e,True,2024-04-30T21:12:18.496302
2010bc02d07068ff,True,2025-03-24T22:58:48.211569
3076810a1b9bdfdb,True,2024-09-20T11:12:17.255372
1d844e37d6529950,True,2024-12-14T00:33:30.221472
bee148405a37fcb0,True,2024-05-28T07:27:06.380030
f6ac534092950321,True,2024-05-22T05:05:25.368069
9b79657335a0528b,True,2024-12-06T17:45:16.814497
53193e8931b25373,True,2025-04-02T16:21:19.261740
932a598468f86af6,True,2025-03-14T00:11:04.137262
3bd2a9c1067ab939,True,2024-08-13T09:01:07.730271
fdd09c9ceed64207,True,2024-06-22T16:05:39.528429
a4cb6306c46a80c3,True,2025-03-10T01:14:47.495799
775a1e6ab5019648,True,2024-11-08T14:21:29.289160
3fdbcc16e12720df,True,2024-07-01T19:31:16.773393
12d9d4714ea8d5f0,True,2024-10-09T19:14:36.081941
b647434a40d62c6e,True,2024-11-21T18:45:36.220600
d484e2f400a37b65,True,2024-05-22T09:51:39.706065
1ad4d5fefdbf3d80,True,2024-12-19T17:30:57.079320
81df22d3dde088c0,True,2024-12-21T04:49:08.731018
7e948a792e1d4f03,False,
df224234e0833c69,True,2025-03-02T17:54:04.923390
3546dffc31b38b88,True,2025-04-27T23:40:46.983932
c872dd0bbdde65d2,True,2025-03-06T11:39:42.056283
7e948a792e1d4f03,False,
ce9cf626927c1785,True,2024-06-12T00:18:08.999703
d4fa8f3e52eb7407,True,2024-08-30T10:45:47.414328
9f14a92455d9b9d3,True,2024-09-06T16:55:13.753457
7e948a792e1d4f03,False,
ba1e39b7a1b72260,True,2024-06-03T17:44:50.265373
b19c93146d1d7204,True,2024-09-07T20:03:22.423327
975c8cada107718a,True,2024-07-01T09:57:36.232180
f22898c917256b12,True,2024-11-18T10:20:01.292860
63380159e59c7e6a,True,2024-12-12T19:04:30.854996
96ccc0d7fc2c2362,True,2024-05-23T11:21:47.754797
81ff006586921982,True,2024-10-02T00:02:51.604876
3ac824312be8654b,True,2024-07-04T22:59:49.334421
21a998f33f5ec33f,True,2024-07-02T00:15:51.689622
533ba8171ae80eb8,True,2024-06-16T03:20:54.200409
2cfa806a839b3f84,True,2024-10-26T13:18:43.101406
2197263a2a992f04,True,2024-12-24T18:04:51.652622
cbdc039b11c1e791,True,2024-11-16T23:01:59.109044
f24fd33dfc8e4bc2,True,2024-06-16T12:43:17.713040
29452fdbedfd9126,True,2024-10-20T03:26:41.124643
7f68a5a550f09b60,True,2024-10-26T19:06:13.108179
b04e676e38271c96,True,2024-12-13T07:42:58.572622
2099e5707a8f07a3,True,2025-01-17T10:02:59.375238
286de9ee1b866271,True,2024-12-31T16:04:46.557482
1aac0430a20e3f94,True,2024-06-19T21:04:17.823523
d1ddeabd21355af5,True,2024-11-17T06:48:51.223401
eefa9a0273713864,True,2024-07-01T16:09:47.790921
fa0447d51b99c7cd,True,2024-11-01T06:03:09.358437
0058b484bb79b17c,True,2025-01-19T01:17:17.547186
815035c301374dbb,True,2024-08-21T11:13:41.495354
104fc358d3ff5b1c,True,2025-02-05T16:07:11.476902
33731f06c795e939,True,2024-12-27T19:10:37.811066
f84a9091d23015fc,True,2024-10-21T05:31:44.024971
a2ada981aba8bee2,True,2024-08-15T22:17:27.143512
18888a8db37c430d,True,2024-06-22T00:58:25.153905
fc5190827574e016,True,2025-01-06T05:15:22.639838
7e948a792e1d4f03,False,
70636ce9ea0cf886,True,2024-11-30T13:36:11.107725
5dff93289445c263,True,2024-12-01T09:43:06.864838
e52d355f94713bc4,True,2024-08-29T06:35:24.304837
7c24d730c408a7a4,True,2024-11-20T07:33:25.269312
c9d53c1035164c15,True,2024-06-21T22:05:47.930001
bbfe9a711762a8ee,True,2024-12-30T18:08:57.743691
44fa9e7c644a691b,True,2024-09-28T05:52:06.387666
f94429e987509938,True,2024-11-16T05:01:39.265828
761bd6bd7e164c23,True,2025-03-25T07:23:13.451910
e8bda78e72f354d9,True,2024-11-21T05:07:08.917362
026416d8ec01b47d,True,2024-12-22T04:54:58.857898
30e37586c4e2afdf,True,2024-05-04T10:43:36.637472
46beecfadd4532d2,True,2025-02-12T09:38:48.286649
0cc5b6a16d913f06,True,2025-02-01T11:34:00.378624
4022f956a9f500f8,True,2025-01-31T04:48:52.655030
59e9dcf5ba3b0658,True,2024-09-27T15:04:56.398806
1622db96857e9c25,True,2025-03-08T20:23:55.730098
7e948a792e1d4f03,False,
7e948a792e1d4f03,False,
5c707e645b4664e1,True,2025-03-11T04:36:44.105322
68c6d08a7e6e19ea,True,2025-01-22T22:12:21.653402
7e948a792e1d4f03,False,
475948009d75ec3c,True,2024-10-15T06:46:19.832083
62dbc488d38f2872,True,2024-11-29T15:50:53.072740
cb63180de073040a,True,2024-12-25T10:00:59.645103
5315e99d14207725,True,2024-11-22T05:22:59.845986
8a39e30295daaaee,True,2024-05-24T05:53:06.898242
0b70bbbdcd9c8637,True,2025-01-09T06:36:28.291938
a19d36cf83c5a241,True,2024-09-19T18:15:47.929756
044f6faa044868ac,True,2024-07-05T00:13:55.803331
59f2659aeccefd74,True,2024-11-29T03:27:12.203590
4b0c68001af6d3a6,True,2025-03-05T01:36:49.344140
286ddc7b05b7a0d9,True,2025-02-25T03:39:57.873369
7e948a792e1d4f03,False,
56b469f8270f097c,True,2025-01-20T17:44:02.477388
0d7e1cc86c847e95,True,2024-12-08T14:32:49.462911
7e948a792e1d4f03,False,
39d47229eca7e7d3,True,2024-08-16T02:11:59.817490
7189a92489b5d271,True,2024-10-13T01:12:56.814654
247fbb9a98408cd2,True,2025-04-09T03:21:49.209854
ac531b4e07609881,True,2024-11-09T08:53:54.972651
72f2bac9c2b78d00,True,2024-09-12T16:41:46.784881
012187a60a05c472,True,2024-09-29T09:43:21.993579
6915900ac5ed75bf,True,2024-05-06T20:29:06.373290
7e948a792e1d4f03,False,
87257568333cfe03,True,2025-01-08T07:45:56.437620
8b2d6ccc51452c57,True,2024-07-30T20:08:37.059302
c3355a553c9638b8,True,2024-09-13T17:25:01.668898
b30c01426098378c,True,2024-12-26T04:12:52.581538
9e2a0521cf8700b9,True,2024-09-24T13:37:10.502882
a8b2c491317fafd4,True,2024-11-16T15:25:38.744793
a677c3dd62be5bf5,True,2025-03-24T18:51:24.664084
8055979c02c01a27,True,2025-03-24T21:25:45.396702
76fcf79dec95cc7e,True,2025-04-16T15:04:25.327903
7e948a792e1d4f03,False,
13bdeca0d1729262,True,2024-08-15T22:10:47.177952
4d9bfe218fc12e10,True,2024-08-04T13:16:22.131509
f2fc5a5720652833,True,2025-01-17T07:58:23.499280
8ff56fb4fc90a047,True,2024-08-30T20:34:17.815811
e8452d21bb21451f,True,2024-07-15T13:01:40.134535
90d8648e214a5374,True,2024-12-27T11:17:27.035090
d3201885fa68bfc1,True,2024-05-06T02:32:58.599823
931dbeebdb701702,True,2024-08-16T07:42:42.353338
6c89d364feca9813,True,2024-04-30T14:21:34.174392
4ba6f72dbd1a836b,True,2025-04-05T06:58:45.623077
8f98b35d76d6a87b,True,2025-01-09T21:27:37.154236
6dfe9fe31a13acca,True,2025-04-22T15:36:27.975238
7e948a792e1d4f03,False,
64cab19e087c04a3,True,2024-09-04T14:59:49.703756
5890975a0a21f7cb,True,2024-05-27T20:55:38.895764
b6041d0ac9625280,True,2024-08-16T00:27:09.562135
4fa8f876aa4b1962,True,2024-11-09T19:08:52.017913
223ec0d9127d0a2b,True,2024-10-12T21:31:39.081728
fbca1b19c0edc858,True,2024-04-28T17:50:26.943570
82c53cbfa361f959,True,2024-11-29T22:47:21.677757
0512721367e34d42,True,2025-01-23T02:18:19.192015
9ed5cdfb0f4e990b,True,2024-08-29T06:32:28.939107
89a2a00989a6bd84,True,2024-08-10T12:03:12.913421
7e948a792e1d4f03,False,
3c4eaed87ea0ad8f,True,2025-03-24T22:36:28.491338
7e948a792e1d4f03,False,
f35009ddadd6f8d4,True,2025-01-17T23:58:26.402769
23fbe8c52e21768c,True,2024-08-03T20:44:54.390440
7e948a792e1d4f03,False,
fcd2df35bfbde3c0,True,2024-05-15T05:21:45.036908
d51817a4e9608f56,True,2024-05-11T15:03:39.857415
efbfef598587f88b,True,2024-06-28T13:19:01.590687
cf9ac57f3a8f2a9b,True,2024-11-26T02:43:46.480008
00e432d1b89c10e8,True,2024-08-01T05:12:10.011793
4c007cde60ff44fd,True,2024-11-05T20:04:17.291099
4d35271eb25326f1,True,2024-08-07T12:41:51.337828
7e948a792e1d4f03,False,
070a2cb78aa2dec1,True,2024-07-07T18:00:55.422348
6672870674ee230e,True,2024-05-15T20:58:08.436363
22efaa7e32aa9beb,True,2024-11-04T11:51:38.676934
d7375974d00baf0b,True,2025-03-25T09:00:20.681235
7e948a792e1d4f03,False,
b03cc6b194da28e1,True,2024-06-24T17:04:07.473264
96fa29fadbae1ab6,True,2024-11-11T03:15:15.959197
3aa499d26ceff207,True,2024-05-13T16:36:25.701188
1a25a9c0dd7d7714,True,2024-08-09T05:14:05.567690
5529b4624708b89f,True,2025-04-10T18:22:24.522569
f0f08effd621e6ae,True,2024-08-02T03:45:43.206355
c3e70dca1eac6c66,True,2025-02-14T12:48:19.239159
a6414a7fb26e3cdb,True,2024-08-14T11:03:51.044501
8bf1628da4b57b6d,True,2024-10-09T07:31:03.394728
1860c2fb438a7379,True,2025-02-08T05:17:24.464920
1581246daa63a43b,True,2024-05-21T09:28:04.360126
3c037b8df9d432c3,True,2025-03-01T06:23:29.591473
e50dfb035e327a0b,True,2024-07-19T00:53:23.618393
8d349780ca8a1798,True,2024-12-11T19:45:43.151520
9ff2231e8f05e1aa,True,2024-11-11T01:51:16.190482
642f3d710d0ce543,True,2024-09-26T05:20:50.034455
575667f2b0c9b8c3,True,2024-11-11T18:40:06.162011
ead13b67522232b7,True,2024-06-16T22:30:48.765659
7e05341fd556a331,True,2024-12-16T05:43:22.853481
675b7b3c34a4b6d8,True,2025-04-17T10:22:00.580040
941ae054bd19a0c6,True,2024-06-23T21:21:56.228169
a5b45415d1f0c617,True,2025-04-13T09:44:50.638644
2bf3eab608910214,True,2025-02-16T08:32:28.555261
d99eae585bbfd04a,True,2024-08-18T10:50:26.350354
739f44c095339ec9,True,2024-10-22T14:27:16.970280
77e5c5a9a6b7fccf,True,2024-12-04T07:39:13.732874
db868a722c31f45f,True,2025-03-17T13:34:53.172459
fca21dd4d3ebde5d,True,2024-11-17T02:56:21.884684
a24120a5c30483f0,True,2024-09-03T23:32:28.222437
f5853b24970cc26f,True,2025-03-17T17:02:10.339421
7e948a792e1d4f03,False,
7e948a792e1d4f03,False,
0dba40582f98ecd5,True,2025-04-01T16:39:28.644299
f228e19fc81e0924,True,2025-01-30T17:14:23.065702
7c5e28a39a318d78,True,2024-05-02T13:25:02.218642
81d6ab70816416d9,True,2024-12-09T20:15:19.800942
fb5e00a7ccef4586,True,2024-05-22T08:12:02.145297
fee6aec465851cb2,True,2024-06-30T15:59:25.594706
7e499f5cbc910a81,True,2025-02-21T12:46:21.674112
2ce195bfdab68c21,True,2024-08-31T22:36:15.720751
e039636cbec8935a,True,2025-04-25T17:35:27.212119
31aec91f8af17197,True,2024-09-03T05:24:16.600236
cf0ca5b6e24834ce,True,2024-10-06T16:33:54.809562
af516b220a68cc58,True,2024-10-18T23:06:29.319288
7e948a792e1d4f03,False,
9701e20d1c4175b3,True,2024-12-16T01:47:23.129028
5795b3c676c0be87,True,2025-01-16T02:22:10.982509
b9992108d4dbb431,True,2024-10-08T06:50:26.677848
7e948a792e1d4f03,False,
45f0a3924395af65,True,2025-04-28T09:14:31.412705
7e948a792e1d4f03,False,
94a56bdb36ca2d65,True,2024-06-30T04:14:26.336026
8d8d2c66da9b8687,True,2024-05-16T09:53:49.136569
d765e8fc8d8edfa5,True,2025-02-07T00:29:44.089019
98db6ac98eb606b9,True,2025-04-13T03:11:54.595922
a99ebf93930ef468,True,2025-01-25T01:15:28.808594
ab328215114f1ca8,True,2024-09-22T13:05:32.555084
e3b1e2d5672db34b,True,2024-10-27T13:56:09.211483
4d2fd351aa72832e,True,2024-10-16T03:21:23.565446
7e948a792e1d4f03,False,
324a9eac79219df8,True,2025-03-20T22:48:23.470201
0ee2c28f54f57ec6,True,2024-12-07T14:07:56.984065
7e948a792e1d4f03,False,
bf506f731742f9b0,True,2024-05-02T16:40:55.343158
693129b428441d1a,True,2024-07-09T13:54:31.868423
583c404217c51921,True,2024-12-04T01:16:30.892473
4e79b4de4e7ea4bb,True,2024-05-31T11:54:02.665675
7a83f1d598802776,True,2024-11-22T19:22:00.980717
bc1d9456f361a2b3,True,2024-11-08T11:30:52.236161
8f715af94ac09bea,True,2024-06-01T01:41:53.105890
56e1d1aeceec3a7f,True,2025-01-30T07:13:52.374661
ebc013adc64f1655,True,2024-06-30T23:30:36.350535
900137ef4b5d0046,True,2024-07-09T06:58:43.945852
7e948a792e1d4f03,False,
835f1de90f73e691,True,2024-09-22T18:01:33.321858
81d9f5c04ea8237d,True,2024-09-03T10:44:29.876640
79caad2abdb94969,True,2024-11-19T00:57:02.649292
2f7fa924ca124a89,True,2024-12-26T16:26:11.392262
2262f650f9e6cbe3,True,2024-05-15T19:40:27.263378
362ac67753b8b8f3,True,2024-08-14T21:10:32.241475
b62ede3f0d6306b3,True,2024-05-31T00:23:08.133579
7565a99a8005e175,True,2024-12-17T06:23:13.896066
fe4e0e39c4b8643e,True,2024-10-21T10:33:24.590264
7e948a792e1d4f03,False,
8447f9d315076ab5,True,2024-05-02T04:24:10.801425
e18ba2678b1bb13f,True,2025-01-02T09:36:27.074675
1616d60c5d6e7c3c,True,2024-06-10T02:27:04.353429
3c1bf5005dad9184,True,2024-11-14T21:45:27.138061
57f0e2b2380936ba,True,2024-08-20T18:11:52.590184
febd71433767a672,True,2024-09-03T10:39:53.621581
04bbf9cdc60f7ac5,True,2025-01-06T08:29:51.463281
908ce8d0a8a124c5,True,2024-12-13T06:33:51.929703
9eeb3b6f793faa4f,True,2025-01-16T02:02:08.264020
3976a0bc0d9c42a9,True,2025-03-11T14:55:58.814908
fb9644148889165a,True,2024-08-04T15:48:37.727157
1c8d4cbaeeaa7423,True,2024-10-12T15:51:59.694044
f6a497c0d7b52079,True,2025-03-05T06:37:33.287934
7e948a792e1d4f03,False,
75b11021db49d300,True,2024-05-28T10:37:16.322400
892940127fc4189f,True,2024-12-29T12:56:43.582372
dd51f614a5b86b9a,True,2024-12-11T18:40:48.855892
c41ecabddc9c9451,True,2025-03-21T04:13:54.651889
5113cbef5256060a,True,2024-09-21T16:14:32.686231
7e948a792e1d4f03,False,
1c03afb03d1a7997,True,2024-06-15T18:02:16.723514
72b4db6783502f0e,True,2024-07-24T03:01:57.914999
e3348d08bd5c718f,True,2024-06-27T17:51:52.946445
831870572c163736,True,2024-05-01T17:14:39.743702
17b56203becf46d4,True,2025-04-01T05:16:35.695637
7e948a792e1d4f03,False,
94e1b8566dd898c9,True,2024-07-07T22:22:58.079621
6c6825c8d1b38cb9,True,2025-01-15T18:45:12.545345
6402c6b65bc16990,True,2024-08-09T19:07:14.707113
a227d62240ed6d79,True,2025-01-02T08:16:12.031529
c4598aea1212e3d7,True,2024-06-05T06:42:02.447531
c9b3d46908726ce9,True,2025-01-25T22:33:52.614149
7e948a792e1d4f03,False,
ba94ce011664b7c7,True,2025-03-23T23:34:43.324363
c49768bfafc0a668,True,2025-04-16T20:22:34.246616
a725375df230064c,True,2024-07-30T18:49:06.071944
d53674a95b269ed1,True,2024-07-09T19:36:18.320293
58c38558d29b2dcb,True,2024-06-20T09:24:42.624767
ceb105227f21da22,True,2024-12-19T11:55:15.205857
d9cb3001fc7efb3e,True,2025-01-12T17:43:14.597673
23ce1c36cf1e4e25,True,2025-02-03T18:26:47.574424
1ede9765fec010f7,True,2024-09-07T20:11:06.212450
e31917dcbaa7694e,True,2024-09-02T01:06:19.507597
1990ce038c4dd57a,True,2024-12-07T17:22:12.192935
6f0f53b15adcae90,True,2024-11-20T23:03:06.049296
d98a34c36b6a3b8f,True,2025-04-08T08:45:05.256146
78528e988fc08b54,True,2025-04-23T00:54:11.473538
33e6ccbf3a7955f3,True,2024-05-15T21:31:28.073803
a78cd97ccefc5e9e,True,2024-06-14T16:03:48.838280
66e3ea431bef681b,True,2025-04-06T05:22:28.146023
70d70fd2cb7de6fa,True,2024-12-25T05:32:33.488031
7e948a792e1d4f03,False,
ebdfb9a2bfb6ab61,True,2024-07-14T23:59:43.076020
638d6e934d2ce3e1,True,2025-03-13T04:28:54.382485
7e948a792e1d4f03,False,
7e948a792e1d4f03,False,
0d94df8404620e15,True,2024-10-27T01:42:01.766477
f62897992f0ca2b4,True,2024-12-02T18:13:01.029404
05eed9df66b841fb,True,2024-11-27T06:26:33.054129
5d3f739d3af7e9bd,True,2024-08-21T18:59:54.307203
b05dd6fa182b3229,True,2024-12-14T02:38:19.444859
e043b91d344ee018,True,2024-05-24T07:54:11.356301
7e948a792e1d4f03,False,
8776b6d1c5c5da49,True,2024-06-18T22:34:45.513076
0ae2110d6fb2871a,True,2024-07-21T09:15:58.074818
d587deba6a84a68f,True,2024-12-11T20:13:54.510257
022cf674988c97f2,True,2024-11-21T00:27:15.594776
650d21005717a82f,True,2025-01-12T22:04:12.080372
df300bbeef90b988,True,2024-09-22T23:15:07.731304
7e948a792e1d4f03,False,
ea90f8f34146696e,True,2024-11-11T05:11:32.224503
8abb5b0df2bf02be,True,2024-05-20T22:46:07.481595
2c36de18fb675762,True,2024-12-24T06:12:08.482699
a23499e0e4c7bc12,True,2024-05-03T04:01:57.301567
72ec687cbfd93666,True,2024-10-13T17:51:28.303512
be6352c981153481,True,2024-11-10T07:24:30.965343
ee7097b88b5a9573,True,2024-12-16T16:57:31.283720
9db90b3f101380df,True,2024-08-10T11:35:06.209704
6a4188285eace479,True,2024-12-14T17:53:57.529842
6c65c703cfa980aa,True,2024-05-29T22:14:50.405148
3f780f731ceb21b9,True,2025-04-11T12:06:29.031527
e9a4074c783704bb,True,2024-05-03T04:25:56.292902
bbd7a402c748ef84,True,2024-08-01T17:17:37.707736
5dafcf6919b62d23,True,2024-07-14T11:15:07.628041
19dfbd98ddbb3f58,True,2024-05-19T23:14:03.574495
2f1cb49c55322c45,True,2024-08-28T07:01:52.363271
f4d6e9506e7ebf41,True,2025-01-17T12:22:53.367219
819323446d1d5d89,True,2024-07-25T18:50:43.062781
b8b21e748d93dedf,True,2024-08-30T18:45:31.384436
7e948a792e1d4f03,False,
3ee8d8803892368f,True,2025-02-14T01:02:27.698643
80ae4932afb46685,True,2024-12-10T06:56:50.115319
7e948a792e1d4f03,False,
ffee8887c79e40ea,True,2025-02-17T12:26:28.301327
61c35bca2fa2724c,True,2024-10-10T16:14:35.073008
327cfe30fd52e642,True,2024-07-28T18:47:47.817164
665e51b35c37a9d2,True,2024-06-28T22:24:59.607296
1e8268a4f182255a,True,2024-12-30T19:57:08.104025
cbf6a4be7f661e4d,True,2025-02-25T03:37:43.071678
53e57ee06c95e175,True,2024-10-27T08:30:10.039514
4f4489d9d205f7f0,True,2025-03-19T16:43:11.475806
55fb626152bb1438,True,2024-12-05T04:58:31.967696
9b861ed4dc784647,True,2025-04-03T21:26:49.800589
c5e9179edc2ae645,True,2025-04-08T07:21:36.459686
91d176a10c564874,True,2024-09-21T00:10:25.681753
89e1abd9e51c46e8,True,2024-06-09T18:32:05.976842
c9ad58095ed437cd,True,2024-09-13T08:55:01.771787
23014b412f072033,True,2025-03-27T03:03:02.905772
1025c743390c5986,True,2025-03-03T20:42:32.273814
00731d54ddc5d115,True,2024-07-02T15:41:09.894648
4c47a5096e08ebb8,True,2024-12-09T15:41:53.163095
33c11610988ef4ff,True,2025-01-25T18:14:57.260443
7e948a792e1d4f03,False,
5f9e6a5be48d24a2,True,2025-04-28T10:31:04.735794
7bff3a9149b03686,True,2024-12-23T21:23:21.695142
2be1d8519b7202f9,True,2024-12-04T17:43:07.499796
54e0969fbd081c49,True,2024-06-15T09:33:37.041578
144a9be499e07114,True,2024-11-26T02:09:42.257529
5728e617ea7feb4b,True,2024-07-29T01:20:30.780625
ebc5eee8f7188c98,True,2025-01-20T09:40:28.386667
bc31e00cfabb5bdf,True,2025-01-11T04:49:35.852934
778edcd8468e7171,True,2024-09-18T17:54:47.855987
8a084ed7235a96f1,True,2025-02-17T07:38:17.711101
fcf5ef9b170e2cb3,True,2024-09-01T16:36:29.747511
653d71406631e72d,True,2024-12-10T15:45:17.447589
bba27589dcdea0c7,True,2024-12-27T10:50:14.123209
086102227fb1101b,True,2024-08-28T11:18:40.347122
0b9494004657d5f5,True,2024-10-25T14:51:01.295655
873d18c25266255e,True,2024-12-27T09:07:35.420661
7e948a792e1d4f03,False,
afe58654ef2d96d7,True,2024-11-19T07:54:23.844272
0d00a182ddd234f3,True,2024-05-31T08:31:27.332686
a241bed2506db572,True,2024-10-16T09:28:48.746751
d82af3e4851fbbb4,True,2025-01-14T19:42:09.304581
873a91e149dd8ba5,True,2025-02-22T06:13:48.085398
fe8b08a2a97e755d,True,2024-11-14T11:48:08.459792
1268135817ab78bf,True,2024-09-30T09:55:14.241684
107691795c8e3837,True,2025-01-23T09:43:25.236330
05529e980d9f3d01,True,2024-09-20T02:28:17.092713
fe28eb488a13a430,True,2025-02-07T00:34:03.010089
8a572adfa2d8a7c5,True,2024-08-02T19:02:34.314564
8441075a78705ecb,True,2024-04-29T00:47:32.642660
b4f09a036467fb37,True,2024-05-01T06:24:47.730959
331f7c7c35e5939a,True,2025-03-12T18:16:51.778923
1f3101759d34d831,True,2024-08-08T00:49:13.440987
d0e54f8a067b3c5a,True,2024-10-06T02:24:51.434243
7e948a792e1d4f03,False,
4900d01477a6e361,True,2025-04-23T05:14:44.635490
0a4fce574278b0ae,True,2024-10-24T17:09:50.167247
d6c111e5d93a039a,True,2024-08-31T12:39:45.024906
70f2536368293abb,True,2024-04-29T04:53:00.852623
07d3cfdc049a9ee2,True,2024-09-08T21:50:01.437419
a79fb98ac2362e43,True,2025-04-15T23:42:22.869831
7a3fd0257eb6b645,True,2025-02-21T07:20:05.618471
3b0edb239b477618,True,2024-11-09T19:36:17.025773
3461c136c93d467a,True,2025-01-07T23:55:33.235453
9d4e0598c2069483,True,2024-09-12T02:55:56.901229
4a15c5d95cb9699b,True,2025-02-11T05:14:30.110756
a4f539012de15ecc,True,2024-05-22T19:00:12.859448
75b5a9664b68fbb7,True,2024-10-30T15:41:51.882399
c9ca3dcea947d8d0,True,2024-11-04T19:06:25.207869
646e1f8501d0a0b7,True,2025-02-10T21:46:20.238467
231b390887191514,True,2024-07-23T10:41:41.165220
363df0e1bf7f42c6,True,2024-06-02T15:47:02.191393
5cdbe26370464f0e,True,2024-07-04T07:01:03.325644
4745a24266afe7b0,True,2025-01-10T22:31:15.211989
ce5022f7eebce575,True,2025-01-09T14:00:45.119068
63769edbe49e609e,True,2025-01-20T11:04:57.678226
75a51cfb9f467674,True,2025-01-16T17:12:57.825551
fb3e17323c874cbc,True,2025-02-01T19:33:29.891860
9416344692dc9583,True,2024-08-14T19:45:50.444497
7e948a792e1d4f03,False,
62ec4db177d5b024,True,2024-09-01T23:28:38.832252
7e948a792e1d4f03,False,
7e948a792e1d4f03,False,
6c224fc3286b99dc,True,2024-10-15T06:01:07.913662
7ad78dcf5c5af0cd,True,2024-07-13T04:42:12.680921
b80446035b178cc8,True,2024-05-04T04:40:03.253818
abf63e4232ba2782,True,2024-07-09T16:07:55.919705
a62f5258f955418a,True,2024-12-30T03:53:51.352400
0a64b2c3ddc73186,True,2024-10-19T08:48:41.240636
7e4b3f8eb18909c8,True,2024-05-28T19:10:19.310282
41ce3c94a8352cf6,True,2024-12-08T14:22:47.594651
8a1df53766a8bf21,True,2025-02-17T07:18:15.751112
f5a7f3b558a2dbb1,True,2024-09-01T08:13:50.292871
087468dec2e546b6,True,2024-06-21T09:15:46.710350
563377faa08100b3,True,2025-04-01T06:58:45.742481
c927524e9eb9ef43,True,2024-11-12T04:46:36.881014
d4581781b0bf221f,True,2024-07-22T12:01:25.068149
8129cc0e3419a380,True,2025-01-14T10:19:09.627591
5fbd8cdecb2358fa,True,2024-05-14T12:58:02.316046
4620904de31b7954,True,2025-04-11T17:53:14.809525
6a1b941aef68ee68,True,2025-01-13T16:28:05.712859
7fe896cac7804518,True,2024-05-23T15:48:04.791268
3e3f8b0bc3ba0ef7,True,2025-01-17T05:21:17.010338
2c827b6ad30191e3,True,2024-07-16T09:13:20.403219
7e948a792e1d4f03,False,
7e948a792e1d4f03,False,
6c3ea9c24dfee479,True,2024-05-25T16:03:57.505489
932677713277cfa3,True,2024-08-17T21:08:49.002775
77a5cd2bccfb5567,True,2024-08-07T21:48:23.420873
0fd7a1baee313a87,True,2024-06-01T05:41:05.214359
815c39f7b425e469,True,2024-07-10T22:02:54.476528
7e948a792e1d4f03,False,
9c18975dc6397fe8,True,2024-12-18T10:58:35.596795
2282163907be88d1,True,2024-11-23T21:48:44.944804
41fc7ba9bef6962f,True,2024-12-28T22:52:29.657403
785d9a36da9c9f4b,True,2024-07-12T19:50:40.874036
c54227bcdd1fc787,True,2024-12-31T05:24:59.541872
7e948a792e1d4f03,False,
a84fe1114a0f9048,True,2024-10-24T05:18:57.051889
f1095ae84b5c408d,True,2025-01-04T07:17:41.717782
9a9d9ed84444a0c0,True,2025-04-10T06:36:41.322534
b8b1303aaf514dc2,True,2024-05-19T11:41:24.114368
02051266ef653355,True,2025-02-24T02:10:43.287211
7dce84669a4e485b,True,2024-11-10T14:23:36.769408
ddbaccc53708f399,True,2025-03-21T09:53:08.897710
60bc95ae05fdcc4c,True,2025-03-24T02:33:24.912915
35dc517ddad79217,True,2024-11-07T14:00:35.064284
58bf411b8c9d7b60,True,2025-04-06T09:02:56.541674
ad861247fcef5b93,True,2024-08-20T01:20:40.508878
c5ef3b75327c4500,True,2024-12-13T20:06:36.705870
b253bc1bbda5c0b6,True,2024-10-30T06:01:15.776013
0d84ea7dc4ee7b37,True,2025-02-23T02:57:18.208668
c5692e2d3d131802,True,2024-09-12T11:48:00.178807
7e948a792e1d4f03,False,
32c70a44a6fcf36e,True,2025-01-07T03:26:11.323966
7e948a792e1d4f03,False,
7e1c65b2bd0bd103,True,2025-04-06T19:49:40.862656
f230c3b00d065e40,True,2024-07-05T18:37:09.766280
6faa3a7c2d27a0fa,True,2025-03-22T23:23:52.688330
8a194506749f55fb,True,2024-12-19T09:57:06.765787
485ee846be8abc02,True,2025-03-14T21:26:05.836784
e4cd25b0e8f3a22d,True,2024-11-03T14:12:42.084339
7e948a792e1d4f03,False,
a3b7540a82425054,True,2024-10-04T08:41:02.812094
dd8f7f58e7933178,True,2024-05-21T02:24:51.248556
1a3b72517637c3d0,True,2024-09-24T15:46:18.680485
79e8d9629e55fefb,True,2025-01-04T03:38:41.795679
684fb928e5c5c7c1,True,2024-11-23T14:20:04.044184
a6b89be300827bc1,True,2024-11-30T22:47:49.013749
83e71c7a0475d561,True,2025-03-22T19:30:42.971655
c8f49dae02988ff1,True,2024-07-13T13:56:49.253441
b8404d664cc6b95b,True,2024-09-10T19:19:29.102323
32943800a4c4036d,True,2025-04-04T16:56:47.336528
1dca41c9d108ede9,True,2024-07-08T08:00:10.997836
5341beada3b18ef7,True,2024-09-30T08:50:24.428894
d085b9aefc3a2919,True,2024-12-25T13:59:21.818608
691984a341de5a94,True,2024-12-12T18:06:50.119050
1f466b5d73c4c6a4,True,2024-11-20T10:58:18.160834
1cb1b825a2e1204d,True,2025-03-14T02:58:49.367202
b06d266951a7522d,True,2024-07-21T21:29:39.429941
c597a9c806e8ffdf,True,2025-01-23T22:35:03.365111
932c6b45dac95e6f,True,2024-10-21T03:38:59.717390
f572ce2f1d21e5b8,True,2024-07-30T10:11:41.095576
b66a851eb4c9f483,True,2024-11-01T04:53:45.804186
06a17ffe361b6421,True,2024-08-31T02:03:20.786522
7e948a792e1d4f03,False,
8f32fc5a4240b2bf,True,2024-10-29T06:24:59.909055
6e1fdd3cfa4f723b,True,2025-03-10T22:25:15.077676
127a7afda9d4420f,True,2024-08-10T12:13:12.699164
d0c323f2e4f0371d,True,2025-04-04T20:20:27.240629
80dbd81e7ffc57d9,True,2024-11-09T01:45:38.341072
8f7bf4fc8dcd3ab7,True,2024-06-22T07:27:55.439185
7e948a792e1d4f03,False,
a493cfca2bf025b2,True,2024-11-09T05:28:54.235072
7fb2dab9f63857ef,True,2024-05-15T16:29:41.247674
455f4da8aa817155,True,2025-03-31T01:36:14.888799
a7a61f1a7e0909d9,True,2024-05-07T07:13:32.205570
b536e0db0ae86138,True,2024-08-21T05:10:13.047387
b63441361cce8ad1,True,2024-10-20T09:41:23.700650
2c3b3b6e48cdf4e5,True,2024-08-07T05:56:22.511414
a6f79ac30cf99fe4,True,2025-01-11T11:51:03.243593
7e948a792e1d4f03,False,
589458f75d617ea3,True,2024-09-02T19:25:55.395593
77959b4c0a1a3e3c,True,2025-04-15T08:58:25.191174
008815971f0d270e,True,2024-11-23T08:07:53.623490
6d8fbf8b5e0039b1,True,2024-07-31T05:35:08.365500
ac42f57fa9f91539,True,2024-06-07T15:17:45.225815
d89053d4aba43acd,True,2024-08-25T11:45:54.617112
44bfe0cea3fa1b3c,True,2025-02-15T20:26:07.122662
b1a23d5849aabee3,True,2025-03-09T00:59:52.832324
41b9ea1ff66a3d17,True,2024-11-17T02:03:12.465611
7e948a792e1d4f03,False,
291e6541caa6bc61,True,2024-05-22T01:13:59.250665
eac52cb0c3b86b5b,True,2024-11-14T08:35:57.762063
1f191113617dc9e2,True,2024-10-21T14:28:21.457587
3d319b79e58a53bc,True,2024-07-07T19:00:08.912718
16455e5bd6144126,True,2024-10-29T10:38:41.219013
5b3a8fb339db8d24,True,2025-03-25T16:55:06.420416
f1d2361000004014,True,2024-08-24T02:15:29.670963
d270ac4b1a3525be,True,2024-09-05T17:33:22.841051
9230f9b0f26b8c8d,True,2024-05-22T23:35:23.130298
034254031fcb4d6f,True,2024-10-17T03:44:44.017181
f3161487300bcaac,True,2024-12-30T13:21:10.462993
9549397888a363d4,True,2024-07-20T15:15:41.554419
d86492dac1556c4c,True,2024-06-02T10:26:28.963975
a18515c539acfd48,True,2024-08-02T07:12:26.415823
d55dc47dec079f7e,True,2024-06-06T03:55:19.126882
364f03b6141d6914,True,2024-12-08T00:45:10.010217
0f085c704ecfb5c0,True,2025-03-16T01:34:17.802504
28f6d21e3c25fc0b,True,2024-11-02T09:15:58.113680
631fc13e2f426c1c,True,2024-07-16T16:52:46.675790
5db20fad950e637f,True,2024-12-12T23:19:49.623520
ed19b6c6a94cc18c,True,2024-07-08T08:48:06.064860
c22905c60231f49e,True,2024-08-23T08:37:25.184302
d7a066282fb60661,True,2025-03-24T05:42:06.852362
a766c4379ad6b6e4,True,2024-10-04T05:43:18.093605
7e948a792e1d4f03,False,
a64e62b10dee212a,True,2024-05-15T09:01:39.188870
7e948a792e1d4f03,False,
fd1cdd40d6ffbada,True,2025-04-08T13:29:27.106835
8faa2b5c2afd90b6,True,2024-08-01T13:21:59.311282
0920378d5271ac6c,True,2024-10-29T08:59:12.435431
9e17b283b601c872,True,2025-02-23T19:55:12.337667
11955d4ef403b5f3,True,2024-12-26T21:29:40.301938
f4bd631d79331d67,True,2025-04-26T23:28:10.948245
d9d140537db9a5f4,True,2024-05-07T05:48:09.090592
e57e5118f2346b2b,True,2025-01-24T04:36:24.152545
da276e735fcf4f3c,True,2024-06-02T22:51:41.807028
d3f214057b4dd022,True,2025-03-07T14:36:40.330677
c835849723ea41cd,True,2024-08-25T20:14:26.999050
38bdb9ae03a3a2bb,True,2024-07-27T19:06:37.402643
3feab527b0f60089,True,2024-11-10T16:16:27.982353
49569fcbc08d421b,True,2025-01-03T18:06:40.812322
aed34458f6813b51,True,2024-07-08T04:44:05.935057
fca78cf7128df588,True,2024-07-25T00:08:42.979137
c53ba51d506f56a5,True,2025-03-12T20:07:20.891438
89097ef1b2861505,True,2024-07-06T03:03:55.257902
abe0050cf5960fcc,True,2024-08-14T09:56:30.010097
4eb2f6d1afd8b2ab,True,2025-01-15T11:04:22.235546
94e72b05bd6ed929,True,2024-06-14T01:17:00.732795
6f1c8ff53f4210f6,True,2025-04-07T22:13:49.303033
2589cc8734c5bb18,True,2024-12-10T15:53:11.199444
5e0b2348abc6553c,True,2025-04-28T01:18:05.302104
98068fa44bdfef1c,True,2024-06-04T07:51:58.285903
fa84b54216b90cff,True,2024-07-16T00:38:06.163741
139119a4275c45a5,True,2024-10-27T02:03:24.916213
5c733c94887736ef,True,2024-05-04T08:18:29.459113
ee1cf7661aae85d2,True,2025-04-17T18:19:50.142372
37d838c33b44fc00,True,2025-03-04T11:45:45.568748
cd3e57c19a026656,True,2024-06-27T22:49:13.677683
7e948a792e1d4f03,False,
76ec2b36260e9ebb,True,2025-02-23T16:00:39.213508
ad7bf7fe55959543,True,2025-01-10T13:13:12.682306
cb4f36ae3bfef939,True,2024-10-22T05:27:24.595143
7e948a792e1d4f03,False,
7d5c9bc437693af9,True,2024-12-21T01:34:36.681283
7e948a792e1d4f03,False,
b7740550970c00b5,True,2025-03-10T00:58:53.031467
0064292df5350672,True,2025-01-28T10:57:44.643586
0ea08404622460d7,True,2025-02-07T17:32:02.152825
7ed203c2aac3aaa0,True,2024-11-17T08:31:56.375241
8e8e9759b17376f1,True,2024-05-15T17:36:56.423908
7e948a792e1d4f03,False,
a0b0148f667e33f9,True,2024-06-29T17:19:44.772463
2fd9f631290fe8ba,True,2024-09-01T11:18:17.553912
a481c1dabbb68297,True,2024-11-02T18:11:13.292915
98b9c1e4295e1f21,True,2024-06-07T01:34:17.594308
dc391594441e9c77,True,2024-11-11T10:20:50.499076
c88c050751f32099,True,2024-09-07T14:19:17.111164
93e04952972befea,True,2025-02-27T11:52:15.799734
3231cbb86722cb61,True,2025-02-22T07:09:44.705375
82c6dea9bda3256d,True,2024-10-25T02:43:41.775320
33deb55657f52874,True,2025-04-19T11:34:35.373240
2cbd4e8d07a2d117,True,2024-05-09T21:13:24.189968
156db5e5d032bf52,True,2024-09-15T12:19:26.185172
03b7007815b78b72,True,2025-02-19T20:25:54.819427
0e944b1478b155bb,True,2024-05-08T14:11:11.889784
5d2d2b50db80636a,True,2025-01-30T19:42:36.051829
1b6d52f891ac6fe1,True,2024-12-11T19:23:27.895214
7e948a792e1d4f03,False,
e989a71bd101cff4,True,2024-09-03T05:16:44.314836
2c9f11f39eb5f0a3,True,2024-07-23T04:45:02.282611
e8df63b9401a2e8c,True,2024-05-02T03:57:38.374494
250108aa3e33f53a,True,2024-07-07T12:02:05.787318
da15238bbc8699b9,True,2025-01-13T05:03:24.490248
7e948a792e1d4f03,False,
820c0e79132a969e,True,2024-11-19T17:54:59.332624
6db5058433aec420,True,2024-09-25T02:11:34.656553
7e948a792e1d4f03,False,
7e948a792e1d4f03,False,
cc5472eedc3ea69d,True,2024-09-29T13:09:55.792275
503952e83ea827e6,True,2024-07-29T12:45:15.421660
97e00028cdb7db61,True,2024-10-02T06:46:37.877762
5004221d8267e1d5,True,2024-08-22T15:52:05.861197
1fca703cacbe61ed,True,2024-05-04T22:19:19.847996
fc9fbb49238e4ca1,True,2025-04-07T19:29:42.550670
119798376f2606a5,True,2025-01-28T18:11:01.750973
1ad742a2d456e3d0,True,2024-05-16T00:58:33.367362
9a931f68796604e6,True,2024-10-30T11:18:39.856657
7e948a792e1d4f03,False,
bd7f0a3d4439e738,True,2024-12-30T07:52:13.135330
7e948a792e1d4f03,False,
7e948a792e1d4f03,False,
b28ae765de0df6c1,True,2024-11-07T09:35:23.525625
50104ed1197a2de2,True,2024-12-17T07:31:25.607233
b32a5613f433a79f,True,2024-09-15T13:01:42.292204
69c815b237e72b57,True,2024-09-26T11:56:22.585719
0758b0eccc11c5fa,True,2025-01-23T04:43:32.336816
d9c68bce837c1de3,True,2025-03-23T06:20:25.234437
29343814a55f1a39,True,2025-04-09T03:20:01.533303
69db9313276fc8af,True,2024-12-25T10:02:38.267033
32f6ecdd690b70f8,True,2025-04-08T20:42:04.297455
21153220dab70cc4,True,2024-12-05T06:30:22.584136
7e948a792e1d4f03,False,
9039c6a6581bd6f3,True,2024-05-23T22:16:40.968229
a20fa47437dbbdfa,True,2024-09-10T13:01:15.150125
673ff546e93f7429,True,2024-11-30T17:16:46.164528
221aa28cae7706dd,True,2024-07-14T19:28:25.434388
7e948a792e1d4f03,False,
d5e3727dac02d789,True,2024-08-24T15:59:57.286130
c48bd4d5eca78fbc,True,2024-07-23T20:56:46.259071
8f37e3acab43bc4a,True,2024-11-08T01:40:01.826657
3c5c108eb261c3dd,True,2025-03-31T20:18:04.717184
87c40dfe7ea2e9a1,True,2024-07-28T05:27:01.490567
3e4d9d991411c8c5,True,2024-10-15T17:01:27.899158
ba9fa191440c9b5f,True,2024-07-29T00:46:56.014207
7e948a792e1d4f03,False,
7e948a792e1d4f03,False,
70a54e4b2239f8b7,True,2024-06-08T11:54:04.650598
30bfcba5e2125e8c,True,2024-08-08T19:33:19.169750
7e948a792e1d4f03,False,
7e948a792e1d4f03,False,
5e1d4b77e8b5fd97,True,2025-01-15T18:43:35.385105
5874f6cd2a8c62e1,True,2024-09-04T23:30:23.930801
c2b861469a0b1917,True,2025-01-09T17:58:00.850930
e617d0d503bb8e64,True,2025-02-12T01:21:06.137295
fc76fe80d865eddd,True,2024-10-08T07:33:04.723441
7e948a792e1d4f03,False,
99c1caa92fa4ecca,True,2024-06-14T09:47:46.824135
d0c875f6164ba382,True,2024-09-04T14:13:47.108454
72d2b573a11204b7,True,2025-01-27T15:18:48.791547
8bf187c2de09ddb0,True,2025-04-20T00:01:01.885443
f0fbe7ee2b2e97a9,True,2024-11-17T08:56:48.866610
d365ae20b6af98b0,True,2024-06-10T06:54:50.940958
203644d86a9d9757,True,2024-05-09T21:19:52.339728
3516056550c606ce,True,2024-08-18T14:12:50.817665
bf01c8793c4f6b0a,True,2024-11-03T07:06:15.513133
6b7827156ba6b1fa,True,2024-12-03T21:49:05.291542
f28254ce1e38c464,True,2024-08-04T20:01:12.382922
442566b3c05e6fb1,True,2025-03-31T01:25:22.376766
3c628bfbcaeb576f,True,2024-08-10T21:32:37.596761
aa4c7dd20d40a2ff,True,2024-06-01T11:01:13.904663
7e948a792e1d4f03,False,
23deaea8e64b61e3,True,2024-08-09T12:18:10.372435
3d840a7f6c6378fc,True,2024-07-23T02:28:59.466632
c5ad8fef8e25ad50,True,2024-11-01T03:30:43.533105
a79499c675f1638e,True,2025-02-11T22:58:34.372127
bd3031aa250bdc63,True,2024-07-11T22:38:38.940524
d8335ba9050e0aa9,True,2024-05-22T12:32:01.025556
7e948a792e1d4f03,False,
97d6520f7e8b01a4,True,2024-06-24T17:46:17.203334
8c58508c65ae32ad,True,2024-05-25T09:53:10.866589
401e9b06040ab82c,True,2024-09-02T21:43:39.491308
8942d63eeb41b9f4,True,2025-02-03T21:37:26.376296
11c09a6eb01f652b,True,2025-02-02T02:41:38.500973
d1842415fde1a729,True,2024-08-19T20:07:08.140737
18f9d9e43108ebb1,True,2024-10-09T22:20:40.382228
4b0c26ba28b85eeb,True,2024-05-04T17:02:00.259789
fd7ff6c8a6de9a2f,True,2024-10-31T02:16:04.442639
4b92a05fd5d52575,True,2024-12-28T19:05:22.350069
0a4315c3c1c9f4ee,True,2024-10-14T22:59:26.010005
611292b2b7806e3a,True,2024-12-25T06:06:51.889660
f3d1444e378d1c96,True,2024-11-01T05:34:04.425122
949d538252bc7f7a,True,2024-06-08T05:19:46.882438
8e2e1be6a5a7f724,True,2024-06-23T21:44:42.149948
412074a50ecec156,True,2024-05-30T23:42:05.321087
2308d3550ac8d73d,True,2024-06-24T08:33:45.602308
41a87e51f141d88b,True,2025-03-10T00:09:51.991899
585127c201be1137,True,2024-10-08T15:42:18.646030
68667957409e6f91,True,2025-03-31T08:47:08.460274
7e948a792e1d4f03,False,
c657db67a716b80f,True,2025-03-18T14:43:37.188096
060d52b16f6ab522,True,2025-03-10T03:13:08.769872
8cb56852c80531c3,True,2024-10-13T09:48:21.476978
68c95d3fff53e1fd,True,2024-07-14T08:07:52.738518
da831d1958319f98,True,2024-10-12T22:22:43.982826
dbd45a4535565e88,True,2025-04-02T14:59:10.724391
af3f5971c9cea7ff,True,2024-08-23T19:04:01.620170
68cfdda2f6edadcc,True,2024-05-20T13:53:10.469368
05da0ae12cb9af69,True,2025-04-11T13:49:04.667158
3a163e58da5e7236,True,2024-06-16T20:12:19.372893
9757a2207d83197b,True,2025-04-02T18:36:48.498672
5658aa4f2f7ef122,True,2024-06-05T22:32:59.715273
bdabe9b9effe99a3,True,2025-01-03T01:41:56.842054
80847e84575bec68,True,2024-10-13T09:03:15.039364
881201c96b66eba4,True,2024-09-24T17:57:48.167386
205bb24d0f4e0bf5,True,2025-03-19T14:46:40.895761
dc91ca5e0d660dd7,True,2024-05-26T23:20:37.918028
c322eab653c2b5ff,True,2025-03-10T18:11:58.125887
74dd9de55d0f2af1,True,2025-02-04T06:04:29.054780
1172e2d929e87387,True,2024-08-24T11:53:00.565829
82a18521b8cd27ba,True,2025-03-25T01:11:32.556268
daf757962bdcd721,True,2025-03-13T20:42:38.907305
5b4e5adedc985754,True,2024-09-28T16:36:00.438424
f9a851eed45cdf92,True,2025-02-18T00:14:03.792093
94a044378c489595,True,2024-10-22T18:51:26.227752
10fe0d63e766000e,True,2025-04-17T21:29:57.662323
af7b7613633b4e29,True,2025-02-28T13:10:17.911555
7adfe232cfd0c98e,True,2024-06-13T19:22:09.203331
db8264698eada96e,True,2024-09-28T15:59:41.129421
16b27808b47e3333,True,2025-02-16T16:10:20.165770
a77df176aabbcc4f,True,2024-10-25T23:27:05.066065
00b4e65af3ac3d2d,True,2024-11-07T17:54:54.981238
6c5fd62e9ac84a2d,True,2024-09-24T12:38:27.675230
c45003d407ebd62f,True,2024-05-13T12:06:32.782746
6cb2f69f8900a63e,True,2024-11-17T05:30:06.662019
d494ca5e195cb466,True,2024-05-01T11:07:28.528347
ce80cc6de3175001,True,2025-03-11T09:34:33.887282
7be8cc59ab601110,True,2024-06-09T02:30:49.010979
364fa118f225c8de,True,2024-09-23T03:06:09.911963
80fb5460cbcc86aa,True,2025-01-12T11:27:27.712722
37a26deba26dfae6,True,2025-01-04T03:49:19.694479
7e948a792e1d4f03,False,
7e948a792e1d4f03,False,
a36bd367c0745df2,True,2024-05-03T10:14:31.671313
89c627dfd98a9a0d,True,2025-04-15T10:47:47.162884
9c8b2088fd793e8a,True,2024-05-22T04:07:36.800290
a1d3f4d3fba52128,True,2024-06-23T00:07:54.125811
6ea653a9d2ae014b,True,2024-07-10T01:45:59.679279
52a5c21cddaa731f,True,2024-05-20T05:33:37.158933
a8f00bbca77baaf1,True,2025-03-02T13:46:43.230966
62da2f6f3db635b6,True,2024-07-11T12:35:02.968477
48506ee96a0341eb,True,2025-02-23T00:15:10.847817
73f573bcd4a7442a,True,2024-07-17T09:21:31.034072
a530223f0e48ddf6,True,2025-03-13T14:44:15.935837
d2276453d5ba2c74,True,2024-12-04T01:41:04.599144
c66ad290ee46bd7d,True,2025-02-17T19:54:47.263206
005a4a0c3ecd4327,True,2025-03-29T20:02:12.353148
67fca798d00309f9,True,2024-05-24T18:58:08.953096
e6f38a9dfea3358a,True,2025-02-19T04:57:40.207707
c9bd4d55afb8b629,True,2024-12-09T21:44:18.723545
d5d5ea2d157c23a2,True,2024-11-19T05:01:51.660969
1e35a785bb1880ca,True,2024-08-24T09:36:43.456112
8eae05b32e8ea234,True,2024-12-12T10:14:37.909628
aa6aca1776ea059c,True,2025-03-01T21:58:25.540615
fe87df49fabe03f1,True,2024-05-22T06:45:17.095531
24f226222b0bf7f9,True,2024-07-12T03:05:02.504433
7e948a792e1d4f03,False,
41851c6d9cfd497e,True,2024-10-14T20:23:49.890026
c12c6db206247341,True,2024-10-29T05:52:31.640639
ffe0f74c2ec9860a,True,2025-01-04T20:44:30.283052
fb163cf410770537,True,2024-12-27T10:21:34.339206
f4135991c8bc0429,True,2024-12-03T16:09:33.221635
85ef2a8136b37a46,True,2024-06-14T01:24:11.415985
eec6bd99c3574b3b,True,2024-12-19T01:58:21.306666
e08ee936913c68d2,True,2024-05-12T05:30:25.938579
5bc92647d4df7b6a,True,2024-12-22T16:17:18.660738
8addce4d48b9fa5c,True,2025-04-09T06:57:26.751517
5e74a9df679dbd6d,True,2024-08-19T14:01:15.277356
dfad0554f38f4ea8,True,2025-01-05T10:47:34.358075
7447f0766081557e,True,2024-06-02T18:19:30.760267
5f291e737dc25d6f,True,2024-07-08T07:12:09.007444
e6417c8d1dd5c437,True,2024-05-07T01:43:46.931639
ff75a24f19fe1724,True,2024-12-02T20:02:58.134821
7e948a792e1d4f03,False,
b8e482fe6d9484b3,True,2025-02-23T16:14:29.679821
7e948a792e1d4f03,False,
8a6acbc6c20a2e4d,True,2025-02-09T02:24:04.953845
5f27797a0e59cf24,True,2024-07-10T18:27:53.663409
964fea5cef5971e0,True,2024-12-14T01:04:16.380304
cff1bbdc7c9f318f,True,2024-09-28T12:06:55.199681
e1f199bbef0de45c,True,2025-01-01T06:38:46.315554
473e46e4a5e9e7bd,True,2024-05-20T01:09:49.045967
fa63a3480c95b6ce,True,2024-11-19T20:40:29.284017
0f6d9b6b18025d39,True,2024-07-12T03:11:32.711833
83b53995efb7bd1a,True,2025-04-20T18:49:38.898993
2bde99fae862d72f,True,2024-10-22T00:32:20.219425
45a5a6ae52d7f304,True,2024-08-14T14:42:07.515378
0dfe20b647ca8d4b,True,2025-03-24T21:14:34.426757
ae88849867f78e87,True,2024-07-01T07:09:25.326912
37934f4e35abe3f5,True,2025-02-02T03:33:38.490443
7e948a792e1d4f03,False,
d9df9ca50f70ac51,True,2024-07-09T02:37:43.594753
83ca70659a6a9654,True,2025-01-09T14:23:51.542226
8a965d3b35c90641,True,2024-08-28T07:09:03.741198
7cbf2e7d683a7c25,True,2024-07-16T03:10:03.707802
a6a0079a424f731c,True,2025-02-27T09:44:14.929035
7e948a792e1d4f03,False,
7e948a792e1d4f03,False,
7e948a792e1d4f03,False,
3d0562e83da1be78,True,2025-03-04T09:39:38.530088
c3be2d9cf7bdc937,True,2025-03-11T16:53:45.092289
32fd46d3f7f71251,True,2025-04-27T20:25:27.606201
fe252218ad9b74a1,True,2025-04-26T17:40:00.872081
5e7a01c3ed899455,True,2024-10-28T16:25:30.336505
7e948a792e1d4f03,False,
c4baea1eb59c9bbb,True,2024-09-11T03:26:28.798666
5390051b259019f9,True,2024-07-29T12:36:10.522176
3c2f6f11b4ba99ab,True,2024-09-01T16:09:15.685422
d6231eea803cebff,True,2025-01-03T00:33:39.937653
b264d6a79ce7b011,True,2024-07-10T11:53:28.471028
9032a492f374b9af,True,2024-11-04T05:53:39.705037
74d0e2ed2b4c4457,True,2025-02-06T16:11:20.437703
4e545efe9cdc373d,True,2024-06-15T01:18:36.311754
7e948a792e1d4f03,False,
7e948a792e1d4f03,False,
c7e1b40e532e4c12,True,2024-09-26T06:54:50.071572
5c19c5e403f6c258,True,2024-05-23T07:10:17.658976
7e948a792e1d4f03,False,
006223397c27a5c7,True,2024-05-28T00:38:23.672523
6263da04d677a1ed,True,2024-08-29T01:42:47.627864
6cdb0de3a2f12c56,True,2024-10-13T15:50:04.305495
123c8ad3968213d2,True,2024-09-24T19:45:27.823339
1cae7012cf0a0b7b,True,2024-10-08T14:33:32.671920
37d47c74a6585ea0,True,2025-01-23T02:13:31.924948
fc526414b25ecf00,True,2024-07-30T11:34:18.864630
49300583a15c2b4c,True,2024-07-18T14:32:59.718470
2c6df3bd312a3c39,True,2025-01-26T21:12:55.238418
2cf963bf4ce8573f,True,2025-04-05T01:06:09.425403
fff1ceb3879a9312,True,2025-01-14T02:20:13.162748
b5aa4a1655948a25,True,2024-07-10T16:37:31.978205
abb832a113141f63,True,2024-12-31T01:38:57.136322
8aa1b1eba5f6fc02,True,2024-12-30T22:33:03.503872
8f0fb3360dc4761a,True,2024-09-16T05:19:44.132645
c2b241d74bfdff06,True,2025-02-17T13:40:54.254363
243b2e9d4163f8d7,True,2025-04-11T17:48:29.675075
a8ef2f16ef9871f1,True,2025-01-06T03:35:16.542031
f833add86e147d14,True,2024-06-22T02:45:32.028266
8a3f71959fa60ea7,True,2024-09-08T16:38:59.048068
792d64bb319148a6,True,2025-03-27T05:05:43.976898
4ed7f7cca97297f5,True,2024-12-21T21:44:19.521735
86730c01d31b0ed7,True,2024-09-27T04:59:34.664469
7e948a792e1d4f03,False,
5f3a4c7d6a6fdf32,True,2024-12-06T22:30:06.768769
99bb9d20ef801dac,True,2025-04-16T02:36:57.156651
7e948a792e1d4f03,False,
06cde1828c5dadaa,True,2025-04-03T21:01:21.497180
e10bae599ee3da70,True,2025-04-12T17:11:14.650909
1504bee429d038ba,True,2024-06-13T12:46:01.759072
781b42ad9ce15afa,True,2024-06-15T00:34:37.285925
b8bad0432a15ddbf,True,2024-06-28T01:42:08.082229
7e948a792e1d4f03,False,
602e6495f9c5a3b9,True,2024-10-18T22:36:39.714415
434ed2c2f1426bc4,True,2025-01-11T07:50:21.182488
60884f859f312b5f,True,2024-06-25T11:59:21.306731
e2da803c3a48c449,True,2024-11-12T09:08:05.164598
1fce271420aa6396,True,2024-09-14T16:11:26.757040
c36132d389516e07,True,2025-01-01T06:02:41.512374
7e948a792e1d4f03,False,
dd320a5ba3c59211,True,2025-01-22T11:17:42.602111
134dc37c695cf353,True,2024-11-18T12:50:15.327254
a8a0daf0106a8011,True,2024-12-17T07:51:25.350298
8ce776e372ff9b54,True,2025-02-24T02:51:31.257945
5203afc63f1acda5,True,2024-06-04T14:18:52.518549
e3c78eef75f2fbe1,True,2024-09-19T23:23:52.269834
bb7580e91f175491,True,2024-09-04T14:48:07.757681
c91db907a1fc70fb,True,2024-11-03T23:58:59.770539
7e948a792e1d4f03,False,
9b6ea2997c529f49,True,2025-01-17T10:48:25.053331
f50b073d004dcf6e,True,2024-05-16T11:52:57.708226
82d7f9900daa03ba,True,2025-01-05T18:32:18.875286
2d5b25d77ecfcc0d,True,2025-03-29T17:50:51.266703
ce42216b1cef00b5,True,2024-08-05T22:40:42.009446
7f002cec7b76cb80,True,2024-07-31T18:47:31.892801
e01bf43da629d62b,True,2025-03-15T19:20:46.470371
596c2f369071133b,True,2024-07-10T11:41:39.890290
4877ad060f9f9600,True,2024-10-13T01:28:29.087917
7e948a792e1d4f03,False,
0dde90de1dc4da71,True,2024-10-23T22:45:01.929637
0f326af105b869d5,True,2024-12-22T15:33:03.321303
488f10348a17a7b2,True,2024-05-09T19:32:54.739996
d390119f4648cfec,True,2024-12-11T14:14:18.962916
e6d66dd44c1839d6,True,2025-01-09T00:32:30.686425
7aa89aab3e82048c,True,2025-04-17T19:57:32.821177
699080a6b08bbdd8,True,2024-10-26T22:44:00.211873
787a1bc79088a5d1,True,2024-08-22T21:55:37.069998
75984656f00332c9,True,2024-05-27T09:19:34.861103
7e948a792e1d4f03,False,
6086615ef36e539a,True,2025-04-08T15:03:25.929287
23a01d3f6ee1c220,True,2025-01-01T21:43:36.869729
4629ed27b039c69b,True,2024-12-01T09:54:03.112559
6a0bf9bfe3f77f00,True,2025-02-16T22:49:36.926705
ceb75ba323f1c5e9,True,2024-07-12T02:51:26.207887
4baa35c6574f1352,True,2024-05-07T22:22:55.616107
dc83ff7327864e1a,True,2025-04-07T08:32:53.027001
5b77bc0dece1303a,True,2025-01-28T17:34:18.197553
3a4f34d3205eff18,True,2025-01-05T22:09:05.177689
876c48dfb23ebe33,True,2025-01-14T15:11:41.131322
c1bf947809aeb203,True,2024-04-29T17:40:28.069947
9e6e4a0493520741,True,2024-07-18T03:11:56.978699
84cb15ecda00bd17,True,2024-09-07T14:42:57.608038
a0b4abfdd7b85eb5,True,2025-02-21T20:23:39.711730
cb470d3ef4ed61fa,True,2024-08-18T01:08:03.292093
8e1800a3a3aeb2f2,True,2025-01-29T19:32:13.984082
fa927a5cd6981db8,True,2025-01-13T10:38:04.853472
f5c2fc86cf3a3f6c,True,2025-02-28T10:40:27.272202
509ab4923c6da76b,True,2024-10-21T14:31:07.308073
2011b590808aa984,True,2025-03-11T11:53:08.170889
dd610ed7b47223a6,True,2025-04-23T13:34:42.005772
7eab4fe7c6e45cff,True,2025-03-31T03:41:33.588369
e3bb0849bd2b8a77,True,2024-08-07T05:01:52.127631
ab22e7dd0c9e8c0c,True,2025-02-21T22:08:52.653296
2a3968f320ba2e14,True,2024-12-12T17:41:37.480870
7e948a792e1d4f03,False,
7e948a792e1d4f03,False,
fc1f3e8211c1b8de,True,2025-04-09T16:49:32.514466
7c6776c28b7673f8,True,2025-01-23T14:58:04.428206
c5c7c27df678f1b7,True,2024-07-28T04:01:07.416986
b1bc6c9b5fd0bab1,True,2024-12-06T07:13:35.580195
1f176f082134c872,True,2024-07-28T18:44:25.837898
a3d6a9ad6fa91dc6,True,2024-12-08T03:02:00.145990
15aef50914b8c7b0,True,2024-09-12T05:06:40.263701
d6ec1c695bd71cb7,True,2024-10-20T17:20:35.141214
a8a5b4b74321f562,True,2024-08-30T07:58:18.834591
7e948a792e1d4f03,False,
890d0445e1ce4799,True,2025-04-04T03:20:59.920177
7e948a792e1d4f03,False,
7e948a792e1d4f03,False,
f8143890b01d4150,True,2024-09-21T16:31:50.218614
10ea9769710f2807,True,2024-10-28T02:15:50.202911
839c68b8c2956791,True,2025-04-07T06:11:33.554652
719a159423d4e6e4,True,2024-11-01T18:02:40.190177
f695fc8f9f99e815,True,2024-07-24T15:30:59.475126
57932544e5426ba8,True,2024-08-16T15:40:03.224317
f244813a6fd8f85c,True,2025-01-18T05:13:42.046044
e92fbeef241f306b,True,2024-12-14T23:55:24.509002
7e948a792e1d4f03,False,
1e2f849b49bd12ba,True,2024-09-06T02:15:15.963212
4ef9a749ec1320f3,True,2024-11-19T21:05:06.735946
c32c472e112db264,True,2024-09-13T06:43:21.551848
d2fb42966313173c,True,2024-08-31T09:49:25.187099
936042a4b2018e56,True,2024-12-10T14:36:39.976004
86f600010c2cef5c,True,2025-04-26T06:25:11.490194
58bc1c7c4cb68ede,True,2025-01-17T09:51:15.241114
2ff8cd953cfe93e1,True,2025-03-03T14:19:45.184003
6c97b76b87419ca3,True,2024-12-12T17:56:12.011004
7e948a792e1d4f03,False,
0f467eb154e1c452,True,2024-10-08T09:33:16.725698
01c8ac13016a4d64,True,2024-08-16T21:43:34.008615
251e0f63253039b1,True,2025-02-22T22:22:09.192688
2b015bc6e71d4933,True,2024-08-02T20:05:20.950271
533a75b2dac5bfc2,True,2025-04-23T21:56:03.909346
7e948a792e1d4f03,False,
1c5388e786c4ee3e,True,2024-07-05T09:12:08.684039
bc0cf2c74c4ba912,True,2024-08-05T11:35:13.719359
dfae63ac8985a6e0,True,2024-12-27T06:41:20.537391
9af826ebc74a84ca,True,2025-01-25T06:25:23.821058
7e948a792e1d4f03,False,
09ef92f684cf6ad1,True,2024-10-16T03:40:29.199457
aeecbafa57a20fe1,True,2024-05-22T06:43:54.289165
2484157a7cd0fa3f,True,2025-02-17T19:53:39.123008
ed1e92b5dea5f1a9,True,2025-03-14T03:08:53.911680
481a8b284168ad2c,True,2024-10-11T05:30:20.359680
b9cafb098163fd36,True,2025-03-04T19:47:18.042369
f7dfa16713cf022c,True,2024-09-09T00:04:03.420477
889015f4cc0b4874,True,2024-04-30T21:32:28.591502
3abb8630ba001f58,True,2024-10-17T14:31:32.137709
eddc1cbcc8f5a4eb,True,2025-04-15T17:24:11.963799
cebd8d94675cd3ee,True,2024-10-23T12:59:37.007075
07b5aa4757fcfe81,True,2024-04-30T04:06:22.130533
6fe45b15db5141cd,True,2024-07-11T22:12:37.659453
088b76d7bb862911,True,2024-10-29T20:39:24.065433
1dc2f8b79c08d31d,True,2024-08-31T02:33:33.787137
db96f736f0b2f920,True,2025-04-21T08:11:34.516895
7e948a792e1d4f03,False,
eea5340c8535f4a9,True,2025-03-04T15:06:02.170492
45f2486f35bdbb62,True,2025-01-30T03:51:46.850797
d8a72680e49d828d,True,2024-12-31T06:41:22.087122
42967cc721eda19f,True,2024-05-23T01:06:27.100728
2bd5bbf879320954,True,2024-04-30T14:59:40.679225
ef104adace8e840b,True,2024-05-11T18:53:07.807502
7e948a792e1d4f03,False,
ddc67d4fd3b0420c,True,2025-02-17T06:12:30.548488
b6fe7d80de6597fe,True,2024-11-28T05:02:54.253295
08f3703cc350d745,True,2024-07-04T15:32:18.319990
1a99dbb8e9e47052,True,2025-01-16T11:41:51.562823
f66c5e7413071eef,True,2025-01-02T22:48:25.605828
d707e12d64edc055,True,2024-05-01T13:35:16.475635
7d6ef1e6adc4120e,True,2024-12-20T21:22:39.673434
a946f7be2e662b02,True,2024-05-07T16:04:22.816263
dda20182858caf98,True,2024-07-19T21:15:27.628119
c61138d4b2445e7a,True,2024-06-12T07:12:30.261705
7feb52dfb9e6b891,True,2024-11-14T17:43:35.556683
4eb15eab7db67bb0,True,2025-02-12T12:48:02.064809
b7473a5790d17201,True,2024-11-05T00:01:07.457411
4956d64020f45f9c,True,2024-12-01T19:44:46.851453
a6f727f70ea1bd22,True,2024-11-06T03:19:34.068114
bbb115afab772dc3,True,2024-08-31T16:49:22.872746
afd302467eade2ca,True,2024-08-15T04:55:44.091221
b4a529682dfd434f,True,2024-09-26T10:57:43.787635
7e948a792e1d4f03,False,
753ba1578743edfd,True,2024-06-18T13:48:43.088608
9e3820c09c71a585,True,2024-12-10T20:26:49.193122
a0d94aa075978424,True,2024-09-29T22:44:55.199619
5af055529a07f5b1,True,2025-04-07T02:24:32.525626
359248642a7feb6f,True,2024-04-29T08:26:39.052752
8210ebfb0ab81d67,True,2025-01-01T17:14:44.290926
c8fc3f002d03a018,True,2024-10-13T23:39:49.521831
6a71627646195e39,True,2024-11-17T11:06:37.954073
e1e29ef7857f978f,True,2024-11-06T13:33:57.024500
c4c316ec565add5b,True,2025-04-18T13:58:43.040476
4eaa6b5f67521e80,True,2024-07-19T02:06:45.324342
b3c6d0c9c5183641,True,2025-02-15T12:40:35.788204
7e948a792e1d4f03,False,
23b102664040a409,True,2024-10-18T23:18:09.193549
b65c6fd461353248,True,2024-05-04T13:45:21.264110
7e948a792e1d4f03,False,
322f6fe99c3f8cc1,True,2024-11-06T17:57:37.060270
48fba85274eb5d59,True,2025-03-29T11:03:27.316821
7e948a792e1d4f03,False,
de1351a3d3868534,True,2024-08-22T07:03:12.467888
7e948a792e1d4f03,False,
9b64cbd1e55b90a2,True,2025-04-21T18:19:26.448307
fadd03e771496133,True,2024-06-14T17:11:07.585836
648fff29ec106dbb,True,2024-05-03T00:59:36.504644
5563570b8cd2dac1,True,2024-06-02T06:33:42.181026
c73cc7f231a2ed34,True,2024-07-11T15:29:27.774228
b5282741f25e0391,True,2024-12-15T14:29:26.619473
6a6be32251c980a0,True,2025-02-02T01:25:43.855721
faa3b38e81c2999f,True,2024-10-27T05:01:07.079208
66306f26b5c3d93c,True,2024-09-16T11:08:11.988027
ac68a95278df1d05,True,2025-04-19T07:20:11.957344
c2f0d9037ffe045c,True,2024-06-23T01:40:19.783650
d2181a27a770ad44,True,2025-02-21T15:32:26.628238
f1b079dc61de60da,True,2025-04-02T22:31:38.753084
ef3dea6298d0eea2,True,2024-12-25T11:15:30.879263
b54f6199dcfc14b5,True,2024-05-11T20:22:29.276601
e431ba33384e3a6e,True,2025-02-23T23:41:09.010023
99731467b03be9a3,True,2024-06-17T22:05:05.395922
d2029019eaa4d387,True,2024-05-05T23:27:09.801018
d1ea293e715e7793,True,2024-06-10T09:43:17.654472
b38518a69f454e27,True,2025-04-09T20:08:14.165244
2b59d956720ca793,True,2025-01-29T16:51:32.964171
7e948a792e1d4f03,False,
b60341413ca58f51,True,2024-08-23T13:34:02.628424
7e948a792e1d4f03,False,
6a6dab125af1a973,True,2024-11-18T03:31:31.731056
7c25690696f7abbd,True,2024-12-23T22:40:41.764876
e4c36e0d171047da,True,2025-02-21T08:02:29.392036
e8d766c8be7c3144,True,2024-05-05T03:22:17.932526
7e948a792e1d4f03,False,
7b71af3942d864b5,True,2024-07-18T11:49:35.247187
774615a281ec1a34,True,2024-04-29T02:06:52.833359
9fa15efddb8e5c10,True,2024-10-14T06:57:05.760575
78b4a592ba47aece,True,2024-08-18T17:48:11.715205
9578dad6aaf7364f,True,2024-09-26T09:38:49.420677
d1ff5456e74769c8,True,2024-07-13T22:42:30.953123
7e948a792e1d4f03,False,
1a1c6bb9438ce92f,True,2024-10-07T18:45:56.997162
91c823e77f14cb6f,True,2024-06-12T09:53:28.418916
40bd0acbfe546d3d,True,2024-06-11T06:04:45.059260
7e948a792e1d4f03,False,
d9877347684fef89,True,2024-10-24T16:22:40.775259
af68dbea675f8d85,True,2024-08-05T00:26:10.856101
8be0edf57d68add6,True,2024-09-26T15:31:33.745175
7e948a792e1d4f03,False,
aab9b7494fd27863,True,2024-12-01T21:43:05.779935
79b31240c640fa99,True,2024-10-20T19:52:29.117073
18d4f8f4708e0632,True,2024-08-08T18:31:12.600092
492512ea70cfb529,True,2024-07-18T07:05:51.526299
4c92ff5c2a2db4d1,True,2024-09-27T02:37:08.718393
23eba86242167b39,True,2024-12-01T16:07:04.054878
aa1209d44bb54dd5,True,2025-03-31T06:57:08.825263
02e3db7b96a0219b,True,2024-08-04T14:31:15.430779
0d2cd3a843ef395c,True,2024-07-19T19:21:07.805886
334f6a370f54d636,True,2024-11-07T03:05:56.053674
3efe3681b8c8601d,True,2025-04-07T13:57:03.247074
7d557c888a82a385,True,2025-01-24T16:34:42.384439
41ab214a09eeea6f,True,2024-08-28T02:24:41.032411
0052e000c2d775dc,True,2024-06-10T14:11:25.539497
7e948a792e1d4f03,False,
e987099259ebfa48,True,2024-12-14T06:33:12.504293
66454b7bc571aaa0,True,2024-05-07T21:27:22.518955
8f958352ec32591f,True,2025-02-11T11:54:06.137296
70dae8cc3d683e08,True,2025-04-23T06:07:51.989475
8adc3c2750b20a68,True,2024-09-05T07:55:08.630431
30494de864832fee,True,2025-03-22T02:55:43.049096
e841ad9e35e215f1,True,2025-03-03T03:18:17.407310
72deada78ddce689,True,2025-01-12T14:41:39.748139
c3d304ab15725097,True,2025-01-08T05:19:40.915502
9305b3f1748cdda3,True,2024-11-27T09:19:16.052890
a20bc198677b96b9,True,2025-01-28T12:03:27.745358
00e506417667379e,True,2024-12-01T18:30:34.177698
7e948a792e1d4f03,False,
931b7a90de9763c7,True,2025-01-25T23:29:21.648726
2fe23c7469e47eb1,True,2024-05-13T14:12:24.691105
dcfe40ffdbd6d660,True,2025-03-19T23:09:40.059488
7e948a792e1d4f03,False,
1fe92f9ed026de8e,True,2024-11-22T22:06:46.544253
58364c53467bed70,True,2024-10-07T03:59:56.213577
1a5960064d71ed96,True,2024-11-07T18:30:25.386745
9a7974d4a4905949,True,2025-01-08T22:28:33.281326
5397fea65bb0e68a,True,2024-12-07T07:20:23.846996
d40ace41657cd3f2,True,2024-05-13T21:52:35.461765
7e948a792e1d4f03,False,
7e948a792e1d4f03,False,
b1339a7706db2aac,True,2024-12-03T02:50:36.049516
05db65233285649e,True,2025-02-20T03:49:26.185973
60abc2e1d13132b5,True,2025-02-23T07:32:40.491716
67ec72fb2bd232fc,True,2024-05-02T00:41:39.029737
bc82186eb789ddd2,True,2024-06-21T12:16:09.996523
25977390c392cd8b,True,2025-01-18T23:24:21.514017
a6884136c30c89f0,True,2025-02-07T14:27:13.133613
7e948a792e1d4f03,False,
4f996ec2f81e6a8c,True,2024-09-09T10:42:19.850026
4f35b0e85d49f468,True,2024-11-13T17:17:31.797248
cb0278d23bc5ad57,True,2024-10-13T03:12:51.822827
a8ed6c0487ba90a9,True,2025-02-10T16:13:18.665603
5ebb899c93248b2b,True,2025-02-18T10:23:03.280722
7e948a792e1d4f03,False,
e634b4778f1725e8,True,2024-11-18T15:35:39.138459
ca431ed25795f20f,True,2024-08-15T18:10:53.655266
8cc04c191f67fd6e,True,2025-02-26T01:16:02.781747
52ea332fa8d9a3ad,True,2025-02-16T23:24:04.102125
bac337b069776bf6,True,2025-02-28T14:49:57.381405
307690f4643fc33b,True,2025-02-06T01:46:57.844893
f73741c8022d6916,True,2025-04-19T20:41:07.925938
e91bc01445a3eb07,True,2024-07-22T03:03:49.348568
c2002af4da4b1f45,True,2024-05-20T15:08:35.212414
d8ad4ee9fa08889c,True,2024-10-25T18:15:26.824625
5ca331da663a961e,True,2025-01-19T18:32:00.775095
56c670359cb54dfa,True,2024-12-06T05:31:18.127136
dca72aef5a930ba2,True,2024-08-16T15:43:43.289793
7599747a8d8fa508,True,2024-08-20T00:02:37.703880
9bfb45d7203b7314,True,2024-06-29T14:17:24.189641
692bc901b7b58b4a,True,2024-12-15T18:10:11.018378
be96de8ffce3e95e,True,2024-10-26T19:16:25.564331
7ba3306ac065b923,True,2024-07-10T16:47:45.539496
47ee475a457505eb,True,2024-12-04T16:15:34.885562
c25ca6da70614240,True,2025-03-17T19:07:42.894287
3f0fc8d50496958c,True,2024-07-09T01:28:12.292049
bcab6a6d638eae47,True,2024-07-27T10:42:43.275439
6d4189f2105867b4,True,2024-06-23T21:32:28.792605
866198cbdbfd7d2d,True,2024-08-02T11:06:26.408349
357a7e7762c27588,True,2024-09-17T10:59:50.186261
3a8a89b97e6b93bf,True,2025-04-18T09:23:26.380281
6af91dd849cca7a3,True,2024-12-21T22:19:50.012009
7e948a792e1d4f03,False,
83b184191c4bb7fd,True,2024-11-03T11:15:23.937584
bc26eca77748fdad,True,2025-01-08T00:40:47.926024
39eb1428bd9c9e23,True,2024-09-23T16:04:41.055664
cf5979d41bad93c6,True,2024-09-04T08:12:08.955394
68d94210887bd146,True,2024-10-22T08:15:25.104420
09e99eb8cb9aaa8f,True,2024-09-22T11:16:39.201125
835cff5ffa908593,True,2024-09-03T10:20:55.943887
a830ab9a41473efb,True,2025-02-14T14:16:06.797037
0adbfbcec1182117,True,2025-01-06T18:59:52.282172
7e948a792e1d4f03,False,
4cf45f5f3262d9db,True,2025-04-13T11:16:11.194920
7054ac7e1a23f9b3,True,2024-09-04T23:09:44.728391
7866ebc19391bf19,True,2024-11-12T08:13:42.991766
82e64e3e8faee140,True,2024-08-24T11:36:01.259784
c3fbbf339abd93c2,True,2024-12-19T19:39:09.426207
bcc29d4eaad390dc,True,2024-05-11T03:05:07.893560
c10fcd1d83d5ce1e,True,2025-04-25T10:44:56.604457
95e63d42cd1d4c36,True,2025-03-31T19:03:43.020933
8fe6568510014672,True,2024-12-15T03:59:51.925655
bc419ce4f45e759f,True,2025-03-08T16:01:56.457106
38b89cb6518050d1,True,2025-01-12T11:47:52.497893
c028cbfe0acc41f8,True,2024-06-03T22:25:22.132726
012c613a86d53583,True,2024-09-14T18:41:43.337141
7e948a792e1d4f03,False,
5c3f8e2a9a616b62,True,2024-10-07T13:58:01.061476
a3d5a1294d0d31c6,True,2025-03-30T19:00:09.216189
a7d7d7c60e471d0d,True,2025-01-01T23:50:22.583390
75376f360f9736b8,True,2025-01-27T14:52:31.653250
6c5d5fac0aef7304,True,2024-09-18T06:40:04.091024
fcdc19a50478e096,True,2024-10-25T08:41:47.507144
1936f1d2ab108ed4,True,2024-09-03T17:06:11.130721
718ffc759186a8bf,True,2024-05-05T14:58:42.640446
7e948a792e1d4f03,False,
ebfb98632ec682ff,True,2024-08-12T02:52:36.437064
5879f2d4d292058d,True,2025-04-23T12:48:11.525508
3f2bf9547ead0dad,True,2025-03-20T06:09:14.938191
84a66d8a824ca72a,True,2024-07-27T22:57:42.282204
39f6da96b97e1b83,True,2025-04-15T21:14:39.046761
1bad003d563f03a9,True,2024-10-10T00:16:40.414196
7e948a792e1d4f03,False,
082a5731c583dc71,True,2024-11-18T02:53:55.066706
b8a94dc0a0ba5805,True,2025-03-07T02:50:43.423917
89e41dd60b3cc74c,True,2024-05-12T03:56:04.746147
6779cb17196626c2,True,2025-02-23T03:58:03.159296
e7747751fe2c69e7,True,2024-09-05T22:46:13.004150
60572c4116693255,True,2024-07-09T10:59:27.734384
a5462337812b0763,True,2024-06-24T21:57:15.811696
fa1750f92dc2ad13,True,2024-05-10T23:17:40.857625
2ad3ce436465e89d,True,2024-10-31T05:22:21.323580
7e948a792e1d4f03,False,
abd730080ded7cef,True,2024-12-24T21:25:52.656136
6653886ee8b93a06,True,2024-09-05T01:50:18.061207
db61aa1507244173,True,2025-04-05T16:33:31.149050
88e3ca7a618aaa44,True,2024-08-09T00:44:19.530302
36b7fa59d9e37ed6,True,2024-07-22T11:11:45.305344
641a46f8d792f3af,True,2024-10-06T23:23:09.248246
4ba1f8e03fb23eff,True,2024-07-07T08:30:34.178753
beae26164f6a0925,True,2024-12-22T00:19:57.368674
8ccc3c9131d4f3e3,True,2024-11-17T01:04:15.007835
37153204ff281641,True,2024-10-22T16:46:17.445316
76f701b0401fef4a,True,2024-06-23T14:49:57.249475
90506ec9fe5cf65f,True,2025-04-27T16:44:54.534889
a23290fc9a261159,True,2025-01-21T18:44:28.016799
153892e268efbd22,True,2024-12-31T13:52:50.639674
7e948a792e1d4f03,False,
5c75564f7c43cbe9,True,2024-07-27T05:16:48.875917
190ed1b9a8fc7a0c,True,2024-05-31T06:27:45.627604
7e948a792e1d4f03,False,
6b0676601facb881,True,2024-11-06T08:46:52.383373
ed4f96e86af64c36,True,2024-12-17T22:37:58.399503
ba814fb97bc8cccf,True,2024-12-04T03:18:20.854620
322ca25b58f4db24,True,2024-08-04T07:05:09.886744
7e948a792e1d4f03,False,
7e948a792e1d4f03,False,
7e948a792e1d4f03,False,
54a343a59ad9aefd,True,2024-10-06T11:47:28.737903
e9c44e356c69f840,True,2025-02-08T17:06:26.809913
7e948a792e1d4f03,False,
bdd167ffebc97035,True,2024-10-19T07:41:59.210765
933f2f02b2e04f1a,True,2025-01-26T07:06:53.457891
f7a710622d835ca9,True,2025-01-11T05:23:11.958649
35d23dce9d5a7f47,True,2024-09-13T17:35:05.421021
bddfeceaf9069b93,True,2025-03-10T10:54:14.673921
d44c51fcf63c2668,True,2024-11-16T09:07:53.939339
fdd6b407171f2a73,True,2024-10-28T04:48:50.931704
2e27fc2fe22ca1ff,True,2024-04-30T05:22:06.500118
cb25905900ee16fd,True,2024-07-22T18:54:18.202433
5b1a5318cd885c21,True,2024-09-10T18:43:04.140135
fef82c9e3311b188,True,2024-11-26T08:28:58.897542
904d66a5abec8c14,True,2025-04-06T19:26:34.446482
7e948a792e1d4f03,False,
88eb9d2c711a72ca,True,2024-08-30T02:59:05.514870
6ae088caf31fc798,True,2024-11-04T12:13:36.377280
7e948a792e1d4f03,False,
535a1063103097ce,True,2024-10-16T22:43:14.324936
afb9f1fd51068192,True,2024-11-01T22:48:21.898788
7e948a792e1d4f03,False,
93acea273f3b51af,True,2024-08-10T11:25:26.487967
21650c8076a47176,True,2024-05-31T01:15:11.221938
7fd63f6c287b4421,True,2024-11-30T09:37:36.849757
de2fb3128b5e22d8,True,2025-03-26T07:25:26.808822
386ba57b6f74a8a5,True,2024-06-27T14:07:16.347102
36de10848a11d671,True,2024-05-02T12:16:19.517104
7e948a792e1d4f03,False,
7e948a792e1d4f03,False,
1815bcdac5d48234,True,2025-04-17T04:54:30.165630
b4e6c266ff48b0e6,True,2024-07-31T16:07:59.089197
8a782d2ebafe2317,True,2025-02-02T16:29:03.794865
c208dc1ebd14b504,True,2025-01-20T16:43:28.550430
6e19cbe99122e5a3,True,2025-01-03T09:04:36.554364
6e6331149d09c3e7,True,2024-09-30T09:56:04.036515
d546144ff90dfe59,True,2024-06-06T23:55:27.415887
e58a31eea3a579a8,True,2024-06-16T12:37:52.571547
c8ade6bf33d4ac73,True,2024-11-14T18:17:20.659172
035ab0b8ae85ce54,True,2024-10-06T10:07:26.149261
077c94674bb1232c,True,2024-12-08T08:09:31.798149
7e948a792e1d4f03,False,
4046dcc84ce61293,True,2024-06-15T12:35:49.193375
7c37eeaa41873c66,True,2025-01-28T22:14:44.174974
d7641c826c05c26a,True,2024-11-27T19:32:22.767658
859e75be83ab2938,True,2024-08-12T16:24:22.905678
54555ac82be8fc2e,True,2024-05-02T13:55:39.658980
3d202068d195348e,True,2024-11-06T00:30:40.894781
b69c2a981369b13c,True,2025-03-15T19:23:22.056167
59ce6e328a22a02b,True,2024-07-08T15:08:38.105464
c17e92bff2539b58,True,2024-11-20T00:04:05.098735
23fefdbe3aa242e3,True,2025-02-23T06:07:52.456642
54c9efd16289a9b7,True,2025-03-25T04:30:01.362911
4442e08fcbc1955d,True,2024-08-07T14:21:36.640920
5c9452e3efde4e22,True,2025-01-03T16:54:40.694722
7e948a792e1d4f03,False,
433bcc7b0b294bcc,True,2025-02-09T06:16:21.097912
3ef0008d0c21f63b,True,2025-01-07T15:01:49.891170
9014b778e68432f1,True,2025-03-01T14:19:55.436203
6aa81af9f1b7237d,True,2025-02-05T00:07:03.657424
172eb183819b786a,True,2025-03-20T16:49:37.725648
096e85eab70cde30,True,2024-07-24T06:31:51.600297
f01f0fd5e535457b,True,2024-09-27T14:41:47.373224
0352d076e5325fc3,True,2025-04-25T03:42:36.670084
35c20229edc17463,True,2024-08-25T23:36:49.633745
7e948a792e1d4f03,False,
2822a06efa1c964b,True,2024-11-08T20:44:40.461917
1cba620334e25836,True,2024-10-27T22:02:43.604623
7dc0252051efa9c8,True,2025-03-29T23:32:25.859445
e109fc79f42590d7,True,2024-10-03T01:12:02.911652
a228b39944bbcc8a,True,2024-09-06T18:58:56.112035
7e948a792e1d4f03,False,
5fb6a24a58d02330,True,2025-03-23T12:43:18.610572
377290ea43e7095e,True,2024-09-20T13:59:26.945511
8602491c5eb24cbc,True,2024-12-30T23:35:54.856384
f079c983c15a3c90,True,2024-10-13T20:20:39.561432
cc44fbe47eb43355,True,2024-11-01T23:24:54.701846
e32777de6435aded,True,2024-11-20T21:15:00.158757
bb826be31419678f,True,2025-01-16T01:38:56.407115
7e948a792e1d4f03,False,
7e948a792e1d4f03,False,
a8aa99fd8b5de225,True,2025-02-16T02:18:17.307044
844f08c87a19318d,True,2024-06-04T09:15:49.353367
7e948a792e1d4f03,False,
b474ae89afcdd3b4,True,2025-01-14T18:05:59.362186
bebaca13e2f8e421,True,2025-03-07T23:22:40.243742
6f0b348a62878575,True,2024-05-13T04:04:02.501670
2e128ae25b716e06,True,2024-08-23T09:59:51.563995
dd26f0c857200d7f,True,2024-12-02T17:43:39.934339
9a20d7987b491b7e,True,2025-04-25T09:11:13.735505
22737f2bfed724c0,True,2025-01-18T18:31:19.071431
475826ce9f53fcbe,True,2024-05-06T02:09:02.952097
52f2885332195f61,True,2024-09-25T10:22:29.964649
ceaf932fb4ac4299,True,2024-10-22T12:25:37.666842
9d09c43577742727,True,2024-10-19T21:47:36.435874
9711d692b9cf8e57,True,2025-01-19T15:44:08.151641
8bdca8e5f52e3364,True,2024-12-15T18:03:22.055029
b46468043a2d6f5e,True,2025-01-31T12:06:51.657841
ff6a978c27241705,True,2024-11-01T18:55:15.846425
7e948a792e1d4f03,False,
0c5afe9d8ffe185b,True,2025-03-21T06:43:13.103744
7e948a792e1d4f03,False,
54e6dd28ccc8edf5,True,2025-01-22T02:34:01.992323
fc53410b9dac7541,True,2024-10-31T11:38:14.185957
a0fc3f774a2f87a5,True,2024-07-12T02:41:35.763362
b29f84ec4f2d74d1,True,2024-10-17T18:15:26.453503
000edd5b843eb93e,True,2024-07-26T08:47:32.811676
7e948a792e1d4f03,False,
d50a370ea5738f7b,True,2025-02-20T15:51:12.968134
7e948a792e1d4f03,False,
62e8abc82dd8f337,True,2024-05-22T16:58:32.026811
4db8a411b2c2bc4e,True,2025-04-24T21:28:50.649092
f95dceff0956fa41,True,2024-11-11T16:57:32.633029
3cfa408137949157,True,2024-08-01T12:14:57.892241
b0f42efeb361c236,True,2025-04-01T09:59:58.870825
b1434c1f7c694c7d,True,2025-03-30T18:09:43.306058
31b5c0f162b2b5eb,True,2024-08-19T18:59:24.060498
325fc50ec6957760,True,2024-05-06T17:44:45.094264
df4cb89886a6859a,True,2025-01-28T22:32:18.934042
19e43ed917519ac8,True,2025-01-23T09:44:48.322154
243362a65fd6e6c2,True,2024-12-05T02:16:24.510574
53cec94919436ab0,True,2025-03-13T01:31:56.666578
8dfd54dfd07790ce,True,2024-08-25T06:29:46.390323
7e948a792e1d4f03,False,
d931f66ed861fc01,True,2024-10-10T10:07:04.046206
7e3c3562da2ba92a,True,2025-02-24T04:18:05.785613
482c0eaa6782079a,True,2025-02-04T10:17:28.027339
f38651cd715f8825,True,2024-04-30T20:36:11.609073
0ce0aa8f51f6be2e,True,2024-12-26T04:17:50.752973
7e948a792e1d4f03,False,
37c81d4cef006ea0,True,2024-09-16T03:50:26.036594
c22a9f530add400f,True,2025-03-17T05:23:43.027619
c6e332e9a7fb7115,True,2024-12-09T14:05:48.504574
d633a5e31a6a7ec4,True,2024-08-04T07:54:27.081471
484437d9887366a4,True,2024-09-02T21:07:40.367589
3534302630c5ff71,True,2024-12-06T12:55:32.818753
531e1252a442ce5d,True,2024-12-10T13:55:56.601256
7e948a792e1d4f03,False,
7e948a792e1d4f03,False,
7e948a792e1d4f03,False,
7e948a792e1d4f03,False,
5d8df6b20dcc02bc,True,2024-09-30T07:16:48.400193
a344caa054c7a276,True,2025-01-19T02:21:56.351277
e89c2232b5890eb8,True,2024-05-05T09:01:29.755259
d76474766047385e,True,2024-10-04T17:14:12.532084
b216426e77bf910b,True,2025-03-03T00:08:59.576461
56df57b03282f846,True,2024-08-26T16:23:00.695983
e60b3535ba478630,True,2025-03-05T07:33:40.168642
27f6285fc9aea55b,True,2025-03-10T06:48:09.382381
90acfe1c333e038c,True,2024-07-22T22:17:10.252769
ca65c4c2986eae13,True,2025-04-11T04:31:01.459485
7e948a792e1d4f03,False,
f53f1d4ac22e9d14,True,2025-01-04T02:00:20.151001
88407c192eef7933,True,2024-09-02T07:41:26.265528
11f5b05f833213ae,True,2024-11-10T08:03:41.435913
baacee3516911a42,True,2025-04-13T17:45:33.027934
7e948a792e1d4f03,False,
a1cd5925631af88f,True,2024-05-14T10:44:21.427536
d04c1ef7c97fff02,True,2024-08-04T23:06:21.765312
104823f9ed5598c9,True,2025-03-29T17:28:28.074478
90d9a662214970d2,True,2024-08-13T08:19:20.482856
059b64e7913d63aa,True,2025-01-30T17:21:39.738548
8b69d3f4c792e500,True,2025-02-20T16:26:01.767288
16c739050ad6bfb5,True,2024-06-12T20:42:56.446833
7e948a792e1d4f03,False,
9bb35e95e7f53d8a,True,2025-02-16T10:30:49.811272
34b8dc1b28213af6,True,2024-06-11T18:55:32.601288
49b524b4c6d11c87,True,2024-09-23T01:04:36.933306
3509f103f977f635,True,2024-08-11T09:42:24.477152
23cee61a6657ab69,True,2025-04-07T12:14:16.272806
b0afedb1b4a86127,True,2024-12-27T16:13:45.600708
8ade563588c6169e,True,2024-09-14T22:26:19.586330
2bd419316133924e,True,2024-09-05T21:28:19.190106
ba8a59a31d881475,True,2024-12-06T01:13:19.643206
54b6779c64c30d37,True,2025-02-18T22:45:12.545583
5beee91932c3dcb3,True,2025-04-08T05:41:28.223305
8b10264154f7446f,True,2024-09-08T17:48:28.033058
c553e387857fec23,True,2025-01-21T14:46:43.465114
6119bd0c5afc99cb,True,2025-03-06T01:14:37.598439
708065f5234d12f7,True,2024-12-26T05:52:50.145730
b199257009e055bf,True,2024-12-24T15:40:47.148443
65b58c9d23727439,True,2024-09-24T12:09:32.412145
4a834b4e4c1642ea,True,2024-08-03T14:31:12.626432
c4461926919f76f9,True,2024-08-25T19:15:10.097092
204c2ddb912f3b84,True,2024-05-06T15:42:10.128335
a4ca3bee54bdb2da,True,2024-08-30T19:51:39.787959
8f0e9b1872327d9b,True,2024-11-08T13:22:31.856937
cbe2c35198da1136,True,2024-05-30T14:08:04.877614
7c56a1f09460fa23,True,2024-09-04T22:54:03.155707
c152636af000853f,True,2024-08-08T10:21:13.534504
4ccdc6092575d906,True,2024-12-14T17:14:17.853527
7e948a792e1d4f03,False,
9d4a0f1ec2d10de4,True,2025-04-19T01:00:51.438467
d71efe3fc2243da2,True,2025-02-02T03:34:49.486565
76a0c0e1b967bdd2,True,2024-06-21T17:55:22.883193
3573672e31038d90,True,2025-01-21T22:33:07.157671
8d8815564f5852a9,True,2025-03-05T17:12:11.305328
5501740a63882f89,True,2024-11-15T09:57:11.990376
030a5fbe0181b355,True,2025-01-21T05:56:15.308994
8fc26c4b0b2fe951,True,2025-03-18T19:38:38.528183
b6d85b7a3ad255c9,True,2024-06-25T04:14:03.340040
f879d98c44a98d08,True,2025-04-20T08:39:06.334859
7e948a792e1d4f03,False,
ca07c7e31d594550,True,2024-05-24T08:45:02.812709
0632f4ab94dc81c5,True,2025-04-06T04:04:35.114006
1a0208071f982019,True,2025-01-09T06:03:24.217443
e480818b1b71012d,True,2024-11-08T04:35:40.783966
bd52983f8f3450e4,True,2024-09-15T18:00:46.274158
7e948a792e1d4f03,False,
5a74b0df70ed536a,True,2024-07-25T13:45:37.107873
7e948a792e1d4f03,False,
7bdb08062df71030,True,2024-08-04T04:07:20.658112
c3106e1e2e3b39bb,True,2024-07-06T16:00:41.444280
8a75daf11cd3c5bc,True,2025-01-24T23:23:14.541126
42b0c14bc52140a3,True,2025-02-16T07:14:27.137675
08e1255d85942c75,True,2025-02-17T14:46:52.121153
f171f0819be0db53,True,2024-06-26T11:45:48.431755
87613781b084fefc,True,2024-09-11T21:18:25.577535
b90c81655573fdfa,True,2024-05-25T02:09:13.434805
fdb9425d6ee8bf7a,True,2024-06-03T18:55:53.255096
d7478d5324a66e5f,True,2024-07-23T09:34:44.116307
be41a21594d534ed,True,2024-05-19T09:27:35.328514
473e8e8f8b469719,True,2025-02-19T02:43:55.652421
aa32060ed4efdb43,True,2024-07-05T13:27:49.838865
b03f7408035dced9,True,2024-08-12T22:30:09.899281
396847821c9fcc23,True,2024-12-30T22:16:56.546528
7e948a792e1d4f03,False,
7e948a792e1d4f03,False,
1399c9d9fe1cd96b,True,2024-12-02T23:22:57.110150
6b6f8fd2e5a3138e,True,2024-10-06T20:06:22.898384
27d263b768d42fc1,True,2024-12-08T03:10:08.609020
ebcdf7bb11aeea74,True,2024-06-29T15:22:01.354429
e5c1d0e9f2d1efe0,True,2024-11-17T16:15:41.681825
4a9148710aff43f2,True,2024-09-21T04:32:47.847096
b5df4fee0dcb3ffd,True,2025-01-24T16:21:53.707371
b94db8e9d4a7122e,True,2024-12-13T06:44:21.225194
d4f22073a406b32e,True,2024-07-09T16:32:30.884650
532071b318accb55,True,2024-07-21T19:53:06.735765
7cd0b2719c40f17b,True,2025-04-03T02:27:12.377738
007c3e7c96329fb1,True,2024-12-31T23:38:02.271406
973206a674155efd,True,2024-09-26T19:31:02.934246
a702ed783f58ff10,True,2024-05-04T00:26:46.451481
ab7c751b1defe003,True,2025-03-13T16:28:05.293746
af99dd04066c180e,True,2024-12-19T02:46:43.840998
8ae4b0ffc5851534,True,2024-08-15T03:02:25.124578
39b170d062be6c08,True,2025-03-18T18:33:46.118327
0585b7e917393983,True,2025-03-21T10:18:27.424133
c458d5b563878f8e,True,2024-05-08T23:04:58.838968
1736ac2f6a66e43d,True,2025-01-31T01:42:45.839403
7e948a792e1d4f03,False,
b385a6f7b7e099f2,True,2025-04-01T02:39:25.239311
3473b0ecacf0d812,True,2025-03-07T18:08:21.149193
d5d8995f961a1f01,True,2025-01-27T19:21:39.933022
7e948a792e1d4f03,False,
b356952264d7171e,True,2025-04-17T19:54:05.870587
7e948a792e1d4f03,False,
7c435700556c549e,True,2024-07-15T10:56:17.372481
b997f278e8e98356,True,2025-02-26T05:42:05.254722
c7029a0e5941bc89,True,2025-03-06T07:54:11.002645
e393409315ca3804,True,2024-06-29T08:32:09.549284
2a432c8ecf26ecc6,True,2024-09-09T08:34:05.287235
08d25c64b011d475,True,2024-08-16T00:05:36.920542
a36f126ee5b70f62,True,2024-10-08T21:02:38.518471
33b578437b234c02,True,2025-04-04T16:36:24.185792
84cb5814fecb89cb,True,2024-09-17T01:35:09.641797
0e048ca7cc9374cc,True,2025-01-05T09:45:07.029135
00ff2d82a6cc469d,True,2024-07-24T12:32:49.431210
30db4662a2a45979,True,2025-03-08T16:10:53.350899
e1a13c5058be56bf,True,2024-06-30T09:59:29.827040
fb601b1ae2a9831b,True,2025-03-22T16:51:23.677418
64a05a7a68d8377d,True,2024-04-29T20:03:06.635889
b178aa519292afed,True,2024-12-06T07:38:34.428949
7e948a792e1d4f03,False,
03aaac251c8776bd,True,2024-08-27T20:11:53.956067
def2c41fa8732cbe,True,2025-04-16T13:25:53.873159
7e948a792e1d4f03,False,
b6bccd887865e265,True,2024-05-23T16:51:21.886343
fe4c0049a3f23408,True,2024-12-13T19:11:40.148098
b4c9f704544cb2a4,True,2025-01-29T16:42:59.909722
e0f4ee57e05889ab,True,2025-04-24T13:42:37.178096
7e948a792e1d4f03,False,
088439f40506d264,True,2024-07-12T12:02:05.603486
aaaeb61c7465dbc3,True,2024-12-16T22:20:18.606035
ecf73d0ff67e62bf,True,2025-04-09T14:10:05.999568
fafe8ad516c2009c,True,2024-08-17T20:47:53.730434
bbb87c69cda1f255,True,2025-04-03T07:18:03.287856
39f65525ae6e81a2,True,2024-09-14T03:52:49.447985
e2dd9f7d57242013,True,2024-12-21T04:23:50.633213
a2d9b10ed1a1347e,True,2024-09-24T11:53:16.955062
fc41d8e80024a009,True,2025-01-03T17:54:40.763638
6c734571786f0dca,True,2025-02-18T12:40:06.623964
7e948a792e1d4f03,False,
52793f6dc79d7684,True,2025-03-18T20:54:38.974126
b04fc904279ae12c,True,2025-03-17T07:45:22.537646
b4e9927a7c91bda8,True,2025-02-22T01:29:06.717047
3dfb1520a5a5e4b3,True,2024-06-22T02:08:23.202490
897a8d7a84989131,True,2024-10-09T04:53:02.157377
ec66e13d7377a6de,True,2024-08-05T20:55:39.227374
831605ff7ae23cfb,True,2025-01-16T20:50:55.364707
ed5637ea677eca3f,True,2025-02-16T13:12:45.496634
7e948a792e1d4f03,False,
1fd1266487f46e23,True,2025-01-04T01:29:13.941800
d7a7d0faf6e0b6da,True,2024-10-11T12:07:33.867851
18487ca4a862c9d3,True,2024-10-30T11:12:31.350784
ab01a70adfed8b26,True,2025-01-25T03:05:36.680640
2c15071b2a52f5ce,True,2024-07-14T10:54:22.029500
7e948a792e1d4f03,False,
ac382e72d905f299,True,2024-08-02T20:48:54.571571
befece9c5b134c8c,True,2024-05-16T12:53:15.668490
30a761f9ddbaaea5,True,2024-11-28T17:30:38.880409
4428b305e84baeb1,True,2024-07-13T21:31:41.571431
7e948a792e1d4f03,False,
7e948a792e1d4f03,False,
ff9d9b0f9ca1ae52,True,2025-01-31T20:58:28.776616
c44808d06e70730f,True,2024-05-21T19:38:04.458212
2ce4aea1a82c2d1a,True,2024-09-30T16:10:23.380234
17e5cdbede57c857,True,2024-11-10T13:49:11.169258
7e948a792e1d4f03,False,
a6236cf1ffee44a1,True,2025-02-25T21:17:27.666783
5b27e261f94bbd8c,True,2025-03-21T17:32:23.135457
509ed9c8d0b75acc,True,2024-12-25T03:28:16.614754
93ba14bf2bfe2bcf,True,2025-03-17T05:07:16.923016
f8df56845ff3cbe7,True,2024-05-16T11:45:25.319335
20dd5eeffd0c1215,True,2024-08-06T19:14:45.314133
e962b4f59974391f,True,2025-01-25T17:45:52.735081
f470a8f3ffdee7c0,True,2024-05-14T11:16:56.821541
4fd08b4debb0fca5,True,2025-04-09T05:57:36.129891
b912167a76ded4d3,True,2024-09-01T19:24:35.838760
b0f45564107d5046,True,2024-08-01T08:10:56.979555
0874f7d15e0758ae,True,2024-10-17T20:41:40.276136
9b12d70dcae8f4e1,True,2024-05-30T21:17:48.198034
38b8d6278dbe94de,True,2024-08-30T01:28:28.216549
219b97473da946ec,True,2025-04-11T04:35:29.724406
b3d08dd96a373a31,True,2024-11-22T12:56:32.421543
ce462e017b2fe5bb,True,2025-01-19T21:34:50.688924
3a564cd6f651d948,True,2024-05-17T12:05:55.823754
5607de485577001d,True,2024-08-15T07:09:15.812609
bbb1c194fd288711,True,2024-11-17T01:46:27.677389
1b82a9bc0127e6ee,True,2025-04-28T00:16:49.178205
5e87b5fe03fd1c8d,True,2024-08-04T21:13:36.793807
7e948a792e1d4f03,False,
8ae02023172a6153,True,2024-11-06T02:30:19.005739
2880394880c0c83d,True,2024-12-17T16:45:06.190200
0e216d1f177aacfc,True,2024-12-02T10:01:26.812680
5e9ff09936786676,True,2025-02-16T05:18:00.802460
c0eedf0122c327b0,True,2024-11-06T14:46:11.055386
d9a934a5fc3eab9b,True,2024-11-10T12:25:03.254876
5c427d3e13b4f92f,True,2025-02-08T05:03:29.323364
7e948a792e1d4f03,False,
f54b0da7b0f5d9fd,True,2025-04-26T23:34:41.671393
66afefee16b249bc,True,2024-12-17T10:12:40.910928
03f7e397ee5b6ff8,True,2025-03-22T03:02:38.774476
7e948a792e1d4f03,False,
75e4130a29bf30d0,True,2024-07-27T18:00:55.812917
7e948a792e1d4f03,False,
28c9fe96d39f98eb,True,2024-05-10T12:40:08.614000
96054afb7702bf71,True,2024-08-14T05:29:50.852737
a31ab64ff1f8efc0,True,2025-02-08T00:36:28.187073
4527e72e7902ebf3,True,2024-06-21T04:19:02.910227
ee335b5cde4d9ffb,True,2024-12-24T19:31:00.517062
2b84b48b7a96ef64,True,2025-03-10T13:53:04.560902
0a4e13da4acba1dd,True,2025-01-30T17:19:34.027405
7e7c68b811f71980,True,2025-02-15T22:54:45.565820
c12064cd10014089,True,2024-11-20T10:34:18.898456
272e22188aa05d22,True,2024-10-12T00:48:39.741707
ab3345f113fdd38f,True,2024-08-03T17:54:21.146807
0aba1c04843b4bbb,True,2025-04-12T07:31:15.441459
633f6ac35dbe53ee,True,2024-09-07T05:50:28.254466
c827f2d8e75de500,True,2024-06-07T17:18:34.378714
d4a2ef14353d0f30,True,2024-09-05T15:41:10.700675
7e948a792e1d4f03,False,
e4b8c0e87bd1cbe7,True,2025-01-01T03:23:24.737707
38a85e93663b3fc2,True,2025-04-09T15:09:34.117466
e41fd89abd184be0,True,2024-07-13T10:33:28.139362
7b825db156932557,True,2025-03-29T07:49:23.105697
caf8692c4269604e,True,2025-02-13T12:45:01.768996
a18f64de250cc2e8,True,2024-06-11T15:01:20.140373
fc68acddb171d304,True,2024-06-05T23:36:16.354554
c2245b5d97d4ef76,True,2025-03-22T00:09:34.817271
c6e9822b03a01ef1,True,2024-06-12T00:43:10.316551
ba42632d5f39e5d7,True,2024-12-20T09:33:27.641536
7e948a792e1d4f03,False,
9216873330108dd6,True,2024-09-05T02:56:33.572072
767c06af284e68a1,True,2025-01-16T02:56:14.638827
8b27b956e19584f2,True,2024-05-27T09:57:33.723412
9871d264e6f4d387,True,2024-08-30T09:30:44.904289
764bada6cb6d5b98,True,2025-04-18T04:41:00.852815
763ec8d0d001f3aa,True,2024-08-06T23:44:59.833848
7e948a792e1d4f03,False,
3857989cc4fa6e1b,True,2024-12-09T08:56:27.190095
0321e9dcc138db18,True,2024-10-31T22:42:54.801440
d8e55e467fcba3ff,True,2024-12-15T20:20:23.261230
7e948a792e1d4f03,False,
556c4304c065eb67,True,2025-02-07T07:38:25.772473
e52afeadd3032fb6,True,2024-10-03T19:35:33.271375
26ec18a0d20cf0ed,True,2025-04-16T15:45:48.272790
7e948a792e1d4f03,False,
ce352f16e138662e,True,2025-03-05T00:25:51.416643
6ba58f38a9f767fe,True,2025-01-21T15:35:12.497927
79e3d8a9ac66ed31,True,2024-10-23T15:05:23.107448
31a0dd8997e21c44,True,2025-03-07T08:52:09.652747
53e9787d71ba5209,True,2025-03-13T09:53:34.818275
cef04afa8b810e03,True,2024-06-29T05:52:42.528149
fd89739bb225e92c,True,2024-05-06T08:51:26.722865
7e948a792e1d4f03,False,
89a3f6aec1c8fd21,True,2024-06-12T17:02:37.394092
6bc1fe7beb0cba0f,True,2024-09-20T23:43:12.925071
65684073cdb591b9,True,2024-06-02T00:39:31.506967
8665a5b2967d0e3c,True,2024-12-08T01:15:13.946260
bd4e875295c509fa,True,2025-03-27T06:44:00.310384
e525f548757bdd9e,True,2024-07-31T05:56:45.444668
71f842a7e5c1d5f1,True,2024-09-07T08:09:13.309978
6aef6b7bcb057f4d,True,2025-02-20T05:58:53.851923
9895daa6102aa9f2,True,2025-02-02T23:52:22.301536
ed708ae777d65103,True,2024-07-12T23:36:32.745779
5143c870fa866ce8,True,2025-03-06T06:30:36.635204
5477c129ca30cacd,True,2024-11-24T18:15:43.927183
96e7098bcbfca110,True,2024-06-09T03:21:04.770137
a482bd5b631b75e5,True,2024-12-30T23:42:25.792326
7e948a792e1d4f03,False,
fb842741269c5211,True,2025-03-26T05:51:16.748142
79a84c18f06757d0,True,2024-11-06T23:42:55.469507
887b8eb90466107a,True,2024-09-11T18:03:11.327829
93ec6e32bd5e9c76,True,2025-01-21T00:46:53.732954
be0e052c0f763218,True,2024-12-15T12:26:10.443586
f11f4b1872314e8f,True,2024-11-20T00:11:42.213760
1dc43aceeeb974e1,True,2025-03-23T09:02:33.133351
3006386638ad56c5,True,2024-08-23T14:49:36.454689
35fbd6f990d623d3,True,2025-01-18T16:15:14.320732
06e986aa7c62b820,True,2025-02-28T22:34:01.454750
d53b09d8f3a9df9d,True,2024-09-29T02:46:04.055367
1a4d7c0fc15bd829,True,2024-09-27T16:10:56.549284
b3d68362395bc778,True,2024-07-27T16:55:59.621005
d64ac1b8bf6820f1,True,2024-11-21T09:56:31.341987
2597109d2b0b5ca3,True,2024-05-18T00:25:51.725825
a0087762cb01078e,True,2024-10-16T18:20:56.491196
6c9b04e287efbd1b,True,2024-08-22T03:10:27.865330
5f3497bec9840f64,True,2024-05-04T22:20:47.566412
36fc6d398627d6e9,True,2024-05-05T07:38:15.034185
62acc8ed2b394f8a,True,2024-08-06T11:20:58.752618
f311c59bcbb20814,True,2024-08-06T08:47:55.702380
b8b7ab304296b210,True,2025-04-23T21:44:52.785776
d3bd1ce33919ab24,True,2024-09-20T06:58:23.990238
03d4fbf961a5e2a3,True,2024-12-12T16:43:34.341205
2024ca0a306eb2c3,True,2024-07-13T18:29:45.342453
b4d73f5eca23f719,True,2024-07-04T21:33:04.143481
1178f823eecc9e8b,True,2025-02-14T09:55:11.047844
fa5262f63900d1b8,True,2024-08-04T04:59:25.205652
ef9cf5603175c784,True,2024-11-28T14:04:58.654622
894f0b68c2d68259,True,2024-12-12T11:39:36.297306
9bd73ee917fb0217,True,2025-01-27T20:04:45.571047
bb526535cccc0cc5,True,2024-08-10T03:15:55.593891
44989e2873ff4777,True,2025-01-16T23:50:27.902659
7e948a792e1d4f03,False,
611f0e4c9f2d2be6,True,2024-08-19T04:14:07.977945
cc8eac1612cc63b7,True,2025-03-05T14:30:35.996231
46c9820c92129dc2,True,2024-12-05T09:37:29.538334
f5dbb20c58c62f32,True,2024-05-14T14:04:15.347160
f845ca9d627b9ded,True,2025-04-01T14:14:47.439899
2086583f03fc1e95,True,2024-08-12T14:50:33.044727
63f4c7f8fd14415f,True,2024-10-03T00:48:25.167877
7e948a792e1d4f03,False,
a32d2e3c86e8daee,True,2024-05-15T06:32:43.027039
5a50bd03006b2417,True,2025-04-21T08:03:07.941117
490ab564bb9fd718,True,2024-08-01T22:08:54.929756
acf31f2ab62ac97f,True,2024-11-21T11:45:26.695665
7e948a792e1d4f03,False,
17e8f25bcc4371b8,True,2025-02-22T14:04:32.637051
e02509b49341d3dc,True,2025-01-27T22:22:31.854727
b9fc1aca375f1069,True,2025-04-17T12:58:24.013916
62581a36c96bed24,True,2025-01-05T09:35:34.346563
3514b26da94fac17,True,2025-02-08T20:32:13.435793
d3927d19e3b54e98,True,2024-10-17T03:47:43.991607
dd16560ed63336d7,True,2024-05-13T06:42:20.133049
45dd2c0acd28ff3a,True,2024-12-11T12:23:44.520984
770bb2ab3616bbc9,True,2025-01-02T09:59:17.602490
90f29620c92b6e40,True,2025-04-13T18:07:32.091639
e6e2450b41cf4cc9,True,2025-01-18T22:34:17.664043
edd054ba96eb4e76,True,2025-04-03T07:08:47.388902
a5bf2e28423e2caf,True,2025-03-17T02:51:02.820128
6cc6e520b5a346c0,True,2024-11-08T11:48:09.992207
7e948a792e1d4f03,False,
b9307aa1ad95f25b,True,2024-09-27T00:16:14.557647
133c6d5a4df25187,True,2025-04-08T01:24:07.973433
2dd47a5733d12df6,True,2024-06-29T11:59:55.588277
241f02c0481d3ad8,True,2024-12-19T15:27:13.983232
8887270008b159bb,True,2024-10-13T17:20:18.670082
ed696711ed0c2115,True,2024-11-28T06:22:50.044504
7e948a792e1d4f03,False,
7e2801506f72382e,True,2025-01-27T07:52:21.568493
3b8cf67e7e7bc415,True,2024-05-10T03:30:53.085810
0a45a92fd2f2c7e8,True,2024-08-19T19:38:38.803080
dff70131d3864931,True,2024-05-03T08:10:49.235595
897ecf84ca2527cc,True,2025-02-21T07:00:36.084919
4a8c3ababbec474e,True,2024-11-21T22:14:55.138794
aeeeafc6a991bcab,True,2024-06-01T03:59:57.517319
10dce171ca2ada88,True,2024-06-27T12:24:19.773253
7d8e66f19016ce52,True,2024-05-05T17:46:23.744336
9e1b9ffe540fd8bd,True,2025-01-11T07:07:00.103739
4a415962d41ba2fe,True,2024-09-05T03:24:26.484410
e94db23e23cb41d5,True,2024-05-03T15:10:12.118588
7e948a792e1d4f03,False,
9aae6ebb52025916,True,2024-06-16T11:18:13.273234
56782980a1a9f6b0,True,2025-01-25T21:58:33.896962
f0bb0b4a6e9c5fc0,True,2024-05-10T13:36:26.575834
994903ba9ef2fa1b,True,2025-04-02T00:48:02.217972
ce0815c86e427460,True,2024-06-17T11:26:03.442343
1569f070a86aebf5,True,2024-12-21T22:14:29.696968
7e948a792e1d4f03,False,
67f91807e37c7d48,True,2024-12-18T01:49:14.678518
3b4fea15800dc36c,True,2024-06-28T22:03:42.262814
ed6b52eae4a4dc22,True,2024-07-22T06:42:42.522240
5bbc30816a9e0099,True,2024-11-16T20:30:26.120558
821d7d6c8d284be0,True,2024-05-14T14:12:33.464804
50fe2162d165d0bc,True,2025-01-03T00:23:00.472891
7e948a792e1d4f03,False,
36641c935633ed15,True,2024-07-23T05:09:47.032543
f279f74c45ff9eda,True,2025-03-22T00:20:41.085535
d588d4c984d7b966,True,2024-06-30T01:29:28.518403
ae6995c3d417ca20,True,2025-04-10T13:02:01.302037
ba65e9c9844ec4bc,True,2025-02-10T01:07:39.736570
dfa505872c7078ee,True,2024-06-06T09:26:58.063976
d93e3714273568df,True,2024-05-13T22:31:43.694759
d357a4acb081b733,True,2025-04-05T23:03:26.747881
706aaa3465c7c8ea,True,2025-02-02T15:50:53.707179
010c7336dacf1764,True,2025-03-27T17:23:03.245199
6ff7ac360238253d,True,2024-05-06T03:07:07.779781
4bc3e0ffc962a538,True,2024-06-30T12:12:27.396229
d29badccdc0b1c0b,True,2024-08-26T05:41:57.095821
95125a6fe5d3e4db,True,2025-01-24T21:15:29.497390
424f2f87ddb45a58,True,2024-07-18T14:00:47.316621
5b84dda14da4a4bd,True,2024-08-15T04:50:07.099932
3cf574eca81c4639,True,2025-03-20T08:26:48.335496
7e948a792e1d4f03,False,
7e948a792e1d4f03,False,
8f5498ca4e702507,True,2024-06-20T11:40:36.915654
7fe86bc7cbe86b88,True,2024-11-30T01:46:36.463395
38665f0f128dd620,True,2025-03-11T04:56:06.457846
f6ff022840d9a84b,True,2024-12-20T12:06:52.267352
e509f58d9d113231,True,2025-02-28T18:44:28.034879
871e080b71141671,True,2024-10-29T20:55:57.608643
6c6f4f1a430c18f2,True,2024-04-28T15:55:13.960037
6ccc80afbcaccccf,True,2025-02-19T22:20:25.203822
7b132f7223e80e44,True,2024-05-04T22:31:44.030723
86e9385dd9aa6a7a,True,2025-04-08T09:18:34.390340
16741cd8a760b6f6,True,2024-09-22T08:42:20.363166
72fc620a75f452f5,True,2025-03-11T15:32:03.261126
ff8e58dd6fc95079,True,2024-09-23T18:14:30.409675
7e948a792e1d4f03,False,
12e506e7fe84c9d3,True,2024-10-23T14:13:15.768794
33e9dd80dbd6cd4a,True,2024-05-09T14:37:04.466272
0ff3129950a2d6c5,True,2024-06-18T03:32:48.701745
28ae32fc54eefd85,True,2024-06-09T16:35:56.625743
0d1c1e0807206c86,True,2024-06-30T11:37:15.865880
14d47c4181cfa214,True,2025-01-22T10:38:02.052640
1a05f996587e5d81,True,2025-04-04T15:09:31.312661
4ac0f44adbd363a5,True,2024-07-30T10:44:07.786095
81b47ac0a2050f97,True,2024-05-17T09:07:39.326431
a70629dc460faee2,True,2024-09-14T05:44:08.891282
791ac8d3407d1b9c,True,2024-12-24T12:55:41.369222
ff782311d7822001,True,2025-03-09T12:12:41.623495
7e948a792e1d4f03,False,
7543665384a1ea8c,True,2024-05-16T15:32:37.225901
0c00807cd8306b4a,True,2024-10-09T01:25:30.080308
14cfc98270ca5d2e,True,2024-08-11T22:56:12.401086
ba9b9e7491b83f56,True,2024-06-15T01:45:41.746004
ee14c56a50ad05de,True,2025-03-08T13:20:43.472158
181d92479a028f6d,True,2024-05-10T07:42:25.360880
7e948a792e1d4f03,False,
a98a5cb05528ea5c,True,2025-04-12T07:42:57.460776
7e948a792e1d4f03,False,
109ff00672642923,True,2024-11-16T12:17:07.798927
fe07e0388b1733a0,True,2024-07-16T06:55:36.461796
7e948a792e1d4f03,False,
4d1762ee0c42305c,True,2025-04-18T22:49:20.844762
18c7e4d3cce67b21,True,2024-07-26T19:51:02.456092
d8dc45aa6cf33688,True,2024-11-14T04:52:48.953234
1c2062c519c448c2,True,2024-08-05T13:06:18.579940
58105594caa980bc,True,2024-06-28T17:33:38.887495
d2c92d3b1a270777,True,2024-10-18T04:52:31.702903
7e948a792e1d4f03,False,
a90d7537df6cb668,True,2024-11-13T13:08:46.871965
c21996625d6314b6,True,2024-09-15T16:12:17.230175
325b4c4e6db65780,True,2024-07-24T22:52:18.744457
3d7d6bfe3eb3efdb,True,2024-11-23T22:42:22.370300
693c4785f0a85bd4,True,2024-09-05T10:03:38.091105
ff514fddbdcba7a7,True,2025-04-17T19:53:56.319618
d5ed492b1fd90039,True,2024-05-15T19:46:29.638845
e333679d06133db4,True,2024-07-28T17:58:29.482551
de9b450876120fa1,True,2024-09-08T19:08:36.118848
8bb9f76a220e908d,True,2025-02-12T17:40:37.094603
8d9b86010964142c,True,2024-10-06T07:06:46.313196
7e948a792e1d4f03,False,
2054c777e0aaf030,True,2024-09-08T12:02:49.520931
7e948a792e1d4f03,False,
552f89f44fccca6d,True,2024-07-06T18:42:45.113211
4c6ab5edf9a51558,True,2025-03-08T14:01:49.695735
6f0fb97b01e992c2,True,2025-02-13T14:17:33.960697
03f328bc1c02a1a0,True,2024-11-27T22:08:44.854324
58b9c7e6276c3a20,True,2025-01-09T07:51:36.734741
02f5697d429b78f9,True,2024-04-29T00:38:47.039442
b426c9566b332747,True,2024-06-23T01:04:58.261924
6eac31402ae6fb86,True,2024-11-11T09:16:52.666490
8b19a4f55953ca6c,True,2025-04-11T02:44:15.844454
268b66f4ee8cf289,True,2024-09-14T19:35:17.129310
940aefb2261dee39,True,2025-02-05T07:29:36.924838
7e948a792e1d4f03,False,
baef2b4e790b753f,True,2024-12-23T07:18:40.264237
0957ceedb8c54d89,True,2025-02-21T19:14:02.536646
d0d3a9a745c5bcaa,True,2024-07-09T07:04:36.690150
96e40055f54ca765,True,2025-04-24T09:46:48.013237
fde846a9b8ec2991,True,2025-02-11T23:54:28.957766
239b83959dc18a4d,True,2024-06-28T04:14:39.429501
91197f502e5d8e55,True,2025-02-08T02:17:16.958483
f91ce0f97a1ecf46,True,2024-07-03T10:13:35.083266
56c21d035123c2d3,True,2024-07-09T10:51:35.715405
2976bc2a86eb1a81,True,2024-11-24T13:22:57.706973
7e948a792e1d4f03,False,
7e948a792e1d4f03,False,
158bccc425fd242d,True,2024-12-01T15:46:00.606471
7e948a792e1d4f03,False,
cf620b2abb376d6c,True,2025-01-03T18:58:19.401276
c2db4cad94918586,True,2025-02-22T21:08:20.196503
c4a85f6b0150753b,True,2024-06-24T12:49:07.664856
8798c6e022423693,True,2024-12-12T17:04:25.471098
072bcea73feac550,True,2025-02-23T05:55:02.876490
c33da971f2305372,True,2024-06-27T07:16:40.780224
6bc243ee83aa3ad4,True,2024-07-21T22:58:51.714469
73b0e61633b212f2,True,2024-09-27T02:02:23.446117
095718ed2a5003bb,True,2025-01-10T20:49:02.091224
d312865bdaf90071,True,2024-12-08T03:01:14.348697
4519b7be1d29e3e2,True,2024-12-29T20:55:01.522136
5869115bf876f867,True,2025-03-27T01:23:14.188847
7e948a792e1d4f03,False,
480c3dbfbbc02e44,True,2025-02-23T07:47:10.609122
5bf1f3051ce975b8,True,2025-01-02T18:28:34.208194
cd1c47ef36e0b1f2,True,2025-04-09T17:00:54.574600
ae3a0e3100027a8f,True,2025-01-15T08:48:53.767249
211be6557e6c8e24,True,2024-10-25T23:44:05.625501
59fb32ad71a88d40,True,2024-06-02T23:34:14.429248
ec39b30d0e34e3fd,True,2025-01-31T23:51:58.710793
ecf25eb133f2278d,True,2024-11-24T11:13:13.393183
77de564428fac0df,True,2025-01-08T08:05:13.314394
11800c27be3969ff,True,2024-05-06T21:15:16.183720
61715037ec31cc93,True,2024-08-03T00:32:13.151278
ff519e4538f74219,True,2024-08-03T16:11:01.254890
d8c0fba59f6e29c0,True,2024-12-26T07:16:07.266262
a4a1181350aa16ad,True,2025-04-11T04:17:47.684373
ee1320e44e8c5ab0,True,2024-08-30T13:04:40.171616
bbe8198441598da9,True,2025-01-13T12:00:47.326177
e9a56e633ed332c9,True,2024-11-05T19:36:10.896683
503bb4cefad3a45b,True,2024-05-19T21:42:07.676833
71f5be23cc133d68,True,2024-11-17T14:06:15.027544
d3c21e08a9875b00,True,2024-07-14T18:43:31.660155
da89354840352ba6,True,2024-07-24T04:09:48.963863
7e948a792e1d4f03,False,
3b471c5a5f11a893,True,2024-11-03T08:58:01.515722
906e7928989bfb5a,True,2025-03-08T05:58:55.461181
7bdc09bc35af8f69,True,2024-10-04T22:32:17.336521
01b4126d2f618eee,True,2025-02-19T07:10:38.874878
f7f65666d673c96e,True,2024-06-19T10:40:44.952039
651934090aad16cf,True,2024-05-01T06:05:05.502405
2613ba28ebb80b17,True,2024-11-08T14:35:21.054151
065c158937870b3f,True,2024-09-13T00:13:33.816672
61662469e21c7295,True,2024-09-14T15:57:13.493924
0ac7ee6e734e2f12,True,2024-10-15T03:36:07.364333
a77515d4c6cba311,True,2025-04-16T00:16:16.315652
7e948a792e1d4f03,False,
ea639ae253d37436,True,2024-08-27T19:42:34.895032
4037a5b7b4c19d5a,True,2025-03-03T04:04:37.759953
e3a50b20bb3c79ef,True,2024-09-07T11:13:10.931141
99ffcca55e789186,True,2024-06-25T16:48:47.331797
020c0081671d508f,True,2024-06-10T11:00:00.997448
0165588385e81e04,True,2025-04-20T22:57:55.675069
0779f4ce3b7979a0,True,2024-10-03T23:17:28.954828
f11f4d94d0cbfecf,True,2024-09-22T02:42:04.075336
872431c2cf49bba5,True,2025-04-10T07:47:36.692274
0107253704fe68d8,True,2024-05-10T02:01:55.698833
7e948a792e1d4f03,False,
f55a775cb604432e,True,2025-02-06T10:43:04.662468
7e948a792e1d4f03,False,
0d314a0995355d15,True,2025-03-25T12:54:34.112739
2a2f007987727d91,True,2025-01-30T05:53:18.229631
68f19ded44c821f1,True,2024-06-22T23:39:55.727137
7e948a792e1d4f03,False,
e88e3193d91f9e48,True,2024-08-31T06:56:09.396812
7e948a792e1d4f03,False,
8fef038b6a7ee240,True,2024-10-03T06:29:11.851146
356c0dfdca4c2df6,True,2025-01-06T19:16:06.751912
7e948a792e1d4f03,False,
7e948a792e1d4f03,False,
5046b377cb101bfd,True,2024-08-26T08:50:36.310889
5d4efc61df5077b4,True,2025-02-14T02:45:36.057527
d54bab0f485c798c,True,2024-08-05T05:25:20.479115
1643efb6ed782652,True,2024-08-05T17:52:23.527599
6fcef97aed072513,True,2025-01-15T08:55:54.072407
b0d24bc6426daa44,True,2024-12-08T23:37:44.884748
7e948a792e1d4f03,False,
97b843bf3d979e69,True,2025-02-24T16:19:41.161760
bfeddfc9f936a734,True,2024-09-11T23:56:32.809779
5c238d599812e3fb,True,2024-12-26T10:25:20.085531
c58f6d0034cd7fa2,True,2024-12-01T17:46:28.368768
180ba229d7982a5a,True,2025-02-17T07:14:34.039401
2c2e2695fc3107dc,True,2024-07-26T06:15:30.642028
933cc75c63e4cc1c,True,2024-10-12T13:21:22.890392
9134f242eb8b3d89,True,2024-05-29T15:43:39.883743
64eccdfab166ab6a,True,2025-03-03T02:11:09.958236
e8798051d3fad90b,True,2025-01-31T18:18:12.175665
d0f224a3005fc011,True,2024-10-11T18:25:42.971973
b3f63d6574058b06,True,2024-07-10T13:47:41.936416
d39a6ff86010c79c,True,2024-11-19T21:07:42.621049
3d6b57f99b963b6d,True,2024-09-23T00:39:11.117360
2d0faecabf8c788f,True,2025-02-27T08:24:57.402687
1fb45c3d12223978,True,2025-03-23T08:41:09.831268
7e948a792e1d4f03,False,
b2ad39f82463a3ca,True,2024-12-16T07:25:32.488278
f5e983bb87ad364a,True,2024-08-05T04:02:55.566541
a14cb66bb00c4708,True,2025-01-22T06:59:18.530853
9ec44f5e00d2a539,True,2025-03-06T07:38:08.685145
43dc5c48dddb8a37,True,2024-06-14T06:39:51.895566
8de57bbf0fbdcebb,True,2024-10-29T04:28:43.861224
fcb6af6333fffa1a,True,2024-06-15T22:00:45.501499
65c1215688a8497f,True,2024-07-27T13:50:02.502645
a3b068eb0c29233e,True,2025-02-12T03:15:28.694189
ae2eaae874173762,True,2024-08-28T14:55:49.489940
38fcf771c94f274d,True,2024-08-17T00:26:48.204533
ee2ca8b7b8a173f8,True,2025-03-08T13:15:01.305226
54dc00958ab7753d,True,2025-02-03T00:56:42.559686
ec63cbcaa8dd8862,True,2024-05-16T10:36:57.082270
15dab94d933525c6,True,2025-04-27T23:45:11.609511
8a26a74bfe99397b,True,2024-08-10T15:50:47.276404
1b36bbd2cf01d62f,True,2025-03-30T12:00:39.889257
7c7e201088ff84da,True,2024-11-04T20:18:39.166084
5f33c30b06239745,True,2024-10-11T22:59:10.052138
d435267570d44a74,True,2024-12-23T17:09:29.371691
f41fb2be989ff487,True,2024-09-10T09:28:03.527642
45accbdd2e4b63aa,True,2024-08-18T18:12:15.512522
5f590885e2f15c61,True,2024-08-01T09:20:56.708328
7e948a792e1d4f03,False,
f65b265f039af71b,True,2024-12-26T23:11:06.043357
0a5177690e8d90f9,True,2024-12-28T10:05:56.587145
dd78a5de40c28687,True,2024-06-27T22:59:00.990974
3c261174bca639eb,True,2024-05-26T00:41:37.374298
6d9e35aa2cbffa8a,True,2025-01-07T02:12:47.514282
eece222c853bc695,True,2024-12-02T22:45:47.475703
a4d0a72622d09529,True,2024-10-03T20:22:35.505497
0232effea81561ee,True,2024-06-10T16:44:55.875486
bb21b91ae609aa6d,True,2024-10-08T07:06:00.997534
4d71bde3119802f0,True,2024-11-13T18:21:43.038988
e5e4f460b0e5f7f4,True,2025-04-24T04:50:41.783335
bf77e6df4ce683ef,True,2025-01-02T05:37:20.598595
f57e38d1b8f8885c,True,2024-07-24T18:25:25.541988
96d6fbf077ffb7e8,True,2025-01-12T12:13:08.333605
19b68e1891f578b7,True,2024-10-08T18:54:20.672333
a79ead03fb56404d,True,2024-11-24T12:05:34.080764
7a2dadb5c2a31a70,True,2024-06-13T04:07:49.881686
878bf68536224c02,True,2024-08-09T14:35:17.446719
60f86103acbf7499,True,2025-01-20T08:53:31.021464
7e948a792e1d4f03,False,
294b6539f97806f0,True,2024-07-03T03:20:10.979146
e8b5dd68197670cf,True,2024-07-14T01:14:40.461878
aa1d62bbab9264f3,True,2025-03-12T23:04:30.101904
5edaaebb7048efe3,True,2024-10-08T02:21:03.892036
5224e81434c30c6f,True,2024-05-09T15:43:42.390650
06f1dbc001ccae2e,True,2024-05-15T05:22:48.755838
7d63a550dc95e725,True,2025-03-24T22:35:28.424603
aad2a7bf305480a9,True,2025-03-30T20:31:15.876964
97a8da2065fd612a,True,2024-12-09T05:41:12.537058
bb3139517193f478,True,2024-08-11T04:56:38.797043
02771b40af2367ee,True,2025-01-10T21:32:43.677724
86ba84e9ec2f1221,True,2024-10-19T20:11:23.110385
58cc8b5c3120f13f,True,2025-01-15T16:19:14.058207
bae3f5fe05012f0c,True,2025-03-12T06:53:16.628944
91d97fba447f93ea,True,2024-12-06T20:35:34.447772
e1004bbfd4fb031f,True,2025-02-19T10:08:15.713611
229f273abde32a0d,True,2025-03-03T15:30:35.455008
67d3a1407902d5ce,True,2024-05-31T20:28:28.888920
9df26c01e5a64f34,True,2025-02-19T16:29:39.638235
caef31c654e08da9,True,2024-08-22T08:55:09.635686
d50dc3ea19ea7644,True,2024-06-13T19:43:18.535647
23297234ec02dcc6,True,2024-11-18T13:54:23.738579
f02b427575fb6759,True,2025-01-27T16:59:59.328021
5323fbd59728d45f,True,2024-05-12T09:26:24.757471
1f8778ecc80968aa,True,2024-08-11T03:43:26.073405
77e8988395119508,True,2024-09-30T05:56:33.205421
1a79b1786418a66e,True,2024-08-04T08:29:51.456379
e9b291ad14b224bd,True,2024-09-12T19:10:35.161976
773fe4c2a053ca0a,True,2024-11-07T17:32:00.662015
831b6f56c515bd27,True,2024-09-13T16:54:36.363377
be8a9e9850d60630,True,2024-07-11T04:09:16.514611
2c0a551465bfee23,True,2024-11-21T14:50:25.207828
d3b65574107da921,True,2024-09-30T16:29:52.791577
a32ab1b12b654086,True,2024-06-20T09:33:02.479603
71ff418ac85753ee,True,2025-01-14T16:39:54.610997
57082e46cedc4900,True,2025-03-05T20:38:47.940662
69e4f49c4b091eaf,True,2024-05-14T08:54:26.912429
a407cd68f9a61c7a,True,2025-03-23T07:22:47.070213
f07bcdf09a7aa0ac,True,2024-10-17T21:37:54.259137
260b00fa89f8c4db,True,2024-10-18T14:54:18.434924
41bae5549f36cba7,True,2024-11-18T00:06:47.009954
d90a590b9b3dc1f7,True,2024-06-25T18:50:50.416412
3acc2d78e8ede8f3,True,2024-07-02T10:25:56.238182
7f8bad8dc0c3cedf,True,2024-12-25T13:09:23.207922
b0d8e9c8f1199f70,True,2024-05-22T13:52:14.744402
e544b95e66067324,True,2025-03-03T12:21:23.659743
2090c3c61537efc6,True,2024-11-08T16:13:12.278502
70652c0f042eb544,True,2024-05-13T18:02:56.261238
19f7d22618652b6d,True,2024-06-28T08:00:59.131293
8ab4f2969fc1dec8,True,2024-07-17T18:15:41.242030
4e7e3c24aeb5c846,True,2025-04-19T12:14:19.463312
062bc41abc6f9c70,True,2024-11-17T14:32:24.630017
56674543240ac762,True,2025-04-17T21:12:01.616557
61ed297f702bbda9,True,2024-08-28T14:34:14.978691
bc75d7817780a715,True,2025-04-14T23:09:07.586518
869c64f724864e75,True,2025-03-13T21:05:07.061924
3c219bf57985533c,True,2024-09-23T05:18:33.026412
f7988e784ee6f6b5,True,2024-08-06T01:33:41.976988
181616f1a1bff85d,True,2024-09-20T03:20:28.278409
c9ed036099e4b9ff,True,2024-06-09T15:08:41.468928
a3e8dbe65a18dbce,True,2024-05-29T09:49:59.333918
d7bd0538e5bbd9ab,True,2024-11-29T14:01:42.563623
5bd5540bc60fa93e,True,2024-09-27T15:31:31.841639
dea00521d1170904,True,2025-03-14T13:11:45.615944
c3089dc342aa9389,True,2024-09-27T17:09:15.645882
0ba00c80054fddcc,True,2024-09-07T21:57:29.069585
4ef2ff932af2b973,True,2025-03-13T01:45:54.301098
878edae294193b35,True,2025-01-07T07:29:07.653317
aeaf686500454ec1,True,2024-12-15T23:08:14.957545
7e948a792e1d4f03,False,
3978f3ad65e3b847,True,2024-10-16T19:01:15.133889
73b7da32770ec701,True,2024-08-07T11:43:29.760200
e6a4f0946160958d,True,2024-07-22T10:15:49.888431
9441c6aea82b31a8,True,2025-01-18T14:45:49.456671
8cd5587a3c1a75c5,True,2024-06-29T17:43:36.998585
0178f03981210695,True,2024-12-04T04:49:46.396945
7e948a792e1d4f03,False,
62cff44538c919df,True,2025-04-23T00:47:45.018176
05e9bcc143873027,True,2024-05-30T23:04:08.978447
7e2b2a38365bccd2,True,2024-07-02T12:07:19.761015
4b4b85d2288284ee,True,2024-11-23T07:40:08.342347
83347c92eff9c0ac,True,2024-12-13T07:29:22.289242
840559a4240b2dfd,True,2025-01-30T07:45:19.284308
b26f7eb2eec43a38,True,2024-10-02T09:52:14.158344
866ea584976b9991,True,2025-03-04T04:40:10.265600
fc4420fe9c34cead,True,2025-03-25T09:07:40.754339
54bc9969a4accdb0,True,2024-10-24T02:53:36.398417
6c261745756c6073,True,2024-11-22T05:53:53.506458
486c5edd3f3dca8b,True,2024-08-21T20:15:32.602316
7e948a792e1d4f03,False,
22c4467558b5fd5f,True,2024-06-19T08:29:04.547115
afcbb0daabb18d2f,True,2024-11-03T12:05:29.931911
8c150c85d3dd5f97,True,2024-07-20T20:28:17.147239
44ec0b3e77d9af22,True,2025-02-27T21:26:02.769943
210589aecb926ee0,True,2024-09-15T01:42:09.564330
ea1e062c9c85f5fb,True,2024-10-28T16:39:53.101553
ef3a039b44e5b6bc,True,2025-02-01T04:03:10.713750
e4bc653e38f990c9,True,2024-07-13T23:37:32.397545
fff7d51a5aa54575,True,2025-03-06T08:32:23.032511
c2111529832980e6,True,2024-08-12T06:17:22.371486
de9e64daea7364d1,True,2025-04-01T10:22:17.999064
701c9ba70f7c9785,True,2025-04-28T08:40:12.423866
5ce76be75f69209a,True,2025-01-31T09:46:16.663597
c39434f29fa13a74,True,2024-08-20T19:07:58.544934
7e948a792e1d4f03,False,
9148e858bdbef5ae,True,2025-04-02T08:55:16.702104
4e047ddc5561f9ae,True,2024-12-24T23:33:02.944617
c1f111cefa32d535,True,2024-09-18T00:02:56.388264
9d6e6c2dee250fe3,True,2024-09-01T19:17:59.815161
8e65cfec30774e9f,True,2025-02-22T13:05:49.848944
a5a3c4fb5b23a6c3,True,2024-05-01T03:54:15.903303
cf4e4954422580b4,True,2024-11-24T00:29:36.511603
7f06372d39d5746e,True,2024-06-21T16:21:44.370029
b1f5b9a84b138ba7,True,2024-08-23T07:58:36.064467
3fd8c24d3635777b,True,2024-08-11T06:39:44.897876
cc56a6f325b19955,True,2024-09-23T19:03:17.055003
1fd43ec3597e93ab,True,2024-05-12T02:03:36.124346
70e2a9a7c5f14fd9,True,2024-12-24T04:49:42.264732
e807218d92a6a333,True,2024-08-15T23:53:38.620441
a8f84445f8f63221,True,2024-10-29T23:33:58.995701
7e948a792e1d4f03,False,
7e948a792e1d4f03,False,
2bed61a488e0b556,True,2025-02-25T20:48:09.262665
367f08802dc40f00,True,2025-01-12T14:36:33.740375
ec811ecadb9512f4,True,2024-10-16T05:32:15.961619
0022aa6286ff74b8,True,2024-08-20T13:39:38.663634
37e1311cc96f5ff2,True,2024-08-25T07:20:21.873154
38c5194caff26fd0,True,2025-01-04T07:42:17.450055
7e948a792e1d4f03,False,
7e948a792e1d4f03,False,
9a4b8754314f0e43,True,2024-10-26T17:11:28.127028
70f7c7278e811786,True,2024-10-18T17:51:25.936942
e16310c09c15bce2,True,2024-08-29T15:48:01.617004
8b84485b2966a21b,True,2024-08-11T15:38:28.263185
512b35480ae17c4c,True,2024-05-26T19:29:59.453013
a7c4d2176df53320,True,2024-11-29T13:04:33.190877
065d9a9c2c240a7d,True,2024-11-26T17:11:33.122740
36e39814930725aa,True,2025-03-10T02:23:39.288799
d632429e3991b026,True,2024-10-15T11:30:50.521217
5c689944349310f8,True,2024-08-15T09:58:12.722502
7e948a792e1d4f03,False,
57ed47218103cea2,True,2025-03-31T03:44:58.024017
5a48675e285a24db,True,2025-03-15T03:30:13.862217
ab0a6c85886a1058,True,2024-06-22T06:09:51.013653
3feb5959c5037662,True,2024-10-22T04:34:16.448139
bbfcabfd5c17e6dc,True,2024-04-29T00:44:53.528661
f26763d14faa2e3b,True,2024-09-13T13:36:53.003143
adf6cf9b33b0ac5a,True,2025-01-26T17:14:15.970603
b2083c6fdf4228e4,True,2024-09-18T04:20:50.845110
d73e1e6038d06f13,True,2024-08-21T05:55:11.363326
e6044572e01b363b,True,2024-05-24T02:18:27.149387
fd0be243b903929f,True,2025-04-13T06:02:34.919741
3567a1aa95acaa11,True,2024-09-13T00:16:54.792356
81a1ef10b942ba4c,True,2024-07-19T00:09:24.363699
d35ce4f416b93175,True,2024-12-09T23:03:34.177224
5c36f41e1d93e464,True,2024-12-21T05:47:12.317495
b769872b54962984,True,2024-11-30T11:34:15.445247
5cdf3bcac8892075,True,2024-09-26T08:22:10.477283
8ad927f98e50548c,True,2025-04-28T09:51:50.178328
aa8614de706c37a1,True,2024-09-28T13:15:55.620694
105066b17002f267,True,2024-09-19T05:37:38.850999
7e948a792e1d4f03,False,
d50a8a646b0bed13,True,2024-06-20T11:54:41.587397
27402730c6493946,True,2025-04-19T18:17:34.349905
59cb207027b2f7a2,True,2024-09-10T20:32:22.137472
4813f9a2dd5764ff,True,2024-07-19T07:33:27.000674
b77e5ca802d82cf5,True,2025-02-20T10:33:58.123341
b024e87df92e4296,True,2025-02-27T10:19:42.099707
174f87a61da9af4f,True,2024-12-21T06:30:19.811148
634bee111a275469,True,2024-08-05T05:08:12.774715
a41c2373c4efc8ac,True,2025-04-08T12:19:29.555799
7e948a792e1d4f03,False,
72d1d4fbf88186b8,True,2024-05-02T16:42:14.832853
8f9669c06ca9776c,True,2025-01-26T00:13:24.064334
f04db69080cfdf09,True,2024-05-15T18:17:02.289828
afd2734092d3a48d,True,2025-03-24T18:19:32.280694
fa35a7d4eb97bdc7,True,2025-04-22T17:58:37.572525
5120b20ec5ef8797,True,2024-05-04T01:39:52.189754
4432297aec512cfd,True,2024-11-21T13:09:36.549426
e600138cbd4cbe50,True,2024-10-15T04:35:38.490670
c2d2e5d8b3f73615,True,2024-10-20T16:15:10.334656
6434ea428ec5c9d0,True,2025-03-08T10:34:03.374199
ac733bb1d3bd7a83,True,2024-10-27T07:48:42.593473
53f9611de05b769e,True,2024-12-25T06:52:48.153487
1a5fc2dc6555617f,True,2024-11-23T21:11:13.073277
d0433627a6822e61,True,2024-12-28T13:43:54.398947
5efd2e6e509139ae,True,2025-01-09T10:26:35.896617
77360849c51ee383,True,2024-11-08T09:29:52.754885
4c913d8bb66fb17c,True,2024-08-05T11:09:28.338706
cbadef218cfa1e71,True,2024-08-03T13:15:33.779161
9ee90a7801621664,True,2024-11-23T18:21:49.140355
0b7c3ce15577b251,True,2024-12-21T11:28:54.860842
830812f9825c61a9,True,2024-11-07T03:57:16.538465
494b55c70eadbe63,True,2025-04-24T23:20:02.172220
52a8ce3939a79986,True,2025-03-04T12:50:04.938322
26bea00c4de3de3b,True,2024-06-19T01:37:38.896937
1696b4dbc706220a,True,2024-08-01T23:56:31.913828
7e948a792e1d4f03,False,
4b00a2b0fc2b225f,True,2025-01-19T04:46:23.948986
8cc552bc58685bb8,True,2024-12-11T10:25:56.964273
79f3d36590a56be4,True,2025-03-01T10:48:47.694968
7e948a792e1d4f03,False,
d6aea75b11ff91b8,True,2024-09-12T00:52:19.120697
dde9d48fab121ddb,True,2024-08-16T23:07:02.185648
edff61947ba6a3cb,True,2024-08-08T20:57:53.775512
dc0c21973d5bda1b,True,2024-12-19T07:46:32.363298
5d0fa091a58de172,True,2024-11-25T10:37:29.636285
11f7015f7d26c546,True,2024-08-24T17:44:27.839556
6e997288757f90d0,True,2024-11-03T18:15:29.158014
a2ef792b00ef0793,True,2024-09-13T15:27:36.940566
cd1f0bc320cdd639,True,2024-08-08T04:12:17.342181
d21c7e01ff8e92d7,True,2025-01-08T12:57:09.337077
5bb4630d44b2e4ad,True,2024-06-19T22:40:13.366503
849f718ff49b329a,True,2025-04-13T09:45:22.193233
91b700af24d7c6d1,True,2025-02-22T13:12:29.225541
8cbc22899e8a364a,True,2025-02-28T04:34:07.949761
259fb017c1d664ac,True,2024-11-18T06:52:42.797452
2e9af402ba3a3c9c,True,2024-06-14T23:12:14.742830
1ad97bea9a30f4b8,True,2024-11-27T00:23:18.409678
e1d2ed42a2ba3990,True,2024-07-07T16:38:57.229439
7836c4b64269576d,True,2024-05-29T00:19:20.535098
3c1adfed017ac80e,True,2024-11-15T06:40:35.194371
7e948a792e1d4f03,False,
3c16707dceaafeb9,True,2025-02-24T07:30:31.045698
fdf0194ea67bf0e9,True,2024-12-21T22:15:27.930652
4b3b5e9e1ad276a4,True,2024-09-10T06:21:30.745007
e941602928145c65,True,2024-06-28T13:53:56.672940
1d92ff96e0f9fedc,True,2024-12-29T15:03:47.661479
89eb8ddb624a85ed,True,2024-11-07T11:09:52.962079
1ca849a9258997f3,True,2024-05-23T00:07:27.263679
6fb06a767ffc1b47,True,2024-09-06T16:20:21.211374
e65e81056295089d,True,2024-07-25T08:09:23.335325
edf598b95f28f988,True,2024-11-04T04:38:42.592742
d53d143a8be4636b,True,2024-05-09T18:48:42.636330
fa8b2e0e6822d9be,True,2024-12-17T08:29:14.881596
aa6e3fb7d3065886,True,2024-09-09T14:41:07.131478
16276eb47b5df8c6,True,2024-12-21T01:11:27.221621
7e948a792e1d4f03,False,
7e948a792e1d4f03,False,
aa13b4ddedc66323,True,2024-08-31T00:15:58.672187
75c4f3fe97047e17,True,2025-03-05T13:06:30.221046
7e948a792e1d4f03,False,
71d467a47b419083,True,2024-08-02T19:03:03.874071
a043db415e481905,True,2024-05-17T12:45:02.947319
2d779ecd7bc5e8d6,True,2024-06-18T09:35:45.953928
383498d4009fd744,True,2024-08-30T08:12:00.941087
5c156dcc4925434e,True,2025-04-05T18:37:37.123997
7e948a792e1d4f03,False,
f8217557f5c0d094,True,2025-01-20T23:34:47.968297
4ce8011e7670f319,True,2024-09-01T07:47:32.263747
842411d0444a4151,True,2024-10-30T23:58:26.759066
1a72952c089b16db,True,2024-12-28T20:58:12.518143
22f8f1ced44ab84f,True,2025-01-20T12:06:09.820075
cdee58eaa4e97b48,True,2025-04-25T19:07:16.864908
82391711ce9981f8,True,2024-10-14T04:16:13.290202
b1a03d6ab6c00075,True,2025-04-28T14:20:55.237736
a1b6f3bde2f7f1eb,True,2024-12-22T10:18:14.818830
f1721e3d6ba8a450,True,2024-09-18T08:16:53.771541
a464c8c705d3b1d3,True,2025-03-09T21:15:31.425978
b14b11bb395aee1f,True,2024-08-29T06:03:18.884588
7e948a792e1d4f03,False,
6b2952f589c0f30a,True,2024-12-16T13:03:03.242004
4db1cdac15c87062,True,2025-02-07T12:31:36.552032
f646694a8ba498c5,True,2024-05-04T09:07:19.049526
f3973ae34782197c,True,2024-08-12T01:58:48.642174
99d8897e7cc53c91,True,2024-08-17T06:45:37.867301
7ef067ed73bf6f31,True,2024-12-10T16:43:44.272454
b8570224ea00a620,True,2025-02-16T02:00:05.255210
3c3e3084ca52fdce,True,2025-03-10T11:10:30.018003
88a440748126e986,True,2024-08-05T18:10:08.039493
013865a512ffc19a,True,2025-01-20T15:30:06.842027
e4cd8ac020d1c240,True,2024-05-04T23:59:38.392257
bf302e2cbd8b2981,True,2024-08-30T08:26:34.117851
7e948a792e1d4f03,False,
dc5aaa8b79ff53ca,True,2025-03-05T04:16:44.204348
18b912b1d901133e,True,2024-12-29T01:43:27.440217
6c4fad69de632e73,True,2025-01-18T00:12:43.757827
e919f7f9f25309da,True,2024-08-20T19:15:02.497822
2add2a963bfa0d37,True,2024-10-31T04:52:02.660485
d1328b8c4ae5f423,True,2024-11-21T13:48:51.825964
37caff2705ddc330,True,2025-01-13T22:50:12.361736
fc31b976a6ab650b,True,2024-06-09T22:44:47.988044
7e948a792e1d4f03,False,
3da83a7a5ab4d7ca,True,2024-05-28T16:06:23.028008
24b6b21a391cff06,True,2024-12-10T15:54:11.381578
2068e3285486aa9d,True,2024-08-28T18:22:39.759415
7dba259d6d7de141,True,2025-01-02T02:14:25.880479
83c9551a92dd8748,True,2025-02-24T06:10:50.731369
7e948a792e1d4f03,False,
247fb350ceebe150,True,2024-05-07T20:35:50.058955
fa5d65d5776b6ccd,True,2024-10-09T12:45:18.662292
c91613e3a86f916e,True,2024-12-28T16:15:48.148165
9f7a3ffd6477ffb1,True,2024-05-17T03:36:29.251028
02554aab67960964,True,2025-01-22T16:29:03.907601
7e948a792e1d4f03,False,
7e948a792e1d4f03,False,
f5078ef32f106603,True,2024-12-23T17:17:14.700527
3ab54b94e9a8abc5,True,2024-12-02T05:05:47.103892
105b5b05312b8cc5,True,2025-04-15T03:08:27.283086
95d9bc4046bd3cad,True,2024-11-07T04:11:48.589562
7f7a87f456ca3a70,True,2024-07-08T04:18:05.826307
7e948a792e1d4f03,False,
4059406ea05b097f,True,2024-05-02T14:46:43.903313
a04a120d1e529dd1,True,2024-05-04T05:30:51.865479
a1f6cd24e40d32fb,True,2024-10-24T14:11:39.174143
32ad284a07c53d25,True,2024-10-29T09:02:47.106542
8009bb81839529e9,True,2024-11-26T13:50:58.720483
cdd9863f06e1c0d0,True,2024-11-06T09:52:10.780977
3e574477697216ec,True,2024-09-18T12:08:16.964786
5057a468f68e1f64,True,2024-05-30T06:10:23.079127
9ebfae6a67f94b6f,True,2024-10-01T22:38:28.362011
a51e2d376610fa4d,True,2024-10-29T11:16:26.442628
e86f8a5216a70ed7,True,2025-04-03T00:56:47.167412
7ec38200d918c078,True,2024-07-11T13:33:44.087714
f2df481672984e5c,True,2025-02-01T07:50:30.724746
8b37b5388c580ff3,True,2024-06-20T20:26:38.276775
1b93e3d2afa4d6bd,True,2024-06-09T08:29:00.096645
cf58be3c9e536169,True,2025-04-21T17:14:36.552075
1d7b1bf6fe954aad,True,2025-03-19T03:45:32.969096
ca35b2023031b571,True,2024-10-30T14:49:11.260147
d0572c42a26dd41b,True,2024-06-18T11:17:30.475127
4343e73e4cb200d3,True,2024-12-27T05:51:16.571315
70b910cbdf3b5179,True,2024-07-19T06:10:45.780764
8543e0ea2b93d44e,True,2024-12-01T22:40:42.715692
1041f125a491c508,True,2025-02-26T16:42:28.424938
cedd582cfb32db1b,True,2024-06-11T01:07:50.093824
bf46430a179f9a70,True,2025-03-01T07:00:17.947667
77223f4d73c79e82,True,2025-02-26T17:54:55.106944
363e2474d3c00b40,True,2024-09-01T23:11:40.228323
28c349cb41d143a7,True,2024-11-16T07:48:18.531443
46d57426f3df5d8d,True,2025-04-09T09:46:43.788726
42de7817d69a69a3,True,2024-10-01T11:51:37.009681
3526689232bbe622,True,2025-03-10T20:19:16.736886
3db030c1021b8d28,True,2024-09-05T00:46:54.932721
54225a8e544ec81f,True,2024-11-04T00:49:17.987789
df105fe74e8536a1,True,2024-05-10T20:01:19.867245
0d594af7f40a6649,True,2024-06-24T03:23:05.388641
eea1615cdd46d99a,True,2024-09-15T01:16:11.009370
c09f3cf678869f09,True,2024-12-25T21:47:24.365341
204dafaab00abb89,True,2024-05-28T23:59:53.323128
016c2d09b3c7943f,True,2024-07-27T15:16:46.866730
c7b8dfe90b0d7770,True,2024-07-22T16:42:14.850597
afeffac76a9c2b6a,True,2025-02-06T11:45:18.869743
344f9867a5668ad6,True,2024-05-22T09:50:16.443182
b45d8a8641535c18,True,2025-03-21T12:41:43.581744
96068ff10fc0b7a4,True,2024-11-15T03:50:19.597607
9b5552c8202c6fe8,True,2025-01-05T04:02:40.560850
1f8bd8ac5686c9bd,True,2025-04-25T18:39:40.654127
8b7e16cb867d731a,True,2024-12-13T09:27:02.747139
1d9553c39ce2e722,True,2024-07-26T13:36:06.464049
cb13871a612bb549,True,2024-09-05T09:50:34.575483
e00e22252635cffb,True,2024-09-24T07:36:43.023309
718e60e035c4bfc5,True,2024-05-01T23:08:22.989036
2e6df6d60a5669c1,True,2025-01-13T09:22:23.350428
021441613d819e49,True,2024-10-07T20:23:20.925801
45ee5417342d9286,True,2024-11-08T06:46:30.062858
7e948a792e1d4f03,False,
30f23ed8e8593cc3,True,2025-02-19T07:52:47.980015
097648592b726b4e,True,2024-06-02T08:05:18.342099
0e51eb6eae9f113a,True,2025-03-15T20:18:49.123940
1fce7b46086dc7bf,True,2024-11-05T16:19:00.205513
a9cbf3219c3bf1d2,True,2025-01-09T04:44:23.806200
12dde2e96b3fde7c,True,2024-08-15T19:42:35.748059
7e948a792e1d4f03,False,
4491e7fe440c1aaa,True,2024-05-08T13:14:31.582813
a5e03a856f644b98,True,2024-10-28T00:55:58.775149
caf7426ce86014a4,True,2025-02-06T06:35:10.844831
3bb5443ef9bf3fdc,True,2024-10-08T13:00:48.925268
dc393e01d1b7fad4,True,2024-11-03T21:43:49.149844
d42fd6289f30639b,True,2024-12-20T04:04:07.748259
adb46b563758ef8a,True,2024-11-02T20:57:31.554944
efd69c90f98b7caa,True,2025-03-24T12:22:20.038020
fd82f2118fef44fd,True,2024-07-13T21:42:18.702610
168ee355b98e2bdf,True,2024-07-22T17:36:52.125909
a03e7f0fba09d9e0,True,2024-11-09T09:34:00.228199
fbf8ddbc172a5475,True,2025-04-12T06:21:21.442078
974ae93349dc1b9c,True,2025-04-22T17:17:23.741521
fc29453aaf8bb87c,True,2024-10-18T17:42:28.603527
a74d13e648229632,True,2024-11-30T09:23:14.041516
9b2d71c9af50232c,True,2025-04-19T16:29:03.555584
7e948a792e1d4f03,False,
ab4394c06fed5fcf,True,2024-05-25T20:23:16.701399
8cefe0a2f27c555b,True,2024-11-08T18:40:08.737345
dfe40477c0b9eec0,True,2024-12-08T15:02:37.403198
45e952fb3c355ef5,True,2024-08-18T13:28:32.566218
6817587ae5559e5c,True,2025-03-19T22:27:22.563946
d52042ff3b98b3f7,True,2024-08-27T07:55:47.575702
8cfd08b49a48e619,True,2024-11-29T07:09:36.526793
882ac7cf3290835b,True,2024-12-16T01:51:57.231955
a34e6320774c4cd4,True,2025-01-17T16:54:21.660244
303ba2a9f938d8d2,True,2024-11-25T01:49:39.525763
4797eb850c96133f,True,2024-12-11T20:32:29.739316
fbabbba6b38f0b2f,True,2024-08-14T08:12:52.379087
e614ff2817ab8d45,True,2025-01-03T13:12:55.460156
34988dccbed30d31,True,2025-03-26T20:51:08.597642
36f21249bfa72f95,True,2024-07-14T00:47:06.636608
4da8f328d13a7b0a,True,2024-08-24T06:09:34.396878
74cc66ba48f818bd,True,2025-04-28T16:48:03.600107
7e948a792e1d4f03,False,
56db61dd453e9c23,True,2024-12-09T11:37:31.596769
9facde417a3b0540,True,2024-06-03T08:53:58.611328
0c0fee8cd7c5c989,True,2024-06-28T09:17:07.670582
bdea26df340be186,True,2024-07-02T04:53:49.352771
7eb7e175feefd3f5,True,2025-02-22T17:10:12.984188
2a5b69cbab5105db,True,2024-11-26T13:26:24.721160
188c34ac718506e1,True,2024-07-22T12:42:04.770998
5cd2fba465b32020,True,2024-04-28T21:58:34.827114
5d5efbffa1fb9e3e,True,2024-12-03T16:50:48.102483
7e948a792e1d4f03,False,
d69756773a318410,True,2024-07-17T11:47:37.674269
78e6107a023eaa6a,True,2024-08-30T12:56:26.991841
15b2b97fd146f9b7,True,2025-02-27T12:16:08.050692
03885c2b8890ed91,True,2024-09-30T06:58:10.673478
c4f9fb2280d4fd05,True,2024-05-28T03:11:02.021370
581292f2381207b4,True,2024-11-22T21:03:56.786621
301cede71b0e2123,True,2024-09-05T09:32:16.968623
d8882086a6d044bd,True,2024-04-30T01:50:56.818277
bba680dbdbc6106b,True,2025-03-11T20:37:05.550147
f971d707bad8c6c9,True,2025-02-21T23:22:24.729299
7a308acb8fe38d1c,True,2024-09-01T05:14:46.269015
7e948a792e1d4f03,False,
2bea7cfa03fc7225,True,2024-05-28T01:15:07.338744
85cea93667dc40bf,True,2024-06-30T02:50:30.822473
909e1b331906bf9b,True,2024-05-20T07:18:53.423428
7e948a792e1d4f03,False,
8bb962245132da1d,True,2024-12-31T17:52:34.439615
7afd2fc3ef5404ab,True,2024-08-17T18:20:39.367003
c308caf4f570e30e,True,2024-09-20T00:22:15.750089
ce5a6723eddadf1a,True,2025-03-16T12:02:42.428757
6a95910e6f0d027f,True,2024-05-05T17:58:05.369168
7e948a792e1d4f03,False,
0971928c9fb7a87c,True,2024-08-30T05:12:40.964123
ee4a4fe7110b886f,True,2025-02-06T00:23:49.801976
7e948a792e1d4f03,False,
a275d79e700304c8,True,2024-08-03T02:06:47.372427
585f35442f5e12ff,True,2024-06-17T12:27:30.051978
3afd180df7adc901,True,2024-10-29T05:25:57.327766
004051ee6ff53c5e,True,2025-04-11T10:17:24.251685
e0e2a5cd40fcf25f,True,2024-07-20T04:09:28.724446
9a5e5d7f78a409eb,True,2024-07-20T16:57:32.453027
ddbc6c5591cc82fe,True,2024-08-10T23:56:37.705614
fdce32da5fa2f511,True,2024-11-04T20:51:34.534592
2b9cb121d9e009c2,True,2024-05-09T03:03:52.875182
7e948a792e1d4f03,False,
fed02f997fe4f151,True,2025-04-04T16:23:52.787482
782c8288de20ba33,True,2024-05-19T20:46:33.114380
973e7a8b7a724130,True,2024-12-01T04:16:32.692386
b2e9c6003048d732,True,2024-10-12T13:52:39.094979
1bb84ec95f9fa1b2,True,2024-10-30T18:19:42.610169
1928929306d90eec,True,2024-08-03T05:57:21.133494
4a1c9269428589a9,True,2025-03-30T06:55:54.779659
a7bee1ad6ca6ed99,True,2024-08-26T21:57:48.918333
7e948a792e1d4f03,False,
7989c060c4312bb7,True,2024-11-03T14:15:27.707749
7e948a792e1d4f03,False,
9fc3a5129d46cd6e,True,2024-12-16T08:57:06.794503
f4b74c39e7275284,True,2024-08-30T22:44:00.069012
5ae3a5fd13622a8f,True,2024-09-11T12:01:18.756350
f8fb8dec5ff3a13b,True,2024-09-12T11:47:42.587751
dfef66f17bde7ffc,True,2024-12-28T12:17:26.332019
55fd0ba9d1177fbc,True,2024-10-13T22:51:04.801510
2b234dd13bccc32a,True,2024-09-14T11:14:54.448298
0ac6fdbc3c9a14d2,True,2025-03-09T05:19:52.010498
d0bd9b7fcc256cb6,True,2024-07-11T15:15:19.390369
e48d469af28c4aab,True,2025-03-17T20:56:00.078866
4091b1bc835374ac,True,2025-01-31T16:30:28.797632
8e879e297a5fd4c5,True,2024-08-26T11:47:27.091608
34e29a3bc5446010,True,2024-05-12T22:57:29.283011
b993a7d90cfd0db5,True,2025-01-04T20:25:28.346822
3bb12e3f137f8216,True,2025-01-21T07:19:59.525067
30edf20aa0b57b07,True,2024-12-30T12:52:19.495043
c2590041dbba89f6,True,2025-03-19T18:54:38.722866
b6952a32a1029265,True,2025-02-04T12:09:51.421415
8d6bea89ffda41a7,True,2024-06-10T07:12:15.774593
753e9819806ffedb,True,2025-04-08T20:35:36.640106
7e948a792e1d4f03,False,
73fa27671864338c,True,2024-05-19T17:30:28.330585
c74b1cbcefc704b4,True,2024-09-16T05:37:23.944724
893dbef024cc7709,True,2024-09-21T18:14:43.421645
94b5fc376cc2b72c,True,2025-01-22T00:12:25.095757
f0f27eaf43e8aa32,True,2024-10-09T12:59:28.063693
4008ce66ce9a4063,True,2024-06-24T11:29:00.197996
688f89ca4a5ec821,True,2025-04-07T08:55:15.969411
6033c346f9b42d12,True,2024-10-22T08:43:25.546586
e630b76a8527dac8,True,2024-10-15T21:49:54.317526
33d92577e9f3b659,True,2024-05-02T19:14:34.057014
ffef8b05bf20af83,True,2024-07-17T17:27:59.743409
df9964ab1567ab52,True,2024-06-01T18:04:35.962461
791a1ba1e4a9c2b1,True,2024-12-06T07:44:03.288942
abe4666c3c2184aa,True,2025-01-11T14:15:25.740165
f309715be90a00d5,True,2024-10-24T14:22:31.027652
e6178a2cf57e5bd2,True,2025-03-29T23:52:20.435482
7e948a792e1d4f03,False,
b5cabdd04878645a,True,2024-07-06T19:59:43.475106
fd3f2f16061fd07a,True,2024-09-20T11:04:16.262076
7e948a792e1d4f03,False,
07922da49f28f11e,True,2025-02-04T14:00:46.583987
2b6d9fc8ff0cb6f9,True,2024-08-08T12:34:27.602985
4891c3ab731e1cef,True,2024-07-06T15:27:57.501738
fcd0b7c28537e1d3,True,2025-03-22T23:47:12.500001
ccfe015f9dc933a8,True,2024-07-21T14:03:31.783067
f552c6ca03eaef40,True,2024-09-26T22:38:53.429328
f32bdaba46810bdb,True,2024-11-09T11:31:45.635540
96f52098e5bdcb65,True,2024-10-24T10:16:01.989709
867fcebe34631f9a,True,2024-08-07T21:57:43.554252
a79566d03a504fba,True,2025-02-16T15:25:14.458322
f0d5ebf2e8a23bfc,True,2024-12-25T12:36:51.368033
cbf21d0ef0950343,True,2024-07-24T21:29:32.656690
3df633f4769b372a,True,2024-06-19T21:33:09.588359
12d330cb53f0c3d2,True,2024-05-18T00:05:48.008815
c3eebfa450f84360,True,2025-02-08T23:09:24.964469
bb49f18a28639d2f,True,2024-07-21T08:31:10.713888
f5c31bbe8598ff12,True,2025-04-21T20:05:13.867179
ff777403c3e301fe,True,2024-11-19T01:19:00.146347
fecd4930a2b1c4cb,True,2024-07-23T09:03:59.088898
7baef83dfdfc0bc7,True,2025-02-04T13:18:11.343196
fd13b07cbd029d97,True,2025-04-22T19:35:03.918843
a005a7367c9a4d10,True,2024-11-26T17:29:54.192238
3e1c2237ed972324,True,2025-02-17T00:31:10.884754
6319f6a36f94a4dc,True,2024-09-14T10:44:36.995612
5f1a98c23b06495b,True,2024-11-15T18:47:41.667598
4581867983de9b77,True,2025-04-28T05:38:11.703194
efaaef8a2f5fac9c,True,2024-05-26T09:23:08.879365
69b07d8ed6406fc2,True,2024-10-17T08:54:29.899702
730ac9003b936887,True,2024-05-19T23:15:34.335293
70dd1dc8030156c0,True,2025-03-20T22:03:24.074934
9bcee14eeff003e1,True,2025-01-15T19:27:53.262929
145ad6cbf4917fc0,True,2024-09-24T04:46:50.161125
d160c860e3d5a95e,True,2024-05-01T19:05:20.102504
d0525e81332da119,True,2024-05-27T01:08:41.486251
7b097f7bf3314c60,True,2025-01-07T13:00:57.739830
7ad8ba0a304bf1b4,True,2024-09-22T08:35:28.695629
ea57e4f187a55bd5,True,2024-11-12T06:44:49.222024
a4fc9bf0ee0b3196,True,2024-10-06T19:52:22.089226
b087b020384629a4,True,2024-12-17T21:13:05.253738
35b831d8f370b0d9,True,2024-10-05T10:55:53.436683
52270938cd9e4882,True,2024-09-12T18:49:46.824484
dc8f68496f0cb59a,True,2024-12-13T07:04:51.313423
476a75d09397dd1e,True,2024-11-26T07:48:35.221089
f348ae57a5600fc2,True,2024-05-15T21:47:06.935869
bd5c41be88e1d865,True,2025-04-13T01:48:47.448678
76c3482ad84433db,True,2025-02-02T06:18:48.622452
77c32f4a781aedae,True,2025-04-20T14:35:43.876100
fc463cc68d2f4073,True,2025-01-05T06:23:41.040944
e25ec9c64294f228,True,2025-02-15T09:14:14.605185
32162a7e1ffbea6b,True,2024-08-02T09:51:53.088990
80ba53d4dd37c5ed,True,2024-08-16T03:06:18.532875
eae5c70ef67ef31f,True,2024-07-17T12:35:55.880290
a956100dd816a1b5,True,2024-06-25T01:46:26.463081
c969a5f13fb07c8b,True,2024-05-31T07:20:17.011101
a0d1252b29b578dd,True,2025-04-22T06:28:16.130640
7e948a792e1d4f03,False,
8ef304291101554f,True,2024-07-18T03:39:35.658758
244a2d81fd33bf9d,True,2024-05-13T22:52:11.718103
a04ff5a04b8bd17f,True,2024-05-07T12:54:09.095302
d48d143e1969c114,True,2024-10-20T13:50:30.768620
3ada0faf427c02bf,True,2025-01-27T19:23:00.941036
9094db7014dfbf1c,True,2024-06-11T05:58:34.096524
83de8483fa73e5f7,True,2025-03-19T01:47:16.422618
caebe5f06262d289,True,2024-11-18T22:25:53.152402
7e948a792e1d4f03,False,
fe2c6d65393ecf09,True,2024-08-28T23:06:39.936552
7e948a792e1d4f03,False,
7e948a792e1d4f03,False,
c7fcef486851868b,True,2025-04-09T04:18:24.743413
297afbed9409dff1,True,2025-03-26T06:13:06.924963
d56a0147f219a166,True,2025-04-19T03:33:33.430018
5bbbc25a20025138,True,2025-03-04T09:10:30.575037
a5cdc113c81b9f8a,True,2025-04-09T19:41:57.540505
bcf929e2cc7a83dc,True,2024-08-20T10:52:29.702079
51935cd341d26b5e,True,2025-03-31T18:58:07.525500
3b884bf38f336479,True,2024-08-21T17:49:47.999341
bccdba153e430dbb,True,2024-07-08T23:41:45.213216
b12cda546b944fd3,True,2025-02-04T02:44:02.667152
6fcd5a0b13fd09e9,True,2025-01-12T17:35:54.364601
be02c819b8a459bb,True,2024-08-15T12:55:36.009258
c0ef3218d5eedf97,True,2025-02-17T19:38:26.432208
6e01f67a655ea4b4,True,2025-03-23T11:57:28.757073
0b329d3378a02f98,True,2024-09-24T03:22:21.047140
83ea8ab3548381f2,True,2024-07-04T12:12:31.560606
207af2c00c8bb16e,True,2025-04-01T16:07:24.962338
fa1fbc3052b78390,True,2024-12-11T03:47:05.390356
947ad6b0b4f06d18,True,2024-11-01T05:34:08.740031
74b08aa39c5526e8,True,2024-10-07T01:20:16.056260
0624e3394e763b38,True,2025-04-01T22:46:57.439048
cb45a4e658dd3907,True,2025-03-01T17:59:46.396241
b82312daa8fe4195,True,2024-07-06T23:09:25.605187
f7bb04a9caa7f2b1,True,2024-07-07T06:25:34.638270
bce4f5d708824cec,True,2024-11-21T08:46:37.618015
1434d5fd1175bec0,True,2025-03-11T19:19:30.929504
45c4d72fb7edbe2c,True,2025-02-10T13:20:58.327876
a6f0003f45b42a90,True,2024-10-10T20:00:26.621096
5aac0e76aca4590a,True,2025-02-14T17:05:40.704388
bf45e5ca4858bfae,True,2024-08-03T18:53:37.294074
e2c2f9770d18d799,True,2024-10-15T16:25:43.494240
7e948a792e1d4f03,False,
dca3c4b66baca78b,True,2024-06-04T20:44:00.738963
8668131cc4c54c81,True,2024-12-05T10:46:01.596860
dfab1ecaf55c5cf7,True,2025-01-24T05:46:47.443627
09d23570854d315c,True,2024-05-20T22:53:19.530291
d5c7da530d52b7d5,True,2024-10-16T22:03:10.635686
b3a02ff833ecea73,True,2024-11-25T10:55:46.970574
cb4ac3fd0d723b7b,True,2024-11-28T11:01:29.111176
6626533973ce5e50,True,2024-05-17T04:22:28.008229
0e65fa948c9be04d,True,2024-10-20T00:58:47.414312
471b151cea949d92,True,2024-09-18T08:55:10.239456
8e1a695dd726b5e9,True,2024-11-25T03:50:44.589980
391367e10d4c8fbe,True,2024-07-30T10:40:07.225010
1c4700127d0eb272,True,2024-08-28T08:29:24.562650
0460ab54db4623e7,True,2024-06-30T23:44:18.103081
d5584ddd6e2999b5,True,2025-04-14T23:21:11.420778
97f4855312187cc8,True,2024-05-15T01:28:19.293065
2e4c3d4a51a83c08,True,2024-09-01T03:11:08.569985
767943ca5a3f0649,True,2024-10-22T01:30:13.590826
4ff708f230f609b1,True,2024-09-10T01:09:45.690550
f300951922fa0791,True,2025-02-06T12:12:04.853852
e5c725d02b172b7e,True,2024-05-13T23:41:33.134201
1fd08e69a9c8e473,True,2024-08-12T13:08:19.987720
9d383c812c7c6754,True,2025-03-11T02:56:45.062346
936ad87de259927c,True,2025-04-10T07:30:19.594300
c862673b8a0a62cb,True,2025-02-07T22:52:25.163368
7e948a792e1d4f03,False,
a9ab64ebbcc74117,True,2025-01-11T08:07:42.961050
064b0f015ef90dc6,True,2025-02-06T05:13:58.011973
0b77292b6ae1bb85,True,2024-12-12T04:25:17.550076
fddae7ee6ea63899,True,2025-04-02T22:02:51.911108
a16fcd71408aff25,True,2025-01-27T21:02:02.068599
9d552fbf1a43c80c,True,2024-09-21T13:48:51.816294
8f9ccdab47783f57,True,2025-02-27T04:33:56.629054
9c85ba9bc302f1e4,True,2024-11-20T14:42:37.447912
7e948a792e1d4f03,False,
95c8e2b87b90f6d4,True,2024-07-27T15:15:01.744300
4e6204a389820bd1,True,2024-09-14T12:25:17.973073
260d7023d6deecd2,True,2024-07-03T07:05:50.118465
f2bad13acfa72104,True,2024-12-22T20:27:48.807525
4c2c69aab9cd9598,True,2024-09-13T01:57:56.843676
9e9db3d352112498,True,2024-12-07T19:40:32.749219
9c452ae19aecd19e,True,2025-02-06T20:28:31.052359
6ea4922dc3490b71,True,2025-01-06T11:11:42.661196
1e9de7c2faa0dfd2,True,2024-10-09T15:26:07.582895
612e434660c4735b,True,2025-02-26T03:00:37.724855
d62d09d3a0e999ac,True,2025-02-01T07:50:00.412769
c698820f0d88cd67,True,2024-11-20T22:32:21.219459
a826c2b441f036be,True,2024-06-20T07:41:18.872761
0e3163f8d830654b,True,2025-01-02T02:48:24.689238
ff6c1a43c552209d,True,2025-02-04T23:08:59.130879
654e05033ad71ae2,True,2025-03-20T05:04:31.442317
16479f5f6feaafcb,True,2025-02-04T06:08:15.025689
274a2d16053c26b6,True,2025-03-14T07:56:21.356904
56f2fe8a9ee521ca,True,2025-01-17T22:51:04.027179
2cf3ee574603b8d6,True,2024-09-02T08:04:11.223870
0db86b3ec1c09a2e,True,2024-05-03T11:39:53.640265
7e948a792e1d4f03,False,
604497bc91105e6b,True,2024-11-07T18:31:30.960275
fd6417af53162f35,True,2024-09-21T15:45:22.351988
9c7404cec2a3a89d,True,2024-12-07T09:08:41.890412
7e948a792e1d4f03,False,
1c71d711afb6136e,True,2024-05-03T20:56:25.183891
6b6da12ab23d62ef,True,2025-04-02T15:09:41.743633
527eb7479e0fe453,True,2025-01-31T09:43:51.516262
c9e840e35400a1e9,True,2024-07-22T13:39:20.559819
b227c01779157ddc,True,2025-04-19T00:07:36.635507
f20509303f203ee5,True,2025-03-08T21:22:21.034671
854ff25883920373,True,2025-03-19T20:56:51.305055
6833519195636400,True,2024-12-08T10:58:02.458256
7383b7d3920e393d,True,2024-08-23T11:08:02.403952
876feb4b6040e351,True,2024-11-07T03:09:24.761717
a6b70865da2d386f,True,2024-06-08T04:05:13.069532
d2dbb5682d60737c,True,2025-04-12T08:37:15.605249
daf0f770249a5eec,True,2025-01-20T12:21:18.733744
12a144734fd5ba71,True,2024-10-16T19:58:46.132181
ca5afeed66c21fb2,True,2024-08-10T22:04:11.816943
4dba11fd6c24bc4e,True,2024-08-20T22:41:07.810695
923d626f0edf62ab,True,2025-03-19T03:35:27.990660
7e948a792e1d4f03,False,
77e7ce0f17d10a80,True,2024-12-21T03:30:57.784662
4b5c3a718a4d6f9f,True,2024-05-17T16:39:25.253390
e1a92442766944d9,True,2024-07-05T19:51:46.402499
7e948a792e1d4f03,False,
0520188fc28bb43c,True,2025-01-25T09:11:20.685286
7e948a792e1d4f03,False,
31c1db5d7d3b1d71,True,2024-05-02T15:25:14.739258
453ea44539460c6a,True,2024-04-28T18:38:50.960844
620e056cd1d48aea,True,2024-05-08T11:44:06.120546
4bbe4c8b8b3c7359,True,2024-09-05T20:26:26.457313
97787aa046a8dc52,True,2024-07-06T17:02:18.798525
a7873d93532d3b7e,True,2024-12-14T07:42:26.808172
bd8bdfd876491bf1,True,2024-10-26T17:00:38.230806
b09c6e79b280a962,True,2025-03-21T11:56:24.723212
dbc138b2b9644afb,True,2024-10-24T19:57:48.760468
27e217bdfc647ec8,True,2024-10-02T05:51:56.752028
7ce172ec8f2e4862,True,2024-10-12T07:06:31.295129
1cb915bdfcbfcb9e,True,2025-02-06T20:26:36.836357
90a43c5b0295802d,True,2024-07-03T09:40:31.919677
7e948a792e1d4f03,False,
20d82f63924850db,True,2024-05-22T23:05:47.699948
7a1aa58d346ad36c,True,2024-06-16T07:33:16.633765
9cd3162493518c56,True,2024-10-27T05:31:37.259974
d1292544b87b8bb3,True,2024-11-23T02:10:35.073651
7e948a792e1d4f03,False,
b950e4a432af2d6a,True,2024-06-16T08:03:09.533544
932d83e891c103ca,True,2025-01-26T22:02:12.459701
4e00c4a408741883,True,2024-09-01T18:00:56.961959
7e948a792e1d4f03,False,
e38201d58abc8e93,True,2025-03-11T17:47:09.062145
55352356a6123646,True,2024-08-13T14:34:00.672253
7e948a792e1d4f03,False,
c9829201a30e4a16,True,2024-07-14T13:28:14.026414
0e2f9245418c1d87,True,2025-02-27T04:43:40.704611
ce63ef82454de750,True,2024-06-02T08:59:39.962197
a903ca8359fa3cc7,True,2024-12-24T22:04:39.489566
71154f63e4a2ac85,True,2025-03-04T21:04:34.072317
7e948a792e1d4f03,False,
7e948a792e1d4f03,False,
b85954f716c0e0aa,True,2024-11-05T10:27:49.269723
9fb484f22314a197,True,2025-01-30T12:42:21.813961
387c8acb4f0d4b1c,True,2024-10-09T07:11:42.379692
5c2e8883cea436a1,True,2024-09-11T19:53:50.795662
e97136dc283a7dae,True,2024-12-28T17:49:34.374467
2537f81761e50266,True,2025-02-09T23:06:15.106333
91d378f65c2147ed,True,2025-04-16T20:26:23.679472
fe66bf804fdf64cd,True,2024-08-12T14:06:25.100404
eeb536e8756a60ec,True,2024-09-23T10:20:07.938576
12340d6248ca995c,True,2025-02-08T11:26:45.697278
2961764cf54db6a0,True,2024-07-18T20:10:51.249706
068fa2306e74d1f8,True,2024-09-13T05:07:00.762550
00a7eaa5d35bc1e5,True,2025-04-21T00:52:48.790324
8cf1a2090eb6d122,True,2024-12-05T01:01:21.481149
a89a299c953100c1,True,2025-02-16T02:10:27.778922
641c3e6ba8df9c02,True,2024-12-14T04:12:03.061584
d9f7b12283f7373b,True,2025-02-07T04:34:03.812388
f704c7b4403f3b26,True,2024-06-22T23:08:32.761045
44e0b6f7031e830c,True,2024-09-26T23:21:20.223126
5e7ff84a18afa134,True,2024-11-25T08:35:24.717379
2b41a81c95ff0ed7,True,2024-05-08T23:20:18.861302
c7938c3b78be65f7,True,2025-02-15T17:07:51.738131
0be121bcd47a9520,True,2024-10-03T02:08:36.248123
ca5b228bc676bb5d,True,2024-08-28T21:20:49.932773
3d81d462c91867b5,True,2025-04-25T21:29:10.007307
92347ff4535f35c3,True,2024-12-08T14:56:09.924965
7e948a792e1d4f03,False,
23c73239bb86c0a9,True,2025-03-17T00:24:00.187143
04e83adabdda1992,True,2024-09-22T06:02:58.108584
21d54e87d06eb20a,True,2025-03-27T22:33:17.109611
8674be40e7f84e11,True,2024-12-19T17:26:48.633516
a09e5dc579b4f74b,True,2025-02-04T09:25:30.060917
7e948a792e1d4f03,False,
179802707665b017,True,2024-09-23T12:43:07.712404
ad9555839e185f32,True,2024-09-29T13:19:03.258323
17c3e75827ed85ef,True,2025-04-15T16:05:51.282002
9d58220a27873ed9,True,2024-05-18T22:01:08.692829
abaad74849a2d33d,True,2024-06-23T20:00:28.437470
b127ec3bae642532,True,2024-11-11T21:37:21.639452
a7f5edbb1be23500,True,2025-03-25T09:17:40.214488
1b799c64a75a6464,True,2025-01-18T00:59:14.189615
836ebe6716d008bd,True,2025-01-30T16:03:15.125075
aa4d51ac137058fc,True,2025-04-26T04:21:08.311751
fd3befd0943701c4,True,2024-12-08T04:23:42.593671
36a2939fdc7faba8,True,2025-02-11T00:25:07.754800
270e7bd846c314ea,True,2024-11-26T09:54:42.855690
1a9b7f5ffd7f8301,True,2025-01-17T19:26:30.026269
747625a3debb5430,True,2024-05-14T22:54:00.032901
7e948a792e1d4f03,False,
2ae228185bc5c5ac,True,2025-03-02T00:35:09.898364
fbfbdee546b67d44,True,2024-05-21T03:02:52.015774
733ce5f372179697,True,2024-10-07T02:50:22.371866
07070f7860b6c155,True,2024-06-02T23:18:54.880507
58705bc32350a475,True,2024-12-16T17:41:22.268271
a188e7e704549f90,True,2024-06-28T14:06:23.734907
71ebd89c269b6d7e,True,2024-11-21T10:13:50.857237
9cfb79be9ab0f2df,True,2025-02-10T22:49:16.980690
01322b987143bfc9,True,2024-07-16T05:48:25.338849
de1d1fbb333b6e68,True,2025-01-17T13:33:04.408601
7e6edb80e4d5641d,True,2024-06-24T22:58:10.647650
885109f37b7610b6,True,2025-04-27T18:42:06.512775
9d0483cc12a7688d,True,2024-11-04T19:07:24.180279
81c635c101188b8c,True,2024-06-26T03:28:32.011178
46149bc72619c3ce,True,2024-10-28T22:39:50.273034
2f09e20b80699706,True,2024-07-06T10:59:16.399813
dde0b0e1edcd628a,True,2024-11-06T04:44:30.458637
972226db43c8dd5e,True,2025-04-28T00:59:17.787351
815b98df7abc14e0,True,2025-04-18T06:24:28.499725
6ddcb501eb9825fa,True,2025-03-18T03:16:43.442922
7e948a792e1d4f03,False,
d5fd671bc2503268,True,2025-01-29T02:25:06.027872
37e448a68a437e1b,True,2024-09-03T21:22:03.119716
39da926f533fbb2a,True,2024-08-02T16:14:05.912348
7e948a792e1d4f03,False,
07b1299f7d959d9e,True,2024-09-27T15:06:53.271886
624b6cf05b95550e,True,2024-05-28T18:00:40.951327
c4dc2e0c30a67b68,True,2024-12-14T22:41:51.798055
b068bbd77ad9ea56,True,2025-03-08T14:40:21.064050
954490c87182fa55,True,2024-04-29T10:37:26.816196
6002f6f03e94d4d7,True,2024-09-04T08:35:53.913815
228648ae7d435264,True,2024-04-29T13:35:53.181544
8eef47f1530fc835,True,2024-05-20T21:16:43.333584
43e523c6c7331de9,True,2024-08-21T04:02:34.565590
209e79d1849971d5,True,2025-03-03T16:47:17.149862
26505ce49081d42d,True,2024-10-11T13:37:23.480413
7104b73b4d90123b,True,2025-02-07T07:33:10.136395
30c66058198e1435,True,2024-12-21T10:07:32.673942
567a7fab8df0cd85,True,2025-02-16T11:38:10.359680
36149b29f3b242e6,True,2024-09-03T11:48:19.060048
b1f283bca09c43d4,True,2024-12-11T08:58:13.251609
d06d0799495185a4,True,2024-07-03T00:13:59.544025
0330bc041ec6865a,True,2024-11-16T23:34:35.757917
87d9587fe6c700cb,True,2025-04-25T22:06:09.545150
ea870d94eab3632f,True,2024-08-20T19:16:51.919842
c971c5a48250bb1e,True,2024-09-09T06:26:49.546353
128c0c5a523983a6,True,2025-04-11T22:06:05.422031
7e948a792e1d4f03,False,
9c8d1e8ec2182655,True,2024-06-01T07:44:09.414516
0e1966e9057d88f0,True,2024-12-17T12:05:31.846383
df4f0664d1a95694,True,2025-03-16T15:20:28.615348
c0bf5f99b04244ef,True,2024-11-02T10:47:50.931351
e3b7622753d10fa8,True,2024-05-31T02:11:50.870014
ac2c06409d1b0724,True,2024-05-22T16:39:26.635857
406c539ec2e88093,True,2024-10-14T12:29:42.270325
3abfd76cc0032620,True,2025-02-04T23:56:34.055022
4f7c6f679afaa9a3,True,2024-05-29T10:56:18.786666
0b4b92aa4d649578,True,2025-03-25T05:33:51.028897
fb392dbd593d6d84,True,2024-08-21T07:20:54.735506
f9e44a95198b9c76,True,2024-06-27T12:26:40.481918
f2e1bb5a70706ca0,True,2024-06-16T23:09:40.682679
2bf1438bebd7b3df,True,2024-12-24T03:44:42.157209
a68af196d4d9d13c,True,2024-07-31T18:51:32.497049
ce82ae6c4cd1431b,True,2024-09-27T12:43:20.609363
227d875f8cebd2c2,True,2024-08-01T00:15:24.816518
b0aa083de3584568,True,2024-11-05T08:16:36.253034
9b8792fb91e85fa8,True,2025-04-21T03:11:08.001553
d650ce244b45df09,True,2024-06-02T13:30:39.434864
ee6e68fa9570c33c,True,2024-08-29T18:57:27.735909
83ed7ab7ef98dc32,True,2025-02-15T05:52:28.337631
76e58987036e566c,True,2024-10-25T16:56:26.800029
ddac34c7c5a03175,True,2024-09-26T19:16:27.304792
a47f09b5b0d209c0,True,2024-12-09T10:57:31.064148
8eaedd6d299bdde4,True,2025-04-17T15:09:13.321710
f3c8902bf59a6228,True,2024-12-14T12:19:56.587707
7e948a792e1d4f03,False,
eca0c88e85629111,True,2024-09-19T09:51:07.801372
b02fbb1fcc650246,True,2024-05-24T14:54:12.456140
7e948a792e1d4f03,False,
e8dcdd67eea71197,True,2025-01-31T16:52:43.071742
06de8288aabe665a,True,2024-05-24T10:43:00.777615
a23735729b964490,True,2024-07-16T13:58:47.085894
a39e8a61a6eb1282,True,2024-05-27T10:25:14.211403
a121d838b5eef96a,True,2024-05-24T00:43:30.763658
7e948a792e1d4f03,False,
7e948a792e1d4f03,False,
d445797685409036,True,2025-04-21T05:59:05.402420
8ef1cbb9799499df,True,2024-11-26T13:33:36.521086
be4e5f0d0ae72180,True,2025-02-21T23:25:27.058669
06429938380ba588,True,2024-06-11T17:15:24.452987
3f2a07c7c59bb9b8,True,2025-03-01T20:53:20.896256
a333681fab8b881c,True,2024-12-10T08:17:21.124421
577fb4065d6b49d2,True,2024-12-29T06:49:53.133880
7e948a792e1d4f03,False,
10e7a307ad4e23b4,True,2024-11-06T04:31:21.294001
9ed692607200336e,True,2024-12-31T06:57:39.246914
7dc9846f8c997300,True,2025-02-02T13:11:01.092296
fb3c5f1c34da18d2,True,2024-08-26T21:04:08.922943
8389c6d19b061974,True,2024-07-23T02:39:52.075556
73eca45f7a06eab4,True,2025-04-08T03:51:49.913091
7e948a792e1d4f03,False,
84c812a8be4ac2ef,True,2024-07-16T15:06:21.290536
ba41f6190e0275c0,True,2024-07-23T04:19:00.011263
7e948a792e1d4f03,False,
0eea549c0e1eca83,True,2024-07-27T14:50:36.532457
24b2420676a73218,True,2024-11-04T01:08:12.562933
253d5ee394cf3f11,True,2024-05-26T23:11:58.782552
aa579ee65776e119,True,2025-02-19T15:44:27.299385
7e948a792e1d4f03,False,
5b507ceec3ed8da4,True,2024-12-27T19:09:18.365983
7e948a792e1d4f03,False,
7e948a792e1d4f03,False,
c31ccdbcd7a727e4,True,2024-06-03T22:39:52.635985
2e58b32b573e4c46,True,2025-04-21T09:41:14.062586
10438795056619e9,True,2024-06-29T12:01:49.766247
4197af00a73fca12,True,2024-06-27T16:06:31.328603
c772203a5de115e7,True,2025-03-20T15:11:49.486489
7531fa2671ebb3c2,True,2024-10-31T13:55:19.712136
09456b7aa6191aa1,True,2024-06-19T22:06:15.838245
ca1b764b932b77fc,True,2025-02-09T07:22:33.031973
66c2aaeba2dc3324,True,2024-10-05T09:57:46.133887
b2b9bb7bead68dcf,True,2025-04-08T01:59:55.027299
883aa851e3d0ef60,True,2025-03-11T01:07:00.689843
2095c7a4d12b06a8,True,2024-05-07T22:02:58.210901
8e9cfec814abb339,True,2025-04-18T09:36:47.624264
2ca6ca23c1428679,True,2024-11-17T04:45:18.164156
4c42cb875aad6729,True,2024-05-09T04:30:49.123382
7e948a792e1d4f03,False,
ddb1dde125114834,True,2025-03-23T23:56:06.869135
a5cdb66cbe4b1106,True,2024-10-04T23:59:45.113799
310ee1bcc349fb46,True,2025-02-10T22:03:33.472540
d8c1310ab5375594,True,2025-01-11T03:54:23.923457
753844ad3f6edf47,True,2024-12-10T16:25:33.144502
518dbd1db37f552b,True,2024-06-24T03:01:02.932154
13e005fab57daf56,True,2024-05-13T02:14:51.175415
7c221de9f34432fb,True,2024-12-16T21:00:50.849740
82d82d902b5b5149,True,2024-08-24T00:04:22.259267
de1719334a450f33,True,2024-11-08T18:42:37.997753
a9bb2e1743e5482c,True,2024-07-27T10:50:27.465093
7452402941387f30,True,2024-04-28T17:37:14.312061
88bd246a72c0f689,True,2024-10-29T16:36:30.938389
7e948a792e1d4f03,False,
cda8656ac08153ac,True,2025-03-07T22:33:24.051580
7e948a792e1d4f03,False,
80d17199205d95e1,True,2024-06-27T06:06:32.419996
cb1357eecc86367b,True,2024-05-28T20:36:54.317421
9160b064449f58b2,True,2025-02-16T22:20:48.889491
1b97980a298a58bc,True,2024-06-04T21:18:07.954718
cc06c2376c92d082,True,2024-09-07T13:06:08.930979
bab5abccdc4aae43,True,2024-10-23T06:16:42.760525
7e948a792e1d4f03,False,
c66f8542bebb0844,True,2024-09-29T00:46:47.830710
cacf71c5db85858c,True,2024-10-29T09:42:31.023260
516895b115a14bd9,True,2024-10-16T03:44:59.858197
07ba5ee50add1f4d,True,2024-12-28T01:36:51.317593
c493681622810e6c,True,2025-01-16T13:14:07.534556
c03134c65fde3d6d,True,2024-05-22T04:56:50.196488
609db09ae7ec12b4,True,2024-11-11T09:21:45.697955
a839e1e918ddaf09,True,2024-12-22T07:49:38.268114
1580068b086384df,True,2024-06-27T08:55:51.381980
f408c3d104d8e12b,True,2024-06-02T19:24:26.869270
285d185dad4e6a8f,True,2024-09-26T23:42:01.587282
93c83114050cf03a,True,2024-06-04T15:19:15.463822
e55c7a606b218584,True,2025-01-01T06:10:51.420842
b27aca0c97356d97,True,2025-02-18T21:33:56.950311
7e948a792e1d4f03,False,
ecc6c7e71ff49968,True,2025-01-15T14:44:19.865074
a5af2adcd87b04c4,True,2024-09-25T10:26:36.761761
9493276b4a7eb50a,True,2024-08-06T09:00:44.154922
83c796ddf8a24e5d,True,2024-10-27T07:14:55.169961
99a59f50f6741897,True,2024-12-10T02:49:44.967222
e69b0adedac5af0b,True,2024-07-17T20:05:09.796518
d7d8e870b3d7d5d8,True,2024-10-28T13:30:50.431534
b5b98444ba6d9f14,True,2024-05-29T11:30:35.599036
5e1aaf147d227680,True,2024-12-16T15:26:37.314577
22ad6a70aa10fb50,True,2025-04-01T05:25:21.936765
b801de1158855f7b,True,2025-01-11T10:59:04.532894
9845b6a9c2dd1bbb,True,2024-11-06T02:20:30.810546
4101eb48d5cc1b20,True,2024-07-30T05:32:41.052109
7e948a792e1d4f03,False,
417e1485a22a068c,True,2024-08-25T06:49:21.765024
2712117b0f6af8ce,True,2024-11-11T11:49:30.767238
67e897a7988f03da,True,2025-02-06T11:34:08.806562
604fcfa772149ed9,True,2024-10-02T00:44:01.361919
138165911ab8ede9,True,2025-01-26T19:13:21.377684
7283a1822537bc09,True,2024-08-06T02:21:07.988975
f63dc446bc2e8337,True,2024-05-09T09:40:04.741703
9e121ddbba46e1e9,True,2024-10-30T09:36:02.996367
cfb736bc9e25a743,True,2024-11-29T14:38:49.733046
20bdbbadab162270,True,2025-01-25T18:24:28.944359
8dd492c4af6d015e,True,2024-10-01T11:36:08.906946
7e948a792e1d4f03,False,
39b80d74859c0ff2,True,2025-02-17T11:36:47.716986
5f779f70670b84ca,True,2024-11-18T22:16:14.825207
2e4127a3db59ae9f,True,2024-07-06T00:05:31.612687
87644a5bb9b5f78e,True,2024-09-21T14:17:57.076737
355557cb8206c529,True,2025-01-13T22:13:40.708637
7e948a792e1d4f03,False,
3c9963dcad9a7e8c,True,2025-03-28T03:26:42.878302
b8b99258e2b80878,True,2024-08-14T08:54:10.063526
0c088af895000ee5,True,2024-06-06T14:11:28.422786
7e948a792e1d4f03,False,
add6fde3c1228110,True,2024-07-19T20:56:37.374362
7e948a792e1d4f03,False,
2e49f31c406f044e,True,2024-12-20T06:37:10.454300
e1235bd6604b470e,True,2024-07-31T13:03:44.554864
64afb6120ee53b77,True,2024-07-21T12:51:15.132903
fcc4a44f78cb15fe,True,2024-10-09T18:44:56.782380
7e948a792e1d4f03,False,
ff95e0f812ef8267,True,2025-03-22T09:56:25.560391
0d19a74f9e4d2389,True,2025-01-30T10:05:54.512426
98faebe248ad7074,True,2024-09-25T18:35:01.561387
c275ff3da8cca81c,True,2024-10-15T01:36:28.580826
67aed552262b8f05,True,2025-03-15T19:21:46.222513
60dd2840969cc906,True,2024-05-17T04:22:23.643060
94a9bb7fb424d7b9,True,2024-11-10T13:19:05.607148
1ba3b2ec0592610b,True,2025-01-20T18:12:21.713760
405f78b89ee3ece3,True,2024-05-17T05:36:47.777299
47602c68fd55b836,True,2025-04-12T04:51:56.095754
bbac9688ec18622e,True,2025-01-26T14:13:43.372436
743c2f7bfc01fbed,True,2024-10-30T00:45:21.006383
933c61200c263084,True,2025-03-05T10:11:48.957906
7e948a792e1d4f03,False,
73a141e0ea524f14,True,2024-09-07T22:51:39.762089
8cb80f0cfaf39b70,True,2024-08-01T06:31:42.856323
fcd142bcf6ed5f06,True,2024-06-11T18:37:32.154571
6b6d2d2e36c8edd1,True,2024-06-10T18:03:06.537063
784d85c7a64a935c,True,2024-10-22T20:20:31.009655
42e0574313d622bc,True,2025-04-21T16:03:38.458521
a1ef4d8dd5b07a10,True,2024-07-27T14:09:59.583794
99249db4182fff5f,True,2025-04-04T20:07:18.764275
940ead449d8a946d,True,2025-03-13T18:37:00.850227
7e948a792e1d4f03,False,
23ae28645e47ad76,True,2024-06-02T09:56:45.820528
66349685c3a9d398,True,2025-01-30T00:40:56.477087
23e240b91632a72f,True,2024-08-15T06:47:46.163863
af7efd5b5fa1a949,True,2024-05-03T12:45:09.560957
72cfd8872aa75f72,True,2025-03-27T01:16:15.827944
0fd73afcdd767d64,True,2025-03-01T09:58:47.544400
f3298de3ca27a994,True,2024-06-12T06:37:58.583948
e5213bde6994a8cc,True,2025-01-23T18:00:49.828060
0201a469b90b264e,True,2025-02-28T19:03:38.142168
d7d39d17b41b0c72,True,2025-04-25T22:56:09.920717
83458dc63984a6e5,True,2025-01-15T08:14:51.887766
e3e8f5f2824aafea,True,2025-02-24T21:09:57.435121
23a6b734097fca9b,True,2024-09-06T07:16:14.705825
67407bfe45728ad0,True,2024-10-05T04:43:14.998822
8011bd28d01f097c,True,2024-08-27T20:23:15.273012
6be1fa8c2a58056d,True,2025-01-09T11:27:28.118111
b30a103755c9e65b,True,2025-01-04T13:16:52.979902
b36ecd1af95ecfa3,True,2024-05-04T01:24:36.249598
458cb48d788b8cf7,True,2024-10-31T04:15:41.479040
bce7c6bf9382df80,True,2025-03-11T22:51:44.775087
eabc076df1b7ca70,True,2025-04-21T03:10:12.407973
bbf0282c9abb09e3,True,2025-04-15T11:27:24.101688
b63ea915d131a829,True,2024-10-04T20:24:34.186621
7e948a792e1d4f03,False,
7e948a792e1d4f03,False,
d71d7210a742a62f,True,2024-11-22T01:19:45.814408
0855baf8fbb0ad09,True,2025-01-23T20:21:57.884043
7e948a792e1d4f03,False,
60cd5bb61703f05b,True,2025-01-16T10:38:26.766698
c95ec26061c71469,True,2024-05-09T18:07:44.330845
b85c9afadce7554a,True,2024-10-05T21:40:48.219606
2e47bf6d8214b6e3,True,2025-02-22T07:10:33.787620
2bf5601d20720d0a,True,2024-06-29T20:34:55.971634
240dc5fea23b0453,True,2024-09-01T01:37:23.521946
d1f8a723194383b2,True,2025-02-18T04:36:58.478583
bf5f8e1500569e6a,True,2024-11-15T12:48:16.489861
8934781b1cb03234,True,2024-10-18T18:30:09.921934
7d85f58e89532940,True,2024-10-12T01:44:16.640419
3eb7b2231252d095,True,2024-12-13T01:50:25.750102
3d2df343ca73d2f2,True,2024-08-31T05:21:44.385038
ce3007516215846a,True,2024-07-09T21:44:08.343120
8b47fe1a36a577c1,True,2024-06-10T19:24:13.631255
7e27621b60a0aee6,True,2024-05-12T05:19:59.617017
6c010ca4edefd110,True,2024-09-07T00:03:40.838866
04959b67baaee7d9,True,2024-10-16T12:43:53.381508
106b51fe80016a13,True,2025-03-28T22:32:20.723863
e88bcb37ca375f49,True,2025-03-29T06:40:46.992612
2b53b8586dbc9624,True,2024-11-13T21:39:03.672971
46e758d5379bb424,True,2024-07-18T18:13:46.325885
fbc18c80e6bad7cb,True,2024-10-14T01:20:47.605293
706bec18f1f23bc2,True,2025-04-12T09:10:12.960047
07defd3de1709b82,True,2025-02-21T06:05:02.863931
de9279a2d9f94e70,True,2024-06-10T15:52:30.686735
a02e0b5ec43ff76a,True,2024-07-24T03:48:22.542136
7e948a792e1d4f03,False,
1b84df1b3336581a,True,2025-04-22T17:08:40.148133
fcf8399a5ce7843c,True,2025-01-08T07:18:26.943519
7e948a792e1d4f03,False,
0acb4e7d953e3e34,True,2024-08-03T16:23:00.452854
b14c4af18c127605,True,2024-12-15T03:06:16.806910
8a2bd1326c45d395,True,2025-03-08T20:47:42.867787
386c4c288891f20d,True,2025-02-13T07:04:24.413081
c1a871c22c6555e1,True,2024-11-15T15:00:27.683062
f908941183dc7f74,True,2024-12-07T03:31:21.665857
15f784c1ae9c1341,True,2025-03-04T00:35:13.598186
cc8333a147aa1e62,True,2024-10-03T02:10:18.940202
d577e555e8286c64,True,2024-11-04T05:25:49.282057
7f108955ac7cb22e,True,2024-05-12T03:12:21.011633
c3766fb47d92cbe7,True,2025-03-16T08:29:54.899235
4eb4aaa4c0449732,True,2024-08-07T20:34:11.951073
7e948a792e1d4f03,False,
1996c4aac0a960ed,True,2025-03-21T17:36:31.282510
4e48e6ec1be69ebc,True,2025-04-11T03:35:12.834316
7e948a792e1d4f03,False,
5ddd0151f0a5c86d,True,2024-11-17T05:55:47.685227
0881963d239109f4,True,2024-12-05T23:38:40.157037
d61963c7c719ab84,True,2024-11-29T18:09:51.842727
0d923149ca0137b7,True,2024-06-01T17:57:44.037890
2a731c2aa3fd9d0a,True,2024-08-03T12:10:51.616586
b4b59fd0575a72f6,True,2024-09-12T18:30:30.622584
ae4a6b31a1adee47,True,2024-10-02T00:50:11.361024
9928858135d6c10f,True,2025-03-29T14:05:16.215798
7a2c5be9e3e12e17,True,2025-02-12T00:25:13.285932
99fe02f7e2b68533,True,2025-01-20T22:28:59.277013
c4aa3d40bf60d3d6,True,2024-06-29T14:18:13.714570
272e21ffc48a19e9,True,2025-02-17T12:06:27.490133
cb6965584a825822,True,2024-09-02T01:00:52.533965
c43692285a4e3d5b,True,2024-07-02T12:50:08.926966
95b9e2f01b5ab57a,True,2024-05-23T01:06:31.843359
fdd3f08680355da1,True,2025-01-02T22:20:28.427950
05b1a12216abe6d1,True,2024-06-06T02:48:35.809117
41c4017386ce7e95,True,2024-12-14T06:19:42.518830
025d19f3c01b8bcf,True,2024-09-10T16:58:52.964600
eecde440e8f28a9b,True,2024-07-24T08:35:01.938694
bfcbe441fa243204,True,2024-08-27T06:50:58.230498
1c0a88efefedd2be,True,2024-10-19T16:01:35.205771
687cf5c66332c723,True,2024-09-08T08:15:12.994778
7e948a792e1d4f03,False,
88b38ac9d4699ecf,True,2024-12-21T21:42:30.433641
e3c9c022f992d002,True,2024-07-04T10:56:37.322614
5db68040ce5be6b1,True,2024-06-14T08:26:04.388385
f6bcbe8fc5e774b0,True,2025-01-30T01:00:36.173638
1d1c6b7d2e4ffc3c,True,2024-06-18T11:26:40.718151
182ee6ebd8e22c7f,True,2025-02-09T00:32:32.359791
7e948a792e1d4f03,False,
85a518e865c370c6,True,2025-04-23T20:37:32.833086
be845924aaa3869b,True,2024-10-14T02:07:21.804998
3bdaff32d3faf180,True,2025-02-23T22:32:37.281489
7e948a792e1d4f03,False,
679b21809aad50d8,True,2024-06-07T19:30:05.173016
7e332ceb81c5f426,True,2024-07-26T09:58:31.501320
ba3e9b916e6b0460,True,2025-01-01T12:05:30.502407
118954e4b80f5a11,True,2025-02-05T10:27:38.450423
a3a1b0082e8884e1,True,2024-05-31T16:52:49.774425
3eede880add217b0,True,2024-07-14T10:15:50.063659
f7e3761a0e853175,True,2024-05-22T18:55:03.486664
defe9db5235fa7ad,True,2024-05-07T15:19:31.328588
87c84be3563b5bc2,True,2025-01-13T17:17:02.413128
cf3241e60ec1ffcc,True,2024-08-07T03:19:28.388854
df415120e80c9483,True,2024-12-14T14:29:12.580813
06de9baa9b7e0a8b,True,2024-11-03T00:59:23.886038
aaabde902d405147,True,2025-02-19T13:29:07.233951
893896f5968cc7b6,True,2024-05-06T15:43:00.735067
d9e1620ac080787d,True,2024-09-26T16:26:53.138539
d167108d0d7b7110,True,2024-05-04T03:35:34.673136
653cc61828cf607f,True,2025-04-24T04:40:20.495178
02e24091f3d28f60,True,2025-02-15T21:09:22.204393
d3b63f0285f8cc53,True,2024-06-06T02:43:53.007992
b12509ae1a46025f,True,2025-02-18T18:36:17.289561
83eb326280858680,True,2024-08-07T08:29:55.919031
e200d91cb17d5c16,True,2024-05-22T02:57:40.657512
6079a3c455f0f072,True,2024-07-15T21:40:41.315571
9d490d4015753961,True,2024-08-25T05:24:21.380999
c28f6708d57403f4,True,2024-09-02T16:58:36.163279
26caa17bfc77b9dd,True,2024-08-02T09:44:12.102415
8279b3b51b5b7561,True,2024-11-16T10:27:57.112865
7e948a792e1d4f03,False,
0cd1dd670c1e9f18,True,2024-12-08T13:21:43.650156
084d773a9f4bf06f,True,2025-04-16T08:38:10.225490
8d0c029eb6acd757,True,2024-07-07T18:41:42.649725
bddac9d2e0aa4203,True,2025-01-27T05:11:24.791457
f93ce00bd19689b4,True,2024-12-12T23:13:34.323588
5973a34c25fa0b62,True,2024-07-10T06:59:48.829353
fe79c0ed1e1e3376,True,2025-02-07T13:47:31.619115
1b25d95ea549d16b,True,2025-02-23T15:52:05.046818
1e17ad59bb168d14,True,2024-05-09T19:54:27.862415
61844731c9cf4642,True,2024-12-14T21:16:30.842369
1e2eacd8a6c43d2f,True,2024-09-05T05:21:13.863398
7d7084f3d50a7770,True,2024-10-08T04:15:33.564032
54971eed02deb7a3,True,2024-05-30T08:18:31.810538
7f9ac5dbf094290b,True,2025-03-07T04:59:40.097095
3fa7a4fa0a814906,True,2024-12-20T10:59:34.222959
8d3724ed8e76075d,True,2024-08-28T03:11:57.828413
b3af65a2df470912,True,2025-02-02T16:10:03.898356
518f22fa86c899a8,True,2025-04-23T14:38:25.387083
234e4dc2db5547f4,True,2024-05-19T15:27:38.535416
0a626ce275518d42,True,2024-08-29T18:09:27.543236
2c6d41e421e7ba6b,True,2024-07-25T07:02:27.879325
d7a54c3ab966c9b5,True,2024-05-21T09:45:51.905111
9ac3adf90757b093,True,2024-11-26T08:55:17.134715
3297e46a5e738eb4,True,2024-07-05T02:45:54.614123
fec2d9626d156cc5,True,2024-10-18T02:06:26.212602
1c7639ef4f7f4675,True,2024-06-16T10:03:45.975286
71f0001becf4e4b7,True,2024-07-27T00:10:50.658338
991a18222789dbf4,True,2025-02-16T12:31:39.770471
72bfcf5562ab4872,True,2024-11-23T02:55:09.202139
71ba51b63bed875e,True,2024-06-02T13:03:31.818666
55b8e7caa843875e,True,2025-02-15T23:38:51.381583
4a8e8196736407d8,True,2024-07-07T07:33:03.608362
081b8a35a469f5a4,True,2024-12-24T16:33:23.235589
99c6b3af8f73b1dd,True,2025-03-23T10:17:56.240215
00e25207c159549f,True,2024-12-30T15:12:25.516373
fcda32d1711980b1,True,2024-07-10T12:46:50.103870
7e948a792e1d4f03,False,
7e948a792e1d4f03,False,
5b252253c2899dfa,True,2024-05-05T06:39:10.298761
15f8136616b7538d,True,2024-05-31T14:09:54.353431
448a6632d3ff20b4,True,2024-12-30T07:46:00.503058
0954ebcaefa22a2f,True,2024-06-27T10:14:34.152106
ab0efddf86591364,True,2024-08-10T12:01:15.952689
36e651193805ef84,True,2024-11-20T20:21:51.843495
40a3ef05c22b1d5b,True,2024-08-06T21:09:10.637806
7e948a792e1d4f03,False,
0ca56d5c185b540c,True,2024-11-18T09:29:34.698365
7e948a792e1d4f03,False,
3050358207a889bf,True,2024-09-14T03:36:43.760280
ba90a332862171e3,True,2024-12-13T08:47:01.488951
f77dc2cf0258a24a,True,2024-07-19T17:25:57.179656
ee387a96e9b3a61b,True,2024-05-16T10:45:03.534043
df1ca64aaaea9063,True,2024-09-08T17:43:04.092337
9ecbd33c3efb69ef,True,2025-04-06T22:42:26.632624
d80a72e870b94bac,True,2024-07-12T10:07:38.901581
0494ea3dd7b3d9c9,True,2025-01-17T12:52:43.540208
41fc01aa2a19cefa,True,2025-02-28T23:10:42.196193
17a05da91c212d6a,True,2024-11-15T18:33:51.670954
04e2737dc27e10af,True,2024-08-21T13:00:18.434052
c3ced3c76fe0a8a7,True,2024-12-20T14:41:11.276281
7e948a792e1d4f03,False,
3b5f9bd2dc400a76,True,2025-03-13T14:05:07.821964
359478b654f7b1e5,True,2025-01-02T10:05:34.867211
7d19e5768d7590f2,True,2024-09-23T17:26:44.926595
7e948a792e1d4f03,False,
86b099794bce431b,True,2024-05-18T13:49:34.491841
7e948a792e1d4f03,False,
04f679723b150090,True,2024-11-01T11:17:26.954844
1ac121574067a373,True,2024-12-04T22:27:45.505357
2d97837f548f405b,True,2025-02-21T11:26:17.782344
4343f942de041d6f,True,2024-05-23T09:31:20.102814
edb195e466ad7667,True,2024-11-03T05:33:03.000760
26d4db4e1a2f5efe,True,2025-04-15T06:22:48.164155
7e948a792e1d4f03,False,
ed2ec19540de82c3,True,2025-04-26T14:34:11.445247
2f783593caed6fbc,True,2024-07-14T04:14:09.062092
659333443f34208c,True,2025-02-10T04:27:52.321857
e45f26da791966d9,True,2025-03-09T17:03:54.161041
fc58d21e0db461ef,True,2024-07-24T09:32:38.639968
bf8ad43cb7f117a4,True,2024-11-25T13:34:12.279497
72310777b8d5f11b,True,2025-03-16T01:49:17.338774
5d71ba1fc0355c4d,True,2024-12-21T14:01:04.801904
7e948a792e1d4f03,False,
c0e343f73d1d5d9e,True,2025-01-09T19:22:53.856870
c9165457dc1e64fb,True,2024-07-12T00:00:39.548182
47b36a1fb7752c5f,True,2025-03-29T19:55:33.373255
38d47c2020491b0d,True,2025-01-31T11:05:00.545124
bd39a909e5a4d4d8,True,2024-10-06T07:39:48.008455
535bb736ab5f05a8,True,2025-02-10T14:20:34.127327
73df536f587a538b,True,2024-05-21T04:21:38.129663
edfcddc04a2d7da9,True,2024-11-22T22:21:07.411774
d1197ff2f4b43176,True,2025-04-09T01:07:31.587517
af1196ccc4ddbd16,True,2024-11-21T10:57:10.060902
7b89e7348e48cda0,True,2024-06-13T14:57:47.800595
cb9fbd7f9f32ac4b,True,2025-03-26T12:02:10.400009
865b6b2753ed4cf3,True,2024-08-08T08:16:34.649921
7e948a792e1d4f03,False,
d1ea2dc5b59c6266,True,2024-09-24T09:55:44.999293
d48ebbd6fe142ee9,True,2024-11-09T07:47:55.184868
1f1767ad72b8798d,True,2025-03-13T16:39:09.904359
f1f095e7c485157c,True,2024-11-11T04:39:36.425824
e56735875302699b,True,2025-01-07T06:56:05.600525
ad415453aa690e84,True,2024-10-16T03:10:02.639231
cf9f166fa318b5c5,True,2024-06-06T08:49:13.131808
bb0aaa4b226be1f9,True,2024-05-20T08:49:14.271341
1f271bedaef7b228,True,2024-09-26T08:50:35.241715
7e948a792e1d4f03,False,
43135b9c9e179203,True,2025-03-05T02:38:11.028177
b0d28e5cec3e5df9,True,2024-05-26T15:47:15.707459
ee1c3ea5d1f471ec,True,2024-10-02T20:28:31.646253
d3ab227ec08bfd62,True,2024-05-03T18:56:45.865806
7e948a792e1d4f03,False,
a73e39ee0f0ea9cd,True,2025-02-12T02:32:25.656885
8c5a5262204bc5a9,True,2025-04-27T14:54:25.026928
6b41b790b8f342f8,True,2025-04-08T13:57:39.540290
4410230467f2d02c,True,2024-08-14T15:50:56.105242
698de320ce7a2bd0,True,2024-04-30T08:04:39.081615
fb361843b1f8383b,True,2024-05-16T02:38:01.466402
e39f4722ba9bbdf4,True,2024-06-16T23:18:54.719256
2f9f7615c6e6dcb7,True,2024-10-18T20:06:36.578114
a6751cab1766c68d,True,2025-01-28T09:40:41.898690
6f307aa889e3931e,True,2024-12-30T10:02:58.744293
6cbaba510a04ec17,True,2025-02-08T05:02:08.074267
0326b1e84dd09e07,True,2025-01-27T15:11:11.125882
2b165e290d0abb30,True,2025-02-22T02:06:28.965294
65bd71692c34ca75,True,2024-12-07T02:03:46.220260
7e948a792e1d4f03,False,
763fd6495c974ad6,True,2025-03-29T00:06:02.869030
7e948a792e1d4f03,False,
3715706b5bda48c4,True,2024-10-15T12:17:17.393610
7e948a792e1d4f03,False,
7e948a792e1d4f03,False,
8d3ff6b3aa7cc83a,True,2024-06-14T01:36:12.374717
7be1ce1fb7a5097a,True,2024-11-03T22:39:30.566985
1eeec2e185fed6e3,True,2024-08-15T21:56:43.246372
b8428870200021af,True,2025-01-05T01:49:31.529533
b858ba5f6f155b4f,True,2024-10-31T00:46:08.270034
b8e3d13a68d31353,True,2025-03-10T10:52:38.880572
7e948a792e1d4f03,False,
7e0347cbe37a4f9f,True,2025-01-06T20:16:00.088605
07f55a738ebc5bf5,True,2024-07-18T19:48:49.201190
7e948a792e1d4f03,False,
7e948a792e1d4f03,False,
d03cd834ba5245d9,True,2024-11-11T23:32:45.054621
5284dd886a710f28,True,2025-02-12T00:54:08.755472
c4dbeef382ecfd2c,True,2024-10-13T06:05:56.072323
c217ed2b1cf392c3,True,2024-07-18T20:20:36.649704
fbc27b3813fb41d6,True,2024-09-26T13:44:43.921522
d019e492d6ee99e2,True,2024-05-10T12:45:34.388847
7e948a792e1d4f03,False,
3383b44aec6d461c,True,2024-07-28T12:09:32.162332
7e948a792e1d4f03,False,
6ddb6b5c27a26605,True,2024-11-11T06:55:26.750625
e8ce338a4856330d,True,2024-07-14T08:38:00.795560
be724e4292c3ee7a,True,2025-01-07T05:13:34.176280
7e948a792e1d4f03,False,
a3457f7b6475dd99,True,2025-01-24T09:20:10.581600
b7da3065eea3e7ed,True,2024-06-07T15:39:09.678945
7da296026f42ef74,True,2024-10-11T01:47:00.105628
a4cab4dc40416158,True,2025-02-10T05:08:59.854251
03a03486c0210bd1,True,2024-08-21T11:41:23.175806
70e45a61f728ef6d,True,2024-12-20T16:52:28.356313
c6690012f54de248,True,2025-03-24T20:15:59.548809
a5462c39fe233300,True,2024-05-19T11:00:13.461452
5e8aad847722cc73,True,2025-01-04T20:10:09.703207
7bbc7f6f842c01d4,True,2024-07-07T16:41:06.415519
7e948a792e1d4f03,False,
4dc4d8e68736f79a,True,2024-12-05T14:16:31.271951
5421b38e5dc68f36,True,2024-06-01T07:52:28.290388
fd16e8a04200177d,True,2025-01-14T10:06:26.154675
d6498793be6ac263,True,2024-09-19T14:08:48.598984
6058026950e1b06f,True,2024-06-08T02:52:45.540163
0ec5354e71b4167c,True,2025-04-27T03:48:48.820625
6968c40f3fd9158b,True,2024-12-24T02:52:58.491723
deb71451b2f6ce3e,True,2024-08-24T07:16:02.377602
7e948a792e1d4f03,False,
d8affab2222d9ecd,True,2024-05-13T21:32:09.509206
5d864b4383d002ce,True,2024-11-01T14:19:39.294077
1544ad047d2d3831,True,2025-01-03T00:04:30.510722
2f5e826d4bb47e0c,True,2024-06-05T08:02:38.273171
b650f98a86b0b2ac,True,2025-01-24T21:23:08.976506
ea683560d556e310,True,2024-10-13T01:42:23.251777
173c91e9ae379ee4,True,2024-11-04T12:44:18.409808
4dad391296607af5,True,2025-02-17T12:40:04.440792
7bd492f4aa96f9cb,True,2025-04-23T09:52:37.327953
c26c76ad443cc1c9,True,2025-04-06T03:56:07.385937
ed4f96e86af64c36,True,2024-12-17T22:37:58.399503
7e948a792e1d4f03,False,
32927b35831974f5,True,2025-01-19T19:29:32.968551
500965bea5092372,True,2025-04-09T06:31:10.007210
fc4bac33f82311de,True,2024-12-15T04:32:49.249880
b43dede11d1ec9bd,True,2024-11-25T08:58:20.520996
b8560019984cae16,True,2024-06-17T12:23:21.110261
8a6acbc6c20a2e4d,True,2025-02-09T02:24:04.953845
b0abeb6c9c651c52,True,2025-04-05T18:09:15.195066
7743c6dde57483f1,True,2025-04-17T09:08:05.358019
7e948a792e1d4f03,False,
a093c5e07d2aa5b7,True,2025-04-15T00:40:54.140584
7c24d730c408a7a4,True,2024-11-20T07:33:25.269312
b6ab59fb78700782,True,2024-12-11T16:22:09.213446
7e948a792e1d4f03,False,
15b219e2e3820e5c,True,2024-08-17T00:44:32.636383
fca21dd4d3ebde5d,True,2024-11-17T02:56:21.884684
33c7b27fe1123be4,True,2024-07-08T06:28:24.955346
cb78f9aeb85779b7,True,2024-08-10T20:59:33.245441
55fc415d5e9b160f,True,2025-04-12T09:19:48.083188
e9723e1681c1ac3c,True,2024-09-04T22:52:57.283679
482c0eaa6782079a,True,2025-02-04T10:17:28.027339
312dde089fcde49c,True,2025-03-11T23:12:40.526742
8670e718e43bbc40,True,2024-11-01T07:02:33.616717
b3d68362395bc778,True,2024-07-27T16:55:59.621005
9b12d70dcae8f4e1,True,2024-05-30T21:17:48.198034
173c91e9ae379ee4,True,2024-11-04T12:44:18.409808
40a8b1988f5ab795,True,2025-03-18T20:08:06.103766
0326b1e84dd09e07,True,2025-01-27T15:11:11.125882
62a8912b631c1400,True,2025-02-14T02:35:29.781566
7dba259d6d7de141,True,2025-01-02T02:14:25.880479
7e948a792e1d4f03,False,
74dd9de55d0f2af1,True,2025-02-04T06:04:29.054780
c999231a990d093f,True,2024-11-05T20:52:31.714253
38c5194caff26fd0,True,2025-01-04T07:42:17.450055
de9e64daea7364d1,True,2025-04-01T10:22:17.999064
7e948a792e1d4f03,False,
38fcf771c94f274d,True,2024-08-17T00:26:48.204533
db9ca00b213a5f90,True,2024-12-19T08:31:12.344429
3e6a77f66a049d34,True,2024-05-18T12:54:32.092086
